iteration,steps_collected,episode_return_mean,safe_reach_ratio,conv_eval_success_delta_w5,high_samples,low_samples,loss_high_total,loss_low_mean,eval_n_episodes,eval_success_rate,eval_reach_rate,eval_collision_rate,eval_safe_reach_ratio,eval_min_h_agent,eval_min_h_obstacle,eval_avg_traj_length,eval_avg_skill_switches,eval_qp_feasible_rate,eval_avg_steps,eval_avg_episode_return
1.0,109.0,0.022761306762695326,0.0,nan,24.0,436.0,-0.037851393688470125,0.015465037835033169,1.0,0.0,0.0,0.25,0.0,0.19134646654129028,1.6241289377212524,11.949624198139645,9.0,1.0,166.0,-0.6149891233444216
2.0,61.0,-0.1715623265504837,0.0,nan,16.0,244.0,0.016046684235334396,0.022087939092617102,,,,,,,,,,,,
3.0,200.0,22.085682513937364,0.25,nan,44.0,800.0,13.40018105506897,0.016657573243456625,,,,,,,,,,,,
4.0,55.0,0.1365991532802582,0.0,nan,12.0,220.0,-0.043994794599711895,0.013187942474964777,,,,,,,,,,,,
5.0,182.0,24.087385314023123,1.0,nan,40.0,728.0,17.58302354812622,0.03232883083120752,,,,,,,,,,,,
6.0,98.0,-0.2395060408115386,0.0,nan,20.0,392.0,0.02672980772331357,0.04013993490547563,,,,,,,,,,,,
7.0,200.0,25.223050091601905,0.75,nan,40.0,800.0,30.50171661376953,0.020753858561178617,,,,,,,,,,,,
8.0,197.0,19.184021735023705,1.0,nan,40.0,788.0,24.945961475372314,0.04468578542825696,,,,,,,,,,,,
9.0,200.0,7.581104679126291,0.5,nan,40.0,800.0,13.490023612976074,0.014414731025967686,,,,,,,,,,,,
10.0,200.0,38.161820460693,0.5,nan,44.0,800.0,16.014789581298828,0.02013111645450749,1.0,0.0,0.0,0.25,0.0,1.1422919034957886,1.8400675058364868,10.00427793385461,6.0,1.0,108.0,-0.08062547922134405
11.0,200.0,4.064751323498787,0.5,nan,40.0,800.0,5.98675537109375,0.026040706633928767,,,,,,,,,,,,
12.0,200.0,5.790184844052418,0.5,nan,44.0,800.0,1.3779974579811096,0.019472285426182623,,,,,,,,,,,,
13.0,25.0,-0.446231934428215,0.0,nan,8.0,100.0,0.07192433066666126,0.05370245072001126,,,,,,,,,,,,
14.0,75.0,-0.05316612757742406,0.25,nan,16.0,300.0,0.12934278510510921,0.0269489499780331,,,,,,,,,,,,
15.0,60.0,0.10994234383106244,0.0,nan,12.0,240.0,0.06493343226611614,0.008148094725506401,,,,,,,,,,,,
16.0,200.0,15.706368569005274,0.75,nan,40.0,800.0,14.701398611068726,0.013299687359759282,,,,,,,,,,,,
17.0,106.0,7.620316567182305,0.5,nan,24.0,424.0,7.1623533964157104,0.016961542137607602,,,,,,,,,,,,
18.0,43.0,0.08791476905345927,0.0,nan,12.0,172.0,0.04465941991657019,0.019590833736874945,,,,,,,,,,,,
19.0,169.0,13.81591999304015,0.5,nan,36.0,676.0,15.853556871414185,0.006124059314266045,,,,,,,,,,,,
20.0,169.0,27.44190564449177,0.5,nan,36.0,676.0,9.459346771240234,0.01473277642298676,1.0,0.0,0.0,0.25,0.0,4.719963073730469,-0.013282299041748047,5.801451714592986,4.0,1.0,62.0,0.23189195871353158
21.0,200.0,46.65606592691039,0.75,nan,44.0,800.0,31.6791090965271,0.0032249353830606994,,,,,,,,,,,,
22.0,86.0,1.9897485362226142,0.25,nan,20.0,344.0,1.548191249370575,0.019505965134186454,,,,,,,,,,,,
23.0,200.0,20.32302808305249,0.75,nan,40.0,800.0,10.4535551071167,0.014383086384958332,,,,,,,,,,,,
24.0,167.0,10.390734165064057,0.5,nan,36.0,668.0,2.702782452106476,0.023482573998826695,,,,,,,,,,,,
25.0,200.0,28.768935382156638,0.5,nan,40.0,800.0,9.945367813110352,0.0031887988082820173,,,,,,,,,,,,
26.0,200.0,56.19938733573075,0.5,nan,44.0,800.0,30.536129474639893,0.023332772283789466,,,,,,,,,,,,
27.0,31.0,-0.06415501594543448,0.0,nan,8.0,124.0,-0.010985087603330612,0.03663635729672463,,,,,,,,,,,,
28.0,161.0,2.3008949169516564,0.25,nan,36.0,644.0,0.272226519882679,0.0342693125699185,,,,,,,,,,,,
29.0,200.0,16.555337162595244,0.25,nan,40.0,800.0,6.8830835819244385,0.024882826320737905,,,,,,,,,,,,
30.0,174.0,11.586878891978417,0.25,nan,36.0,696.0,8.15189266204834,0.012794583506027024,1.0,0.0,0.0,0.25,0.0,4.0872907638549805,0.2085047960281372,7.848383842152543,6.0,1.0,101.0,-0.2510260677337647
31.0,200.0,21.061333848163486,0.5,nan,40.0,800.0,10.825177669525146,0.016384859109797034,,,,,,,,,,,,
32.0,21.0,-0.5158922667987644,0.0,nan,8.0,84.0,0.8328792452812195,0.018300907310861345,,,,,,,,,,,,
33.0,62.0,-0.1762951564788818,0.0,nan,16.0,248.0,0.005145199131220579,0.051268100554880805,,,,,,,,,,,,
34.0,118.0,0.24939585447311396,0.0,nan,24.0,472.0,0.06453255005180836,0.0331412765717406,,,,,,,,,,,,
35.0,82.0,5.791367890052497,0.25,nan,20.0,328.0,13.18789553642273,0.029712349036523644,,,,,,,,,,,,
36.0,200.0,8.513667252380397,0.25,nan,40.0,800.0,30.45712184906006,0.01673628443766617,,,,,,,,,,,,
37.0,200.0,24.348330275365157,0.75,nan,44.0,800.0,23.095563411712646,0.007073207353347932,,,,,,,,,,,,
38.0,82.0,3.561573696667328,0.25,nan,20.0,328.0,1.7768549025058746,0.02820474616814872,,,,,,,,,,,,
39.0,47.0,0.07392483532428742,0.0,nan,12.0,188.0,0.11906767264008522,0.033731665562216594,,,,,,,,,,,,
40.0,200.0,20.710818894638216,0.5,nan,44.0,800.0,4.67708420753479,0.01985651339470102,1.0,0.0,0.0,0.25,0.0,4.245597839355469,0.4801459312438965,8.108044090331532,5.0,1.0,92.0,0.0621740150451659
41.0,57.0,-0.03512706279754629,0.0,nan,12.0,228.0,0.12114088237285614,0.05138442898458862,,,,,,,,,,,,
42.0,200.0,7.284128965239505,0.5,nan,40.0,800.0,11.959835529327393,0.016888836864794143,,,,,,,,,,,,
43.0,44.0,0.22327826976776127,0.0,nan,12.0,176.0,0.13157064467668533,0.010637224093938162,,,,,,,,,,,,
44.0,108.0,9.606618422705216,0.25,nan,24.0,432.0,6.176496982574463,0.01913693417053075,,,,,,,,,,,,
45.0,51.0,0.7209535043314099,0.25,nan,12.0,204.0,1.0102902948856354,0.07340784053739673,,,,,,,,,,,,
46.0,197.0,28.27097597026267,1.0,nan,40.0,788.0,10.882136344909668,0.017967179225170327,,,,,,,,,,,,
47.0,200.0,9.233773497742366,0.75,nan,40.0,800.0,5.155415773391724,0.016871597248528047,,,,,,,,,,,,
48.0,200.0,26.853197084309066,0.75,nan,40.0,800.0,55.83225727081299,0.024169517974305776,,,,,,,,,,,,
49.0,72.0,0.07136104583740233,0.0,nan,16.0,288.0,0.17706314474344254,0.02234811966175343,,,,,,,,,,,,
50.0,36.0,-0.001784906387329116,0.0,nan,8.0,144.0,0.20788856595754623,0.022799503030321314,1.0,0.0,0.0,0.25,0.0,0.40972205996513367,0.4060717821121216,12.144147220184095,6.0,1.0,115.0,0.28277115821838417
51.0,40.0,-0.10395087003707883,0.0,nan,12.0,160.0,0.21651557832956314,0.01083660053243012,,,,,,,,,,,,
52.0,37.0,-0.08157714575529096,0.0,nan,8.0,148.0,0.1722651720046997,0.008846730214664362,,,,,,,,,,,,
53.0,200.0,54.271585710370005,0.75,nan,44.0,800.0,27.54681396484375,0.013845792985981653,,,,,,,,,,,,
54.0,118.0,4.128676056750118,0.25,nan,24.0,472.0,7.453351020812988,0.03693404715571802,,,,,,,,,,,,
55.0,200.0,38.52123398897238,0.75,nan,44.0,800.0,12.786651372909546,0.019204632637517705,,,,,,,,,,,,
56.0,33.0,-0.09065724641084667,0.0,nan,8.0,132.0,0.2081724964082241,0.03650506755454416,,,,,,,,,,,,
57.0,106.0,0.8846587078273296,0.25,nan,24.0,424.0,0.22024789825081825,0.03945007255088373,,,,,,,,,,,,
58.0,72.0,0.0670355993509292,0.0,nan,16.0,288.0,0.3357498049736023,0.06330124669960924,,,,,,,,,,,,
59.0,200.0,30.79614264504054,0.5,nan,44.0,800.0,26.167264938354492,0.03183250546472216,,,,,,,,,,,,
60.0,113.0,1.3606487775035203,0.25,nan,24.0,452.0,0.3284421041607857,0.014277060314680234,1.0,0.0,0.0,0.25,0.0,1.370206356048584,1.1171910762786865,7.599554716260172,6.0,1.0,109.0,-0.1597237253189086
61.0,67.0,0.018000273704528835,0.0,nan,16.0,268.0,0.03990339953452349,0.02966955289097939,,,,,,,,,,,,
62.0,200.0,33.991120023489934,0.5,nan,44.0,800.0,29.100659370422363,0.01278866351045782,,,,,,,,,,,,
63.0,47.0,-0.03978960037231438,0.0,nan,12.0,188.0,0.5369826406240463,0.06577468565501476,,,,,,,,,,,,
64.0,125.0,0.4860652163624761,0.0,nan,28.0,500.0,0.3309032917022705,0.02592343321298607,,,,,,,,,,,,
65.0,59.0,-0.1317921423912048,0.0,nan,12.0,236.0,0.1019755806773901,0.030700238690865026,,,,,,,,,,,,
66.0,200.0,0.9378378953784702,0.25,nan,40.0,800.0,0.19198087602853775,0.017839403429448453,,,,,,,,,,,,
67.0,200.0,19.210061834170485,0.75,nan,44.0,800.0,3.7182844281196594,0.012115525973854346,,,,,,,,,,,,
68.0,87.0,0.8865608706325289,0.25,nan,20.0,348.0,0.10884987376630306,0.03404655528002065,,,,,,,,,,,,
69.0,37.0,0.44559016667306434,0.0,nan,8.0,148.0,0.16954940930008888,0.01982415588539683,,,,,,,,,,,,
70.0,187.0,65.6180696455948,1.0,nan,40.0,748.0,31.37730360031128,0.028889705036469593,1.0,0.0,0.0,0.25,0.0,6.4213480949401855,-0.07062208652496338,5.002719829673879,3.0,1.0,58.0,0.09923899888992316
71.0,200.0,34.274284120602545,0.75,nan,44.0,800.0,9.358471632003784,0.012478279722827779,,,,,,,,,,,,
72.0,27.0,-0.2447380018234253,0.0,nan,8.0,108.0,0.4845048487186432,0.1195395905576704,,,,,,,,,,,,
73.0,160.0,42.5229910515016,1.0,nan,32.0,640.0,19.002435207366943,0.0298543808110594,,,,,,,,,,,,
74.0,200.0,62.324782745848644,0.75,nan,48.0,800.0,19.025653839111328,0.020653145872921552,,,,,,,,,,,,
75.0,116.0,13.677192651908843,0.25,nan,24.0,464.0,11.293429374694824,0.0165222510798273,,,,,,,,,,,,
76.0,69.0,-0.4270072066783904,0.0,nan,16.0,276.0,0.6024288386106491,0.026694573757766182,,,,,,,,,,,,
77.0,110.0,19.116203931486233,1.0,nan,24.0,440.0,11.35246229171753,0.011593346535562432,,,,,,,,,,,,
78.0,77.0,0.6766993113979698,0.25,nan,16.0,308.0,0.26115304604172707,0.023236774094691492,,,,,,,,,,,,
79.0,195.0,24.088096882426186,0.5,nan,40.0,780.0,12.093517541885376,0.007118720136269019,,,,,,,,,,,,
80.0,200.0,39.982781629031535,0.5,nan,44.0,800.0,12.636998891830444,0.06463034967074854,1.0,0.0,0.0,0.25,0.0,3.8921616077423096,-0.13034415245056152,4.2866360190091655,3.0,1.0,51.0,0.06690075635910035
81.0,50.0,0.3343216016888619,0.0,nan,12.0,200.0,0.18046050518751144,0.045561573711420354,,,,,,,,,,,,
82.0,200.0,25.480733574600897,0.75,nan,40.0,800.0,16.518386363983154,0.03791512578798972,,,,,,,,,,,,
83.0,141.0,23.0278284669132,1.0,nan,32.0,564.0,7.510125279426575,0.021644483313795676,,,,,,,,,,,,
84.0,200.0,23.36121243988166,0.75,nan,40.0,800.0,7.668705940246582,0.020091151028310605,,,,,,,,,,,,
85.0,180.0,31.61449716873468,0.5,nan,40.0,720.0,9.57339334487915,0.03168942040254841,,,,,,,,,,,,
86.0,155.0,14.291360787674789,1.0,nan,32.0,620.0,6.412253499031067,0.05740978536157115,,,,,,,,,,,,
87.0,116.0,11.856572937450837,0.75,nan,24.0,464.0,12.352222204208374,0.039564947165729336,,,,,,,,,,,,
88.0,129.0,14.090839507980277,0.25,nan,28.0,516.0,6.812332510948181,0.02342251478654589,,,,,,,,,,,,
89.0,50.0,-0.25180167704820633,0.0,nan,12.0,200.0,0.9526938945055008,0.021276111479455722,,,,,,,,,,,,
90.0,140.0,7.836005306895823,1.0,0.0,28.0,560.0,10.79035210609436,0.019031055314822964,1.0,0.0,0.5,0.0,0.5,1.3210421800613403,0.08197444677352905,14.72910517010314,10.0,1.0,200.0,17.087845714366264
91.0,167.0,14.630904050609102,0.5,nan,36.0,668.0,25.674045085906982,0.041458259209441906,,,,,,,,,,,,
92.0,200.0,3.3965805397368953,0.75,nan,40.0,800.0,0.7611225843429565,0.03385441836047676,,,,,,,,,,,,
93.0,200.0,20.386050409125158,0.5,nan,40.0,800.0,10.03646993637085,0.01784831757313529,,,,,,,,,,,,
94.0,85.0,0.5282767932862041,0.25,nan,20.0,340.0,0.4996795207262039,0.04496734500992261,,,,,,,,,,,,
95.0,68.0,0.34117728963494265,0.0,nan,16.0,272.0,1.0647467374801636,0.05416273265409188,,,,,,,,,,,,
96.0,200.0,0.24836416244506815,0.0,nan,40.0,800.0,-0.0002230755053460598,0.03646510859066687,,,,,,,,,,,,
97.0,200.0,5.48409039666294,0.5,nan,44.0,800.0,6.345273971557617,0.03913329064937443,,,,,,,,,,,,
98.0,200.0,44.98078651584221,0.75,nan,44.0,800.0,13.681989431381226,0.016969297877167833,,,,,,,,,,,,
99.0,190.0,47.27353582126091,1.0,nan,44.0,760.0,11.290660858154297,0.0059645067479934255,,,,,,,,,,,,
100.0,200.0,29.185797128919514,0.5,0.0,44.0,800.0,18.385340213775635,0.015776161799898603,1.0,0.0,0.0,0.25,0.0,4.28400993347168,-0.19501501321792603,4.661665410269052,3.0,1.0,55.0,0.10018694400787356
101.0,200.0,41.33701136175079,0.75,nan,40.0,800.0,20.339166164398193,0.021614418706818572,,,,,,,,,,,,
102.0,61.0,0.26170450091361996,0.0,nan,16.0,244.0,0.3791899308562279,0.034369644670941404,,,,,,,,,,,,
103.0,200.0,11.528283273696433,0.75,nan,40.0,800.0,10.060123443603516,0.026033499232696045,,,,,,,,,,,,
104.0,200.0,24.826977742160675,0.75,nan,40.0,800.0,16.999372959136963,0.03373471156996288,,,,,,,,,,,,
105.0,164.0,54.63815190232359,1.0,nan,36.0,656.0,21.000467777252197,0.016874095589244575,,,,,,,,,,,,
106.0,200.0,17.386063687782737,0.25,nan,40.0,800.0,7.529231548309326,0.042284450403258234,,,,,,,,,,,,
107.0,49.0,0.1613993740081787,0.0,nan,12.0,196.0,0.7652545720338821,0.07670272636074069,,,,,,,,,,,,
108.0,200.0,59.10448247635506,0.75,nan,48.0,800.0,17.85184621810913,0.01841884621818224,,,,,,,,,,,,
109.0,200.0,69.56292608070075,0.75,nan,48.0,800.0,18.902423858642578,0.012015074912302026,,,,,,,,,,,,
110.0,200.0,17.26875414373353,0.5,0.0,48.0,800.0,4.060355007648468,0.036674417773482126,1.0,0.0,0.0,0.25,0.0,3.5494625568389893,-0.17530208826065063,4.378075772663578,3.0,1.0,51.0,0.08813472032546996
111.0,200.0,37.21758037019754,0.5,nan,44.0,800.0,13.225147724151611,0.01894587463853803,,,,,,,,,,,,
112.0,200.0,43.146948422206336,0.75,nan,40.0,800.0,18.5143723487854,0.01820844408796063,,,,,,,,,,,,
113.0,34.0,-0.2990796023607254,0.0,nan,8.0,136.0,0.6274236589670181,0.043629664565260635,,,,,,,,,,,,
114.0,117.0,-0.2797987718880178,0.0,nan,24.0,468.0,1.0081789642572403,0.05661812856505577,,,,,,,,,,,,
115.0,200.0,42.34662877846277,0.75,nan,40.0,800.0,56.56227684020996,0.010559854100019805,,,,,,,,,,,,
116.0,200.0,0.5696239834651357,0.0,nan,40.0,800.0,1.061876267194748,0.04036350585394288,,,,,,,,,,,,
117.0,200.0,18.5251012849505,0.75,nan,44.0,800.0,5.138965606689453,0.017394617485710695,,,,,,,,,,,,
118.0,153.0,11.082734056310725,0.5,nan,32.0,612.0,11.10287880897522,0.019714807317252614,,,,,,,,,,,,
119.0,200.0,39.532681794185194,0.5,nan,40.0,800.0,11.907172679901123,0.041441879308038665,,,,,,,,,,,,
120.0,45.0,0.1753582298755646,0.0,0.0,12.0,180.0,0.7654074728488922,0.04209444852527263,1.0,0.0,0.25,0.0,0.25,3.884852170944214,3.4232993125915527,12.206926833641774,10.0,1.0,200.0,4.0265718329697835
121.0,113.0,-0.3587381157279016,0.0,nan,24.0,452.0,1.3764004707336426,0.04298515620293841,,,,,,,,,,,,
122.0,151.0,0.355533563867211,0.0,nan,32.0,604.0,1.1474171578884125,0.03433145389027459,,,,,,,,,,,,
123.0,19.0,-0.23484503269195553,0.0,nan,4.0,76.0,1.1974003911018372,0.03081107986256364,,,,,,,,,,,,
124.0,74.0,0.20842079281806952,0.0,nan,16.0,296.0,1.617356777191162,0.06082583076394599,,,,,,,,,,,,
125.0,63.0,-0.2622336465120315,0.0,nan,16.0,252.0,1.6075315177440643,0.03744904626616322,,,,,,,,,,,,
126.0,200.0,13.514399342751126,0.5,nan,40.0,800.0,10.15501093864441,0.05854360565153627,,,,,,,,,,,,
127.0,73.0,5.3791110811568785,0.5,nan,16.0,292.0,7.735186457633972,0.054944742097120525,,,,,,,,,,,,
128.0,200.0,40.851228943142644,1.0,nan,40.0,800.0,37.96774673461914,0.004546303844129795,,,,,,,,,,,,
129.0,200.0,43.26313418485225,0.75,nan,44.0,800.0,19.308034420013428,0.004185237455251206,,,,,,,,,,,,
130.0,107.0,0.2067215371131894,0.0,0.0,24.0,428.0,0.4807915687561035,0.03259037808315135,1.0,0.0,0.0,0.25,0.0,8.517991065979004,-0.07390600442886353,5.292496215784922,4.0,1.0,61.0,0.14283575057983403
131.0,83.0,-0.3021694929525255,0.0,nan,20.0,332.0,0.7935180366039276,0.0831295840555697,,,,,,,,,,,,
132.0,108.0,0.48296108663082105,0.0,nan,24.0,432.0,0.4924827143549919,0.06784661748358012,,,,,,,,,,,,
133.0,200.0,26.671691954322164,0.75,nan,40.0,800.0,6.572555303573608,0.024572565420712067,,,,,,,,,,,,
134.0,119.0,0.830342195779085,0.25,nan,24.0,476.0,0.3708798363804817,0.04744984395875651,,,,,,,,,,,,
135.0,194.0,25.065941590946167,1.0,nan,40.0,776.0,38.6218147277832,0.005500054185340275,,,,,,,,,,,,
136.0,200.0,15.127021761145443,0.5,nan,44.0,800.0,5.076007008552551,0.03068272810628514,,,,,,,,,,,,
137.0,200.0,32.84927674168722,1.0,nan,40.0,800.0,6.495445489883423,0.008798129532820553,,,,,,,,,,,,
138.0,62.0,0.18968825817108156,0.0,nan,16.0,248.0,0.49018681794404984,0.02013567530479539,,,,,,,,,,,,
139.0,133.0,14.291847238810734,1.0,nan,28.0,532.0,14.071525812149048,0.02006539775847216,,,,,,,,,,,,
140.0,193.0,14.008878868147738,0.5,0.0,40.0,772.0,16.02450942993164,0.037740653324993545,1.0,0.0,0.0,0.25,0.0,3.06966233253479,-0.009502232074737549,6.245401179534383,4.0,1.0,77.0,0.1712410095334052
141.0,200.0,65.04694091271378,0.75,nan,40.0,800.0,19.66909694671631,0.0013492873401008687,,,,,,,,,,,,
142.0,200.0,29.374560687202035,0.75,nan,40.0,800.0,22.668126106262207,0.028597943262189673,,,,,,,,,,,,
143.0,95.0,5.717565106041728,0.5,nan,20.0,380.0,3.6772011518478394,0.03456635392932084,,,,,,,,,,,,
144.0,166.0,5.785881574042142,1.0,nan,36.0,664.0,1.3257167041301727,0.02900726619213856,,,,,,,,,,,,
145.0,200.0,6.055709490459412,0.5,nan,40.0,800.0,6.928778052330017,0.01700156004698883,,,,,,,,,,,,
146.0,196.0,43.52396154360381,1.0,nan,40.0,784.0,30.115578651428223,0.01388289012268018,,,,,,,,,,,,
147.0,105.0,4.494138892181217,0.25,nan,24.0,420.0,8.435873746871948,0.02558247603344732,,,,,,,,,,,,
148.0,200.0,34.28729384521722,0.75,nan,40.0,800.0,13.735790014266968,0.010265676934943624,,,,,,,,,,,,
149.0,124.0,6.177486651102082,0.5,nan,28.0,496.0,5.655720472335815,0.04448461479385202,,,,,,,,,,,,
150.0,70.0,-0.1424681462347507,0.0,0.0,16.0,280.0,1.5067090392112732,0.05057112786914786,1.0,0.0,0.75,0.0,0.75,2.1012020111083984,0.21578598022460938,13.397465997386462,11.0,1.0,200.0,26.52792958938518
151.0,173.0,23.248707950771788,1.0,nan,36.0,692.0,9.46371865272522,0.018218552463160176,,,,,,,,,,,,
152.0,174.0,32.82068568907213,1.0,nan,36.0,696.0,17.561033725738525,0.029066240035240637,,,,,,,,,,,,
153.0,76.0,0.4363963389396668,0.0,nan,16.0,304.0,0.9143582135438919,0.05336322957422013,,,,,,,,,,,,
154.0,122.0,16.36883161190897,0.5,nan,28.0,488.0,5.989316940307617,0.05158601727390533,,,,,,,,,,,,
155.0,140.0,28.5167922482593,1.0,nan,28.0,560.0,17.31367540359497,0.024425426827427543,,,,,,,,,,,,
156.0,123.0,4.184208713639527,0.5,nan,28.0,492.0,2.5557831525802612,0.04846161809097893,,,,,,,,,,,,
157.0,68.0,0.337144538462162,0.0,nan,16.0,272.0,1.1011278331279755,0.03213829571733484,,,,,,,,,,,,
158.0,136.0,48.77171514233111,0.75,nan,36.0,544.0,27.254658699035645,0.010621072358970807,,,,,,,,,,,,
159.0,200.0,63.09583074850965,0.75,nan,44.0,800.0,29.15195369720459,0.007347065516050577,,,,,,,,,,,,
160.0,150.0,38.0100493225793,1.0,0.0,32.0,600.0,13.070602655410767,0.016224297520565756,1.0,0.0,0.75,0.0,0.75,2.0926222801208496,0.8391270637512207,10.799661024997476,10.0,1.0,200.0,36.17498524656985
161.0,200.0,30.298649039748117,0.25,nan,44.0,800.0,20.019792556762695,0.021966289281788454,,,,,,,,,,,,
162.0,200.0,34.680039890948684,0.5,nan,40.0,800.0,8.2107515335083,0.02395281973524277,,,,,,,,,,,,
163.0,46.0,0.28684207439422615,0.0,nan,12.0,184.0,1.4325203597545624,0.021583391223202852,,,,,,,,,,,,
164.0,25.0,-0.3589171409606933,0.0,nan,8.0,100.0,3.4576846957206726,0.04987777432412258,,,,,,,,,,,,
165.0,200.0,52.254407590907064,0.75,nan,44.0,800.0,11.683443546295166,0.012877099389878577,,,,,,,,,,,,
166.0,79.0,1.596895209155046,0.25,nan,16.0,316.0,1.8396717011928558,0.009404867617956114,,,,,,,,,,,,
167.0,200.0,25.38654247010127,0.75,nan,40.0,800.0,10.885440826416016,0.010449338195181568,,,,,,,,,,,,
168.0,93.0,4.689244473311119,0.25,nan,20.0,372.0,6.185531973838806,0.02412989823945111,,,,,,,,,,,,
169.0,200.0,34.79191976021976,1.0,nan,40.0,800.0,9.1955246925354,0.018134197226274296,,,,,,,,,,,,
170.0,200.0,0.10229157060384705,0.0,0.0,40.0,800.0,2.034298688173294,0.027335784165282817,1.0,0.0,0.0,0.25,0.0,4.2305498123168945,-0.20330315828323364,5.104658448370174,3.0,1.0,53.0,0.19413056492805483
171.0,200.0,7.886368469242006,0.25,nan,40.0,800.0,5.7050701379776,0.02615814668437011,,,,,,,,,,,,
172.0,200.0,29.549743432237307,0.75,nan,44.0,800.0,15.930736303329468,0.01012134787563701,,,,,,,,,,,,
173.0,33.0,0.06775313138961793,0.0,nan,8.0,132.0,2.4599615335464478,0.07014081535409346,,,,,,,,,,,,
174.0,157.0,36.29477852240207,1.0,nan,32.0,628.0,18.00010919570923,0.015754309234224273,,,,,,,,,,,,
175.0,181.0,44.940751232553744,0.5,nan,44.0,724.0,9.461166381835938,0.009182379003850327,,,,,,,,,,,,
176.0,87.0,0.3987964968383312,0.0,nan,20.0,348.0,2.105942130088806,0.02894547547234172,,,,,,,,,,,,
177.0,102.0,1.633484557662158,0.25,nan,24.0,408.0,2.1104390025138855,0.2597754366362661,,,,,,,,,,,,
178.0,166.0,34.81760824002327,1.0,nan,36.0,664.0,8.664682626724243,0.025919015781745713,,,,,,,,,,,,
179.0,200.0,30.975634919246662,0.75,nan,40.0,800.0,9.698294162750244,0.015046461566610603,,,,,,,,,,,,
180.0,37.0,0.1165427970886231,0.0,0.0,8.0,148.0,1.7053778767585754,0.08090946149923184,1.0,0.0,0.75,0.0,0.75,1.154717206954956,0.3965343236923218,12.971518452941382,10.0,1.0,200.0,25.30724682067521
181.0,31.0,-0.5298856830596924,0.0,nan,8.0,124.0,1.9267412722110748,0.01956595416155441,,,,,,,,,,,,
182.0,200.0,35.48682824922725,0.5,nan,40.0,800.0,9.8263521194458,0.01809116324730642,,,,,,,,,,,,
183.0,41.0,-0.22974160373210906,0.0,nan,12.0,164.0,2.1905625462532043,0.05052859536839822,,,,,,,,,,,,
184.0,200.0,49.039138405863206,0.75,nan,44.0,800.0,9.757366180419922,0.004228813482859195,,,,,,,,,,,,
185.0,35.0,-0.1129406467080116,0.0,nan,8.0,140.0,2.5543190240859985,0.04931959757733628,,,,,,,,,,,,
186.0,111.0,0.789189779162407,0.0,nan,24.0,444.0,1.1381447613239288,0.036273242316079646,,,,,,,,,,,,
187.0,117.0,1.2989687442965807,0.25,nan,24.0,468.0,2.016387462615967,0.03533902066680028,,,,,,,,,,,,
188.0,191.0,48.82472368947698,1.0,nan,40.0,764.0,11.854449033737183,0.0038190744323038928,,,,,,,,,,,,
189.0,44.0,0.7072660325467588,0.25,nan,12.0,176.0,2.1317924857139587,0.02877271407533044,,,,,,,,,,,,
190.0,55.0,0.34493183344602585,0.0,0.0,12.0,220.0,1.402680367231369,0.039497557333123205,1.0,0.0,0.75,0.0,0.75,0.6693600416183472,0.6038284301757812,12.269821481502731,14.0,1.0,200.0,30.2792900421191
191.0,93.0,1.6955429779179387,0.5,nan,20.0,372.0,1.7057162821292877,0.02551060975578956,,,,,,,,,,,,
192.0,55.0,-0.20046760737895958,0.0,nan,12.0,220.0,3.300325095653534,0.06580542588387536,,,,,,,,,,,,
193.0,42.0,0.0940705928206444,0.0,nan,12.0,168.0,2.9509993195533752,0.046158130562836706,,,,,,,,,,,,
194.0,37.0,-0.02367763042449947,0.0,nan,8.0,148.0,0.4762180596590042,0.009059933590551,,,,,,,,,,,,
195.0,200.0,23.069127093022693,0.75,nan,44.0,800.0,7.309380054473877,0.01198068607267544,,,,,,,,,,,,
196.0,200.0,27.36228772195173,0.75,nan,44.0,800.0,11.526380062103271,0.00897094801099474,,,,,,,,,,,,
197.0,45.0,-0.005123090744018566,0.0,nan,12.0,180.0,0.938285619020462,0.058513327104113465,,,,,,,,,,,,
198.0,200.0,55.97233209848638,0.5,nan,40.0,800.0,23.329015731811523,0.024397283611364173,,,,,,,,,,,,
199.0,200.0,33.498486918071286,0.75,nan,44.0,800.0,10.479146003723145,0.023144565959276164,,,,,,,,,,,,
200.0,137.0,11.143117776764559,0.5,0.0,32.0,548.0,6.462823867797852,0.014872588039626322,1.0,0.0,0.25,0.0,0.25,0.39685824513435364,1.2213603258132935,13.248438956201426,10.0,1.0,200.0,17.24234152119025
201.0,121.0,15.645949872010384,1.0,nan,28.0,484.0,24.765788078308105,0.009735356444858567,,,,,,,,,,,,
202.0,200.0,45.187629835435665,0.75,nan,40.0,800.0,23.151799201965332,0.0021827852353642485,,,,,,,,,,,,
203.0,44.0,1.1168819061852993,0.25,nan,12.0,176.0,2.328992784023285,0.046378650503480785,,,,,,,,,,,,
204.0,191.0,28.845720235360787,0.75,nan,40.0,764.0,11.71600079536438,0.011580543507873742,,,,,,,,,,,,
205.0,66.0,0.8964414620399475,0.0,nan,16.0,264.0,0.7052182406187057,0.019603857881258513,,,,,,,,,,,,
206.0,200.0,34.64010657377075,0.75,nan,40.0,800.0,9.777012825012207,0.022950834345834892,,,,,,,,,,,,
207.0,190.0,33.63316834755243,1.0,nan,40.0,760.0,18.222399711608887,0.007824468468529466,,,,,,,,,,,,
208.0,162.0,13.890830937512215,1.0,nan,36.0,648.0,5.992824673652649,0.015035390463241427,,,,,,,,,,,,
209.0,200.0,36.94312286352506,0.75,nan,44.0,800.0,17.368654251098633,0.003814064001510964,,,,,,,,,,,,
210.0,131.0,8.418576560970395,1.0,0.0,28.0,524.0,3.3507378101348877,0.024966493098405707,1.0,0.0,0.0,0.25,0.0,1.4847053289413452,-0.00616908073425293,4.606187605881132,3.0,1.0,54.0,0.1196485495567322
211.0,175.0,33.00023522498086,1.0,nan,36.0,700.0,7.833531022071838,0.005777174999434642,,,,,,,,,,,,
212.0,37.0,1.0007812182605267,0.25,nan,8.0,148.0,1.6014394462108612,0.038489401892652375,,,,,,,,,,,,
213.0,191.0,19.731412341501567,1.0,nan,40.0,764.0,5.948582053184509,0.003409461731790131,,,,,,,,,,,,
214.0,200.0,37.28995118380882,0.75,nan,48.0,800.0,6.311664462089539,0.005925303554770278,,,,,,,,,,,,
215.0,200.0,14.700182969914744,1.0,nan,40.0,800.0,8.126274585723877,0.013882425351797067,,,,,,,,,,,,
216.0,200.0,32.588635927601715,0.75,nan,44.0,800.0,20.711946487426758,0.005685625973271158,,,,,,,,,,,,
217.0,142.0,10.36942050533369,0.5,nan,32.0,568.0,22.1085467338562,0.010870306213536018,,,,,,,,,,,,
218.0,24.0,-0.14327803492546082,0.0,nan,8.0,96.0,3.584379255771637,0.03596677444043787,,,,,,,,,,,,
219.0,200.0,42.42346845081776,0.75,nan,40.0,800.0,16.361660957336426,0.016337421514275974,,,,,,,,,,,,
220.0,164.0,14.395943074838723,1.0,0.2,36.0,656.0,2.2930641174316406,0.019903822323706244,1.0,1.0,1.0,0.0,1.0,0.19806775450706482,1.3261741399765015,12.34981378696466,9.0,1.0,170.0,20.098574510496114
221.0,55.0,1.0078810565173624,0.25,nan,12.0,220.0,1.0068055242300034,0.011539823105110581,,,,,,,,,,,,
222.0,121.0,4.671343569047748,0.25,nan,28.0,484.0,6.976214528083801,0.02563642940112132,,,,,,,,,,,,
223.0,67.0,0.582799792587757,0.0,nan,16.0,268.0,1.7171539664268494,0.03942866715161125,,,,,,,,,,,,
224.0,200.0,43.852269433834614,0.75,nan,40.0,800.0,11.224002122879028,0.012232601276125799,,,,,,,,,,,,
225.0,190.0,38.86641446626745,1.0,nan,40.0,760.0,13.27293586730957,0.008293963637541424,,,,,,,,,,,,
226.0,158.0,31.43423740079627,1.0,nan,32.0,632.0,41.631070137023926,0.0029808055087308105,,,,,,,,,,,,
227.0,200.0,31.13999535609038,0.75,nan,40.0,800.0,11.617116212844849,0.003881837760716933,,,,,,,,,,,,
228.0,200.0,33.21823126829696,0.75,nan,44.0,800.0,6.007555246353149,0.002676583405934352,,,,,,,,,,,,
229.0,26.0,-0.28525500059127806,0.0,nan,8.0,104.0,2.054325222969055,0.019037395817620633,,,,,,,,,,,,
230.0,60.0,0.271611475944519,0.0,0.2,12.0,240.0,1.8761834502220154,0.04723430850195503,1.0,0.0,0.75,0.0,0.75,0.0569830983877182,1.4708300828933716,13.296274324529804,11.0,1.0,200.0,29.81284682564438
231.0,168.0,26.414682524725798,1.0,nan,36.0,672.0,5.893472790718079,0.011175963225962704,,,,,,,,,,,,
232.0,200.0,34.64022916828981,0.75,nan,44.0,800.0,17.976419925689697,0.00733697337368322,,,,,,,,,,,,
233.0,40.0,-0.0671281527727842,0.0,nan,8.0,160.0,1.9677554368972778,0.00585066646955994,,,,,,,,,,,,
234.0,117.0,1.3365248781815162,0.5,nan,24.0,468.0,1.5772136747837067,0.016546398368029624,,,,,,,,,,,,
235.0,200.0,29.536768683558336,0.75,nan,44.0,800.0,12.054038524627686,0.006645629541905951,,,,,,,,,,,,
236.0,200.0,31.683567925612454,0.5,nan,40.0,800.0,5.2644736766815186,0.005837166160977736,,,,,,,,,,,,
237.0,40.0,0.5188396215438842,0.0,nan,8.0,160.0,1.6318316757678986,0.12580994278470142,,,,,,,,,,,,
238.0,200.0,34.36714649293573,0.75,nan,44.0,800.0,11.413527488708496,0.01170059350348751,,,,,,,,,,,,
239.0,180.0,36.09204104917592,1.0,nan,36.0,720.0,7.457257628440857,0.01209634351013733,,,,,,,,,,,,
240.0,31.0,-0.03838374376296996,0.0,0.2,8.0,124.0,1.48721244931221,0.06277280420432187,1.0,0.0,0.0,0.25,0.0,1.163901686668396,-0.07034516334533691,4.775230029365048,3.0,1.0,53.0,0.16399557113647467
241.0,200.0,39.486621640785614,0.5,nan,44.0,800.0,7.314468622207642,0.010922608830641778,,,,,,,,,,,,
242.0,200.0,44.94671280877667,0.75,nan,44.0,800.0,16.39128351211548,0.004719785976547541,,,,,,,,,,,,
243.0,45.0,0.05635887384414673,0.0,nan,12.0,180.0,1.339968979358673,0.08845568122676721,,,,,,,,,,,,
244.0,200.0,16.955453474214302,0.75,nan,40.0,800.0,44.9900426864624,0.013472592638180458,,,,,,,,,,,,
245.0,56.0,0.07958449363708497,0.0,nan,12.0,224.0,3.1247105598449707,0.04102168573565125,,,,,,,,,,,,
246.0,88.0,2.2920092697069046,0.25,nan,20.0,352.0,4.071597993373871,0.1053623545471396,,,,,,,,,,,,
247.0,31.0,0.043194630146026654,0.0,nan,8.0,124.0,2.242915093898773,0.02165158409368286,,,,,,,,,,,,
248.0,200.0,45.96866370846985,0.75,nan,44.0,800.0,18.96545934677124,0.01588114713723987,,,,,,,,,,,,
249.0,76.0,0.1498829790949821,0.0,nan,16.0,304.0,3.2507786750793457,0.02811613835253013,,,,,,,,,,,,
250.0,126.0,0.92058450371027,0.0,0.2,28.0,504.0,1.9356870353221893,0.01953710303288858,1.0,0.0,0.0,0.5,0.0,-0.03218178451061249,3.70387601852417,2.365864147199318,2.0,1.0,33.0,-0.3576837587356567
251.0,192.0,23.83158021161333,1.0,nan,40.0,768.0,5.655550718307495,0.010586852736078178,,,,,,,,,,,,
252.0,181.0,30.80786385142769,1.0,nan,40.0,724.0,7.674316763877869,0.011990890854373992,,,,,,,,,,,,
253.0,115.0,4.21154700969346,0.25,nan,24.0,460.0,2.7998929619789124,0.03693951077354907,,,,,,,,,,,,
254.0,157.0,0.10707518339157102,0.0,nan,32.0,628.0,2.0308901369571686,0.041438373745801726,,,,,,,,,,,,
255.0,33.0,0.052420039176940936,0.0,nan,8.0,132.0,1.7032437026500702,0.02704915140467082,,,,,,,,,,,,
256.0,44.0,0.07791362166404728,0.0,nan,12.0,176.0,1.4018430709838867,0.0600306590466692,,,,,,,,,,,,
257.0,130.0,-0.04794430136680619,0.0,nan,28.0,520.0,1.9324773848056793,0.03237112171833623,,,,,,,,,,,,
258.0,56.0,-0.03685592174530037,0.0,nan,12.0,224.0,0.7641525864601135,0.022752341650284995,,,,,,,,,,,,
259.0,66.0,0.3276669943332671,0.0,nan,16.0,264.0,0.9649627357721329,0.01652386394463079,,,,,,,,,,,,
260.0,168.0,25.128216236578314,0.25,0.4,36.0,672.0,6.189322352409363,0.025638727746624568,1.0,1.0,1.0,0.0,1.0,0.21841946244239807,0.7066025733947754,13.644943290943047,10.0,1.0,200.0,33.06193404211665
261.0,57.0,0.46906720280647285,0.0,nan,12.0,228.0,0.7279008626937866,0.02502484283201555,,,,,,,,,,,,
262.0,44.0,0.4524693375825883,0.0,nan,12.0,176.0,1.1111328899860382,0.03602977683057289,,,,,,,,,,,,
263.0,92.0,11.186552244862545,0.25,nan,20.0,368.0,3.565512716770172,0.01240404814303453,,,,,,,,,,,,
264.0,149.0,13.921960386903953,1.0,nan,32.0,596.0,3.8636770844459534,0.03240182779687295,,,,,,,,,,,,
265.0,188.0,16.15258007930126,0.25,nan,40.0,752.0,2.422569453716278,0.02838829607575022,,,,,,,,,,,,
266.0,200.0,13.148658058373258,0.75,nan,40.0,800.0,10.987607479095459,0.025094586783659167,,,,,,,,,,,,
267.0,42.0,-0.06150004982948304,0.0,nan,12.0,168.0,2.085564970970154,0.0071737728580631354,,,,,,,,,,,,
268.0,200.0,23.607969255064383,0.75,nan,44.0,800.0,16.2506160736084,0.007759611303247871,,,,,,,,,,,,
269.0,24.0,-0.0904006966948509,0.0,nan,8.0,96.0,0.6228960305452347,0.08166552528132343,,,,,,,,,,,,
270.0,200.0,36.06034276777646,1.0,0.0,40.0,800.0,10.834596633911133,0.020476707275541628,1.0,0.0,0.75,0.0,0.75,0.18508395552635193,0.8677964210510254,13.340623946467531,11.0,1.0,200.0,17.536647539632405
271.0,200.0,31.77395877365489,0.75,nan,40.0,800.0,14.97353982925415,0.008277277550050144,,,,,,,,,,,,
272.0,57.0,0.4976642537117005,0.0,nan,12.0,228.0,0.6110925674438477,0.0197002806648157,,,,,,,,,,,,
273.0,183.0,26.79568077035248,1.0,nan,40.0,732.0,17.81928777694702,0.011644067426495042,,,,,,,,,,,,
274.0,96.0,1.6293435720354312,0.25,nan,20.0,384.0,0.8773353397846222,0.01982273693292136,,,,,,,,,,,,
275.0,183.0,52.45395341789583,1.0,nan,44.0,732.0,19.755906105041504,0.01695138392489781,,,,,,,,,,,,
276.0,165.0,5.2204752595163875,0.5,nan,36.0,660.0,3.5243717432022095,0.012669118887806974,,,,,,,,,,,,
277.0,66.0,0.9680639588832858,0.25,nan,16.0,264.0,1.7076991498470306,0.014153516829974677,,,,,,,,,,,,
278.0,41.0,-0.2146823978424072,0.0,nan,12.0,164.0,1.2997800707817078,0.024228166651663333,,,,,,,,,,,,
279.0,200.0,45.54434566078708,0.75,nan,40.0,800.0,31.653321743011475,0.02041212090508182,,,,,,,,,,,,
280.0,200.0,37.73158535421827,0.75,0.2,40.0,800.0,44.510870933532715,0.01025879420604281,1.0,1.0,1.0,0.0,1.0,0.5092835426330566,0.2483288049697876,13.803991682187188,10.0,1.0,192.0,18.131859877386596
281.0,108.0,4.290038086920976,0.5,nan,24.0,432.0,2.7021965980529785,0.033052430618695894,,,,,,,,,,,,
282.0,48.0,0.2835330319404602,0.0,nan,12.0,192.0,0.8353752195835114,0.02976648195329871,,,,,,,,,,,,
283.0,200.0,34.8814770168043,0.75,nan,48.0,800.0,6.68288266658783,0.009390829975680859,,,,,,,,,,,,
284.0,23.0,-0.36435120582580566,0.0,nan,8.0,92.0,1.8664580881595612,0.09392091468779377,,,,,,,,,,,,
285.0,20.0,-0.36324270963668825,0.0,nan,4.0,80.0,1.450542539358139,0.06795819715039216,,,,,,,,,,,,
286.0,45.0,0.33014805316925044,0.0,nan,12.0,180.0,0.365167960524559,0.013075710338277346,,,,,,,,,,,,
287.0,128.0,12.588571701459584,1.0,nan,28.0,512.0,13.349347352981567,0.02712867152389009,,,,,,,,,,,,
288.0,44.0,1.044981274418533,0.25,nan,12.0,176.0,1.47642120718956,0.02627320311704037,,,,,,,,,,,,
289.0,200.0,63.44908604869272,0.75,nan,48.0,800.0,9.26061749458313,0.01804821949627211,,,,,,,,,,,,
290.0,83.0,0.5826328587532044,0.0,0.39999999999999997,20.0,332.0,1.25808447599411,0.012815490177503719,1.0,1.0,1.0,0.0,1.0,1.4305847883224487,0.5140777826309204,13.85114376853744,10.0,1.0,200.0,22.800007140403622
291.0,200.0,26.40872853317996,0.75,nan,40.0,800.0,18.560184955596924,0.018200453613363088,,,,,,,,,,,,
292.0,79.0,0.7891878923773765,0.0,nan,16.0,316.0,0.8855922818183899,0.02788510913601172,,,,,,,,,,,,
293.0,171.0,36.14463299569674,1.0,nan,36.0,684.0,8.88819408416748,0.009684799716067616,,,,,,,,,,,,
294.0,46.0,0.17489059209823607,0.0,nan,12.0,184.0,0.8544199019670486,0.01491910160578537,,,,,,,,,,,,
295.0,139.0,0.12660244688391636,0.0,nan,28.0,556.0,2.847263216972351,0.038126290053056344,,,,,,,,,,,,
296.0,200.0,45.28160942985561,0.75,nan,48.0,800.0,9.620006799697876,0.02072446162513053,,,,,,,,,,,,
297.0,173.0,23.766902945078915,1.0,nan,36.0,692.0,8.160350561141968,0.012223469658238173,,,,,,,,,,,,
298.0,37.0,0.020133261680603066,0.0,nan,8.0,148.0,0.4239412769675255,0.10842536943018048,,,,,,,,,,,,
299.0,81.0,0.492997966110706,0.0,nan,20.0,324.0,1.2451824843883514,0.03191300127752328,,,,,,,,,,,,
300.0,195.0,30.03480013068766,1.0,0.39999999999999997,40.0,780.0,6.798732399940491,0.013864639270984469,1.0,0.0,0.0,0.5,0.0,-0.03819456696510315,0.7103867530822754,8.611155597845936,5.0,1.0,84.0,0.3677235370874403
301.0,96.0,4.294675758304074,0.25,nan,20.0,384.0,1.0811474323272705,0.013157904759600408,,,,,,,,,,,,
302.0,200.0,27.896702648792413,0.75,nan,40.0,800.0,19.10647439956665,0.026246830689440337,,,,,,,,,,,,
303.0,45.0,-0.04995058774948122,0.0,nan,12.0,180.0,0.324598528444767,0.014505484241500553,,,,,,,,,,,,
304.0,162.0,22.27684870061465,1.0,nan,36.0,648.0,6.873706817626953,0.004741128053958654,,,,,,,,,,,,
305.0,191.0,21.279926273480523,1.0,nan,40.0,764.0,4.482334613800049,0.014497505680859835,,,,,,,,,,,,
306.0,31.0,-0.30528155326843265,0.0,nan,8.0,124.0,1.0362822115421295,0.004992671513689393,,,,,,,,,,,,
307.0,200.0,26.54352033617906,0.5,nan,44.0,800.0,9.614134550094604,0.010454779444244,,,,,,,,,,,,
308.0,73.0,0.19074986696243296,0.0,nan,16.0,292.0,1.3861147165298462,0.031344105436261316,,,,,,,,,,,,
309.0,29.0,-0.41002658843994144,0.0,nan,8.0,116.0,0.4262738600373268,0.09396597562304079,,,,,,,,,,,,
310.0,77.0,0.42256562590599045,0.0,0.0,16.0,308.0,0.6009574234485626,0.023213853289693276,1.0,0.0,0.5,0.0,0.5,1.462419033050537,0.3254770040512085,14.714472815980116,10.0,1.0,200.0,31.77919518863783
311.0,23.0,-0.42263463616371155,0.0,nan,8.0,92.0,3.38309782743454,0.032682578376708356,,,,,,,,,,,,
312.0,62.0,0.6688837695121765,0.0,nan,16.0,248.0,0.2747392803430557,0.013718052544831036,,,,,,,,,,,,
313.0,40.0,-0.12044738307595249,0.0,nan,8.0,160.0,1.4300047755241394,0.02062902851613444,,,,,,,,,,,,
314.0,32.0,0.10835519313812252,0.0,nan,8.0,128.0,0.1689959615468979,0.016740823124603565,,,,,,,,,,,,
315.0,78.0,0.09912782430648807,0.0,nan,16.0,312.0,0.3947971239686012,0.021216840251073066,,,,,,,,,,,,
316.0,200.0,34.3423946106108,0.75,nan,40.0,800.0,8.843862295150757,0.028160530785386495,,,,,,,,,,,,
317.0,200.0,31.24753053076566,0.75,nan,44.0,800.0,5.521115303039551,0.01438324041015615,,,,,,,,,,,,
318.0,106.0,9.546142211705446,0.5,nan,24.0,424.0,3.320536494255066,0.02319401083452277,,,,,,,,,,,,
319.0,51.0,0.22618589341640466,0.0,nan,12.0,204.0,0.7148709297180176,0.02014748583469198,,,,,,,,,,,,
320.0,200.0,14.485551510824006,0.75,0.2,40.0,800.0,7.8514121770858765,0.006696139406841439,1.0,0.0,0.75,0.0,0.75,1.865648865699768,0.271321177482605,13.280706728779478,10.0,1.0,200.0,35.54761764758733
321.0,199.0,36.441120583682796,1.0,nan,44.0,796.0,9.047744989395142,0.013615907364828317,,,,,,,,,,,,
322.0,38.0,0.24984532378613955,0.0,nan,8.0,152.0,1.7873866558074951,0.02374104051220552,,,,,,,,,,,,
323.0,69.0,0.7047262287139894,0.0,nan,16.0,276.0,0.8675260692834854,0.018349978525147526,,,,,,,,,,,,
324.0,65.0,0.24437156468629834,0.0,nan,16.0,260.0,1.187719315290451,0.016405258576373427,,,,,,,,,,,,
325.0,200.0,32.13804585820471,1.0,nan,44.0,800.0,7.614424228668213,0.014439970602854402,,,,,,,,,,,,
326.0,200.0,16.582941621469217,0.5,nan,40.0,800.0,10.575454473495483,0.017846992373776516,,,,,,,,,,,,
327.0,22.0,-0.31194673076272006,0.0,nan,8.0,88.0,1.7339527606964111,0.02940963565620145,,,,,,,,,,,,
328.0,172.0,52.33448572682219,1.0,nan,40.0,688.0,24.305602550506592,0.009232209586289564,,,,,,,,,,,,
329.0,18.0,-0.24145901679992676,0.0,nan,4.0,72.0,0.4777461588382721,0.14414791807132588,,,,,,,,,,,,
330.0,70.0,0.3171951107680799,0.25,0.0,16.0,280.0,1.4775932729244232,0.02033256242167969,1.0,1.0,1.0,0.0,1.0,1.9929178953170776,0.026935935020446777,13.03823628257669,9.0,1.0,170.0,16.10669509624131
331.0,144.0,36.95505196555984,1.0,nan,36.0,576.0,21.89491033554077,0.0075979225095825775,,,,,,,,,,,,
332.0,73.0,1.332293227855116,0.25,nan,16.0,292.0,0.28902700543403625,0.04595126212756995,,,,,,,,,,,,
333.0,51.0,0.2400905945897102,0.0,nan,12.0,204.0,0.5017138794064522,0.011139432892369037,,,,,,,,,,,,
334.0,144.0,29.141071364611864,1.0,nan,32.0,576.0,8.346597909927368,0.01694739082168975,,,,,,,,,,,,
335.0,126.0,14.72380296099931,1.0,nan,28.0,504.0,3.9494081139564514,0.025780911320318012,,,,,,,,,,,,
336.0,200.0,22.209031735628393,0.75,nan,44.0,800.0,10.256424188613892,0.017393703110641923,,,,,,,,,,,,
337.0,73.0,5.5053933299425974,0.25,nan,16.0,292.0,3.905876576900482,0.04069172709868951,,,,,,,,,,,,
338.0,200.0,46.522580665257586,0.75,nan,44.0,800.0,9.946651458740234,0.013433128277596573,,,,,,,,,,,,
339.0,131.0,17.949715248690918,1.0,nan,28.0,524.0,3.1039206981658936,0.008310968700861565,,,,,,,,,,,,
340.0,200.0,27.314064810576383,0.75,0.19999999999999996,48.0,800.0,7.894259929656982,0.007811590836409366,1.0,1.0,1.0,0.0,1.0,1.9414321184158325,0.7861623764038086,13.10498027056019,10.0,1.0,188.0,36.67736846509389
341.0,29.0,-0.08188594818115227,0.0,nan,8.0,116.0,0.5959433913230896,0.038303172116331614,,,,,,,,,,,,
342.0,38.0,-0.2632320928573608,0.0,nan,8.0,152.0,1.4075660407543182,0.0292992632214522,,,,,,,,,,,,
343.0,153.0,27.27137930705678,1.0,nan,36.0,612.0,5.555458307266235,0.023487509631202386,,,,,,,,,,,,
344.0,200.0,42.07085265917778,0.75,nan,52.0,800.0,16.25118923187256,0.012871989946535933,,,,,,,,,,,,
345.0,102.0,0.31667522110044966,0.0,nan,24.0,408.0,1.246418982744217,0.015467035537851892,,,,,,,,,,,,
346.0,173.0,36.506694537545556,1.0,nan,40.0,692.0,8.43964171409607,0.017951778387889306,,,,,,,,,,,,
347.0,200.0,62.766409410885544,0.75,nan,40.0,800.0,18.508052825927734,0.09741029554398817,,,,,,,,,,,,
348.0,148.0,61.33672460422852,1.0,nan,36.0,592.0,14.045996189117432,0.003263617708006983,,,,,,,,,,,,
349.0,43.0,0.056225318908691396,0.0,nan,12.0,172.0,0.7701545208692551,0.015386991023626442,,,,,,,,,,,,
350.0,38.0,-0.32836556911468495,0.0,0.0,8.0,152.0,1.8541261851787567,0.026965912870915525,1.0,1.0,1.0,0.0,1.0,1.291623592376709,0.8698520660400391,13.37045918390504,9.0,1.0,170.0,19.354218339995718
351.0,182.0,31.84350927588065,0.5,nan,40.0,728.0,7.20363974571228,0.015629364117982658,,,,,,,,,,,,
352.0,200.0,62.427249082969524,0.75,nan,40.0,800.0,55.16648483276367,0.04062964129926172,,,,,,,,,,,,
353.0,165.0,18.332261800998825,1.0,nan,36.0,660.0,5.033004522323608,0.015516031312273526,,,,,,,,,,,,
354.0,200.0,18.296578578301705,0.5,nan,40.0,800.0,15.109114170074463,0.023186976572219464,,,,,,,,,,,,
355.0,123.0,1.3866903514415023,0.25,nan,28.0,492.0,2.1545639634132385,0.03545334837413017,,,,,,,,,,,,
356.0,33.0,-0.19884905099868772,0.0,nan,8.0,132.0,0.7757975310087204,0.02404110345177783,,,,,,,,,,,,
357.0,200.0,13.6008774009184,0.75,nan,40.0,800.0,5.035532116889954,0.03135889048961715,,,,,,,,,,,,
358.0,75.0,4.423373816965612,0.25,nan,16.0,300.0,5.1656118631362915,0.026106176143027682,,,,,,,,,,,,
359.0,200.0,57.15765974521642,0.75,nan,40.0,800.0,86.06144523620605,0.03436654287807528,,,,,,,,,,,,
360.0,168.0,32.65599825468847,1.0,0.19999999999999996,36.0,672.0,14.445627927780151,0.00985328882600811,1.0,0.0,0.75,0.0,0.75,1.4435685873031616,0.18155252933502197,13.06240156814215,10.0,1.0,200.0,33.54716306449846
361.0,97.0,0.4364746230840682,0.0,nan,20.0,388.0,1.6574660539627075,0.0525335515627674,,,,,,,,,,,,
362.0,29.0,-0.02999911546707147,0.0,nan,8.0,116.0,1.3640435934066772,0.08308036313881781,,,,,,,,,,,,
363.0,56.0,1.235806747302413,0.25,nan,12.0,224.0,1.406930923461914,0.03873457330360993,,,,,,,,,,,,
364.0,200.0,28.61626722724178,1.0,nan,40.0,800.0,20.46680784225464,0.013974782587638401,,,,,,,,,,,,
365.0,102.0,11.422929824022578,0.25,nan,24.0,408.0,3.494541108608246,0.010109458109569036,,,,,,,,,,,,
366.0,53.0,-0.22987477064132686,0.0,nan,12.0,212.0,1.039026066660881,0.057458605071780335,,,,,,,,,,,,
367.0,200.0,29.02334911719081,0.5,nan,40.0,800.0,8.933091163635254,0.017072768742645295,,,,,,,,,,,,
368.0,145.0,0.8280250102281564,0.0,nan,32.0,580.0,1.1846017241477966,0.08477152859599091,,,,,,,,,,,,
369.0,63.0,0.44554144244641064,0.0,nan,16.0,252.0,2.8993932604789734,0.02676363479342234,,,,,,,,,,,,
370.0,172.0,30.8222088216059,1.0,0.19999999999999996,36.0,688.0,21.05319881439209,0.013037685589640802,1.0,0.0,0.0,0.5,0.0,-0.06426632404327393,3.789735794067383,6.323373811901547,3.0,1.0,60.0,0.1219123154878616
371.0,96.0,1.0781922444328664,0.25,nan,20.0,384.0,0.4134219288825989,0.07682173496607447,,,,,,,,,,,,
372.0,153.0,38.26744625295864,1.0,nan,36.0,612.0,15.741289615631104,0.023487596722759463,,,,,,,,,,,,
373.0,179.0,30.212688517293426,1.0,nan,40.0,716.0,10.474750280380249,0.022315476619757746,,,,,,,,,,,,
374.0,139.0,18.17989606972784,1.0,nan,28.0,556.0,19.117361545562744,0.018534208406432384,,,,,,,,,,,,
375.0,200.0,33.567697635141684,0.75,nan,40.0,800.0,8.38161826133728,0.011952755682457905,,,,,,,,,,,,
376.0,116.0,24.818085104329512,1.0,nan,24.0,464.0,31.986578941345215,0.016381708541224782,,,,,,,,,,,,
377.0,48.0,0.6531672310829164,0.25,nan,12.0,192.0,1.609924554824829,0.03083542145737776,,,,,,,,,,,,
378.0,52.0,-0.11093595743179321,0.0,nan,12.0,208.0,0.979700967669487,0.03954051218862713,,,,,,,,,,,,
379.0,70.0,0.1777910947799683,0.0,nan,16.0,280.0,0.5363655760884285,0.025042169239736928,,,,,,,,,,,,
380.0,41.0,0.020756682157516526,0.0,0.19999999999999996,12.0,164.0,2.494321048259735,0.04942311344380812,1.0,1.0,1.0,0.0,1.0,0.08585397899150848,1.9630554914474487,13.189521904212597,10.0,1.0,195.0,35.35036973278038
381.0,162.0,41.75527649600525,0.5,nan,36.0,648.0,11.497826099395752,0.008164653064730132,,,,,,,,,,,,
382.0,195.0,31.853729800041773,1.0,nan,40.0,780.0,6.904983639717102,0.01370037574647398,,,,,,,,,,,,
383.0,200.0,76.24211228707574,0.75,nan,48.0,800.0,9.9453284740448,0.023285613192228105,,,,,,,,,,,,
384.0,94.0,1.0031593205779787,0.25,nan,20.0,376.0,1.9860702753067017,0.017843305127860337,,,,,,,,,,,,
385.0,200.0,42.451384837906886,0.75,nan,44.0,800.0,8.437371969223022,0.01641868672871727,,,,,,,,,,,,
386.0,156.0,31.893586458554495,1.0,nan,32.0,624.0,15.886664152145386,0.04635260784107764,,,,,,,,,,,,
387.0,75.0,0.20871955752372745,0.0,nan,16.0,300.0,0.8385387063026428,0.018860309290950283,,,,,,,,,,,,
388.0,82.0,0.41228223025798794,0.0,nan,20.0,328.0,2.8209975957870483,0.031475505463860354,,,,,,,,,,,,
389.0,83.0,3.6128925750777126,0.25,nan,20.0,332.0,1.9901793897151947,0.035771310606435236,,,,,,,,,,,,
390.0,59.0,0.17911515593528743,0.0,0.19999999999999996,12.0,236.0,0.6542906314134598,0.048022145829190004,1.0,1.0,1.0,0.0,1.0,1.1599574089050293,0.6217927932739258,13.10677145419686,10.0,1.0,187.0,34.943137864333124
391.0,156.0,33.354838332519876,1.0,nan,36.0,624.0,7.713319659233093,0.009631848558112388,,,,,,,,,,,,
392.0,200.0,65.90920305240581,0.75,nan,52.0,800.0,15.732730388641357,0.010713021753665286,,,,,,,,,,,,
393.0,175.0,24.888874110020698,1.0,nan,36.0,700.0,3.436449110507965,0.031157192492109687,,,,,,,,,,,,
394.0,37.0,0.11801052570343021,0.0,nan,8.0,148.0,0.10956105589866638,0.005464870656741571,,,,,,,,,,,,
395.0,175.0,44.539068159984915,1.0,nan,36.0,700.0,29.47881555557251,0.018031985935312633,,,,,,,,,,,,
396.0,164.0,29.962194443740884,1.0,nan,36.0,656.0,11.629126787185669,0.012437944200694773,,,,,,,,,,,,
397.0,200.0,42.94308653110639,0.75,nan,40.0,800.0,11.350885391235352,0.013542821179744813,,,,,,,,,,,,
398.0,188.0,19.815390878756734,1.0,nan,44.0,752.0,3.071138083934784,0.016849381633274874,,,,,,,,,,,,
399.0,200.0,36.22735995202675,0.75,nan,48.0,800.0,4.518221855163574,0.009767776896541847,,,,,,,,,,,,
400.0,46.0,0.11260961867868907,0.0,0.0,12.0,184.0,1.123161941766739,0.03172881083831113,1.0,1.0,1.0,0.0,1.0,0.9048457145690918,0.6375205516815186,12.474444525425497,10.0,1.0,181.0,27.748975347795064
401.0,200.0,35.908316769218075,0.5,nan,40.0,800.0,36.925719261169434,0.007536572019940735,,,,,,,,,,,,
402.0,33.0,-0.26890553116798405,0.0,nan,8.0,132.0,1.6113490164279938,0.02216014050330305,,,,,,,,,,,,
403.0,200.0,28.249483410629928,0.75,nan,40.0,800.0,14.597166299819946,0.010549807138351408,,,,,,,,,,,,
404.0,200.0,18.064326252142195,0.5,nan,40.0,800.0,11.427683353424072,0.012934258611284832,,,,,,,,,,,,
405.0,200.0,27.395049154444138,0.75,nan,40.0,800.0,9.081140518188477,0.01814050268573908,,,,,,,,,,,,
406.0,200.0,18.61692100999062,0.75,nan,40.0,800.0,4.557235360145569,0.025099959388498405,,,,,,,,,,,,
407.0,42.0,-0.07537012666463846,0.0,nan,12.0,168.0,2.044229358434677,0.026506339442080605,,,,,,,,,,,,
408.0,200.0,56.00381140270039,0.75,nan,48.0,800.0,9.270982265472412,0.011874385281938515,,,,,,,,,,,,
409.0,35.0,-0.0347593262791633,0.0,nan,8.0,140.0,3.576546788215637,0.017977414994623228,,,,,,,,,,,,
410.0,180.0,20.262378245079887,1.0,0.0,36.0,720.0,4.547654747962952,0.03395217544512086,1.0,0.0,0.75,0.0,0.75,0.3371603488922119,1.23284113407135,13.259653713335865,10.0,1.0,200.0,29.297537211689644
411.0,63.0,1.4558523505739869,0.25,nan,16.0,252.0,2.2549638748168945,0.05935829823197409,,,,,,,,,,,,
412.0,200.0,1.6733686413615945,0.25,nan,44.0,800.0,1.899265617132187,0.029087264498903254,,,,,,,,,,,,
413.0,159.0,32.45677898315714,1.0,nan,32.0,636.0,11.160102367401123,0.009609266029400487,,,,,,,,,,,,
414.0,71.0,0.3805970644205809,0.0,nan,16.0,284.0,3.0843881964683533,0.011342358153789478,,,,,,,,,,,,
415.0,23.0,-0.4763334798812866,0.0,nan,8.0,92.0,1.0701949894428253,0.012335543947950387,,,,,,,,,,,,
416.0,33.0,-0.06551344871520995,0.0,nan,8.0,132.0,0.623535081744194,0.009805710254411255,,,,,,,,,,,,
417.0,99.0,-0.22577660620212545,0.0,nan,20.0,396.0,2.396664261817932,0.044880542026277226,,,,,,,,,,,,
418.0,150.0,0.0582471590489147,0.0,nan,32.0,600.0,2.3485929369926453,0.02018910687359554,,,,,,,,,,,,
419.0,45.0,-0.05062594562768933,0.0,nan,12.0,180.0,2.462648570537567,0.016842772784325968,,,,,,,,,,,,
420.0,66.0,2.570840947292745,0.25,0.0,16.0,264.0,1.143688827753067,0.023405786122808525,1.0,0.0,0.75,0.0,0.75,0.4583073556423187,0.9342676401138306,14.262168995192042,11.0,1.0,200.0,36.798986031248944
421.0,200.0,53.20538334576414,0.75,nan,48.0,800.0,13.49808144569397,0.004096225272977705,,,,,,,,,,,,
422.0,56.0,0.1379762226343155,0.0,nan,12.0,224.0,2.9223679304122925,0.006561392216344838,,,,,,,,,,,,
423.0,124.0,31.660680875312543,0.75,nan,28.0,496.0,16.797680377960205,0.018717097114875958,,,,,,,,,,,,
424.0,41.0,0.13813573360443115,0.0,nan,12.0,164.0,0.5861937552690506,0.014042297390315449,,,,,,,,,,,,
425.0,140.0,6.2315072984201825,0.5,nan,28.0,560.0,2.3281078934669495,0.02460160877894222,,,,,,,,,,,,
426.0,200.0,63.31955884816127,0.75,nan,48.0,800.0,7.8303462266922,0.008847891371130068,,,,,,,,,,,,
427.0,104.0,1.8165690277144315,0.25,nan,24.0,416.0,2.543448746204376,0.045987850530465835,,,,,,,,,,,,
428.0,177.0,47.90539193566191,1.0,nan,44.0,708.0,8.983586311340332,0.009508273883857332,,,,,,,,,,,,
429.0,188.0,52.83145475471861,1.0,nan,40.0,752.0,24.161895275115967,0.005616265003279608,,,,,,,,,,,,
430.0,144.0,34.513729114506866,0.5,0.19999999999999996,32.0,576.0,5.0456849336624146,0.00848266233700179,1.0,0.0,0.75,0.0,0.75,1.5259051322937012,0.20379269123077393,13.293893444799323,11.0,1.0,200.0,42.05635872773127
431.0,36.0,0.06833096981048588,0.0,nan,8.0,144.0,0.4684475138783455,0.027903701925009412,,,,,,,,,,,,
432.0,35.0,0.021192634105682354,0.0,nan,8.0,140.0,0.5785480737686157,0.02041645526564285,,,,,,,,,,,,
433.0,125.0,13.359878009255048,0.5,nan,28.0,500.0,7.14616847038269,0.017381716944825598,,,,,,,,,,,,
434.0,113.0,12.667715310892092,1.0,nan,24.0,452.0,5.4005314111709595,0.016658316845635568,,,,,,,,,,,,
435.0,145.0,18.513559004198758,1.0,nan,32.0,580.0,5.150933384895325,0.02377504133667152,,,,,,,,,,,,
436.0,150.0,29.045170066098226,1.0,nan,32.0,600.0,9.843606233596802,0.03365913465334458,,,,,,,,,,,,
437.0,90.0,0.36258294582366957,0.0,nan,20.0,360.0,1.50661301612854,0.03065073930596074,,,,,,,,,,,,
438.0,82.0,0.6702521133422847,0.0,nan,20.0,328.0,0.2988674193620682,0.029982733307885923,,,,,,,,,,,,
439.0,63.0,0.41426569044589995,0.0,nan,16.0,252.0,1.4116894602775574,0.027789210268706267,,,,,,,,,,,,
440.0,190.0,63.084649596700935,1.0,0.19999999999999996,40.0,760.0,9.835577487945557,0.0183023444901238,1.0,1.0,1.0,0.0,1.0,1.7665470838546753,0.20741355419158936,13.082072336255806,9.0,1.0,177.0,19.290341973067264
441.0,125.0,19.91227852546799,1.0,nan,28.0,500.0,4.992658972740173,0.021802395652596118,,,,,,,,,,,,
442.0,194.0,24.396323854132202,1.0,nan,40.0,776.0,3.916112184524536,0.01434095373622668,,,,,,,,,,,,
443.0,200.0,34.43879939244363,0.5,nan,40.0,800.0,12.138515710830688,0.01892925763942621,,,,,,,,,,,,
444.0,88.0,2.555322448890656,0.5,nan,20.0,352.0,2.0441723465919495,0.018974577639919055,,,,,,,,,,,,
445.0,52.0,1.2019342425465585,0.25,nan,12.0,208.0,0.7154373377561569,0.009308512987921893,,,,,,,,,,,,
446.0,200.0,18.0117300175596,0.75,nan,40.0,800.0,14.454801082611084,0.01054903015426678,,,,,,,,,,,,
447.0,42.0,0.32721214771270757,0.0,nan,12.0,168.0,0.8105166703462601,0.05332683855650698,,,,,,,,,,,,
448.0,36.0,0.04018254816532141,0.0,nan,8.0,144.0,2.5471084117889404,0.0316188494018661,,,,,,,,,,,,
449.0,50.0,0.3467358350753784,0.0,nan,12.0,200.0,0.5105458423495293,0.02713418517628611,,,,,,,,,,,,
450.0,200.0,47.55370032456706,0.75,0.19999999999999996,48.0,800.0,5.960044503211975,0.007307403898362708,1.0,1.0,1.0,0.0,1.0,1.2372390031814575,0.35945987701416016,12.720664517095429,9.0,1.0,180.0,41.260984367725925
451.0,200.0,45.03760151361931,1.0,nan,40.0,800.0,27.71457290649414,0.011948634559843185,,,,,,,,,,,,
452.0,200.0,14.655627977656692,0.5,nan,40.0,800.0,19.096864223480225,0.008070890141770093,,,,,,,,,,,,
453.0,28.0,-0.05089719772338866,0.0,nan,8.0,112.0,0.49461860209703445,0.07577242283986152,,,,,,,,,,,,
454.0,124.0,8.605410856016675,1.0,nan,28.0,496.0,2.1457090973854065,0.019061032983969994,,,,,,,,,,,,
455.0,154.0,38.92700296059717,1.0,nan,36.0,616.0,14.198277235031128,0.006774183595590344,,,,,,,,,,,,
456.0,200.0,52.8324820255628,0.75,nan,44.0,800.0,13.081582307815552,0.006429775985012931,,,,,,,,,,,,
457.0,83.0,0.584254220575094,0.0,nan,20.0,332.0,1.1193920969963074,0.022134519135358133,,,,,,,,,,,,
458.0,198.0,34.67306708345888,1.0,nan,40.0,792.0,10.993114471435547,0.01107953683018792,,,,,,,,,,,,
459.0,200.0,29.59514876778705,0.75,nan,44.0,800.0,6.549731612205505,0.016083983252354273,,,,,,,,,,,,
460.0,108.0,9.58142429227475,1.0,0.19999999999999996,24.0,432.0,2.4732048511505127,0.02402085679687005,1.0,0.0,0.75,0.0,0.75,2.8798165321350098,0.7328182458877563,12.829370595380169,12.0,1.0,200.0,46.551938375108875
461.0,168.0,24.530217454214583,1.0,nan,36.0,672.0,7.759161829948425,0.0526122335004473,,,,,,,,,,,,
462.0,26.0,-0.1912135577201843,0.0,nan,8.0,104.0,1.4383263289928436,0.02131571357750335,,,,,,,,,,,,
463.0,142.0,21.91137281634846,1.0,nan,32.0,568.0,7.330649375915527,0.025293716740817374,,,,,,,,,,,,
464.0,200.0,50.92495876796313,0.75,nan,44.0,800.0,24.750532627105713,0.012333249654533418,,,,,,,,,,,,
465.0,113.0,13.514312072452158,0.25,nan,24.0,452.0,5.743405699729919,0.02172027521342379,,,,,,,,,,,,
466.0,200.0,24.946833909256384,0.75,nan,44.0,800.0,8.741978645324707,0.017544548169954766,,,,,,,,,,,,
467.0,200.0,52.32465682562908,0.75,nan,40.0,800.0,14.260121822357178,0.009799686663695795,,,,,,,,,,,,
468.0,200.0,41.04417457926321,1.0,nan,40.0,800.0,16.36000633239746,0.03789888573364908,,,,,,,,,,,,
469.0,200.0,26.492431809124543,0.75,nan,40.0,800.0,4.286405324935913,0.014258749667567017,,,,,,,,,,,,
470.0,135.0,19.554890103204524,1.0,0.0,28.0,540.0,11.752903699874878,0.016768416802371178,1.0,1.0,1.0,0.0,1.0,4.177757263183594,0.24812698364257812,13.800727682766592,12.0,1.0,200.0,25.81369547942305
471.0,200.0,49.61208653182258,0.75,nan,44.0,800.0,14.111778736114502,0.009945198956572199,,,,,,,,,,,,
472.0,200.0,60.13803483063823,0.75,nan,56.0,800.0,7.082355856895447,0.0060894215934938906,,,,,,,,,,,,
473.0,162.0,47.3861921676621,1.0,nan,36.0,648.0,29.244038105010986,0.022988161699965648,,,,,,,,,,,,
474.0,60.0,1.1484965136274696,0.0,nan,12.0,240.0,0.8930389434099197,0.01669593034703508,,,,,,,,,,,,
475.0,32.0,-0.09731033861637113,0.0,nan,8.0,128.0,1.0056953579187393,0.0316606877630532,,,,,,,,,,,,
476.0,48.0,0.24106977701187143,0.0,nan,12.0,192.0,1.2760682106018066,0.031103725954601202,,,,,,,,,,,,
477.0,173.0,33.04535664100433,1.0,nan,40.0,692.0,3.5348028540611267,0.007057634707463234,,,,,,,,,,,,
478.0,31.0,0.02203451633453371,0.0,nan,8.0,124.0,1.0229708105325699,0.02818856631444628,,,,,,,,,,,,
479.0,200.0,47.05389062307661,0.75,nan,44.0,800.0,10.105793237686157,0.0052608664115004755,,,,,,,,,,,,
480.0,36.0,-0.0925827047228813,0.0,0.19999999999999996,8.0,144.0,1.2125801146030426,0.009438704066086403,1.0,0.0,0.75,0.0,0.75,0.7410372495651245,0.7711812257766724,13.193793445403571,11.0,1.0,200.0,39.545778773880755
481.0,197.0,27.037073669810802,0.5,nan,40.0,788.0,11.728322267532349,0.029601774737324504,,,,,,,,,,,,
482.0,200.0,16.67812660420314,0.75,nan,40.0,800.0,3.965263843536377,0.028402215202856684,,,,,,,,,,,,
483.0,157.0,40.489064726228825,1.0,nan,32.0,628.0,7.951226830482483,0.0333294298218334,,,,,,,,,,,,
484.0,83.0,0.1661979024112225,0.0,nan,20.0,332.0,3.569536566734314,0.038300867306197084,,,,,,,,,,,,
485.0,200.0,17.249310195911676,0.75,nan,40.0,800.0,8.644104242324829,0.018246227671049553,,,,,,,,,,,,
486.0,200.0,59.300330670358406,0.75,nan,44.0,800.0,17.87847900390625,0.007832835949058925,,,,,,,,,,,,
487.0,169.0,18.027555682489186,1.0,nan,36.0,676.0,4.757235288619995,0.020609860308496764,,,,,,,,,,,,
488.0,200.0,28.197315341606753,0.5,nan,44.0,800.0,5.4973602294921875,0.017682016720074856,,,,,,,,,,,,
489.0,29.0,0.07462560594081877,0.0,nan,8.0,116.0,1.2802052795886993,0.1116101666915836,,,,,,,,,,,,
490.0,200.0,39.097599703690506,0.75,0.0,44.0,800.0,9.151767015457153,0.004652623893657842,1.0,0.0,0.75,0.0,0.75,3.1698968410491943,0.3379983901977539,13.774873318099708,10.0,1.0,200.0,38.799584274063825
491.0,67.0,1.2368506291136148,0.0,nan,16.0,268.0,0.9589416682720184,0.026828785009973544,,,,,,,,,,,,
492.0,150.0,12.844032860547303,0.25,nan,32.0,600.0,8.143130779266357,0.05110566264905714,,,,,,,,,,,,
493.0,56.0,0.5547869229316711,0.0,nan,12.0,224.0,0.23622970283031464,0.012048262429454734,,,,,,,,,,,,
494.0,17.0,-0.35224718570709224,0.0,nan,4.0,68.0,0.37032564729452133,0.05798870264834477,,,,,,,,,,,,
495.0,177.0,30.594025440020488,1.0,nan,36.0,708.0,28.922274589538574,0.011996632742033553,,,,,,,,,,,,
496.0,55.0,-0.07074075937271121,0.0,nan,12.0,220.0,0.738114669919014,0.011497927363145456,,,,,,,,,,,,
497.0,169.0,25.94356129220921,0.5,nan,36.0,676.0,6.951559543609619,0.006590221190997003,,,,,,,,,,,,
498.0,48.0,0.3100569677352907,0.0,nan,12.0,192.0,2.6491739153862,0.009845624984563983,,,,,,,,,,,,
499.0,81.0,0.6503360563516616,0.0,nan,20.0,324.0,0.6810339689254761,0.009333337070326797,,,,,,,,,,,,
500.0,172.0,29.143168659852815,1.0,0.0,36.0,688.0,15.0133695602417,0.01949636412566491,1.0,1.0,1.0,0.0,1.0,2.8357417583465576,0.04024052619934082,12.751420404514647,8.0,1.0,147.0,15.587998665655032
501.0,97.0,1.7740433609532191,0.25,nan,20.0,388.0,1.5785284340381622,0.013991400883193617,,,,,,,,,,,,
502.0,200.0,20.390451808308722,0.75,nan,44.0,800.0,4.533551096916199,0.0046731092533534024,,,,,,,,,,,,
503.0,200.0,29.96840681558242,0.75,nan,40.0,800.0,13.738149642944336,0.005979157089274656,,,,,,,,,,,,
504.0,173.0,24.85022627048195,1.0,nan,36.0,692.0,26.484654426574707,0.01118992176721273,,,,,,,,,,,,
505.0,33.0,0.13801493763923642,0.0,nan,8.0,132.0,1.1023811995983124,0.028144452604868257,,,,,,,,,,,,
506.0,200.0,29.822345709148806,0.5,nan,40.0,800.0,23.77445650100708,0.01572373472963129,,,,,,,,,,,,
507.0,168.0,44.616733656106526,1.0,nan,40.0,672.0,7.118692636489868,0.02056293021544775,,,,,,,,,,,,
508.0,32.0,0.08801060199737551,0.0,nan,8.0,128.0,1.7514166831970215,0.010018724047135663,,,,,,,,,,,,
509.0,200.0,33.81504489180517,0.75,nan,40.0,800.0,18.685782432556152,0.027982915197190206,,,,,,,,,,,,
510.0,43.0,-0.1678975987434387,0.0,0.0,12.0,172.0,0.3299304470419884,0.018090664329307227,1.0,0.0,0.75,0.0,0.75,1.2930911779403687,1.530077576637268,13.089454056011164,11.0,1.0,200.0,49.03680497822937
511.0,31.0,-0.0437393522262573,0.0,nan,8.0,124.0,0.6534055471420288,0.01096215016116642,,,,,,,,,,,,
512.0,200.0,32.569005040428614,0.75,nan,40.0,800.0,8.690067529678345,0.00585237580059772,,,,,,,,,,,,
513.0,200.0,38.051524824812084,0.5,nan,44.0,800.0,18.910163402557373,0.019705838990489832,,,,,,,,,,,,
514.0,200.0,59.035325099161156,0.75,nan,52.0,800.0,9.006056308746338,0.016818781414876582,,,,,,,,,,,,
515.0,141.0,22.935139846124216,1.0,nan,32.0,564.0,8.841367959976196,0.009814766167396627,,,,,,,,,,,,
516.0,200.0,45.98533446516379,1.0,nan,44.0,800.0,10.488961935043335,0.009057021623732453,,,,,,,,,,,,
517.0,152.0,19.22813000874128,1.0,nan,32.0,608.0,4.751625061035156,0.01457733695296426,,,,,,,,,,,,
518.0,45.0,0.16752543449401855,0.0,nan,12.0,180.0,1.7043398022651672,0.029010387072139564,,,,,,,,,,,,
519.0,63.0,-0.11989591244608161,0.0,nan,16.0,252.0,5.9947768449783325,0.04235562175534373,,,,,,,,,,,,
520.0,41.0,0.2341540241241455,0.0,0.39999999999999997,12.0,164.0,0.2608470730483532,0.04157144874028033,1.0,0.0,0.75,0.0,0.75,1.8158529996871948,0.5778321027755737,12.427189595007803,46.0,1.0,200.0,51.68661190583954
521.0,200.0,68.52005717361465,0.75,nan,72.0,800.0,6.026759028434753,0.0022142302902583566,,,,,,,,,,,,
522.0,200.0,17.64593358635903,0.75,nan,40.0,800.0,4.363269090652466,0.009878222992764307,,,,,,,,,,,,
523.0,176.0,23.932253738490402,1.0,nan,36.0,704.0,30.17937135696411,0.022185265937238796,,,,,,,,,,,,
524.0,119.0,27.64822057661602,1.0,nan,24.0,476.0,5.313566088676453,0.008423716455910224,,,,,,,,,,,,
525.0,112.0,3.3906683765072367,0.5,nan,24.0,448.0,1.6137954592704773,0.03420134566861499,,,,,,,,,,,,
526.0,87.0,1.958595377737656,0.25,nan,20.0,348.0,2.153808891773224,0.01621516633404596,,,,,,,,,,,,
527.0,47.0,0.02097360074520105,0.0,nan,12.0,188.0,1.070411503314972,0.009354886773341366,,,,,,,,,,,,
528.0,200.0,27.361734286192956,0.75,nan,40.0,800.0,13.547041177749634,0.006531219097567487,,,,,,,,,,,,
529.0,132.0,6.3153164892178015,1.0,nan,28.0,528.0,2.1145066022872925,0.025085987867143444,,,,,,,,,,,,
530.0,31.0,-0.32264800429344176,0.0,0.39999999999999997,8.0,124.0,1.0755761563777924,0.025977767953735006,1.0,0.0,0.75,0.0,0.75,0.8684400320053101,1.548819899559021,14.201729569773306,11.0,1.0,200.0,28.063201269879944
531.0,40.0,-0.2666563332080841,0.0,nan,8.0,160.0,1.5885747075080872,0.0631798309393929,,,,,,,,,,,,
532.0,200.0,71.582436755416,0.75,nan,48.0,800.0,10.270766258239746,0.016497176293285065,,,,,,,,,,,,
533.0,71.0,0.15412308067083363,0.0,nan,16.0,284.0,0.42185018211603165,0.004775674826519527,,,,,,,,,,,,
534.0,77.0,0.39842865943908706,0.0,nan,16.0,308.0,0.3559735119342804,0.024655110428010718,,,,,,,,,,,,
535.0,116.0,1.5870542326569552,0.25,nan,24.0,464.0,0.7064906805753708,0.010248916953047527,,,,,,,,,,,,
536.0,63.0,0.0277823653817178,0.0,nan,16.0,252.0,1.2715001702308655,0.009035978183464164,,,,,,,,,,,,
537.0,155.0,55.28778060446495,1.0,nan,40.0,620.0,8.208039283752441,0.004500083432364743,,,,,,,,,,,,
538.0,118.0,17.91334407476709,0.75,nan,24.0,472.0,7.593567609786987,0.02094422703305554,,,,,,,,,,,,
539.0,173.0,63.301115985801474,1.0,nan,44.0,692.0,17.9541277885437,0.00912087214889526,,,,,,,,,,,,
540.0,116.0,29.16618127318565,1.0,0.0,24.0,464.0,7.557255983352661,0.013557641587670588,1.0,1.0,1.0,0.0,1.0,1.2401032447814941,1.1316004991531372,13.340660769859824,10.0,1.0,200.0,36.05407259390341
541.0,200.0,22.8038639532635,0.75,nan,44.0,800.0,6.942033529281616,0.01226587857376682,,,,,,,,,,,,
542.0,89.0,0.09671312332153326,0.0,nan,20.0,356.0,1.2698389887809753,0.02548473803383633,,,,,,,,,,,,
543.0,169.0,20.99770931498148,0.5,nan,36.0,676.0,43.64757442474365,0.005644480650989436,,,,,,,,,,,,
544.0,87.0,0.4169506238028404,0.0,nan,20.0,348.0,0.870776504278183,0.05056934885480757,,,,,,,,,,,,
545.0,158.0,27.8126339940168,1.0,nan,32.0,632.0,7.217765688896179,0.028819508717134568,,,,,,,,,,,,
546.0,45.0,-0.2246638536453247,0.0,nan,12.0,180.0,1.8948171734809875,0.022884261346199412,,,,,,,,,,,,
547.0,134.0,29.84676094564144,1.0,nan,28.0,536.0,13.66849398612976,0.003206160029950507,,,,,,,,,,,,
548.0,200.0,27.660619946592494,0.5,nan,44.0,800.0,13.940741300582886,0.009148121564470202,,,,,,,,,,,,
549.0,31.0,-0.21194919109344484,0.0,nan,8.0,124.0,0.24196093156933784,0.22633727837582054,,,,,,,,,,,,
550.0,170.0,14.179246001271531,0.25,0.2,36.0,680.0,11.748048305511475,0.007188476151902101,1.0,0.0,0.75,0.0,0.75,1.3073898553848267,1.2170389890670776,12.579816505291092,11.0,1.0,200.0,30.519239878217927
551.0,200.0,13.325701440311967,0.5,nan,40.0,800.0,5.688223838806152,0.015569417483300985,,,,,,,,,,,,
552.0,192.0,24.768859466812575,1.0,nan,40.0,768.0,11.59688663482666,0.010589225920925927,,,,,,,,,,,,
553.0,78.0,0.3921265077590942,0.0,nan,16.0,312.0,0.33182208985090256,0.053396222323987885,,,,,,,,,,,,
554.0,200.0,23.313448767173398,0.5,nan,44.0,800.0,3.058229982852936,0.012684615767955876,,,,,,,,,,,,
555.0,103.0,5.612502672877162,0.25,nan,24.0,412.0,2.2609177827835083,0.034467999766194524,,,,,,,,,,,,
556.0,133.0,5.284429643191396,0.25,nan,28.0,532.0,2.462809681892395,0.03197610348509272,,,,,,,,,,,,
557.0,200.0,27.31344656854635,0.75,nan,40.0,800.0,11.589101791381836,0.005247525313475304,,,,,,,,,,,,
558.0,59.0,1.8357259339094165,0.25,nan,12.0,236.0,0.8211911171674728,0.01290059360009426,,,,,,,,,,,,
559.0,94.0,1.193848518133163,0.0,nan,20.0,376.0,1.9554815590381622,0.013658561204201725,,,,,,,,,,,,
560.0,155.0,40.20815398348497,1.0,0.2,32.0,620.0,9.61287522315979,0.014309660342331831,1.0,0.0,0.75,0.0,0.75,3.5527970790863037,0.08327823877334595,14.358205089889452,10.0,1.0,200.0,29.78413432363886
561.0,200.0,25.036716937902384,0.75,nan,44.0,800.0,21.857171058654785,0.005574730853473042,,,,,,,,,,,,
562.0,111.0,0.6025742077827446,0.0,nan,24.0,444.0,4.2631460428237915,0.02550735699241935,,,,,,,,,,,,
563.0,49.0,0.9904365649819372,0.25,nan,12.0,196.0,5.100567102432251,0.03666697257564493,,,,,,,,,,,,
564.0,157.0,14.27874137053266,1.0,nan,32.0,628.0,3.279135763645172,0.03413416401870606,,,,,,,,,,,,
565.0,200.0,43.40119758941002,0.75,nan,44.0,800.0,5.807101011276245,0.007504497791055886,,,,,,,,,,,,
566.0,158.0,32.7600266402401,1.0,nan,32.0,632.0,6.774792551994324,0.003874621659764488,,,,,,,,,,,,
567.0,125.0,13.530513021117073,1.0,nan,28.0,500.0,5.475533962249756,0.010684070451107086,,,,,,,,,,,,
568.0,200.0,20.490651360194896,0.75,nan,40.0,800.0,17.219491481781006,0.008309642346514434,,,,,,,,,,,,
569.0,63.0,-0.02663976877927779,0.0,nan,16.0,252.0,5.8768603801727295,0.0329522533935803,,,,,,,,,,,,
570.0,200.0,18.833444195333872,0.5,0.0,40.0,800.0,12.659722328186035,0.022936833144946434,1.0,0.0,0.0,0.25,0.0,4.3596906661987305,-0.04276794195175171,6.004624851746485,3.0,1.0,54.0,0.3880393362045288
571.0,28.0,0.006040627956390376,0.0,nan,8.0,112.0,0.6811551004648209,0.016222705309999825,,,,,,,,,,,,
572.0,81.0,0.844043437540531,0.0,nan,20.0,324.0,2.4574751257896423,0.01213374055935823,,,,,,,,,,,,
573.0,111.0,1.7844588888436552,0.25,nan,24.0,444.0,1.7403337955474854,0.013625762966970711,,,,,,,,,,,,
574.0,127.0,0.030583767890930258,0.0,nan,28.0,508.0,0.12350541912019253,0.05116742350294598,,,,,,,,,,,,
575.0,170.0,25.113028873689473,1.0,nan,36.0,680.0,17.470818042755127,0.003021757683290577,,,,,,,,,,,,
576.0,51.0,0.31545762062072763,0.0,nan,12.0,204.0,0.25862694159150124,0.036976264140111195,,,,,,,,,,,,
577.0,156.0,29.64789024088882,1.0,nan,36.0,624.0,6.656580686569214,0.009199422732059759,,,,,,,,,,,,
578.0,46.0,0.5654359245300291,0.0,nan,12.0,184.0,0.3137049674987793,0.01337298618800399,,,,,,,,,,,,
579.0,200.0,36.600168838119146,0.5,nan,44.0,800.0,5.77890145778656,0.05141614782264092,,,,,,,,,,,,
580.0,200.0,49.61461514027326,0.75,0.0,48.0,800.0,13.18379807472229,0.006120634413738113,1.0,0.0,0.0,0.25,0.0,4.26354455947876,-0.09204083681106567,5.742514650803059,3.0,1.0,53.0,0.3493700009584427
581.0,88.0,3.072964195981622,0.5,nan,20.0,352.0,3.279296040534973,0.029633621976820734,,,,,,,,,,,,
582.0,200.0,63.15621854922503,0.75,nan,48.0,800.0,7.677385687828064,0.00925934459410388,,,,,,,,,,,,
583.0,34.0,0.24930467367172232,0.0,nan,8.0,136.0,0.5935471504926682,0.15987034240773107,,,,,,,,,,,,
584.0,72.0,0.16091113120317455,0.0,nan,16.0,288.0,1.7832861542701721,0.007428309192032412,,,,,,,,,,,,
585.0,134.0,25.501932486277074,1.0,nan,32.0,536.0,4.38854193687439,0.007900962355796182,,,,,,,,,,,,
586.0,200.0,23.017616978846497,0.75,nan,40.0,800.0,4.411770582199097,0.01197940149979737,,,,,,,,,,,,
587.0,35.0,-0.13845124244689938,0.0,nan,8.0,140.0,0.32232724130153656,0.006547833733519732,,,,,,,,,,,,
588.0,200.0,31.816459939209754,0.5,nan,40.0,800.0,5.457590579986572,0.009361463310641138,,,,,,,,,,,,
589.0,200.0,26.174699528736532,0.75,nan,44.0,800.0,19.134946823120117,0.010176106328081858,,,,,,,,,,,,
590.0,132.0,25.22322566132178,1.0,0.4,28.0,528.0,9.11083984375,0.006335178985752976,1.0,0.0,0.0,0.25,0.0,2.566774368286133,-0.02334904670715332,6.134902924997732,3.0,1.0,52.0,0.439632807970047
591.0,31.0,0.06445791959762578,0.0,nan,8.0,124.0,0.7996256053447723,0.02904387591105396,,,,,,,,,,,,
592.0,200.0,41.823149489949,0.75,nan,44.0,800.0,7.333262205123901,0.010487939822507286,,,,,,,,,,,,
593.0,62.0,2.6980673027411104,0.25,nan,16.0,248.0,2.089562714099884,0.00579833035937912,,,,,,,,,,,,
594.0,167.0,22.14097531009,1.0,nan,36.0,668.0,6.602559328079224,0.010248867431547737,,,,,,,,,,,,
595.0,97.0,0.6277114647626876,0.0,nan,20.0,388.0,2.6287222504615784,0.037716792513222686,,,,,,,,,,,,
596.0,54.0,0.3859358681738377,0.0,nan,12.0,216.0,0.8981544375419617,0.05684288154949441,,,,,,,,,,,,
597.0,200.0,35.14960796744563,0.75,nan,48.0,800.0,16.295149326324463,0.005423132326964231,,,,,,,,,,,,
598.0,101.0,7.230083520906044,0.25,nan,24.0,404.0,3.745093822479248,0.04282151721918481,,,,,,,,,,,,
599.0,23.0,-0.38384104251861567,0.0,nan,8.0,92.0,1.9502114355564117,0.01725775103264111,,,,,,,,,,,,
600.0,200.0,44.96956445735706,1.0,0.0,40.0,800.0,45.4771842956543,0.025479003756530005,1.0,1.0,1.0,0.0,1.0,2.0693445205688477,0.42230987548828125,13.415634163347931,11.0,1.0,198.0,38.08224267011277
601.0,54.0,0.9225113550573587,0.25,nan,12.0,216.0,2.289776086807251,0.009956341161938028,,,,,,,,,,,,
602.0,200.0,17.663542540563505,0.75,nan,44.0,800.0,4.423778414726257,0.010624524241102051,,,,,,,,,,,,
603.0,173.0,30.48777527821249,1.0,nan,40.0,692.0,10.472681283950806,0.016149099666781908,,,,,,,,,,,,
604.0,200.0,30.954470082814815,0.75,nan,44.0,800.0,9.015813827514648,0.005198264049522727,,,,,,,,,,,,
605.0,102.0,7.925894105173647,0.25,nan,24.0,408.0,6.294356822967529,0.015223595255391853,,,,,,,,,,,,
606.0,104.0,0.6585812470316883,0.0,nan,24.0,416.0,2.3949790000915527,0.021100424898895298,,,,,,,,,,,,
607.0,51.0,0.1846419894695282,0.0,nan,12.0,204.0,1.5803804993629456,0.025267197885242176,,,,,,,,,,,,
608.0,173.0,19.991272726741155,1.0,nan,36.0,692.0,9.234422206878662,0.006114955173828207,,,,,,,,,,,,
609.0,85.0,0.8121210679411884,0.0,nan,20.0,340.0,2.258622467517853,0.024251623057173433,,,,,,,,,,,,
610.0,200.0,40.83767999107949,0.75,0.2,44.0,800.0,8.569586753845215,0.03287841821146631,1.0,1.0,1.0,0.0,1.0,1.5086694955825806,0.46758604049682617,12.849942006665515,10.0,1.0,186.0,30.197878487906422
611.0,200.0,6.410432683303953,0.5,nan,40.0,800.0,5.953533411026001,0.008936062912160203,,,,,,,,,,,,
612.0,160.0,32.97472599402536,1.0,nan,32.0,640.0,15.580315351486206,0.04447461581988588,,,,,,,,,,,,
613.0,71.0,0.26385604977607724,0.0,nan,16.0,284.0,0.42531049251556396,0.028829313810354584,,,,,,,,,,,,
614.0,200.0,12.619023759290576,0.75,nan,44.0,800.0,4.710550427436829,0.012192237617632884,,,,,,,,,,,,
615.0,200.0,5.574947395175694,0.5,nan,44.0,800.0,6.445631742477417,0.023300230952358447,,,,,,,,,,,,
616.0,25.0,-0.12042449712753293,0.0,nan,8.0,100.0,0.9525292962789536,0.011775220459458068,,,,,,,,,,,,
617.0,200.0,37.34550098839101,0.75,nan,40.0,800.0,6.895454406738281,0.008123952635042286,,,,,,,,,,,,
618.0,200.0,28.958674136037015,0.75,nan,40.0,800.0,10.894304752349854,0.0037535138839519533,,,,,,,,,,,,
619.0,200.0,25.211562641989445,0.75,nan,48.0,800.0,6.084737300872803,0.009349028452679459,,,,,,,,,,,,
620.0,200.0,39.64233992914672,1.0,0.39999999999999997,44.0,800.0,12.433565855026245,0.014006570464736967,1.0,1.0,1.0,0.0,1.0,1.363128662109375,0.7760229110717773,12.823389516579482,9.0,1.0,177.0,29.27523205654697
621.0,200.0,13.09872822877951,0.75,nan,40.0,800.0,9.054430484771729,0.01724675918115981,,,,,,,,,,,,
622.0,200.0,37.40906234332361,1.0,nan,40.0,800.0,54.49857711791992,0.006735522987861398,,,,,,,,,,,,
623.0,58.0,-0.21573469817638402,0.0,nan,12.0,232.0,4.753929018974304,0.03640903763736194,,,,,,,,,,,,
624.0,119.0,5.306466986089944,0.25,nan,24.0,476.0,5.030550956726074,0.005109039494972656,,,,,,,,,,,,
625.0,200.0,14.666296080593021,1.0,nan,40.0,800.0,6.440546035766602,0.010223357591656823,,,,,,,,,,,,
626.0,75.0,0.5484972603619096,0.0,nan,16.0,300.0,1.1781534850597382,0.027801560455365776,,,,,,,,,,,,
627.0,132.0,8.109286226257677,0.5,nan,28.0,528.0,7.863078713417053,0.019231226207772067,,,,,,,,,,,,
628.0,184.0,29.59657351224685,1.0,nan,40.0,736.0,8.694599390029907,0.017387139520561146,,,,,,,,,,,,
629.0,36.0,-0.006716976165771493,0.0,nan,8.0,144.0,0.4687929153442383,0.02863040874756785,,,,,,,,,,,,
630.0,194.0,49.93186122778806,1.0,0.6000000000000001,44.0,776.0,6.674301385879517,0.04804620487557543,1.0,1.0,1.0,0.0,1.0,1.0467808246612549,0.6366022825241089,13.275329912663437,9.0,1.0,176.0,19.786971038263285
631.0,23.0,-0.4295125293731689,0.0,nan,8.0,92.0,0.550523117184639,0.032885894720053606,,,,,,,,,,,,
632.0,42.0,-0.0220192861557007,0.0,nan,12.0,168.0,0.5711972713470459,0.0677743441076635,,,,,,,,,,,,
633.0,200.0,46.71706262752923,0.75,nan,56.0,800.0,4.563491344451904,0.006742171996007684,,,,,,,,,,,,
634.0,200.0,13.512774548493326,0.75,nan,40.0,800.0,4.577717065811157,0.01209108233135292,,,,,,,,,,,,
635.0,200.0,11.679153588949708,0.75,nan,40.0,800.0,4.294178485870361,0.00684957598203928,,,,,,,,,,,,
636.0,200.0,36.088800055012705,0.75,nan,44.0,800.0,6.41614830493927,0.003034117097122646,,,,,,,,,,,,
637.0,63.0,0.07881537795066823,0.0,nan,16.0,252.0,1.8558869361877441,0.009851602294341929,,,,,,,,,,,,
638.0,78.0,1.5068226088117807,0.5,nan,16.0,312.0,2.202669620513916,0.010981589495008492,,,,,,,,,,,,
639.0,200.0,40.14753045029939,0.75,nan,48.0,800.0,12.96636962890625,0.006008818482502676,,,,,,,,,,,,
640.0,200.0,26.65563364103436,1.0,1.0,40.0,800.0,27.385961055755615,0.01901080288313728,1.0,1.0,1.0,0.0,1.0,3.0054707527160645,0.39542853832244873,12.855855802674341,9.0,1.0,176.0,37.2895084896742
641.0,99.0,3.2890395565330985,0.25,nan,20.0,396.0,3.9285192489624023,0.017968813145688323,,,,,,,,,,,,
642.0,129.0,2.3532895565405494,0.25,nan,28.0,516.0,2.476845860481262,0.022900499511962602,,,,,,,,,,,,
643.0,30.0,-0.1782551884651184,0.0,nan,8.0,120.0,0.5386413037776947,0.02257777788322244,,,,,,,,,,,,
644.0,104.0,10.008094399925321,0.25,nan,24.0,416.0,7.324112892150879,0.006723977355565625,,,,,,,,,,,,
645.0,200.0,13.621366561297327,0.25,nan,40.0,800.0,2.385188400745392,0.01805353214535188,,,,,,,,,,,,
646.0,200.0,19.774323509109674,0.5,nan,40.0,800.0,4.70008909702301,0.0333634235521765,,,,,,,,,,,,
647.0,200.0,38.243960741802596,0.75,nan,44.0,800.0,13.773327350616455,0.001582990083438214,,,,,,,,,,,,
648.0,200.0,63.12906504487623,0.75,nan,44.0,800.0,14.79428482055664,0.002372405771105514,,,,,,,,,,,,
649.0,44.0,0.0440106844902039,0.0,nan,12.0,176.0,0.9129709601402283,0.009798166538655739,,,,,,,,,,,,
650.0,47.0,0.14562416553497315,0.0,0.8,12.0,188.0,0.2368282489478588,0.008221058844578402,1.0,1.0,1.0,0.0,1.0,2.2807488441467285,0.3070485591888428,13.096248086105334,8.0,1.0,155.0,14.984031557710841
651.0,200.0,32.608375622960736,1.0,nan,44.0,800.0,8.49209213256836,0.02112691575766773,,,,,,,,,,,,
652.0,191.0,22.847703813060654,1.0,nan,40.0,764.0,34.37277698516846,0.00437007077683782,,,,,,,,,,,,
653.0,200.0,13.220036066602916,0.75,nan,40.0,800.0,4.289550304412842,0.0028214144496783167,,,,,,,,,,,,
654.0,152.0,43.07923283264361,1.0,nan,32.0,608.0,5.553363919258118,0.005867439155436582,,,,,,,,,,,,
655.0,200.0,11.065029719658195,0.5,nan,44.0,800.0,4.982452154159546,0.020958079594985968,,,,,,,,,,,,
656.0,50.0,3.4924372840672735,0.25,nan,12.0,200.0,0.4530308470129967,0.018511585439318877,,,,,,,,,,,,
657.0,173.0,39.530026577650574,1.0,nan,40.0,692.0,5.406517744064331,0.0038244836294829554,,,,,,,,,,,,
658.0,25.0,-0.38289484381675715,0.0,nan,8.0,100.0,1.2274148166179657,0.028578067409230242,,,,,,,,,,,,
659.0,58.0,0.24189695350825785,0.0,nan,12.0,232.0,2.6266809701919556,0.01254226529750444,,,,,,,,,,,,
660.0,200.0,14.898499640217047,0.75,0.6,40.0,800.0,2.9545320868492126,0.011211325877333422,1.0,1.0,1.0,0.0,1.0,2.2394392490386963,0.23854851722717285,14.052542921568602,10.0,1.0,200.0,31.552840965078218
661.0,58.0,0.11502343088388432,0.25,nan,12.0,232.0,3.6681475043296814,0.013520604635758594,,,,,,,,,,,,
662.0,200.0,48.78420844923822,0.75,nan,40.0,800.0,21.271204948425293,0.0010590766033797133,,,,,,,,,,,,
663.0,79.0,0.6368543064594266,0.0,nan,16.0,316.0,0.44485288858413696,0.01224275059747204,,,,,,,,,,,,
664.0,160.0,9.304229602869599,1.0,nan,32.0,640.0,7.375165581703186,0.014770933725311686,,,,,,,,,,,,
665.0,119.0,15.37034607766196,1.0,nan,28.0,476.0,3.8540079593658447,0.01579266437142901,,,,,,,,,,,,
666.0,176.0,33.08941940704593,1.0,nan,40.0,704.0,10.892797946929932,0.01047850441775125,,,,,,,,,,,,
667.0,132.0,0.7495013325661426,0.25,nan,28.0,528.0,2.113327920436859,0.013733787305147516,,,,,,,,,,,,
668.0,164.0,18.946587529070676,1.0,nan,36.0,656.0,6.622800230979919,0.011840368104572008,,,,,,,,,,,,
669.0,48.0,0.4308907580375673,0.0,nan,12.0,192.0,1.5419498980045319,0.010839864935162868,,,,,,,,,,,,
670.0,200.0,13.597768665570761,0.75,0.20000000000000007,40.0,800.0,11.422539472579956,0.011780148559513759,1.0,0.0,0.0,0.25,0.0,3.4161999225616455,-0.1546107530593872,7.229993803193793,3.0,1.0,52.0,0.6478402684628964
671.0,180.0,20.3642658246099,1.0,nan,36.0,720.0,3.7200608253479004,0.030942153980406673,,,,,,,,,,,,
672.0,200.0,51.52028274926127,1.0,nan,44.0,800.0,10.771506071090698,0.011405825222766675,,,,,,,,,,,,
673.0,71.0,1.3200339384004474,0.25,nan,16.0,284.0,1.8756403625011444,0.012964527290622918,,,,,,,,,,,,
674.0,170.0,38.967051164302404,1.0,nan,40.0,680.0,9.39533805847168,0.017358839055916064,,,,,,,,,,,,
675.0,47.0,-0.0023128879070280772,0.0,nan,12.0,188.0,1.0696345567703247,0.03629180873173134,,,,,,,,,,,,
676.0,91.0,1.9951261202432218,0.25,nan,20.0,364.0,2.2224555611610413,0.009757626524133256,,,,,,,,,,,,
677.0,126.0,6.216842708699405,0.25,nan,28.0,504.0,9.027994155883789,0.005648024997937817,,,,,,,,,,,,
678.0,55.0,0.5906896829605102,0.0,nan,12.0,220.0,0.12830210104584694,0.04177246601236985,,,,,,,,,,,,
679.0,73.0,1.068893800377846,0.0,nan,16.0,292.0,1.939047932624817,0.030174344603224768,,,,,,,,,,,,
680.0,76.0,-0.22453346610069264,0.0,0.20000000000000007,16.0,304.0,3.459045648574829,0.015988327069818453,1.0,0.0,0.0,0.25,0.0,3.1431798934936523,-0.002335071563720703,7.398643460124731,3.0,1.0,52.0,0.6383795428276062
681.0,109.0,0.3313814660906791,0.0,nan,24.0,436.0,4.213852643966675,0.016569940686041118,,,,,,,,,,,,
682.0,78.0,7.448318542102352,0.25,nan,16.0,312.0,2.683176279067993,0.02291510369776617,,,,,,,,,,,,
683.0,199.0,39.21113229455894,1.0,nan,48.0,796.0,14.843968152999878,0.007969206178280785,,,,,,,,,,,,
684.0,200.0,41.14062178658788,0.75,nan,40.0,800.0,15.263393640518188,0.003825200661206951,,,,,,,,,,,,
685.0,193.0,30.07659742795688,1.0,nan,40.0,772.0,7.795660018920898,0.010182010259829788,,,,,,,,,,,,
686.0,200.0,53.443307242327144,0.75,nan,48.0,800.0,6.205867528915405,0.006043498355858379,,,,,,,,,,,,
687.0,102.0,0.36960847556591025,0.0,nan,24.0,408.0,1.4972029626369476,0.018759548235607326,,,,,,,,,,,,
688.0,200.0,50.301859043387246,0.75,nan,44.0,800.0,5.5184584856033325,0.004049714411124228,,,,,,,,,,,,
689.0,200.0,26.365206732926897,1.0,nan,40.0,800.0,10.381959676742554,0.01003880436136484,,,,,,,,,,,,
690.0,155.0,17.312207225430758,1.0,0.4,36.0,620.0,3.9944363236427307,0.014743309155399231,1.0,1.0,1.0,0.0,1.0,1.3019133806228638,0.23335695266723633,14.114241929768468,11.0,1.0,200.0,54.055282302387084
691.0,94.0,0.5409758022427558,0.0,nan,20.0,376.0,0.49168549478054047,0.028706065312547935,,,,,,,,,,,,
692.0,42.0,0.24696277856826795,0.0,nan,12.0,168.0,1.9241498708724976,0.02391254274268054,,,,,,,,,,,,
693.0,36.0,0.16013204097747813,0.0,nan,8.0,144.0,0.16264071688055992,0.012782102284695106,,,,,,,,,,,,
694.0,200.0,51.92271957056365,0.75,nan,44.0,800.0,24.991112232208252,0.011340986639880812,,,,,,,,,,,,
695.0,157.0,31.550433156104997,1.0,nan,32.0,628.0,14.389160633087158,0.01158256930156265,,,,,,,,,,,,
696.0,200.0,47.75402443144123,0.5,nan,44.0,800.0,8.914211988449097,0.007013911986979954,,,,,,,,,,,,
697.0,29.0,-0.06656454443931578,0.0,nan,8.0,116.0,2.0226039588451385,0.06803808185521057,,,,,,,,,,,,
698.0,44.0,0.2429928994178772,0.0,nan,12.0,176.0,1.0118975788354874,0.003350479328336643,,,,,,,,,,,,
699.0,200.0,29.50206112887245,1.0,nan,40.0,800.0,7.624231457710266,0.012873551711720665,,,,,,,,,,,,
700.0,38.0,-0.107154803276062,0.0,0.6,8.0,152.0,0.6065616011619568,0.12143260936721845,1.0,0.0,0.0,0.25,0.0,3.681670904159546,-0.07109707593917847,6.7052695685997605,4.0,1.0,65.0,0.37189873903989806
701.0,59.0,0.1800384318828583,0.0,nan,12.0,236.0,0.30811867117881775,0.10371595333793418,,,,,,,,,,,,
702.0,200.0,31.074009712832062,0.5,nan,40.0,800.0,19.99689531326294,0.0014508011758250783,,,,,,,,,,,,
703.0,53.0,-0.0437562237679958,0.0,nan,12.0,212.0,1.9096288084983826,0.02144709187136182,,,,,,,,,,,,
704.0,200.0,66.45890785004016,0.75,nan,56.0,800.0,13.468820810317993,0.003947476198039368,,,,,,,,,,,,
705.0,40.0,-0.07881698608398441,0.0,nan,8.0,160.0,0.4112252742052078,0.011231912178553216,,,,,,,,,,,,
706.0,128.0,15.406423203116283,1.0,nan,28.0,512.0,21.219146728515625,0.023764886270848495,,,,,,,,,,,,
707.0,200.0,26.175709539471434,0.75,nan,44.0,800.0,3.2963404059410095,0.01779895519631669,,,,,,,,,,,,
708.0,200.0,57.95041230214996,0.75,nan,44.0,800.0,14.297227144241333,0.001073860678290517,,,,,,,,,,,,
709.0,111.0,7.69265967012383,0.25,nan,24.0,444.0,1.936342567205429,0.012887331113797806,,,,,,,,,,,,
710.0,194.0,36.73721377972049,1.0,0.6,40.0,776.0,26.099624156951904,0.007043685618659978,1.0,1.0,1.0,0.0,1.0,1.6997623443603516,0.05423414707183838,12.818875311593729,12.0,1.0,190.0,40.40218850316015
711.0,166.0,36.93936321491843,1.0,nan,36.0,664.0,15.628654479980469,0.024085927387678785,,,,,,,,,,,,
712.0,200.0,40.683873207075536,0.75,nan,44.0,800.0,5.071714878082275,0.0017319145834844285,,,,,,,,,,,,
713.0,35.0,0.06648550033569339,0.0,nan,8.0,140.0,0.5049714520573616,0.07361096472087801,,,,,,,,,,,,
714.0,35.0,0.7627274452708661,0.25,nan,8.0,140.0,2.3170217275619507,0.0551879576362426,,,,,,,,,,,,
715.0,111.0,14.880210823900997,1.0,nan,24.0,444.0,6.042442202568054,0.03450430534148374,,,,,,,,,,,,
716.0,26.0,-0.3746968603134155,0.0,nan,8.0,104.0,0.8325696438550949,0.0151611796747707,,,,,,,,,,,,
717.0,200.0,55.25904378057461,0.75,nan,48.0,800.0,9.001160621643066,0.0022063040512959042,,,,,,,,,,,,
718.0,181.0,36.75057487912477,1.0,nan,44.0,724.0,3.1188798546791077,0.010250903534126277,,,,,,,,,,,,
719.0,42.0,-0.21664369039237497,0.0,nan,12.0,168.0,2.5824477672576904,0.005356358212484311,,,,,,,,,,,,
720.0,85.0,0.44190249443054186,0.0,0.4,20.0,340.0,0.6395465433597565,0.005498258495000741,1.0,0.0,0.75,0.0,0.75,1.5003350973129272,0.33478546142578125,13.137169872436061,14.0,1.0,200.0,36.31002619797364
721.0,93.0,0.4826049160957335,0.0,nan,20.0,372.0,1.2607074975967407,0.003524575489894488,,,,,,,,,,,,
722.0,142.0,29.052864319314253,1.0,nan,32.0,568.0,11.763604640960693,0.006516751309598501,,,,,,,,,,,,
723.0,200.0,31.39028217846063,0.75,nan,40.0,800.0,11.798719882965088,0.002496463857406539,,,,,,,,,,,,
724.0,38.0,0.5218351316452026,0.0,nan,8.0,152.0,0.20068970695137978,0.03572695851143611,,,,,,,,,,,,
725.0,200.0,38.451208677893746,0.75,nan,44.0,800.0,6.4167269468307495,0.008290257128246159,,,,,,,,,,,,
726.0,30.0,-0.11837642043828965,0.0,nan,8.0,120.0,1.8201278746128082,0.014722112825165824,,,,,,,,,,,,
727.0,52.0,0.3012657392024994,0.0,nan,12.0,208.0,1.1453839540481567,0.023949589514015858,,,,,,,,,,,,
728.0,166.0,27.822592693064358,1.0,nan,36.0,664.0,14.320923328399658,0.046256889510260635,,,,,,,,,,,,
729.0,89.0,4.578086100928486,0.25,nan,20.0,356.0,4.406077265739441,0.05083430751324158,,,,,,,,,,,,
730.0,200.0,20.415535604453186,0.75,0.0,40.0,800.0,17.564839363098145,0.042962575502744405,1.0,1.0,1.0,0.0,1.0,1.8596278429031372,0.30904853343963623,13.458061317025567,10.0,1.0,187.0,28.689236520528787
731.0,92.0,0.7063929307460793,0.0,nan,20.0,368.0,0.7903487086296082,0.02191013140740594,,,,,,,,,,,,
732.0,51.0,0.5593582653999329,0.0,nan,12.0,204.0,0.25276000797748566,0.02168957515750306,,,,,,,,,,,,
733.0,73.0,0.033664746284484764,0.0,nan,16.0,292.0,0.2503727115690708,0.012561444355503326,,,,,,,,,,,,
734.0,172.0,13.961660246523095,1.0,nan,36.0,688.0,5.82408881187439,0.022059832975195093,,,,,,,,,,,,
735.0,179.0,30.9656985387113,1.0,nan,40.0,716.0,6.103648900985718,0.005371046730482165,,,,,,,,,,,,
736.0,200.0,37.37856481942584,0.75,nan,40.0,800.0,8.847431898117065,0.012005778963861014,,,,,,,,,,,,
737.0,47.0,0.3328558492660522,0.0,nan,12.0,188.0,0.21242399886250496,0.013085125592456727,,,,,,,,,,,,
738.0,69.0,0.6184682578220964,0.0,nan,16.0,276.0,3.3535953164100647,0.010174949780452636,,,,,,,,,,,,
739.0,200.0,22.297998256259596,0.75,nan,44.0,800.0,7.93941056728363,0.007855374881768018,,,,,,,,,,,,
740.0,103.0,0.8755781602859491,0.0,0.0,24.0,412.0,0.9536098837852478,0.010728885387771836,1.0,1.0,1.0,0.0,1.0,2.5148215293884277,0.4170420169830322,13.985077828754584,10.0,1.0,193.0,38.62567435179838
741.0,33.0,0.09015333175659174,0.0,nan,8.0,132.0,0.46547071635723114,0.011064561686218825,,,,,,,,,,,,
742.0,183.0,40.43139019755647,1.0,nan,40.0,732.0,11.192914962768555,0.006334435369269142,,,,,,,,,,,,
743.0,200.0,23.528589569177704,0.75,nan,40.0,800.0,11.489623785018921,0.001870892300952054,,,,,,,,,,,,
744.0,52.0,0.6645480322837829,0.0,nan,12.0,208.0,0.3608461543917656,0.05539330511288094,,,,,,,,,,,,
745.0,200.0,69.30091164573099,0.75,nan,56.0,800.0,9.982081890106201,0.015815773982794212,,,,,,,,,,,,
746.0,200.0,20.477354008238766,0.75,nan,48.0,800.0,4.932390332221985,0.011993331699112986,,,,,,,,,,,,
747.0,200.0,46.82285649382976,0.75,nan,44.0,800.0,17.701658725738525,0.013694349546576001,,,,,,,,,,,,
748.0,33.0,-0.13512982010841373,0.0,nan,8.0,132.0,0.6740496009588242,0.011763511280564258,,,,,,,,,,,,
749.0,193.0,9.74962345769629,1.0,nan,40.0,772.0,4.980156421661377,0.024474939326818657,,,,,,,,,,,,
750.0,77.0,0.36703212440013866,0.0,0.19999999999999996,16.0,308.0,0.9982225447893143,0.013180236461550088,1.0,0.0,0.75,0.0,0.75,2.3682260513305664,0.6415197849273682,13.98008378594568,10.0,1.0,200.0,47.04051829968232
751.0,61.0,0.046639164686202994,0.0,nan,16.0,244.0,1.572582334280014,0.0050605323636758485,,,,,,,,,,,,
752.0,21.0,-0.07719312667846677,0.0,nan,8.0,84.0,0.8196029961109161,0.1633178183074342,,,,,,,,,,,,
753.0,27.0,-0.33331213712692265,0.0,nan,8.0,108.0,0.5915647447109222,0.05410759278230318,,,,,,,,,,,,
754.0,200.0,37.48164832009935,0.75,nan,44.0,800.0,8.532274961471558,0.02258720977658868,,,,,,,,,,,,
755.0,39.0,-0.05033313274383541,0.0,nan,8.0,156.0,0.6915807127952576,0.009833805600246355,,,,,,,,,,,,
756.0,197.0,17.291442151106892,1.0,nan,40.0,788.0,13.378157615661621,0.011238774073586241,,,,,,,,,,,,
757.0,48.0,0.20063952326774598,0.0,nan,12.0,192.0,2.088837683200836,0.012680553129890804,,,,,,,,,,,,
758.0,191.0,34.58923950996017,1.0,nan,40.0,764.0,5.7346519231796265,0.0015240406319715905,,,,,,,,,,,,
759.0,146.0,0.6426517510414118,0.0,nan,32.0,584.0,2.5779138803482056,0.015601753817660824,,,,,,,,,,,,
760.0,200.0,22.91169284502976,0.75,0.0,40.0,800.0,48.97144317626953,0.006248589881895583,1.0,0.0,0.75,0.0,0.75,1.9421714544296265,1.5565129518508911,13.830290597534258,10.0,1.0,200.0,28.557642796350414
761.0,106.0,0.2786746168136597,0.0,nan,24.0,424.0,0.09840903803706169,0.003748303993062141,,,,,,,,,,,,
762.0,200.0,29.64774301701691,0.75,nan,40.0,800.0,9.737351179122925,0.0034111403555465714,,,,,,,,,,,,
763.0,200.0,42.63805021690206,0.75,nan,48.0,800.0,3.8910282254219055,0.006677142776868983,,,,,,,,,,,,
764.0,71.0,0.5212853693962096,0.0,nan,16.0,284.0,0.757750004529953,0.012587314422322748,,,,,,,,,,,,
765.0,62.0,0.0288709166646004,0.0,nan,16.0,248.0,4.978667259216309,0.115614532651571,,,,,,,,,,,,
766.0,32.0,-0.177062292098999,0.0,nan,8.0,128.0,0.04586999071761966,0.11411871366467352,,,,,,,,,,,,
767.0,49.0,0.2838048523664476,0.0,nan,12.0,196.0,0.7166760414838791,0.012364166181826904,,,,,,,,,,,,
768.0,200.0,16.720940275804615,0.25,nan,40.0,800.0,3.769068479537964,0.029146830663973056,,,,,,,,,,,,
769.0,163.0,28.58185897532268,1.0,nan,36.0,652.0,6.623268961906433,0.014308323903907905,,,,,,,,,,,,
770.0,46.0,0.19500304698944096,0.0,0.19999999999999996,12.0,184.0,0.5688462257385254,0.0061970063078897065,1.0,1.0,1.0,0.0,1.0,1.9658032655715942,0.14686322212219238,15.321404215792427,10.0,1.0,196.0,24.33666182403453
771.0,36.0,0.36717669010162357,0.0,nan,8.0,144.0,0.08778946846723557,0.016393362020045918,,,,,,,,,,,,
772.0,167.0,18.290071098606568,1.0,nan,36.0,668.0,23.55850124359131,0.013304987140475788,,,,,,,,,,,,
773.0,196.0,44.54534037884792,1.0,nan,44.0,784.0,12.409875869750977,0.0045831658093895555,,,,,,,,,,,,
774.0,89.0,0.3678281894326211,0.0,nan,20.0,356.0,0.8960010707378387,0.039624982954208576,,,,,,,,,,,,
775.0,200.0,24.98198239258491,0.75,nan,44.0,800.0,14.615853548049927,0.005908081747747929,,,,,,,,,,,,
776.0,200.0,57.7882002564613,0.75,nan,44.0,800.0,21.019766330718994,0.004753864577416778,,,,,,,,,,,,
777.0,156.0,19.932433105316015,1.0,nan,32.0,624.0,13.547634363174438,0.007594279067205889,,,,,,,,,,,,
778.0,200.0,36.25971833438963,0.75,nan,40.0,800.0,4.584237217903137,0.007468861834987184,,,,,,,,,,,,
779.0,200.0,32.90840043711943,0.5,nan,40.0,800.0,31.18652629852295,0.004233249252779903,,,,,,,,,,,,
780.0,134.0,20.62458249093266,1.0,0.0,28.0,536.0,17.682361602783203,0.006266388120963029,1.0,1.0,1.0,0.0,1.0,2.7859995365142822,0.04836618900299072,13.681148182735342,10.0,1.0,183.0,34.9674935845763
781.0,55.0,0.21161672323942182,0.0,nan,12.0,220.0,1.7058375477790833,0.011985501259645885,,,,,,,,,,,,
782.0,53.0,1.2053827573359013,0.25,nan,12.0,212.0,0.8395848572254181,0.02995111471970614,,,,,,,,,,,,
783.0,200.0,31.92069561887766,0.75,nan,48.0,800.0,6.989381194114685,0.003514245405732537,,,,,,,,,,,,
784.0,44.0,-0.2753502035140991,0.0,nan,12.0,176.0,4.287853121757507,0.02472791376114649,,,,,,,,,,,,
785.0,38.0,0.11621759951114657,0.0,nan,8.0,152.0,0.5819638520479202,0.042302053565773996,,,,,,,,,,,,
786.0,71.0,0.6780095824599265,0.0,nan,16.0,284.0,2.549823760986328,0.014658872933324574,,,,,,,,,,,,
787.0,189.0,35.101665439447395,1.0,nan,40.0,756.0,5.825571894645691,0.00605885165203901,,,,,,,,,,,,
788.0,189.0,16.84873596382327,1.0,nan,40.0,756.0,14.151041984558105,0.017093699719644917,,,,,,,,,,,,
789.0,188.0,23.967625810746107,1.0,nan,40.0,752.0,3.817048728466034,0.004728344246808902,,,,,,,,,,,,
790.0,86.0,0.03604045934975128,0.0,0.19999999999999996,20.0,344.0,4.892426490783691,0.020452795990454575,1.0,0.0,0.75,0.0,0.75,1.4315869808197021,0.39939677715301514,13.559614045036142,11.0,1.0,200.0,52.05264726667665
791.0,176.0,37.829815571525835,0.75,nan,36.0,704.0,17.84543800354004,0.0022926135904703937,,,,,,,,,,,,
792.0,194.0,23.780933663449247,1.0,nan,40.0,776.0,5.699194073677063,0.03192783574186153,,,,,,,,,,,,
793.0,67.0,0.6453732419013976,0.0,nan,16.0,268.0,1.2444049417972565,0.042966122017142894,,,,,,,,,,,,
794.0,200.0,50.888291048200344,0.75,nan,48.0,800.0,6.309012174606323,0.029915121591658433,,,,,,,,,,,,
795.0,64.0,0.4396814929693936,0.0,nan,16.0,256.0,2.507600963115692,0.02428793529357165,,,,,,,,,,,,
796.0,164.0,42.86862029297279,1.0,nan,36.0,656.0,7.405250310897827,0.00448865842936641,,,,,,,,,,,,
797.0,168.0,3.4641911576315754,0.25,nan,36.0,672.0,2.6595517992973328,0.015179446714046918,,,,,,,,,,,,
798.0,200.0,40.23369737854229,0.75,nan,44.0,800.0,7.211068153381348,0.004219537565109732,,,,,,,,,,,,
799.0,200.0,13.453404948674143,0.5,nan,40.0,800.0,2.6240063905715942,0.0075089933676260046,,,,,,,,,,,,
800.0,200.0,53.636333705688614,0.75,0.0,52.0,800.0,6.082975625991821,0.006918782383485755,1.0,1.0,1.0,0.0,1.0,1.7654180526733398,0.643468976020813,13.986827929616993,10.0,1.0,195.0,31.34551002798834
801.0,200.0,20.249509102897726,0.5,nan,44.0,800.0,10.763383865356445,0.002273345128362164,,,,,,,,,,,,
802.0,200.0,27.312084319430884,1.0,nan,40.0,800.0,3.887198030948639,0.01935140377688116,,,,,,,,,,,,
803.0,60.0,0.7916569024324417,0.0,nan,12.0,240.0,0.30387718230485916,0.035748579208883295,,,,,,,,,,,,
804.0,186.0,41.27465491307434,1.0,nan,40.0,744.0,37.29824733734131,0.0031019429057579373,,,,,,,,,,,,
805.0,200.0,14.224566457327459,0.5,nan,40.0,800.0,16.077950477600098,0.011107778813528313,,,,,,,,,,,,
806.0,90.0,4.939115410111845,0.25,nan,20.0,360.0,1.2889943420886993,0.011645801731315686,,,,,,,,,,,,
807.0,200.0,63.59883689137643,0.75,nan,52.0,800.0,6.357434988021851,0.0060018065057434455,,,,,,,,,,,,
808.0,36.0,-0.12741244792938233,0.0,nan,8.0,144.0,0.2533949464559555,0.020540779188776368,,,,,,,,,,,,
809.0,174.0,42.48046269140555,1.0,nan,36.0,696.0,8.490618467330933,0.006221082897515995,,,,,,,,,,,,
810.0,49.0,2.0291207770258186,0.25,0.19999999999999996,12.0,196.0,1.5687140226364136,0.008266930744187185,1.0,0.0,0.5,0.0,0.5,1.3847761154174805,0.5951159000396729,13.836701044925576,10.0,1.0,200.0,28.291977410484115
811.0,200.0,27.99614844112657,0.75,nan,40.0,800.0,48.906983375549316,0.008139673969632222,,,,,,,,,,,,
812.0,63.0,0.507655994296074,0.0,nan,16.0,252.0,1.2658966481685638,0.005214681831957373,,,,,,,,,,,,
813.0,154.0,28.14450339854462,1.0,nan,32.0,616.0,20.033303260803223,0.005530920406004447,,,,,,,,,,,,
814.0,200.0,49.62479863066694,0.75,nan,40.0,800.0,12.02564549446106,0.008503066043443863,,,,,,,,,,,,
815.0,74.0,-0.1170835205912589,0.0,nan,16.0,296.0,1.8563846945762634,0.011918599305381417,,,,,,,,,,,,
816.0,200.0,69.37038523036463,1.0,nan,52.0,800.0,10.075904369354248,0.01764955164929649,,,,,,,,,,,,
817.0,176.0,39.50831700920594,1.0,nan,36.0,704.0,9.104541063308716,0.0069995554054471665,,,,,,,,,,,,
818.0,200.0,17.556268190842818,0.75,nan,44.0,800.0,11.627013206481934,0.020470259245101374,,,,,,,,,,,,
819.0,55.0,0.3662339448928833,0.0,nan,12.0,220.0,0.3522239699959755,0.01778008565566283,,,,,,,,,,,,
820.0,158.0,20.201430308590655,0.5,0.0,32.0,632.0,12.407271385192871,0.04529468533245051,1.0,1.0,1.0,0.0,1.0,1.3784011602401733,0.06329119205474854,14.048762565846118,10.0,1.0,185.0,12.943958870484494
821.0,67.0,0.03616531074047086,0.0,nan,16.0,268.0,1.574439823627472,0.016216093621968852,,,,,,,,,,,,
822.0,84.0,-0.03260914325714144,0.0,nan,20.0,336.0,1.850653976202011,0.015407842488921073,,,,,,,,,,,,
823.0,62.0,-0.11078720211982718,0.0,nan,16.0,248.0,3.540991485118866,0.017379572198221224,,,,,,,,,,,,
824.0,117.0,0.1889318335056303,0.0,nan,24.0,468.0,2.985529363155365,0.015224896439676172,,,,,,,,,,,,
825.0,142.0,25.9605487591424,1.0,nan,32.0,568.0,6.725741624832153,0.00916107578582448,,,,,,,,,,,,
826.0,65.0,0.4010478720068933,0.0,nan,16.0,260.0,1.921759307384491,0.029240475219950213,,,,,,,,,,,,
827.0,200.0,26.49249490837102,0.5,nan,44.0,800.0,5.014484524726868,0.008815698549845763,,,,,,,,,,,,
828.0,66.0,-0.19323146104812636,0.0,nan,16.0,264.0,1.0251775681972504,0.02310817285610156,,,,,,,,,,,,
829.0,200.0,28.84451983061154,0.75,nan,40.0,800.0,8.010340929031372,0.023867777609652308,,,,,,,,,,,,
830.0,200.0,25.371548526012347,0.5,0.0,40.0,800.0,5.475207686424255,0.01588061644125116,1.0,1.0,1.0,0.0,1.0,1.3119478225708008,0.8899129629135132,14.235114354080451,11.0,1.0,200.0,15.555893137026578
831.0,200.0,48.38693628821056,0.75,nan,40.0,800.0,8.902465105056763,0.005837755654833687,,,,,,,,,,,,
832.0,172.0,21.308568315505983,1.0,nan,36.0,688.0,3.893275201320648,0.007012289327526844,,,,,,,,,,,,
833.0,121.0,10.326277574254199,0.25,nan,28.0,484.0,4.755525350570679,0.010108339039934577,,,,,,,,,,,,
834.0,200.0,34.182088172921816,0.5,nan,40.0,800.0,17.342409133911133,0.022124210909612252,,,,,,,,,,,,
835.0,200.0,1.6167257645167405,0.25,nan,40.0,800.0,3.6020657420158386,0.07273489162081148,,,,,,,,,,,,
836.0,193.0,33.012997797532016,1.0,nan,44.0,772.0,5.25589907169342,0.009144824367258941,,,,,,,,,,,,
837.0,200.0,17.479204790247604,0.5,nan,40.0,800.0,10.949212312698364,0.08127357550367753,,,,,,,,,,,,
838.0,40.0,-0.16761235594749455,0.0,nan,8.0,160.0,1.4541930258274078,0.015395754980852416,,,,,,,,,,,,
839.0,45.0,0.19040159136056906,0.0,nan,12.0,180.0,4.675371527671814,0.01751906168788461,,,,,,,,,,,,
840.0,167.0,29.89271594110876,1.0,0.19999999999999996,36.0,668.0,7.576253652572632,0.010930998072873344,1.0,0.0,0.75,0.0,0.75,1.0213958024978638,0.3792358636856079,13.489285156090318,11.0,1.0,200.0,19.539039439009496
841.0,200.0,0.5875526465475555,0.0,nan,40.0,800.0,1.9893021881580353,0.021287327378728627,,,,,,,,,,,,
842.0,186.0,39.08934394271259,1.0,nan,40.0,744.0,8.456887245178223,0.02709706575936366,,,,,,,,,,,,
843.0,28.0,-0.12176087379455566,0.0,nan,8.0,112.0,0.48074911534786224,0.01928744317862246,,,,,,,,,,,,
844.0,200.0,15.383703110000358,0.5,nan,40.0,800.0,8.734606266021729,0.01898035922855712,,,,,,,,,,,,
845.0,200.0,30.05594866777539,0.5,nan,44.0,800.0,11.809760808944702,0.018646860170470347,,,,,,,,,,,,
846.0,200.0,17.450613074377184,0.5,nan,44.0,800.0,11.343964338302612,0.03569395363773911,,,,,,,,,,,,
847.0,196.0,39.35430455609226,1.0,nan,48.0,784.0,4.9056313037872314,0.005967073201766593,,,,,,,,,,,,
848.0,160.0,6.565796020999551,0.5,nan,32.0,640.0,7.816097855567932,0.08396968964527762,,,,,,,,,,,,
849.0,166.0,5.842877421397713,0.25,nan,36.0,664.0,1.7718000710010529,0.016129150046477747,,,,,,,,,,,,
850.0,184.0,6.776756064910443,0.25,0.19999999999999996,40.0,736.0,5.381662368774414,0.009280865653217063,1.0,0.0,0.75,0.0,0.75,1.2084436416625977,0.5108611583709717,14.148398338860716,11.0,1.0,200.0,7.767677337140776
851.0,89.0,0.13764231786131845,0.0,nan,20.0,356.0,3.8390164375305176,0.016567740568705025,,,,,,,,,,,,
852.0,40.0,0.26130163669586187,0.0,nan,8.0,160.0,0.3373688831925392,0.014994871288160993,,,,,,,,,,,,
853.0,162.0,32.57051701496357,0.5,nan,36.0,648.0,7.4059752225875854,0.0028559912998964987,,,,,,,,,,,,
854.0,162.0,20.375977052371024,0.25,nan,36.0,648.0,4.431974172592163,0.02219178783200526,,,,,,,,,,,,
855.0,200.0,29.84938123457469,0.75,nan,40.0,800.0,15.695693731307983,0.006783028442093775,,,,,,,,,,,,
856.0,169.0,49.80043074346848,1.0,nan,40.0,676.0,10.011598825454712,0.0028798295143277787,,,,,,,,,,,,
857.0,200.0,6.400336557999253,0.5,nan,40.0,800.0,5.223147392272949,0.018349972702987216,,,,,,,,,,,,
858.0,138.0,5.3203201817627965,0.25,nan,28.0,552.0,2.759084939956665,0.02236562877002335,,,,,,,,,,,,
859.0,40.0,-0.3167707622051239,0.0,nan,8.0,160.0,0.6904682070016861,0.012187565443124982,,,,,,,,,,,,
860.0,200.0,32.5962122220255,0.75,0.19999999999999996,48.0,800.0,9.954804420471191,0.0058258410528762294,1.0,0.0,0.5,0.0,0.5,1.6351053714752197,0.4570887088775635,14.56544341341214,10.0,1.0,200.0,12.013808987848456
861.0,79.0,0.31329484641551963,0.0,nan,16.0,316.0,0.8448481112718582,0.017733945787657746,,,,,,,,,,,,
862.0,32.0,-0.3829217386245727,0.0,nan,8.0,128.0,0.674434021115303,0.022840028265179058,,,,,,,,,,,,
863.0,200.0,19.59890879574233,0.5,nan,40.0,800.0,4.466059327125549,0.016598179450411976,,,,,,,,,,,,
864.0,200.0,48.96263747876511,0.75,nan,48.0,800.0,6.268698692321777,0.001635873761753559,,,,,,,,,,,,
865.0,200.0,10.988814250985158,0.75,nan,44.0,800.0,4.557930827140808,0.015346264920893304,,,,,,,,,,,,
866.0,71.0,5.344341218806802,0.25,nan,16.0,284.0,0.4960501492023468,0.029854982800496366,,,,,,,,,,,,
867.0,139.0,-0.4187942916154861,0.0,nan,28.0,556.0,3.8880525827407837,0.01765416402004405,,,,,,,,,,,,
868.0,200.0,42.80163077991456,1.0,nan,40.0,800.0,12.374340057373047,0.008212301530009902,,,,,,,,,,,,
869.0,200.0,5.740846906416117,0.5,nan,40.0,800.0,3.33432936668396,0.013196710325626526,,,,,,,,,,,,
870.0,51.0,0.26066836357116696,0.0,0.39999999999999997,12.0,204.0,0.062468547374010086,0.04475795986360811,1.0,0.0,0.0,0.5,0.0,-0.06026715040206909,3.7281455993652344,6.2416505080182105,3.0,1.0,60.0,0.12500262260437003
871.0,200.0,35.722488033492134,0.25,nan,40.0,800.0,4.755209803581238,0.006804391976311663,,,,,,,,,,,,
872.0,155.0,18.858725077862626,0.5,nan,32.0,620.0,2.9536185264587402,0.018493952597095298,,,,,,,,,,,,
873.0,134.0,6.491230861693619,0.5,nan,28.0,536.0,2.849819302558899,0.013710339787593284,,,,,,,,,,,,
874.0,125.0,5.288067436870184,0.25,nan,28.0,500.0,0.7191637456417084,0.009682559211074304,,,,,,,,,,,,
875.0,200.0,13.800115090981123,0.75,nan,44.0,800.0,4.646758675575256,0.02819711012798365,,,,,,,,,,,,
876.0,200.0,41.10576973930004,1.0,nan,40.0,800.0,8.580597877502441,0.014269665396170694,,,,,,,,,,,,
877.0,105.0,0.5944004885852336,0.0,nan,24.0,420.0,1.8787264227867126,0.01745537134308961,,,,,,,,,,,,
878.0,180.0,17.432446385454384,1.0,nan,36.0,720.0,8.195045948028564,0.004655751248566653,,,,,,,,,,,,
879.0,147.0,2.3388034342974415,0.25,nan,32.0,588.0,2.285253345966339,0.01869646785570911,,,,,,,,,,,,
880.0,58.0,-0.00623216360807426,0.0,0.6,12.0,232.0,2.202205777168274,0.02850980267650247,1.0,0.0,0.0,0.5,0.0,-0.057134680449962616,3.7600769996643066,3.8713418504339643,3.0,1.0,41.0,-0.15151632785797117
881.0,200.0,56.313034170167526,0.75,nan,44.0,800.0,14.13350248336792,0.01912532374711695,,,,,,,,,,,,
882.0,200.0,26.698425596603197,0.75,nan,40.0,800.0,29.1843318939209,0.02187097706015617,,,,,,,,,,,,
883.0,194.0,25.583099145555174,1.0,nan,40.0,776.0,9.258390188217163,0.024463374048428577,,,,,,,,,,,,
884.0,43.0,0.11255379140377042,0.0,nan,12.0,172.0,0.5575126558542252,0.04501569275512444,,,,,,,,,,,,
885.0,200.0,27.34920088453219,0.75,nan,40.0,800.0,5.512901306152344,0.014395819753248218,,,,,,,,,,,,
886.0,197.0,46.01924742401579,0.5,nan,44.0,788.0,5.801598310470581,0.009015100336653564,,,,,,,,,,,,
887.0,200.0,40.11394534789143,0.75,nan,44.0,800.0,7.1913769245147705,0.0060354311939934124,,,,,,,,,,,,
888.0,155.0,25.366179727250714,1.0,nan,32.0,620.0,15.502691984176636,0.005059357397297903,,,,,,,,,,,,
889.0,200.0,7.306550182122736,0.25,nan,40.0,800.0,3.4416309595108032,0.034829728837188156,,,,,,,,,,,,
890.0,76.0,0.4856940084695815,0.0,0.39999999999999997,16.0,304.0,1.342919021844864,0.04694148163712519,1.0,1.0,1.0,0.0,1.0,1.5778913497924805,0.09539175033569336,14.096591142370016,10.0,1.0,200.0,27.79907862729743
891.0,84.0,0.08969763278961168,0.0,nan,20.0,336.0,0.31386149674654007,0.054836422117375605,,,,,,,,,,,,
892.0,200.0,22.358064442826443,0.5,nan,40.0,800.0,6.012409090995789,0.03717873956002293,,,,,,,,,,,,
893.0,200.0,42.01161624238594,0.75,nan,48.0,800.0,20.654985904693604,0.001832217007568221,,,,,,,,,,,,
894.0,35.0,0.12333685159683228,0.0,nan,8.0,140.0,0.4778750091791153,0.035448148069073274,,,,,,,,,,,,
895.0,200.0,35.19985976908358,0.75,nan,40.0,800.0,15.476691722869873,0.005508517179453443,,,,,,,,,,,,
896.0,185.0,16.920925908186476,0.5,nan,40.0,740.0,3.55644953250885,0.010215811254721263,,,,,,,,,,,,
897.0,200.0,33.19813895076514,0.75,nan,40.0,800.0,32.4601411819458,0.012820374049846706,,,,,,,,,,,,
898.0,200.0,41.893843248323535,0.75,nan,40.0,800.0,6.080657720565796,0.0024918555706153755,,,,,,,,,,,,
899.0,200.0,34.566711405967354,0.75,nan,48.0,800.0,3.7874996662139893,0.012579716092361082,,,,,,,,,,,,
900.0,200.0,8.504132120590656,0.5,0.0,40.0,800.0,6.709788084030151,0.011369678674149952,1.0,1.0,1.0,0.0,1.0,2.824568748474121,0.04308241605758667,13.252134473041224,9.0,1.0,171.0,13.843818276990206
901.0,196.0,43.975403847182186,1.0,nan,40.0,784.0,21.97711944580078,0.018715419252698887,,,,,,,,,,,,
902.0,200.0,25.116555033717304,0.75,nan,44.0,800.0,3.205497682094574,0.00910528432637836,,,,,,,,,,,,
903.0,162.0,29.681098204596207,1.0,nan,36.0,648.0,6.258994936943054,0.009833267428147607,,,,,,,,,,,,
904.0,98.0,0.2897656854987144,0.0,nan,20.0,392.0,2.808931291103363,0.03520251803650765,,,,,,,,,,,,
905.0,200.0,25.696864511771135,0.75,nan,40.0,800.0,11.255759239196777,0.04548540627144737,,,,,,,,,,,,
906.0,105.0,-0.06803627610206606,0.0,nan,24.0,420.0,2.873656213283539,0.02271107652280646,,,,,,,,,,,,
907.0,200.0,14.006319847656414,0.75,nan,40.0,800.0,2.396252691745758,0.007313960626909477,,,,,,,,,,,,
908.0,200.0,24.060671835218088,0.5,nan,40.0,800.0,6.284160733222961,0.004374500847837082,,,,,,,,,,,,
909.0,200.0,12.489189739804711,0.75,nan,44.0,800.0,6.567517161369324,0.008141751798234509,,,,,,,,,,,,
910.0,200.0,8.120541282836346,0.25,0.0,40.0,800.0,6.4134217500686646,0.02168174674807055,1.0,0.0,0.75,0.0,0.75,2.751587390899658,0.22485458850860596,14.440711985509552,10.0,1.0,200.0,31.54190922949639
911.0,200.0,42.96080409686547,0.75,nan,44.0,800.0,7.358807563781738,0.004438932528206152,,,,,,,,,,,,
912.0,200.0,33.24984643310891,0.75,nan,44.0,800.0,20.48339033126831,0.0016467904723401205,,,,,,,,,,,,
913.0,107.0,0.30684620842337634,0.0,nan,24.0,428.0,3.222421646118164,0.0355113617569458,,,,,,,,,,,,
914.0,200.0,8.685284949466585,0.5,nan,40.0,800.0,7.95504105091095,0.02220793713457206,,,,,,,,,,,,
915.0,200.0,6.451202975213529,0.25,nan,40.0,800.0,13.26796293258667,0.021606712809453935,,,,,,,,,,,,
916.0,38.0,0.10914275355637076,0.0,nan,8.0,152.0,2.0720927119255066,0.068783617230254,,,,,,,,,,,,
917.0,72.0,0.3248548793792725,0.0,nan,16.0,288.0,0.05472578573971987,0.004149347593664032,,,,,,,,,,,,
918.0,37.0,0.09410762071609499,0.0,nan,8.0,148.0,0.802423894405365,0.0184313594975772,,,,,,,,,,,,
919.0,36.0,0.23369176626205443,0.0,nan,8.0,144.0,0.2629431039094925,0.031040999336760758,,,,,,,,,,,,
920.0,64.0,0.5442007119208575,0.0,0.39999999999999997,16.0,256.0,3.8471702933311462,0.014834822250087143,1.0,1.0,1.0,0.0,1.0,0.5617595911026001,1.4989176988601685,13.825705999217462,11.0,1.0,200.0,31.807085284986528
921.0,200.0,6.92899263817817,0.5,nan,40.0,800.0,2.990765333175659,0.018826776054559957,,,,,,,,,,,,
922.0,200.0,35.66121578543681,0.75,nan,40.0,800.0,9.018486976623535,0.004044195739943746,,,,,,,,,,,,
923.0,28.0,-0.3074209409952164,0.0,nan,8.0,112.0,0.82562156021595,0.05518627819394949,,,,,,,,,,,,
924.0,35.0,0.15773033499717717,0.0,nan,8.0,140.0,0.06346192490309477,0.012609126691677375,,,,,,,,,,,,
925.0,191.0,30.443792344219986,1.0,nan,40.0,764.0,19.251654148101807,0.027370818265073038,,,,,,,,,,,,
926.0,138.0,19.288549663666636,1.0,nan,32.0,552.0,3.879915237426758,0.014283932493182272,,,,,,,,,,,,
927.0,52.0,-0.3608998288214207,0.0,nan,12.0,208.0,2.6232107877731323,0.010857394591714463,,,,,,,,,,,,
928.0,200.0,35.365393109049194,0.75,nan,40.0,800.0,49.054463386535645,0.004724677554983625,,,,,,,,,,,,
929.0,200.0,9.99990611039102,0.75,nan,40.0,800.0,7.5431870222091675,0.018362179837265735,,,,,,,,,,,,
930.0,37.0,-0.03664159893989563,0.0,0.8,8.0,148.0,1.3214684128761292,0.03782845334137926,1.0,1.0,1.0,0.0,1.0,2.8833582401275635,0.5137941837310791,14.325777979915074,10.0,1.0,200.0,32.30416275581811
931.0,197.0,30.459281920657382,0.5,nan,40.0,788.0,17.916141510009766,0.0007360476530973159,,,,,,,,,,,,
932.0,57.0,0.346479629278183,0.0,nan,12.0,228.0,0.16161205619573593,0.004415133959570851,,,,,,,,,,,,
933.0,135.0,0.4627813220024106,0.0,nan,28.0,540.0,1.5310733616352081,0.025201577667854885,,,,,,,,,,,,
934.0,200.0,11.744934061716778,0.5,nan,40.0,800.0,3.976400673389435,0.0210513838624653,,,,,,,,,,,,
935.0,200.0,51.44684564361817,0.75,nan,52.0,800.0,4.21900475025177,0.01641049453657939,,,,,,,,,,,,
936.0,186.0,46.27382587796079,1.0,nan,40.0,744.0,25.964474201202393,0.0038010532596781665,,,,,,,,,,,,
937.0,39.0,-0.12759455680847165,0.0,nan,8.0,156.0,1.0856578946113586,0.045043290259132875,,,,,,,,,,,,
938.0,200.0,9.465493722166865,0.75,nan,40.0,800.0,4.176465153694153,0.013998156635019576,,,,,,,,,,,,
939.0,187.0,55.830884957553366,1.0,nan,40.0,748.0,16.828933238983154,0.0050811252066722545,,,,,,,,,,,,
940.0,35.0,-0.43717554807662956,0.0,0.39999999999999997,8.0,140.0,0.4580540582537651,0.0032456075168883,1.0,0.0,0.75,0.0,0.75,1.3963676691055298,0.4910503625869751,13.674503234511576,11.0,1.0,200.0,16.541853543813342
941.0,75.0,-0.16565226316452028,0.0,nan,16.0,300.0,0.5123686492443085,0.004534602138354771,,,,,,,,,,,,
942.0,200.0,7.302852555271237,0.75,nan,40.0,800.0,8.339971542358398,0.010843331971287284,,,,,,,,,,,,
943.0,200.0,42.41366177659948,0.75,nan,44.0,800.0,5.709560871124268,0.0023080492322910817,,,,,,,,,,,,
944.0,200.0,20.899647484882735,0.75,nan,40.0,800.0,27.187982082366943,0.0492000863336397,,,,,,,,,,,,
945.0,111.0,2.3760370068810883,0.25,nan,24.0,444.0,5.34976589679718,0.02492047314142809,,,,,,,,,,,,
946.0,200.0,32.108183132554416,0.75,nan,44.0,800.0,4.767338395118713,0.006882694733860717,,,,,,,,,,,,
947.0,183.0,47.07779113147873,1.0,nan,40.0,732.0,10.223394632339478,0.007154028573845506,,,,,,,,,,,,
948.0,200.0,21.839610594470294,1.0,nan,40.0,800.0,10.19688367843628,0.014470749837926178,,,,,,,,,,,,
949.0,189.0,18.488674242459236,1.0,nan,40.0,756.0,22.1930251121521,0.03342389303286808,,,,,,,,,,,,
950.0,90.0,0.29072463959455513,0.0,0.19999999999999996,20.0,360.0,1.3266007900238037,0.011701359902016595,1.0,1.0,1.0,0.0,1.0,1.7468781471252441,0.13032913208007812,13.912803275972692,10.0,1.0,200.0,29.551548822713087
951.0,200.0,14.671059389971198,0.75,nan,44.0,800.0,5.552616238594055,0.011059175321196713,,,,,,,,,,,,
952.0,200.0,41.21077065207065,0.75,nan,40.0,800.0,18.18400764465332,0.0024786801823304394,,,,,,,,,,,,
953.0,161.0,27.119668679879975,1.0,nan,36.0,644.0,20.204745292663574,0.0035190791793757725,,,,,,,,,,,,
954.0,65.0,0.48905158042907715,0.0,nan,16.0,260.0,0.2919522821903229,0.011763757066734826,,,,,,,,,,,,
955.0,200.0,5.108964643534271,0.25,nan,40.0,800.0,5.720864534378052,0.015371955549620286,,,,,,,,,,,,
956.0,188.0,26.59166644237004,1.0,nan,40.0,752.0,3.529744327068329,0.007585976511197079,,,,,,,,,,,,
957.0,188.0,35.63781290408691,1.0,nan,40.0,752.0,6.610480070114136,0.004730511716413949,,,,,,,,,,,,
958.0,49.0,0.2555572374165057,0.0,nan,12.0,196.0,0.8534705638885498,0.01104499985897738,,,,,,,,,,,,
959.0,200.0,29.79453135866206,0.75,nan,40.0,800.0,5.404996871948242,0.012624370167302446,,,,,,,,,,,,
960.0,66.0,0.20660414934158328,0.0,0.19999999999999996,16.0,264.0,0.23411020264029503,0.0037764874044930383,1.0,0.0,0.75,0.0,0.75,1.5339314937591553,0.3619955778121948,13.48732901839685,10.0,1.0,200.0,26.545602585747837
961.0,95.0,3.5777702034916725,0.25,nan,20.0,380.0,2.5650117993354797,0.016906993434822937,,,,,,,,,,,,
962.0,200.0,48.7583416669455,0.5,nan,40.0,800.0,8.17557406425476,0.006762830196101244,,,,,,,,,,,,
963.0,200.0,80.68686096405146,0.75,nan,44.0,800.0,15.768956661224365,0.007188020010646001,,,,,,,,,,,,
964.0,165.0,40.795701921579905,1.0,nan,36.0,660.0,9.542996644973755,0.004070946105246165,,,,,,,,,,,,
965.0,200.0,20.645224338982374,0.75,nan,44.0,800.0,2.976921498775482,0.003524017490956549,,,,,,,,,,,,
966.0,156.0,23.59839273176971,1.0,nan,32.0,624.0,17.399409770965576,0.013721201825486862,,,,,,,,,,,,
967.0,197.0,37.66777395337821,1.0,nan,40.0,788.0,25.44277286529541,0.0022762627028720672,,,,,,,,,,,,
968.0,200.0,45.25195472969209,0.75,nan,48.0,800.0,6.993512511253357,0.01021903425663595,,,,,,,,,,,,
969.0,44.0,-0.1563225889205932,0.0,nan,12.0,176.0,0.4212042838335037,0.0032945743287846403,,,,,,,,,,,,
970.0,200.0,39.85990465746727,1.0,0.19999999999999996,44.0,800.0,7.3246830701828,0.0024800212418600864,1.0,0.0,0.75,0.0,0.75,1.7216688394546509,0.18353772163391113,13.10346447759548,11.0,1.0,200.0,36.30080542778596
971.0,66.0,-0.19925454616546634,0.0,nan,16.0,264.0,0.6803528368473053,0.0037816947549877966,,,,,,,,,,,,
972.0,164.0,28.694529726038446,1.0,nan,36.0,656.0,15.3935866355896,0.009544450511745683,,,,,,,,,,,,
973.0,187.0,36.55977934165392,1.0,nan,40.0,748.0,8.314141750335693,0.004891351559126678,,,,,,,,,,,,
974.0,27.0,-0.2770415871217847,0.0,nan,8.0,108.0,2.5283679366111755,0.01601349365859682,,,,,,,,,,,,
975.0,154.0,27.80846177918371,1.0,nan,32.0,616.0,14.042011976242065,0.0005925244880754382,,,,,,,,,,,,
976.0,75.0,1.0449124291539191,0.0,nan,16.0,300.0,0.4521358162164688,0.01570429209936597,,,,,,,,,,,,
977.0,116.0,5.358838196014986,0.25,nan,24.0,464.0,1.230327993631363,0.006230323025703116,,,,,,,,,,,,
978.0,56.0,0.12261171430349344,0.0,nan,12.0,224.0,3.9673984050750732,0.022187694428477504,,,,,,,,,,,,
979.0,200.0,55.14797479351983,0.75,nan,52.0,800.0,6.7271634340286255,0.001263986386056723,,,,,,,,,,,,
980.0,66.0,0.18658898413181293,0.0,0.6000000000000001,16.0,264.0,3.0023741722106934,0.0438462182159256,1.0,0.0,0.0,0.25,0.0,3.4187731742858887,-0.0046498775482177734,6.644335666205734,3.0,1.0,54.0,0.5083239084482192
981.0,63.0,-0.018545006513595523,0.0,nan,16.0,252.0,0.5367792919278145,0.016263441560674493,,,,,,,,,,,,
982.0,164.0,38.08988338286523,1.0,nan,36.0,656.0,6.6534634828567505,0.006481112384632226,,,,,,,,,,,,
983.0,80.0,0.058195018768310666,0.0,nan,16.0,320.0,0.09119593910872936,0.023354427761290708,,,,,,,,,,,,
984.0,68.0,-0.04069341897964474,0.0,nan,16.0,272.0,0.43725524097681046,0.0037045247466838127,,,,,,,,,,,,
985.0,181.0,14.938870005458593,1.0,nan,40.0,724.0,4.454497575759888,0.012084669681247107,,,,,,,,,,,,
986.0,200.0,18.963112839160026,0.75,nan,44.0,800.0,13.785977363586426,0.024566496255594927,,,,,,,,,,,,
987.0,74.0,0.32179880797863025,0.0,nan,16.0,296.0,0.46803227066993713,0.007216470977922107,,,,,,,,,,,,
988.0,189.0,44.32921651116573,1.0,nan,40.0,756.0,9.65458607673645,0.0015051100856839916,,,,,,,,,,,,
989.0,175.0,23.823541957652207,1.0,nan,36.0,700.0,4.722625374794006,0.01901027323974036,,,,,,,,,,,,
990.0,67.0,0.6509442168474195,0.0,0.39999999999999997,16.0,268.0,0.4466322138905525,0.016250110634679543,1.0,0.0,0.5,0.0,0.5,2.314457416534424,0.04058945178985596,14.96636321065671,12.0,1.0,200.0,27.293686265987343
991.0,55.0,0.7718142002820969,0.0,nan,12.0,220.0,0.15479351952672005,0.025287166703381818,,,,,,,,,,,,
992.0,121.0,0.43627157859504223,0.0,nan,28.0,484.0,3.037792444229126,0.015435118381945667,,,,,,,,,,,,
993.0,200.0,26.72968075724785,0.75,nan,40.0,800.0,8.743914127349854,0.008338371778053855,,,,,,,,,,,,
994.0,42.0,-0.0842457485198974,0.0,nan,12.0,168.0,0.1345179919153452,0.013923102016116488,,,,,,,,,,,,
995.0,200.0,31.41186721327249,0.75,nan,40.0,800.0,5.1061036586761475,0.0005476554937560163,,,,,,,,,,,,
996.0,200.0,6.052234662696719,0.75,nan,44.0,800.0,4.4386972188949585,0.020874421569472723,,,,,,,,,,,,
997.0,181.0,38.80932146223263,1.0,nan,40.0,724.0,24.03421115875244,0.003675563303169871,,,,,,,,,,,,
998.0,200.0,38.973855865973746,0.75,nan,44.0,800.0,7.031784653663635,0.006319775301889763,,,,,,,,,,,,
999.0,160.0,24.38720607226715,1.0,nan,32.0,640.0,16.632484436035156,0.001952165001333217,,,,,,,,,,,,
1000.0,200.0,10.895776489330455,0.75,0.39999999999999997,44.0,800.0,7.807393789291382,0.020366118356491825,1.0,1.0,1.0,0.0,1.0,2.026162624359131,0.15398383140563965,14.445306613069079,10.0,1.0,200.0,22.553409267717512
