iteration,steps_collected,episode_return_mean,safe_reach_ratio,conv_eval_success_delta_w5,high_samples,low_samples,loss_high_total,loss_low_mean,eval_n_episodes,eval_success_rate,eval_reach_rate,eval_collision_rate,eval_safe_reach_ratio,eval_min_h_agent,eval_min_h_obstacle,eval_avg_traj_length,eval_avg_skill_switches,eval_qp_feasible_rate,eval_avg_steps,eval_avg_episode_return
1.0,71.0,-0.016690442562103253,0.0,nan,16.0,284.0,-0.017761296592652798,0.02089131040044201,1.0,0.0,0.0,0.25,0.0,0.26031482219696045,-0.10026997327804565,6.391147740767337,5.0,1.0,88.0,0.13574916839599618
2.0,200.0,14.121684139594437,0.25,nan,44.0,800.0,6.815403938293457,0.011053775495575291,,,,,,,,,,,,
3.0,45.0,0.05118507668375979,0.0,nan,12.0,180.0,-0.01613338803872466,0.02732784453036143,,,,,,,,,,,,
4.0,200.0,5.603943594917653,0.25,nan,40.0,800.0,2.065640151500702,0.02269049625373465,,,,,,,,,,,,
5.0,200.0,0.6764374632388359,0.25,nan,40.0,800.0,0.12214719317853451,0.02926285549089691,,,,,,,,,,,,
6.0,118.0,0.38206661164760564,0.0,nan,24.0,472.0,0.09411384724080563,0.039655865499140575,,,,,,,,,,,,
7.0,200.0,26.956135483685657,0.5,nan,40.0,800.0,33.197171211242676,0.021727515363587635,,,,,,,,,,,,
8.0,151.0,-0.44749543204903613,0.0,nan,32.0,604.0,0.19051238149404526,0.013096713663809822,,,,,,,,,,,,
9.0,200.0,9.186258159554562,0.75,nan,40.0,800.0,9.163068294525146,0.016521529160311133,,,,,,,,,,,,
10.0,200.0,32.86105100912684,0.75,nan,40.0,800.0,30.709705352783203,0.03416937524092423,,,,,,,,,,,,
11.0,200.0,30.674296063603848,0.5,nan,44.0,800.0,12.084952592849731,0.011527450834258879,,,,,,,,,,,,
12.0,147.0,2.470893277525902,0.25,nan,32.0,588.0,1.4635794460773468,0.022521010652095885,,,,,,,,,,,,
13.0,200.0,17.18742767646909,0.5,nan,40.0,800.0,14.33970332145691,0.007558223393363761,,,,,,,,,,,,
14.0,200.0,20.70203700615094,0.5,nan,40.0,800.0,44.46533489227295,0.007407005703499392,,,,,,,,,,,,
15.0,65.0,-0.055131328105926414,0.0,nan,16.0,260.0,0.2249550186097622,0.0200092928611304,,,,,,,,,,,,
16.0,52.0,-0.021636493206024093,0.0,nan,12.0,208.0,-0.02094680769369006,0.015704934232103958,,,,,,,,,,,,
17.0,188.0,34.700271822330556,1.0,nan,40.0,752.0,30.66766119003296,0.022192953156837447,,,,,,,,,,,,
18.0,91.0,-0.03694336175918586,0.0,nan,20.0,364.0,0.15311839431524277,0.01781711241623718,,,,,,,,,,,,
19.0,200.0,21.815416217193707,0.75,nan,40.0,800.0,15.741397380828857,0.01959327775887587,,,,,,,,,,,,
20.0,200.0,15.111826874176048,0.25,nan,40.0,800.0,43.08761787414551,0.014952521998456536,1.0,0.0,0.25,0.0,0.25,0.47947928309440613,0.008518218994140625,12.275307041185442,10.0,1.0,200.0,21.864624311460652
21.0,200.0,31.819658488233117,0.75,nan,44.0,800.0,11.474008083343506,0.018663693419255445,,,,,,,,,,,,
22.0,200.0,40.461781184701266,0.75,nan,40.0,800.0,50.004722595214844,0.01541188846697672,,,,,,,,,,,,
23.0,200.0,45.45720841758302,0.75,nan,44.0,800.0,19.304099082946777,0.010846778486186537,,,,,,,,,,,,
24.0,200.0,2.699792507058009,0.25,nan,40.0,800.0,4.319714069366455,0.01004887138362065,,,,,,,,,,,,
25.0,200.0,20.343322306731718,0.75,nan,40.0,800.0,11.249274730682373,0.024321843910353635,,,,,,,,,,,,
26.0,150.0,0.011270295083522498,0.0,nan,32.0,600.0,0.08229338936507702,0.032156833964947396,,,,,,,,,,,,
27.0,200.0,46.438112394628135,0.5,nan,44.0,800.0,18.457703590393066,0.00568668940514705,,,,,,,,,,,,
28.0,200.0,30.052075903653172,0.5,nan,40.0,800.0,13.722499370574951,0.02547229720057942,,,,,,,,,,,,
29.0,186.0,38.66360525116092,1.0,nan,40.0,744.0,13.246747970581055,0.00868026075801076,,,,,,,,,,,,
30.0,200.0,26.283715318562464,0.75,nan,40.0,800.0,8.9999520778656,0.018339529151453204,,,,,,,,,,,,
31.0,200.0,33.05004795792921,0.5,nan,40.0,800.0,31.71654987335205,0.017866388424561563,,,,,,,,,,,,
32.0,200.0,13.214087329525501,0.75,nan,40.0,800.0,14.960310697555542,0.011077108572499106,,,,,,,,,,,,
33.0,200.0,9.494201059429905,0.5,nan,40.0,800.0,4.636690974235535,0.00820537929084253,,,,,,,,,,,,
34.0,133.0,0.49616551592946034,0.0,nan,28.0,532.0,0.20630710199475288,0.011951077033075741,,,,,,,,,,,,
35.0,200.0,13.868664085771892,0.25,nan,40.0,800.0,16.10770273208618,0.053134014612481906,,,,,,,,,,,,
36.0,200.0,1.301477763801813,0.25,nan,40.0,800.0,1.7879517674446106,0.016366901384156307,,,,,,,,,,,,
37.0,192.0,5.101012473851442,0.75,nan,40.0,768.0,4.9093605279922485,0.017476089972239706,,,,,,,,,,,,
38.0,74.0,-0.30018785834312445,0.0,nan,16.0,296.0,0.32558639347553253,0.01939426153305268,,,,,,,,,,,,
39.0,200.0,14.79320371695794,0.5,nan,40.0,800.0,11.528101444244385,0.03401634010391774,,,,,,,,,,,,
40.0,55.0,-0.2816435307264328,0.0,nan,12.0,220.0,0.33785752207040787,0.04495675980861878,1.0,0.0,0.0,0.0,0.0,0.7100098133087158,0.8739891052246094,15.170828190384782,10.0,1.0,200.0,0.24114926084876004
41.0,200.0,45.67438428341411,0.75,nan,40.0,800.0,67.63615798950195,0.009363370875709265,,,,,,,,,,,,
42.0,200.0,1.795843700319528,0.25,nan,40.0,800.0,0.37148573994636536,0.04882057500313408,,,,,,,,,,,,
43.0,168.0,19.103625534828744,0.25,nan,36.0,672.0,9.508543252944946,0.02428830394896586,,,,,,,,,,,,
44.0,39.0,-0.3866806530952453,0.0,nan,8.0,156.0,0.12128877639770508,0.05893545327690402,,,,,,,,,,,,
45.0,200.0,15.260341582819816,1.0,nan,40.0,800.0,11.135424375534058,0.015798440836034544,,,,,,,,,,,,
46.0,136.0,0.472167803496122,0.0,nan,28.0,544.0,0.17689957469701767,0.04477360133877184,,,,,,,,,,,,
47.0,190.0,2.224702342413366,0.25,nan,40.0,760.0,0.2994298040866852,0.03550824037632916,,,,,,,,,,,,
48.0,186.0,4.89656479857862,0.5,nan,40.0,744.0,6.3402087688446045,0.025494619144579067,,,,,,,,,,,,
49.0,200.0,18.72015094154049,0.5,nan,48.0,800.0,5.620074510574341,0.014329502074115652,,,,,,,,,,,,
50.0,173.0,1.5500907006487252,0.25,nan,36.0,692.0,1.181406408548355,0.026259353354221027,,,,,,,,,,,,
51.0,200.0,27.933402975974612,0.5,nan,40.0,800.0,9.948548555374146,0.021643723832553974,,,,,,,,,,,,
52.0,52.0,0.05657976150512696,0.0,nan,12.0,208.0,0.051739766262471676,0.026904545433138145,,,,,,,,,,,,
53.0,41.0,1.156622018069029,0.25,nan,12.0,164.0,0.7547503560781479,0.02946039262216312,,,,,,,,,,,,
54.0,200.0,23.9586585046258,0.5,nan,40.0,800.0,8.481014013290405,0.012447672883666883,,,,,,,,,,,,
55.0,200.0,49.88652109918187,0.75,nan,44.0,800.0,25.349794387817383,0.020717579886500248,,,,,,,,,,,,
56.0,168.0,0.06598159343004222,0.0,nan,36.0,672.0,0.2457633800804615,0.014893025978675922,,,,,,,,,,,,
57.0,116.0,-0.3629242873191833,0.0,nan,24.0,464.0,0.2184758260846138,0.04030146029791837,,,,,,,,,,,,
58.0,200.0,2.451354924589396,0.25,nan,40.0,800.0,1.4446253776550293,0.03263089831600041,,,,,,,,,,,,
59.0,200.0,-0.601743230223656,0.0,nan,44.0,800.0,0.23315497487783432,0.0293410507853622,,,,,,,,,,,,
60.0,200.0,23.748954757454342,0.75,nan,44.0,800.0,12.557233333587646,0.015923395107449778,1.0,0.0,0.5,0.0,0.5,1.516274333000183,3.2210240364074707,10.765172974744928,12.0,1.0,200.0,25.751763377827594
61.0,200.0,24.161643646028832,0.5,nan,40.0,800.0,28.07061004638672,0.018319180830100867,,,,,,,,,,,,
62.0,114.0,0.945422259941697,0.25,nan,24.0,456.0,0.5114414691925049,0.021844934751289458,,,,,,,,,,,,
63.0,77.0,0.08706384330987921,0.0,nan,16.0,308.0,0.07045808248221874,0.03577631872235543,,,,,,,,,,,,
64.0,200.0,25.16395107336576,0.5,nan,40.0,800.0,13.938835144042969,0.023176603850369237,,,,,,,,,,,,
65.0,132.0,16.177649438865483,0.25,nan,28.0,528.0,25.636652946472168,0.010825271733671649,,,,,,,,,,,,
66.0,122.0,-0.40427845090627657,0.25,nan,28.0,488.0,0.3800142630934715,0.04852252326992801,,,,,,,,,,,,
67.0,95.0,0.5636906158179043,0.25,nan,20.0,380.0,0.6503214240074158,0.01749237898698297,,,,,,,,,,,,
68.0,132.0,0.2505769762396812,0.0,nan,28.0,528.0,0.6363824903964996,0.05652243275184787,,,,,,,,,,,,
69.0,49.0,0.11599803924560555,0.0,nan,12.0,196.0,0.24346743896603584,0.018858128473933606,,,,,,,,,,,,
70.0,200.0,13.246043682843448,0.5,nan,40.0,800.0,9.75121808052063,0.03691215517658364,,,,,,,,,,,,
71.0,102.0,0.24526603400707217,0.0,nan,24.0,408.0,0.41089197248220444,0.022788754611045903,,,,,,,,,,,,
72.0,93.0,0.1370796930789947,0.0,nan,20.0,372.0,0.9307226091623306,0.06417778779239214,,,,,,,,,,,,
73.0,200.0,20.01442870174069,0.75,nan,40.0,800.0,27.483299732208252,0.017562318603157934,,,,,,,,,,,,
74.0,200.0,8.37954080328345,0.5,nan,40.0,800.0,8.9221031665802,0.02118319693457238,,,,,,,,,,,,
75.0,146.0,5.62444296271773,0.25,nan,32.0,584.0,10.124106884002686,0.032286949916397134,,,,,,,,,,,,
76.0,66.0,2.835588792301714,0.25,nan,16.0,264.0,3.147074282169342,0.0375588467441923,,,,,,,,,,,,
77.0,79.0,-0.12164480924606313,0.0,nan,16.0,316.0,0.16606995463371277,0.04245078100265298,,,,,,,,,,,,
78.0,200.0,8.817813193937763,0.5,nan,40.0,800.0,8.027878403663635,0.021439879087751024,,,,,,,,,,,,
79.0,93.0,-0.18862133502960193,0.0,nan,20.0,372.0,0.44106190651655197,0.021096905884453676,,,,,,,,,,,,
80.0,52.0,0.11738273233175281,0.0,nan,12.0,208.0,0.2785458639264107,0.08271773016069627,1.0,0.0,0.0,0.25,0.0,4.648123264312744,-0.015218555927276611,10.562167667325411,8.0,1.0,141.0,0.11875078245997417
81.0,85.0,-0.5861603975296021,0.0,nan,20.0,340.0,0.34009867906570435,0.02853330716895286,,,,,,,,,,,,
82.0,95.0,0.3562242060899733,0.0,nan,20.0,380.0,0.16228950768709183,0.034490274902495344,,,,,,,,,,,,
83.0,200.0,4.084145324863493,0.5,nan,40.0,800.0,3.790833532810211,0.023571594204477186,,,,,,,,,,,,
84.0,79.0,2.947908070953563,0.25,nan,16.0,316.0,6.617636322975159,0.07145871066691711,,,,,,,,,,,,
85.0,200.0,24.18463291253429,0.5,nan,44.0,800.0,9.433642625808716,0.011456458200068909,,,,,,,,,,,,
86.0,161.0,17.940567209941804,0.5,nan,36.0,644.0,5.6876137256622314,0.026465136007815637,,,,,,,,,,,,
87.0,107.0,0.6316464352607727,0.0,nan,24.0,428.0,0.3365788161754608,0.04193246136436546,,,,,,,,,,,,
88.0,57.0,0.027501343488693264,0.0,nan,12.0,228.0,0.19670992344617844,0.08770383006870026,,,,,,,,,,,,
89.0,200.0,0.16172569096088335,0.0,nan,40.0,800.0,0.24673748388886452,0.04388485414537513,,,,,,,,,,,,
90.0,156.0,-0.2471795877814295,0.0,nan,32.0,624.0,0.4070803374052048,0.02848464717499155,,,,,,,,,,,,
91.0,200.0,39.221587869338705,0.75,nan,40.0,800.0,16.001479148864746,0.011684600824303004,,,,,,,,,,,,
92.0,200.0,6.303124695038422,0.25,nan,40.0,800.0,1.5313009917736053,0.03360599037649692,,,,,,,,,,,,
93.0,143.0,4.355250727715902,0.25,nan,32.0,572.0,7.410691499710083,0.030566476423761202,,,,,,,,,,,,
94.0,200.0,21.31821651485516,0.75,nan,40.0,800.0,44.52279853820801,0.01583612177495297,,,,,,,,,,,,
95.0,200.0,2.4228863647673267,0.5,nan,40.0,800.0,1.926715910434723,0.021360724106134654,,,,,,,,,,,,
96.0,71.0,0.09214869976043716,0.0,nan,16.0,284.0,0.08984018862247467,0.05573429880464609,,,,,,,,,,,,
97.0,200.0,39.78598138750676,0.5,nan,40.0,800.0,16.184990406036377,0.060603571424138636,,,,,,,,,,,,
98.0,200.0,0.2946514949202535,0.0,nan,40.0,800.0,0.39612463116645813,0.051854145694376186,,,,,,,,,,,,
99.0,133.0,0.39407021522521957,0.0,nan,28.0,532.0,0.30890145152807236,0.0868943549845369,,,,,,,,,,,,
100.0,189.0,2.6656234193965793,0.25,nan,40.0,756.0,1.932926595211029,0.055023681344408715,1.0,0.0,0.0,0.25,0.0,2.0282790660858154,-0.15131187438964844,7.904977407655679,5.0,1.0,83.0,0.3142432045936583
101.0,137.0,0.1460321027040481,0.0,nan,28.0,548.0,0.4689945802092552,0.026263296656393043,,,,,,,,,,,,
102.0,200.0,40.73475718958072,0.75,nan,40.0,800.0,26.945366859436035,0.013715885312070797,,,,,,,,,,,,
103.0,200.0,39.647578753670686,0.75,nan,48.0,800.0,15.317190885543823,0.010099486579084882,,,,,,,,,,,,
104.0,200.0,20.327646770782312,0.75,nan,40.0,800.0,11.384665250778198,0.011562522160814437,,,,,,,,,,,,
105.0,75.0,-0.058893680572509544,0.0,nan,16.0,300.0,0.42275286465883255,0.027658699736842873,,,,,,,,,,,,
106.0,159.0,2.4409017783030857,0.25,nan,32.0,636.0,0.4460926577448845,0.028952757784760585,,,,,,,,,,,,
107.0,200.0,10.191545616742223,0.5,nan,40.0,800.0,10.266241550445557,0.03802547325589245,,,,,,,,,,,,
108.0,112.0,-0.7233722072839737,0.0,nan,24.0,448.0,0.5742107033729553,0.04608817809986476,,,,,,,,,,,,
109.0,200.0,28.10977107523942,0.75,nan,44.0,800.0,16.82486057281494,0.016074633180839015,,,,,,,,,,,,
110.0,200.0,7.6100209656869975,0.25,nan,44.0,800.0,3.452212691307068,0.034889759939252585,,,,,,,,,,,,
111.0,61.0,0.13687469154596324,0.0,nan,16.0,244.0,0.40311387181282043,0.051497410731640304,,,,,,,,,,,,
112.0,200.0,52.34684893679806,0.75,nan,40.0,800.0,30.53568124771118,0.038308071291424994,,,,,,,,,,,,
113.0,100.0,0.23003132045268995,0.0,nan,20.0,400.0,0.41193535178899765,0.07880483951892536,,,,,,,,,,,,
114.0,65.0,0.191849422454834,0.0,nan,16.0,260.0,0.07683508470654488,0.038472774331921755,,,,,,,,,,,,
115.0,120.0,8.914183332095853,0.0,nan,24.0,480.0,3.7601176500320435,0.05081439106075436,,,,,,,,,,,,
116.0,200.0,20.949724215749306,0.75,nan,44.0,800.0,6.741100311279297,0.058445621220272415,,,,,,,,,,,,
117.0,107.0,0.4743861782550812,0.0,nan,24.0,428.0,0.3090105652809143,0.0607287726238539,,,,,,,,,,,,
118.0,200.0,24.20614691956435,0.5,nan,40.0,800.0,9.216008186340332,0.03425045222289924,,,,,,,,,,,,
119.0,200.0,26.19994793000515,0.5,nan,40.0,800.0,17.332826614379883,0.048709067436931264,,,,,,,,,,,,
120.0,71.0,0.1215699815750122,0.0,nan,16.0,284.0,0.14727244153618813,0.07995007359201622,1.0,0.0,0.25,0.25,0.25,1.1596696376800537,-0.0023713111877441406,8.91292915881786,6.0,1.0,114.0,0.960796029344201
121.0,143.0,18.821208004305955,1.0,nan,32.0,572.0,9.921634197235107,0.026142875776828944,,,,,,,,,,,,
122.0,51.0,-0.07611140966415397,0.0,nan,12.0,204.0,0.21670101210474968,0.05475550784919559,,,,,,,,,,,,
123.0,200.0,35.65171373954509,0.75,nan,40.0,800.0,24.26404619216919,0.012891907931564361,,,,,,,,,,,,
124.0,177.0,53.64170585458169,1.0,nan,36.0,708.0,31.48907470703125,0.017611192227992234,,,,,,,,,,,,
125.0,88.0,0.016495556831359698,0.0,nan,20.0,352.0,0.29558195173740387,0.06081442438448903,,,,,,,,,,,,
126.0,66.0,0.042080123871564956,0.0,nan,16.0,264.0,0.49205025285482407,0.059936007668227376,,,,,,,,,,,,
127.0,200.0,23.650661504757593,0.5,nan,44.0,800.0,14.922942161560059,0.071788996585326,,,,,,,,,,,,
128.0,102.0,-0.10995644841343169,0.0,nan,24.0,408.0,0.8339255452156067,0.045087661692321035,,,,,,,,,,,,
129.0,200.0,54.55416922140286,0.75,nan,48.0,800.0,27.405715942382812,0.012255391443407149,,,,,,,,,,,,
130.0,114.0,0.5485892570018764,0.0,nan,24.0,456.0,0.72621950507164,0.07203399022390045,,,,,,,,,,,,
131.0,123.0,3.961038946248591,0.25,nan,28.0,492.0,2.413020431995392,0.05346376112265716,,,,,,,,,,,,
132.0,120.0,1.09057651180774,0.25,nan,24.0,480.0,2.2446970343589783,0.09721590026390459,,,,,,,,,,,,
133.0,140.0,2.9922228418290615,0.25,nan,28.0,560.0,2.0856377482414246,0.025562517105640836,,,,,,,,,,,,
134.0,200.0,30.663952853577218,0.5,nan,44.0,800.0,17.103219032287598,0.03751671565907699,,,,,,,,,,,,
135.0,200.0,0.4869947986677281,0.0,nan,40.0,800.0,0.5538416504859924,0.05347458936445193,,,,,,,,,,,,
136.0,200.0,42.62826598422255,0.75,nan,40.0,800.0,15.537740707397461,0.015371840849540241,,,,,,,,,,,,
137.0,78.0,0.32457880496978764,0.0,nan,16.0,312.0,0.22302911430597305,0.03944558863395997,,,,,,,,,,,,
138.0,200.0,36.23344217809499,0.75,nan,40.0,800.0,24.0680251121521,0.04451718864503107,,,,,,,,,,,,
139.0,68.0,0.27907780081033706,0.0,nan,16.0,272.0,0.44038254022598267,0.04700383249698348,,,,,,,,,,,,
140.0,200.0,4.758702752459794,0.25,nan,40.0,800.0,0.7058353275060654,0.02735156949671591,1.0,0.0,0.5,0.0,0.5,0.6207265853881836,0.8777179718017578,15.349760964680172,10.0,1.0,200.0,5.974074324686079
141.0,200.0,47.43639917328255,0.75,nan,44.0,800.0,16.76888418197632,0.010996862270904906,,,,,,,,,,,,
142.0,149.0,19.37187371215783,0.75,nan,32.0,596.0,8.07165277004242,0.02059417440319189,,,,,,,,,,,,
143.0,98.0,6.864088424497749,0.25,nan,20.0,392.0,3.0158013105392456,0.0816084150851566,,,,,,,,,,,,
144.0,105.0,0.12576831057667726,0.0,nan,24.0,420.0,1.0654882788658142,0.05615110320695749,,,,,,,,,,,,
145.0,200.0,34.91674183290452,0.75,nan,40.0,800.0,13.183544158935547,0.020037643881866574,,,,,,,,,,,,
146.0,109.0,4.89060873299837,0.25,nan,24.0,436.0,2.4122904539108276,0.024478703546743752,,,,,,,,,,,,
147.0,200.0,29.86813185482171,0.75,nan,40.0,800.0,11.402361631393433,0.03628850935401218,,,,,,,,,,,,
148.0,31.0,-0.375558785200119,0.0,nan,8.0,124.0,0.3904835060238838,0.054449839274785784,,,,,,,,,,,,
149.0,24.0,-0.1601419115066528,0.0,nan,8.0,96.0,0.7937210500240326,0.08544046540570586,,,,,,,,,,,,
150.0,56.0,0.5027355337142944,0.0,nan,12.0,224.0,0.2793903201818466,0.027578971539323253,,,,,,,,,,,,
151.0,59.0,0.18799515277147283,0.0,nan,12.0,236.0,0.5616221874952316,0.027823844363942724,,,,,,,,,,,,
152.0,104.0,1.0484314298629762,0.0,nan,24.0,416.0,0.36514879018068314,0.02788145745635795,,,,,,,,,,,,
153.0,103.0,0.07254103615879981,0.0,nan,24.0,412.0,0.9128662645816803,0.025730682586498688,,,,,,,,,,,,
154.0,167.0,8.443732143957165,0.5,nan,36.0,668.0,6.582633972167969,0.022666038806555378,,,,,,,,,,,,
155.0,200.0,41.29061211331285,0.75,nan,40.0,800.0,18.285161018371582,0.012729460088579003,,,,,,,,,,,,
156.0,200.0,46.63534113639181,0.75,nan,44.0,800.0,21.05063009262085,0.012579999205506454,,,,,,,,,,,,
157.0,96.0,2.5082708619162437,0.5,nan,20.0,384.0,0.6641074270009995,0.05584704009632091,,,,,,,,,,,,
158.0,200.0,37.26154557440896,0.75,nan,44.0,800.0,13.755548000335693,0.03332284064202362,,,,,,,,,,,,
159.0,55.0,0.40932450294494627,0.0,nan,12.0,220.0,0.39429380744695663,0.048761635627620724,,,,,,,,,,,,
160.0,200.0,23.75757195352344,1.0,nan,40.0,800.0,21.003910541534424,0.01737369028045066,1.0,0.0,0.0,0.5,0.0,-0.031239569187164307,3.7381463050842285,7.706274828669848,4.0,1.0,77.0,0.15421507537364942
161.0,184.0,42.00166611384136,1.0,nan,40.0,736.0,12.76766300201416,0.01573231349746429,,,,,,,,,,,,
162.0,130.0,0.04140448272228209,0.0,nan,28.0,520.0,0.8300307840108871,0.11262766641601729,,,,,,,,,,,,
163.0,200.0,54.23300663317208,0.75,nan,40.0,800.0,24.616726875305176,0.037665518214765825,,,,,,,,,,,,
164.0,33.0,-0.06630275726318363,0.0,nan,8.0,132.0,0.28869953006505966,0.04101424039841198,,,,,,,,,,,,
165.0,171.0,14.343141788463107,1.0,nan,36.0,684.0,8.036685585975647,0.01609479407031955,,,,,,,,,,,,
166.0,200.0,19.7806684659794,0.75,nan,40.0,800.0,11.075736284255981,0.047321281262810544,,,,,,,,,,,,
167.0,35.0,0.139236843585968,0.0,nan,8.0,140.0,0.2278149463236332,0.08232824351958601,,,,,,,,,,,,
168.0,200.0,37.09453450147994,0.75,nan,40.0,800.0,27.18915843963623,0.019677333330342606,,,,,,,,,,,,
169.0,48.0,0.15917783349752426,0.0,nan,12.0,192.0,0.24723487719893456,0.08591123530981785,,,,,,,,,,,,
170.0,99.0,3.165090891802683,0.25,nan,20.0,396.0,4.629165291786194,0.06857211820167652,,,,,,,,,,,,
171.0,53.0,0.20320541977882373,0.0,nan,12.0,212.0,0.7822774350643158,0.07203580919877943,,,,,,,,,,,,
172.0,66.0,0.750826402902603,0.0,nan,16.0,264.0,0.2828734293580055,0.026093233460555254,,,,,,,,,,,,
173.0,31.0,-0.08160592079162601,0.0,nan,8.0,124.0,0.11966005712747574,0.10714755414752994,,,,,,,,,,,,
174.0,200.0,26.794058615330144,0.75,nan,40.0,800.0,10.462632179260254,0.02852713014985042,,,,,,,,,,,,
175.0,92.0,0.37980199914425605,0.0,nan,20.0,368.0,0.8580215573310852,0.03614654891059388,,,,,,,,,,,,
176.0,142.0,40.310920002964565,1.0,nan,32.0,568.0,27.612215518951416,0.00723347574368205,,,,,,,,,,,,
177.0,72.0,0.11789172247052197,0.0,nan,16.0,288.0,0.5212681144475937,0.04889871217311326,,,,,,,,,,,,
178.0,200.0,63.345897352765306,0.75,nan,40.0,800.0,35.235002517700195,0.01291144734001115,,,,,,,,,,,,
179.0,101.0,0.033906763195991466,0.0,nan,24.0,404.0,0.8429407328367233,0.045475797398097484,,,,,,,,,,,,
180.0,200.0,46.58275504728083,0.5,0.0,40.0,800.0,16.726548194885254,0.0296446342253347,1.0,0.0,0.25,0.5,0.25,-0.06344427168369293,3.3228750228881836,8.17178402074569,5.0,1.0,91.0,1.3171421823650595
181.0,200.0,48.389301816414815,0.75,nan,40.0,800.0,16.15564489364624,0.012013095297794152,,,,,,,,,,,,
182.0,69.0,0.32486489176750194,0.0,nan,16.0,276.0,0.3683321699500084,0.046517900686460334,,,,,,,,,,,,
183.0,58.0,0.31490957260131847,0.0,nan,12.0,232.0,0.43791892379522324,0.050004088634093405,,,,,,,,,,,,
184.0,176.0,21.587969637881038,0.5,nan,36.0,704.0,14.548523902893066,0.02380857503247391,,,,,,,,,,,,
185.0,97.0,2.338699518023059,0.25,nan,20.0,388.0,3.3419440388679504,0.056878387825264554,,,,,,,,,,,,
186.0,200.0,13.855845819413668,0.5,nan,40.0,800.0,6.059918761253357,0.025158529372198757,,,,,,,,,,,,
187.0,200.0,35.65491132229801,0.5,nan,40.0,800.0,18.881701946258545,0.016347874900930037,,,,,,,,,,,,
188.0,42.0,0.1207475888729096,0.0,nan,12.0,168.0,1.1285594403743744,0.027724425887245593,,,,,,,,,,,,
189.0,200.0,48.12196912693036,0.75,nan,44.0,800.0,20.272154808044434,0.01765788636899046,,,,,,,,,,,,
190.0,98.0,1.219170403368771,0.25,nan,20.0,392.0,0.4637148454785347,0.02119077770814215,,,,,,,,,,,,
191.0,200.0,52.99638887828334,0.75,nan,44.0,800.0,14.239284753799438,0.016567094460933518,,,,,,,,,,,,
192.0,53.0,-0.3810220885276794,0.0,nan,12.0,212.0,0.9574000537395477,0.05288366743748843,,,,,,,,,,,,
193.0,200.0,33.493184657569515,0.75,nan,40.0,800.0,9.218234062194824,0.007435427411326911,,,,,,,,,,,,
194.0,200.0,34.15239200307406,0.75,nan,44.0,800.0,13.935447931289673,0.0022894938415971566,,,,,,,,,,,,
195.0,173.0,34.656308295838535,1.0,nan,36.0,692.0,80.32390022277832,0.008659157043616972,,,,,,,,,,,,
196.0,59.0,-0.1261432313919068,0.0,nan,12.0,236.0,0.19398746639490128,0.04733791805283369,,,,,,,,,,,,
197.0,147.0,17.731046838075855,0.5,nan,32.0,588.0,14.596577405929565,0.01911557507062156,,,,,,,,,,,,
198.0,200.0,10.913563359552063,0.25,nan,44.0,800.0,7.713478326797485,0.01839896396549734,,,,,,,,,,,,
199.0,199.0,22.39538860401604,1.0,nan,44.0,796.0,3.2832825779914856,0.01704961711091979,,,,,,,,,,,,
200.0,200.0,36.262783492374005,0.75,0.0,48.0,800.0,4.4215638637542725,0.01454463145194751,1.0,0.0,0.75,0.0,0.75,3.0938448905944824,2.8851571083068848,13.280195901157185,11.0,1.0,200.0,29.43355054787826
201.0,200.0,37.0355646453216,0.5,nan,44.0,800.0,12.937791109085083,0.008925473454709731,,,,,,,,,,,,
202.0,200.0,12.63934840445872,0.5,nan,40.0,800.0,3.5999720096588135,0.023946674452688832,,,,,,,,,,,,
203.0,53.0,-0.005889682769775292,0.0,nan,12.0,212.0,0.5722515136003494,0.050676979783535026,,,,,,,,,,,,
204.0,36.0,-0.15620811939239504,0.0,nan,8.0,144.0,1.0850124061107635,0.04484327499758874,,,,,,,,,,,,
205.0,58.0,0.3027625572681428,0.0,nan,12.0,232.0,1.534754365682602,0.11030923573425438,,,,,,,,,,,,
206.0,200.0,34.900358575652355,0.75,nan,52.0,800.0,14.15257215499878,0.01853541818114124,,,,,,,,,,,,
207.0,169.0,7.847794417515396,1.0,nan,36.0,676.0,2.358465015888214,0.01030592401756536,,,,,,,,,,,,
208.0,200.0,29.547918848146217,0.75,nan,40.0,800.0,13.285620927810669,0.012886842943844456,,,,,,,,,,,,
209.0,200.0,20.989340957021344,0.25,nan,40.0,800.0,7.358050584793091,0.019215375276374402,,,,,,,,,,,,
210.0,152.0,2.7600610221922395,0.25,nan,32.0,608.0,2.044194459915161,0.04460650493635576,,,,,,,,,,,,
211.0,200.0,19.47343775285408,0.5,nan,40.0,800.0,19.09562873840332,0.02487397024983995,,,,,,,,,,,,
212.0,71.0,0.5640981355309485,0.0,nan,16.0,284.0,2.389395773410797,0.04239480232030246,,,,,,,,,,,,
213.0,200.0,24.63399954886409,0.75,nan,44.0,800.0,3.5410284399986267,0.009323688652158602,,,,,,,,,,,,
214.0,200.0,42.20207416472258,0.75,nan,44.0,800.0,7.6149375438690186,0.004773551882077953,,,,,,,,,,,,
215.0,154.0,26.162593214949595,1.0,nan,32.0,616.0,18.87834882736206,0.008484510649830107,,,,,,,,,,,,
216.0,118.0,14.827262413902211,0.25,nan,24.0,472.0,8.479960680007935,0.031430253064026914,,,,,,,,,,,,
217.0,163.0,24.80912412107457,1.0,nan,36.0,652.0,10.846876621246338,0.008184612614178022,,,,,,,,,,,,
218.0,157.0,7.567882569769861,0.5,nan,32.0,628.0,2.0495961606502533,0.031237655980406398,,,,,,,,,,,,
219.0,151.0,18.653019987102596,1.0,nan,32.0,604.0,9.015045642852783,0.013769724451320187,,,,,,,,,,,,
220.0,200.0,39.52927410618868,0.75,0.0,40.0,800.0,13.297196388244629,0.010064309900812418,1.0,0.0,0.75,0.0,0.75,0.28219112753868103,0.1125568151473999,11.593788264857722,10.0,1.0,200.0,32.20803934239666
221.0,200.0,40.96428423415492,0.75,nan,40.0,800.0,19.7635760307312,0.006174083084193871,,,,,,,,,,,,
222.0,200.0,48.65672152031621,0.75,nan,44.0,800.0,9.025646209716797,0.005167514404796236,,,,,,,,,,,,
223.0,165.0,38.378660313365984,1.0,nan,36.0,660.0,7.28341817855835,0.01168368875619663,,,,,,,,,,,,
224.0,200.0,17.730957703955937,0.75,nan,40.0,800.0,8.719950437545776,0.05148642042394247,,,,,,,,,,,,
225.0,38.0,0.09083587050437932,0.0,nan,8.0,152.0,2.4023104310035706,0.02589482261913645,,,,,,,,,,,,
226.0,200.0,39.427602508018026,0.75,nan,44.0,800.0,26.540756225585938,0.006043283791928644,,,,,,,,,,,,
227.0,171.0,31.16257727406687,1.0,nan,36.0,684.0,12.255385160446167,0.06671234125852266,,,,,,,,,,,,
228.0,45.0,-0.12684029936790467,0.0,nan,12.0,180.0,2.6316848397254944,0.05715719167513574,,,,,,,,,,,,
229.0,200.0,13.183446029759942,1.0,nan,40.0,800.0,6.04563581943512,0.009844939793179464,,,,,,,,,,,,
230.0,37.0,-0.19889269888401023,0.0,nan,8.0,148.0,0.9404873698949814,0.11684717108980565,,,,,,,,,,,,
231.0,65.0,0.3441196620464325,0.0,nan,16.0,260.0,3.247412621974945,0.018943572720068858,,,,,,,,,,,,
232.0,200.0,47.492771115532385,0.75,nan,40.0,800.0,18.22449827194214,0.0016085881163681037,,,,,,,,,,,,
233.0,76.0,-0.10247238636016848,0.0,nan,16.0,304.0,3.0961323976516724,0.06453700775777804,,,,,,,,,,,,
234.0,113.0,0.46954707920551303,0.0,nan,24.0,452.0,2.1517547369003296,0.036549413445326806,,,,,,,,,,,,
235.0,80.0,0.4361943915486335,0.0,nan,16.0,320.0,2.490677773952484,0.015563502005306873,,,,,,,,,,,,
236.0,169.0,29.28487308140845,1.0,nan,36.0,676.0,23.657041549682617,0.011493510918095695,,,,,,,,,,,,
237.0,43.0,0.4118053865432739,0.0,nan,12.0,172.0,2.4989731311798096,0.054053561651778374,,,,,,,,,,,,
238.0,88.0,1.7028668203204866,0.25,nan,20.0,352.0,1.4522504806518555,0.03789337832202477,,,,,,,,,,,,
239.0,71.0,0.2801835083961485,0.0,nan,16.0,284.0,0.8716254681348801,0.015457783294772875,,,,,,,,,,,,
240.0,117.0,0.21193551003932945,0.0,0.0,24.0,468.0,1.5232000350952148,0.06666618520634593,1.0,0.0,0.0,0.5,0.0,-0.009897470474243164,2.7466375827789307,7.603811056585982,4.0,1.0,65.0,0.327201922237873
241.0,200.0,35.28625642084518,0.5,nan,40.0,800.0,10.29294228553772,0.019418500647718773,,,,,,,,,,,,
242.0,55.0,-0.015568938851356462,0.0,nan,12.0,220.0,1.1560779809951782,0.03688078281041023,,,,,,,,,,,,
243.0,192.0,49.065283820400964,1.0,nan,40.0,768.0,12.397861957550049,0.017296411532789602,,,,,,,,,,,,
244.0,165.0,4.676810286520048,0.5,nan,36.0,660.0,1.9302120208740234,0.03891920084430467,,,,,,,,,,,,
245.0,132.0,0.7050859698280691,0.25,nan,28.0,528.0,1.9768657088279724,0.05541004472596445,,,,,,,,,,,,
246.0,123.0,5.239568316452205,0.5,nan,28.0,492.0,1.9840299487113953,0.030203118881118485,,,,,,,,,,,,
247.0,163.0,24.929637940768153,1.0,nan,36.0,652.0,24.86433982849121,0.010198060920021845,,,,,,,,,,,,
248.0,200.0,10.872749196551736,0.5,nan,44.0,800.0,3.4859232306480408,0.015438406683374595,,,,,,,,,,,,
249.0,200.0,39.85697656376288,0.75,nan,40.0,800.0,17.183550357818604,0.025923809078211013,,,,,,,,,,,,
250.0,40.0,-0.31707357168197636,0.0,nan,12.0,160.0,0.5865389704704285,0.051558328004564655,,,,,,,,,,,,
251.0,200.0,13.828831365588119,0.75,nan,44.0,800.0,2.4562812447547913,0.01823913362110785,,,,,,,,,,,,
252.0,200.0,23.768622123682874,0.75,nan,40.0,800.0,13.136282920837402,0.020717248552760026,,,,,,,,,,,,
253.0,84.0,0.12760281324386608,0.0,nan,20.0,336.0,2.696477770805359,0.03663578650199639,,,,,,,,,,,,
254.0,195.0,25.125211601681077,1.0,nan,40.0,780.0,6.725624442100525,0.03433637710011794,,,,,,,,,,,,
255.0,200.0,6.203389537148176,0.25,nan,40.0,800.0,1.1099298298358917,0.02123478159781733,,,,,,,,,,,,
256.0,192.0,31.954011788587103,1.0,nan,40.0,768.0,8.70936131477356,0.014427239719708496,,,,,,,,,,,,
257.0,178.0,16.685343547426164,1.0,nan,36.0,712.0,6.950929522514343,0.02431867965377177,,,,,,,,,,,,
258.0,43.0,-0.1432564693689346,0.0,nan,12.0,172.0,2.6231433749198914,0.152265069423794,,,,,,,,,,,,
259.0,65.0,0.6980627015233039,0.0,nan,16.0,260.0,0.8907518088817596,0.013417368549248465,,,,,,,,,,,,
260.0,45.0,0.24513383656740184,0.0,0.0,12.0,180.0,3.1000932455062866,0.04509304759287463,1.0,0.0,0.25,0.0,0.25,2.3976316452026367,0.1776515245437622,16.08131812114152,11.0,1.0,200.0,11.711599718069191
261.0,200.0,44.27999163797358,0.75,nan,40.0,800.0,10.319972038269043,0.015203276010211653,,,,,,,,,,,,
262.0,180.0,25.11932482918491,1.0,nan,36.0,720.0,7.391594886779785,0.0338054608284013,,,,,,,,,,,,
263.0,200.0,34.92417524959892,0.75,nan,44.0,800.0,5.126593589782715,0.016645935985017957,,,,,,,,,,,,
264.0,200.0,67.64233774018359,0.75,nan,40.0,800.0,17.302030563354492,0.01077321519892327,,,,,,,,,,,,
265.0,200.0,28.75866212777328,1.0,nan,40.0,800.0,7.005276203155518,0.006045103213679903,,,,,,,,,,,,
266.0,84.0,0.19212529364973294,0.0,nan,20.0,336.0,3.8704137206077576,0.039028850177018626,,,,,,,,,,,,
267.0,200.0,31.899298913439274,0.75,nan,40.0,800.0,8.371655225753784,0.017431481432200968,,,,,,,,,,,,
268.0,200.0,27.55739490395645,0.75,nan,44.0,800.0,5.4490519762039185,0.0623076800497806,,,,,,,,,,,,
269.0,39.0,-0.16536217570304873,0.0,nan,8.0,156.0,1.4381088018417358,0.05240168105242068,,,,,,,,,,,,
270.0,200.0,89.70703133148494,0.75,nan,40.0,800.0,23.744112491607666,0.019617762004841915,,,,,,,,,,,,
271.0,57.0,-0.015093166828155452,0.0,nan,12.0,228.0,1.5797845125198364,0.03263000807644682,,,,,,,,,,,,
272.0,200.0,13.434161079046321,0.25,nan,40.0,800.0,3.979353427886963,0.07268561040775978,,,,,,,,,,,,
273.0,200.0,49.13282609632009,0.75,nan,44.0,800.0,14.9015953540802,0.005010515753877343,,,,,,,,,,,,
274.0,73.0,0.2535584059357644,0.0,nan,16.0,292.0,3.054678797721863,0.039775681053043854,,,,,,,,,,,,
275.0,200.0,33.46158611356805,0.75,nan,44.0,800.0,6.954945921897888,0.01443704593707551,,,,,,,,,,,,
276.0,58.0,-0.1732399898767471,0.0,nan,12.0,232.0,2.3525224924087524,0.040766523050289855,,,,,,,,,,,,
277.0,200.0,35.55740510008182,0.75,nan,40.0,800.0,12.697353839874268,0.021579477182532614,,,,,,,,,,,,
278.0,50.0,0.19489687383174903,0.0,nan,12.0,200.0,1.8981803059577942,0.04836293847126853,,,,,,,,,,,,
279.0,200.0,33.33007812026191,0.75,nan,44.0,800.0,17.46513795852661,0.008446939949489973,,,,,,,,,,,,
280.0,200.0,42.13040513266461,0.75,0.0,44.0,800.0,12.425639152526855,0.02627008200729719,1.0,0.0,0.0,0.5,0.0,-0.1503664255142212,3.353621482849121,7.39155590289738,4.0,1.0,62.0,0.3254381227493286
281.0,146.0,48.26934844331469,1.0,nan,36.0,584.0,15.774472713470459,0.006025764327628913,,,,,,,,,,,,
282.0,167.0,5.151183964191005,0.5,nan,36.0,668.0,1.6027050614356995,0.033105216204774024,,,,,,,,,,,,
283.0,81.0,4.707848474648781,0.25,nan,20.0,324.0,2.7941657304763794,0.027406036879265905,,,,,,,,,,,,
284.0,200.0,25.295742457103916,0.75,nan,44.0,800.0,8.087311387062073,0.0257164166899142,,,,,,,,,,,,
285.0,191.0,66.85292270155102,1.0,nan,40.0,764.0,22.778396129608154,0.006589479907589596,,,,,,,,,,,,
286.0,46.0,-0.19748826235532763,0.0,nan,12.0,184.0,2.2180410623550415,0.030703200639199287,,,,,,,,,,,,
287.0,200.0,4.067547040665523,0.5,nan,44.0,800.0,2.3853525519371033,0.03250500410994306,,,,,,,,,,,,
288.0,161.0,21.086175800188215,0.5,nan,36.0,644.0,9.276720523834229,0.030542516928921515,,,,,,,,,,,,
289.0,200.0,6.749317259527742,0.25,nan,40.0,800.0,11.345284223556519,0.03827802505589695,,,,,,,,,,,,
290.0,143.0,22.99414127634838,1.0,nan,32.0,572.0,7.081835150718689,0.027055712361168105,,,,,,,,,,,,
291.0,53.0,-0.01942703343927854,0.0,nan,12.0,212.0,2.8896944522857666,0.06695858033349138,,,,,,,,,,,,
292.0,66.0,4.563652034997939,0.5,nan,16.0,264.0,3.4580076336860657,0.04628433822705347,,,,,,,,,,,,
293.0,59.0,0.39106060028076184,0.0,nan,12.0,236.0,0.42518094927072525,0.01597798306223396,,,,,,,,,,,,
294.0,93.0,0.418008322715759,0.0,nan,20.0,372.0,0.5211611092090607,0.0383575124179405,,,,,,,,,,,,
295.0,200.0,33.37348738408182,0.75,nan,40.0,800.0,13.24626898765564,0.0249220855394654,,,,,,,,,,,,
296.0,192.0,46.1161206513364,1.0,nan,40.0,768.0,27.340890407562256,0.013793825882519428,,,,,,,,,,,,
297.0,92.0,0.34152315139770517,0.0,nan,20.0,368.0,0.7950415909290314,0.05068788712899419,,,,,,,,,,,,
298.0,49.0,-0.17560868501663202,0.0,nan,12.0,196.0,2.088809549808502,0.012816649690344836,,,,,,,,,,,,
299.0,200.0,37.68233911428835,0.75,nan,44.0,800.0,13.173155307769775,0.01587816717961399,,,,,,,,,,,,
300.0,139.0,6.968670548489316,0.5,0.0,28.0,556.0,1.6364883184432983,0.0314752470963251,1.0,0.0,0.75,0.0,0.75,0.30481424927711487,3.340376853942871,12.525664480919659,12.0,1.0,200.0,34.75829581849103
301.0,200.0,45.91450951108274,0.75,nan,68.0,800.0,5.094904154539108,0.012705767407695134,,,,,,,,,,,,
302.0,200.0,43.57350465785713,0.5,nan,44.0,800.0,10.632787227630615,0.012812928929740508,,,,,,,,,,,,
303.0,80.0,-0.2411993645131587,0.0,nan,16.0,320.0,3.3226338028907776,0.029492239463380088,,,,,,,,,,,,
304.0,200.0,65.69502675555415,0.75,nan,40.0,800.0,16.49235200881958,0.005965940578697371,,,,,,,,,,,,
305.0,200.0,58.919870455190576,0.75,nan,44.0,800.0,11.5244460105896,0.009173753085029546,,,,,,,,,,,,
306.0,200.0,28.562268078792854,0.75,nan,44.0,800.0,3.8554378747940063,0.013633713765614175,,,,,,,,,,,,
307.0,79.0,12.823758861273525,0.5,nan,20.0,316.0,1.359416127204895,0.04312130708053885,,,,,,,,,,,,
308.0,200.0,33.41671711691888,0.75,nan,44.0,800.0,7.411056399345398,0.02081185087167725,,,,,,,,,,,,
309.0,200.0,15.272106666537,0.75,nan,44.0,800.0,3.7643990516662598,0.040554314850751894,,,,,,,,,,,,
310.0,200.0,37.519264677353206,0.5,nan,40.0,800.0,40.70145225524902,0.029877549094594613,,,,,,,,,,,,
311.0,164.0,17.297492854334415,1.0,nan,36.0,656.0,8.861941576004028,0.01525939622163719,,,,,,,,,,,,
312.0,56.0,-0.00484152793884271,0.0,nan,12.0,224.0,1.4658770859241486,0.02903330546262493,,,,,,,,,,,,
313.0,160.0,25.86594984696712,0.5,nan,32.0,640.0,10.50174331665039,0.010686562708707825,,,,,,,,,,,,
314.0,200.0,11.974515118543055,0.75,nan,40.0,800.0,7.354313135147095,0.018711985837420286,,,,,,,,,,,,
315.0,145.0,7.0451173165580245,0.5,nan,32.0,580.0,7.8874571323394775,0.02619719932842557,,,,,,,,,,,,
316.0,45.0,-0.1191544651985169,0.0,nan,12.0,180.0,3.490985333919525,0.14729189440705504,,,,,,,,,,,,
317.0,200.0,47.72128735648003,0.75,nan,60.0,800.0,7.757885217666626,0.02417374273190287,,,,,,,,,,,,
318.0,32.0,-0.1823174548149109,0.0,nan,8.0,128.0,3.409054934978485,0.07437989116533572,,,,,,,,,,,,
319.0,200.0,51.57153919838602,0.75,nan,48.0,800.0,6.219065189361572,0.024135832030964366,,,,,,,,,,,,
320.0,200.0,36.313657721597714,0.75,0.0,44.0,800.0,8.594377279281616,0.012360740435788387,1.0,0.0,0.0,0.5,0.0,-0.027244240045547485,3.3160080909729004,8.121326031483477,4.0,1.0,78.0,0.1613741916418073
321.0,200.0,26.05268232950475,0.75,nan,44.0,800.0,5.240495681762695,0.09244500412287948,,,,,,,,,,,,
322.0,200.0,15.419840190606191,0.75,nan,40.0,800.0,8.64797592163086,0.030384238615803194,,,,,,,,,,,,
323.0,195.0,26.506315011298277,1.0,nan,40.0,780.0,4.642740607261658,0.009902630053208128,,,,,,,,,,,,
324.0,200.0,2.9313155980780725,0.5,nan,40.0,800.0,1.3035151362419128,0.02291336635929042,,,,,,,,,,,,
325.0,200.0,37.21725127454847,0.75,nan,44.0,800.0,10.142765760421753,0.023322508093315264,,,,,,,,,,,,
326.0,84.0,0.5183108505234122,0.25,nan,20.0,336.0,4.097263336181641,0.02412707540728043,,,,,,,,,,,,
327.0,93.0,0.4255179029703138,0.0,nan,20.0,372.0,1.926012009382248,0.12511653010252388,,,,,,,,,,,,
328.0,84.0,0.4461858472228047,0.0,nan,20.0,336.0,3.799368381500244,0.021463415712918543,,,,,,,,,,,,
329.0,200.0,49.96729626243469,0.75,nan,52.0,800.0,9.927286148071289,0.010307431368077546,,,,,,,,,,,,
330.0,136.0,0.6051268884539605,0.0,nan,28.0,544.0,1.7234757244586945,0.02570218981714767,,,,,,,,,,,,
331.0,200.0,46.878395191728515,0.75,nan,40.0,800.0,13.266915321350098,0.013601315856583085,,,,,,,,,,,,
332.0,194.0,49.71164512682243,0.75,nan,44.0,776.0,11.548383474349976,0.012973260652103136,,,,,,,,,,,,
333.0,200.0,38.875427598436374,0.75,nan,48.0,800.0,9.173466444015503,0.03659198008818798,,,,,,,,,,,,
334.0,200.0,23.772062157787886,0.75,nan,40.0,800.0,21.04744863510132,0.02323832363648748,,,,,,,,,,,,
335.0,200.0,4.773484199028461,0.5,nan,44.0,800.0,4.255004525184631,0.025733655138386213,,,,,,,,,,,,
336.0,116.0,0.23182317480444922,0.0,nan,24.0,464.0,4.528973460197449,0.05009590686495535,,,,,,,,,,,,
337.0,200.0,25.91320757322247,0.75,nan,44.0,800.0,11.010526895523071,0.004675994622727941,,,,,,,,,,,,
338.0,111.0,9.883689499190076,0.5,nan,24.0,444.0,3.227906882762909,0.02186783908227305,,,,,,,,,,,,
339.0,200.0,67.21732577624502,0.75,nan,76.0,800.0,8.53566426038742,0.015098996272151055,,,,,,,,,,,,
340.0,200.0,44.12658554897645,0.75,0.0,44.0,800.0,11.743017196655273,0.016179810311937715,1.0,0.0,0.75,0.0,0.75,0.09470343589782715,1.9846155643463135,12.344955943686728,11.0,1.0,200.0,27.929029054392593
341.0,45.0,1.3795847911387682,0.25,nan,12.0,180.0,1.0464057922363281,0.024905186602841745,,,,,,,,,,,,
342.0,196.0,46.31471745640215,1.0,nan,44.0,784.0,6.511027455329895,0.005046075267735706,,,,,,,,,,,,
343.0,137.0,20.22506021597772,0.5,nan,28.0,548.0,10.570781230926514,0.030587774877139262,,,,,,,,,,,,
344.0,200.0,30.08122941330076,0.75,nan,40.0,800.0,7.068209290504456,0.010547549300657488,,,,,,,,,,,,
345.0,44.0,-0.17494835793972013,0.0,nan,12.0,176.0,4.854292869567871,0.023973103455639168,,,,,,,,,,,,
346.0,101.0,-0.3241536087729036,0.0,nan,24.0,404.0,5.356650948524475,0.08818870117763988,,,,,,,,,,,,
347.0,200.0,16.550600242102522,0.5,nan,44.0,800.0,6.063704013824463,0.02166807283177974,,,,,,,,,,,,
348.0,58.0,0.22214368402957926,0.0,nan,12.0,232.0,1.5769663453102112,0.0292153823273597,,,,,,,,,,,,
349.0,45.0,1.7764638720080255,0.25,nan,12.0,180.0,0.9287032634019852,0.13522595400851414,,,,,,,,,,,,
350.0,200.0,7.518373138923198,0.5,nan,44.0,800.0,6.597685933113098,0.03154017263386777,,,,,,,,,,,,
351.0,88.0,-0.13430708229541802,0.0,nan,20.0,352.0,4.874223947525024,0.0784284557060142,,,,,,,,,,,,
352.0,180.0,27.839573333202868,0.25,nan,36.0,720.0,4.848931550979614,0.013858009708414887,,,,,,,,,,,,
353.0,32.0,-0.17962340570986268,0.0,nan,8.0,128.0,4.263537764549255,0.04114983774894654,,,,,,,,,,,,
354.0,128.0,21.73235427311622,1.0,nan,28.0,512.0,3.22268807888031,0.019000637549197563,,,,,,,,,,,,
355.0,200.0,39.74701630820057,0.75,nan,44.0,800.0,9.540273427963257,0.01457564000446987,,,,,,,,,,,,
356.0,65.0,0.20302450358867635,0.0,nan,16.0,260.0,2.7450332045555115,0.04648678870537282,,,,,,,,,,,,
357.0,200.0,43.02297565829943,0.75,nan,44.0,800.0,8.127938032150269,0.009778051563756662,,,,,,,,,,,,
358.0,169.0,28.804915590831087,1.0,nan,36.0,676.0,11.009148597717285,0.017235818621021082,,,,,,,,,,,,
359.0,189.0,57.586945044327315,1.0,nan,40.0,756.0,29.74265480041504,0.03042944934992342,,,,,,,,,,,,
360.0,200.0,47.856360945897194,0.75,0.0,40.0,800.0,12.760470390319824,0.008647216408533609,1.0,0.0,0.5,0.0,0.5,0.04169553518295288,3.179873466491699,12.147336511499816,10.0,1.0,200.0,34.667836866318254
361.0,54.0,0.07671404838562017,0.0,nan,12.0,216.0,1.0312549471855164,0.015083198992649025,,,,,,,,,,,,
362.0,168.0,20.115706488098947,0.5,nan,36.0,672.0,29.22803258895874,0.02484073650086316,,,,,,,,,,,,
363.0,60.0,-0.4212144494056702,0.0,nan,16.0,240.0,2.5722938776016235,0.06880363307503216,,,,,,,,,,,,
364.0,186.0,56.285816745361686,1.0,nan,44.0,744.0,17.06502056121826,0.010712600339160439,,,,,,,,,,,,
365.0,200.0,51.22336365116065,1.0,nan,44.0,800.0,9.497866868972778,0.013277936168478277,,,,,,,,,,,,
366.0,108.0,1.607613294273615,0.5,nan,24.0,432.0,2.3172528743743896,0.03040082326086946,,,,,,,,,,,,
367.0,200.0,30.187685989448816,0.75,nan,40.0,800.0,8.268413305282593,0.020059421582651282,,,,,,,,,,,,
368.0,200.0,52.98496321756393,0.75,nan,48.0,800.0,7.439990401268005,0.007486567973788993,,,,,,,,,,,,
369.0,102.0,2.2479980414686724,0.0,nan,24.0,408.0,1.0714040100574493,0.017643988799584953,,,,,,,,,,,,
370.0,58.0,0.028147421479225207,0.0,nan,12.0,232.0,2.190294325351715,0.03424976129696429,,,,,,,,,,,,
371.0,76.0,0.26372115775942806,0.0,nan,16.0,304.0,3.1945525407791138,0.04259830107829621,,,,,,,,,,,,
372.0,200.0,8.450440171035009,0.25,nan,40.0,800.0,27.11814832687378,0.04537021080762571,,,,,,,,,,,,
373.0,200.0,21.657831886783242,0.5,nan,40.0,800.0,12.127734899520874,0.018528758138259604,,,,,,,,,,,,
374.0,46.0,-0.17410974860191344,0.0,nan,12.0,184.0,1.8957076668739319,0.020830611855864805,,,,,,,,,,,,
375.0,193.0,50.64434183622245,1.0,nan,44.0,772.0,7.81446897983551,0.016568955184837364,,,,,,,,,,,,
376.0,200.0,30.147483437764464,1.0,nan,44.0,800.0,5.603621244430542,0.026582399167352833,,,,,,,,,,,,
377.0,88.0,0.8473445010185244,0.0,nan,20.0,352.0,1.7195357084274292,0.02837405261151371,,,,,,,,,,,,
378.0,200.0,15.729759733006361,0.25,nan,44.0,800.0,4.148380279541016,0.02637760724009569,,,,,,,,,,,,
379.0,200.0,51.93459242098035,0.75,nan,44.0,800.0,5.589753746986389,0.013333949467693174,,,,,,,,,,,,
380.0,200.0,3.4648047979921106,0.25,0.0,40.0,800.0,0.994487538933754,0.04339327811020155,1.0,0.0,0.25,0.25,0.25,0.2886534631252289,-0.01797342300415039,9.918812011543196,6.0,1.0,117.0,2.15379714846611
381.0,200.0,44.309742655605085,0.75,nan,40.0,800.0,8.813427209854126,0.01634635640828619,,,,,,,,,,,,
382.0,191.0,30.141828423608107,1.0,nan,40.0,764.0,12.308239936828613,0.012555166436669651,,,,,,,,,,,,
383.0,112.0,1.0271322648227217,0.25,nan,24.0,448.0,1.669494390487671,0.03555820936674281,,,,,,,,,,,,
384.0,200.0,69.72624831399882,0.75,nan,44.0,800.0,18.784831523895264,0.0020407046190733524,,,,,,,,,,,,
385.0,200.0,31.78767721856129,0.75,nan,44.0,800.0,10.787210702896118,0.009991711137779191,,,,,,,,,,,,
386.0,200.0,26.207383842905994,0.75,nan,44.0,800.0,12.449992656707764,0.022365485156225162,,,,,,,,,,,,
387.0,200.0,23.45506532019936,0.75,nan,40.0,800.0,7.367741942405701,0.008505985974527341,,,,,,,,,,,,
388.0,200.0,2.451951189246028,0.25,nan,44.0,800.0,2.9763967394828796,0.018231929249644452,,,,,,,,,,,,
389.0,66.0,0.18474699050188081,0.0,nan,16.0,264.0,2.3850722312927246,0.08259054812117483,,,,,,,,,,,,
390.0,200.0,38.8940061276546,0.75,nan,44.0,800.0,11.369575500488281,0.009781332973755053,,,,,,,,,,,,
391.0,175.0,27.19281867810642,1.0,nan,36.0,700.0,25.598246574401855,0.018466726339919415,,,,,,,,,,,,
392.0,200.0,30.667324265511716,0.75,nan,44.0,800.0,11.238332986831665,0.014928124896695039,,,,,,,,,,,,
393.0,200.0,9.52135332273319,0.75,nan,40.0,800.0,2.391587018966675,0.028653396201689496,,,,,,,,,,,,
394.0,200.0,24.248208828456704,0.75,nan,44.0,800.0,6.876824617385864,0.010453269607687332,,,,,,,,,,,,
395.0,200.0,12.173693200375418,0.75,nan,40.0,800.0,1.6815881133079529,0.03552899445330526,,,,,,,,,,,,
396.0,149.0,7.3315095248073305,0.25,nan,32.0,596.0,5.621493816375732,0.020115171344546268,,,,,,,,,,,,
397.0,77.0,0.6465740709751844,0.0,nan,16.0,308.0,0.8908643573522568,0.05045263637889574,,,,,,,,,,,,
398.0,200.0,26.996632478269742,0.75,nan,44.0,800.0,3.6494420170783997,0.021663795450285406,,,,,,,,,,,,
399.0,56.0,-0.06185925960540761,0.0,nan,12.0,224.0,0.5778164267539978,0.035243801375641634,,,,,,,,,,,,
400.0,200.0,46.30739696478705,0.75,0.2,44.0,800.0,11.491091012954712,0.03174538443348496,1.0,1.0,1.0,0.0,1.0,0.27510499954223633,3.2898011207580566,13.481930746283979,10.0,1.0,196.0,26.336549227694057
401.0,91.0,1.9579261829704049,0.25,nan,20.0,364.0,1.2659954726696014,0.03863673785513977,,,,,,,,,,,,
402.0,200.0,29.787659375229858,0.5,nan,44.0,800.0,9.685118913650513,0.0044895671378659685,,,,,,,,,,,,
403.0,175.0,48.844267809519096,1.0,nan,48.0,700.0,6.609432101249695,0.01825066189802982,,,,,,,,,,,,
404.0,200.0,19.1336080043111,0.75,nan,44.0,800.0,2.97180837392807,0.023841692520141677,,,,,,,,,,,,
405.0,81.0,0.24303633175790287,0.0,nan,20.0,324.0,2.799157679080963,0.026568127769339478,,,,,,,,,,,,
406.0,200.0,37.67774945471902,0.75,nan,44.0,800.0,21.5995135307312,0.029754042779431167,,,,,,,,,,,,
407.0,200.0,15.14964471654966,1.0,nan,40.0,800.0,4.08905303478241,0.05472449828103265,,,,,,,,,,,,
408.0,177.0,21.401852108463643,1.0,nan,36.0,708.0,9.531468391418457,0.04901633740918854,,,,,,,,,,,,
409.0,200.0,43.30626746560448,0.5,nan,40.0,800.0,10.591605186462402,0.028689788788677895,,,,,,,,,,,,
410.0,43.0,0.0609892082214355,0.0,nan,12.0,172.0,0.838450089097023,0.10570487286447111,,,,,,,,,,,,
411.0,200.0,21.801478877291085,0.75,nan,40.0,800.0,4.505129337310791,0.03140631218853729,,,,,,,,,,,,
412.0,200.0,21.090882722847162,1.0,nan,40.0,800.0,18.634713649749756,0.015308285406348432,,,,,,,,,,,,
413.0,192.0,14.380548552256073,1.0,nan,40.0,768.0,2.6251877546310425,0.045056945453055164,,,,,,,,,,,,
414.0,200.0,25.756564331217678,0.75,nan,40.0,800.0,15.402139663696289,0.06435757338484649,,,,,,,,,,,,
415.0,200.0,29.524384759319954,0.5,nan,40.0,800.0,7.198176383972168,0.04006101799772743,,,,,,,,,,,,
416.0,188.0,30.6480759545276,1.0,nan,40.0,752.0,5.659820079803467,0.011022771754571364,,,,,,,,,,,,
417.0,200.0,43.27691399346805,0.75,nan,40.0,800.0,20.944602012634277,0.023731507680397,,,,,,,,,,,,
418.0,62.0,0.07892088770866407,0.0,nan,16.0,248.0,1.216801106929779,0.029702142036263292,,,,,,,,,,,,
419.0,62.0,-0.2165933203697205,0.0,nan,16.0,248.0,2.0969832241535187,0.013658507254767242,,,,,,,,,,,,
420.0,200.0,32.15101713286715,0.75,0.2,44.0,800.0,9.582754373550415,0.01897877992538355,1.0,0.0,0.25,0.5,0.25,-0.015539377927780151,3.334230899810791,6.804823299509735,5.0,1.0,86.0,0.1373893344402313
421.0,181.0,0.37308456297963827,0.0,nan,40.0,724.0,4.6555540561676025,0.04103458490174283,,,,,,,,,,,,
422.0,200.0,17.583782340475594,0.5,nan,40.0,800.0,3.804845094680786,0.1509843852293793,,,,,,,,,,,,
423.0,75.0,0.1486524939537049,0.0,nan,16.0,300.0,0.38626743108034134,0.017485068846760266,,,,,,,,,,,,
424.0,200.0,32.99078715732321,0.75,nan,40.0,800.0,16.54716730117798,0.03326791521388106,,,,,,,,,,,,
425.0,200.0,25.38158168110531,0.75,nan,44.0,800.0,4.575224757194519,0.01737425286804406,,,,,,,,,,,,
426.0,137.0,12.159078185315305,0.5,nan,28.0,548.0,13.775827646255493,0.01076493752457619,,,,,,,,,,,,
427.0,200.0,47.725429595977786,0.75,nan,52.0,800.0,10.728375911712646,0.007178115730830936,,,,,,,,,,,,
428.0,149.0,4.277724493145941,0.0,nan,32.0,596.0,4.830460786819458,0.014686090013587005,,,,,,,,,,,,
429.0,72.0,3.026516719833016,0.25,nan,16.0,288.0,2.374560058116913,0.04506823117864722,,,,,,,,,,,,
430.0,200.0,40.239363789092764,0.75,nan,44.0,800.0,7.8960137367248535,0.013260799886235741,,,,,,,,,,,,
431.0,200.0,9.968724380823545,0.25,nan,44.0,800.0,3.7639626264572144,0.12211861507597721,,,,,,,,,,,,
432.0,54.0,0.5173594093322754,0.0,nan,12.0,216.0,0.6967010498046875,0.01930399528807222,,,,,,,,,,,,
433.0,66.0,3.686199205238371,0.25,nan,16.0,264.0,2.9564406871795654,0.020312670332918614,,,,,,,,,,,,
434.0,200.0,11.79210120374337,0.5,nan,44.0,800.0,3.8494215607643127,0.0313724528596282,,,,,,,,,,,,
435.0,200.0,25.772735044918957,0.75,nan,44.0,800.0,5.422060132026672,0.02145593006239821,,,,,,,,,,,,
436.0,200.0,4.051004782319069,0.5,nan,40.0,800.0,2.534932255744934,0.01328040077307957,,,,,,,,,,,,
437.0,200.0,16.366216741269454,1.0,nan,44.0,800.0,10.232696056365967,0.017714568711129086,,,,,,,,,,,,
438.0,153.0,12.375762081127611,0.5,nan,32.0,612.0,3.6319416165351868,0.01690982264908536,,,,,,,,,,,,
439.0,92.0,0.010064651370048597,0.0,nan,24.0,368.0,2.6598691940307617,0.04108624132802419,,,,,,,,,,,,
440.0,200.0,0.5734291397035123,0.25,0.2,40.0,800.0,3.1812793016433716,0.026126523841149996,1.0,0.0,0.0,0.5,0.0,-0.005433931946754456,3.4970741271972656,6.573018583119847,4.0,1.0,70.0,0.1051141884177923
441.0,78.0,-0.018055515289306573,0.0,nan,16.0,312.0,0.7773694694042206,0.0641796007712081,,,,,,,,,,,,
442.0,200.0,52.815398669312714,0.75,nan,40.0,800.0,37.01343822479248,0.006134533175246593,,,,,,,,,,,,
443.0,200.0,45.87943352521399,0.75,nan,48.0,800.0,11.781992435455322,0.01566217084237298,,,,,,,,,,,,
444.0,200.0,2.750263189896941,0.5,nan,40.0,800.0,2.4080487489700317,0.02352780536999788,,,,,,,,,,,,
445.0,200.0,34.3911237404449,0.5,nan,40.0,800.0,12.531773805618286,0.005316791488032102,,,,,,,,,,,,
446.0,200.0,24.988116338523103,0.75,nan,40.0,800.0,26.584353923797607,0.013391711504859849,,,,,,,,,,,,
447.0,45.0,-0.3715424746274948,0.0,nan,12.0,180.0,3.902984321117401,0.023121815764927254,,,,,,,,,,,,
448.0,29.0,-0.3146551126241684,0.0,nan,8.0,116.0,2.5412163138389587,0.018678695252627473,,,,,,,,,,,,
449.0,200.0,41.035519827366805,0.75,nan,40.0,800.0,22.529326915740967,0.01935473637242957,,,,,,,,,,,,
450.0,200.0,14.918520770687607,0.5,nan,40.0,800.0,12.892939329147339,0.02893671179175783,,,,,,,,,,,,
451.0,200.0,55.26039784711321,0.75,nan,48.0,800.0,12.337554931640625,0.008727926048577306,,,,,,,,,,,,
452.0,200.0,23.32036150236381,0.75,nan,44.0,800.0,2.420182466506958,0.021532223914501714,,,,,,,,,,,,
453.0,200.0,38.014505259017476,0.75,nan,40.0,800.0,5.327433109283447,0.004365985375947901,,,,,,,,,,,,
454.0,72.0,-0.27508560538291926,0.0,nan,16.0,288.0,1.849964052438736,0.016835053763765373,,,,,,,,,,,,
455.0,200.0,28.170985481445705,0.5,nan,40.0,800.0,5.345522403717041,0.025777214299603446,,,,,,,,,,,,
456.0,200.0,17.905104519333694,0.75,nan,40.0,800.0,4.876527190208435,0.033367536254462316,,,,,,,,,,,,
457.0,200.0,0.5306788608431804,0.0,nan,44.0,800.0,2.502428650856018,0.052692332381958806,,,,,,,,,,,,
458.0,200.0,42.35562501112001,0.5,nan,40.0,800.0,10.020520448684692,0.013313336754452454,,,,,,,,,,,,
459.0,200.0,28.334714375389755,0.25,nan,40.0,800.0,7.388123869895935,0.05034223840159768,,,,,,,,,,,,
460.0,200.0,15.94887929242104,0.75,0.2,40.0,800.0,2.9478626251220703,0.014751725766188883,1.0,0.0,0.0,0.5,0.0,-0.008023470640182495,3.4369421005249023,5.676711616106331,5.0,1.0,81.0,-0.18122622728347781
461.0,73.0,2.7583058063685897,0.5,nan,16.0,292.0,3.4246392250061035,0.02326542148458799,,,,,,,,,,,,
462.0,200.0,37.569286390021446,0.75,nan,44.0,800.0,10.663647413253784,0.022225894441205707,,,,,,,,,,,,
463.0,200.0,5.796383306756615,0.5,nan,40.0,800.0,2.434719145298004,0.015365353925218983,,,,,,,,,,,,
464.0,47.0,-0.16483421444892882,0.0,nan,12.0,188.0,3.1018811464309692,0.11832338616760024,,,,,,,,,,,,
465.0,200.0,4.1183431202545755,0.25,nan,40.0,800.0,4.62404203414917,0.02548901781018742,,,,,,,,,,,,
466.0,200.0,15.45507204358001,0.5,nan,40.0,800.0,19.203460216522217,0.03080708588329184,,,,,,,,,,,,
467.0,179.0,15.069679509745908,1.0,nan,36.0,716.0,10.21906065940857,0.006461776097584249,,,,,,,,,,,,
468.0,126.0,4.032510487139226,0.5,nan,28.0,504.0,2.5794344544410706,0.02503848350583482,,,,,,,,,,,,
469.0,56.0,-0.010636029243469208,0.0,nan,12.0,224.0,0.39034032821655273,0.027767800399697,,,,,,,,,,,,
470.0,200.0,36.109949708171214,0.5,nan,44.0,800.0,5.261872172355652,0.02761628238118874,,,,,,,,,,,,
471.0,46.0,-0.08920702695846558,0.0,nan,12.0,184.0,1.1301345229148865,0.04736471621962981,,,,,,,,,,,,
472.0,98.0,0.8451674335449932,0.5,nan,20.0,392.0,3.25747948884964,0.03620252632436838,,,,,,,,,,,,
473.0,200.0,10.647971074469385,0.5,nan,44.0,800.0,4.517414927482605,0.041859053389238454,,,,,,,,,,,,
474.0,200.0,35.94878097311595,0.75,nan,44.0,800.0,6.085612416267395,0.014830035023152277,,,,,,,,,,,,
475.0,200.0,12.801479478250261,0.25,nan,44.0,800.0,3.081021785736084,0.03508945362003146,,,,,,,,,,,,
476.0,102.0,-0.08257293224334702,0.0,nan,24.0,408.0,0.7025561481714249,0.04600333675731605,,,,,,,,,,,,
477.0,70.0,5.919910761236679,0.5,nan,16.0,280.0,1.1558781266212463,0.06094479726616342,,,,,,,,,,,,
478.0,200.0,27.33171356306412,0.5,nan,40.0,800.0,4.622743129730225,0.019466597346933012,,,,,,,,,,,,
479.0,200.0,16.956709020672143,0.25,nan,48.0,800.0,4.814682364463806,0.05501118796382798,,,,,,,,,,,,
480.0,200.0,19.701933509518863,0.75,0.2,40.0,800.0,4.297003626823425,0.012908412044399853,1.0,0.0,0.0,0.5,0.0,-0.0060910433530807495,3.295816421508789,6.823670549783856,5.0,1.0,84.0,-0.008025848269462593
481.0,88.0,-0.44696535944938665,0.0,nan,20.0,352.0,2.370972156524658,0.033937170377223325,,,,,,,,,,,,
482.0,185.0,43.91792865432801,1.0,nan,40.0,740.0,25.935229778289795,0.015638831646462847,,,,,,,,,,,,
483.0,200.0,22.13259020373226,0.75,nan,44.0,800.0,10.51373553276062,0.015948019210507702,,,,,,,,,,,,
484.0,195.0,34.45505643281213,1.0,nan,44.0,780.0,5.137815475463867,0.024703248344847717,,,,,,,,,,,,
485.0,185.0,3.86029825201258,0.25,nan,40.0,740.0,1.8679351210594177,0.014175730182468982,,,,,,,,,,,,
486.0,200.0,15.794999631762037,0.5,nan,44.0,800.0,5.990952491760254,0.022881888460393185,,,,,,,,,,,,
487.0,58.0,0.0033047389984129927,0.0,nan,12.0,232.0,0.7920166999101639,0.07093909310599193,,,,,,,,,,,,
488.0,121.0,1.446686764396727,0.25,nan,28.0,484.0,1.094515472650528,0.01660204755931427,,,,,,,,,,,,
489.0,200.0,4.060671758605167,0.75,nan,40.0,800.0,1.8509863913059235,0.013593219084083508,,,,,,,,,,,,
490.0,168.0,36.059658407866955,1.0,nan,36.0,672.0,8.197355031967163,0.010093506552976805,,,,,,,,,,,,
491.0,95.0,0.06280686855316157,0.0,nan,20.0,380.0,0.4835890531539917,0.043825408848233494,,,,,,,,,,,,
492.0,200.0,31.765286977356325,0.5,nan,44.0,800.0,5.7076287269592285,0.022681122827770572,,,,,,,,,,,,
493.0,199.0,38.263889495413764,1.0,nan,40.0,796.0,14.612400770187378,0.00462591766593512,,,,,,,,,,,,
494.0,200.0,36.780794807337244,0.5,nan,44.0,800.0,5.556448578834534,0.01753042040440922,,,,,,,,,,,,
495.0,200.0,37.06370377856075,0.75,nan,44.0,800.0,11.566452980041504,0.016197766875574393,,,,,,,,,,,,
496.0,200.0,26.450788276572712,0.5,nan,44.0,800.0,4.336864113807678,0.010427100096052744,,,,,,,,,,,,
497.0,200.0,16.04629150656983,0.5,nan,40.0,800.0,9.166542530059814,0.023349531913318344,,,,,,,,,,,,
498.0,192.0,21.883407663316472,1.0,nan,40.0,768.0,22.522042274475098,0.009136586531383273,,,,,,,,,,,,
499.0,200.0,2.8289551842957743,0.25,nan,44.0,800.0,1.5082429647445679,0.03003195737974096,,,,,,,,,,,,
500.0,173.0,23.837597001162358,1.0,0.2,36.0,692.0,19.183209896087646,0.0211898113521638,1.0,0.0,0.25,0.25,0.25,0.06774915754795074,-0.10590529441833496,8.243450697038497,6.0,1.0,119.0,2.781347896382212
501.0,73.0,0.12840361118316634,0.0,nan,16.0,292.0,0.7438623905181885,0.027172555212434446,,,,,,,,,,,,
502.0,200.0,11.041744720190762,0.75,nan,40.0,800.0,16.275700092315674,0.044586138960042376,,,,,,,,,,,,
503.0,54.0,-0.3754230783879757,0.0,nan,12.0,216.0,3.351417362689972,0.02411288808930631,,,,,,,,,,,,
504.0,76.0,0.3780054354667663,0.0,nan,16.0,304.0,0.22500639408826828,0.03407379686633849,,,,,,,,,,,,
505.0,200.0,5.608782096393406,0.5,nan,40.0,800.0,3.7389369010925293,0.011274885447376759,,,,,,,,,,,,
506.0,188.0,35.8232171249157,1.0,nan,40.0,752.0,35.311625480651855,0.03982154207135302,,,,,,,,,,,,
507.0,200.0,38.39788094498219,0.75,nan,40.0,800.0,38.15977382659912,0.006207843044599315,,,,,,,,,,,,
508.0,200.0,5.9821578575298195,0.5,nan,40.0,800.0,1.531423032283783,0.013894445981001258,,,,,,,,,,,,
509.0,71.0,0.40815418004989623,0.0,nan,16.0,284.0,0.6857760846614838,0.016639935788173688,,,,,,,,,,,,
510.0,200.0,17.925121029885492,0.25,nan,40.0,800.0,2.758133351802826,0.02090690616655566,,,,,,,,,,,,
511.0,200.0,8.10981674492359,0.5,nan,40.0,800.0,14.278239965438843,0.024394098494690653,,,,,,,,,,,,
512.0,200.0,10.78690924858674,0.75,nan,44.0,800.0,19.118041515350342,0.021978671919716586,,,,,,,,,,,,
513.0,136.0,18.792528065955267,0.5,nan,28.0,544.0,8.342788934707642,0.015849864886074982,,,,,,,,,,,,
514.0,175.0,45.647423776471996,1.0,nan,40.0,700.0,7.957020401954651,0.008672605094919739,,,,,,,,,,,,
515.0,79.0,-0.35701439619064335,0.0,nan,16.0,316.0,1.2330378293991089,0.0072599706754736815,,,,,,,,,,,,
516.0,200.0,11.714009123621508,0.5,nan,40.0,800.0,7.970384359359741,0.04113983541323796,,,,,,,,,,,,
517.0,150.0,19.889979860457245,1.0,nan,32.0,600.0,6.107540130615234,0.032178745385603724,,,,,,,,,,,,
518.0,200.0,25.71676584091038,0.75,nan,40.0,800.0,8.509919166564941,0.015037173133374437,,,,,,,,,,,,
519.0,200.0,24.652792173589134,0.25,nan,40.0,800.0,20.4045352935791,0.03932693538904175,,,,,,,,,,,,
520.0,200.0,27.755722106737096,0.5,0.2,40.0,800.0,11.090335369110107,0.0390010322181773,1.0,0.0,0.0,0.5,0.0,-0.019749879837036133,3.3216915130615234,8.157282010307426,6.0,1.0,102.0,-0.07943162664771095
521.0,200.0,25.644291093450747,0.5,nan,40.0,800.0,17.061573028564453,0.033959786881336385,,,,,,,,,,,,
522.0,200.0,33.625116864545284,0.5,nan,44.0,800.0,4.798465371131897,0.03797981778610238,,,,,,,,,,,,
523.0,85.0,-0.09939895123243325,0.0,nan,20.0,340.0,1.9474885761737823,0.02201230299971968,,,,,,,,,,,,
524.0,45.0,0.04245323538780221,0.0,nan,12.0,180.0,0.9920558780431747,0.12112436187340386,,,,,,,,,,,,
525.0,200.0,29.407857592718216,0.75,nan,44.0,800.0,7.3787641525268555,0.005435715192120716,,,,,,,,,,,,
526.0,200.0,15.142407468473536,0.75,nan,40.0,800.0,5.515802621841431,0.009853540571020919,,,,,,,,,,,,
527.0,200.0,32.27289133393208,0.75,nan,40.0,800.0,9.359637260437012,0.009344713566598273,,,,,,,,,,,,
528.0,200.0,9.816819923743601,0.5,nan,40.0,800.0,4.235719799995422,0.014382540786314735,,,,,,,,,,,,
529.0,200.0,13.431848962232472,0.25,nan,40.0,800.0,4.349843382835388,0.006655717985260677,,,,,,,,,,,,
530.0,62.0,0.10338507845997819,0.0,nan,16.0,248.0,2.8916065096855164,0.02081758205781992,,,,,,,,,,,,
531.0,114.0,-0.22247563242912305,0.0,nan,24.0,456.0,2.662510931491852,0.05046427801717357,,,,,,,,,,,,
532.0,152.0,31.887859252882212,1.0,nan,32.0,608.0,5.018018126487732,0.010397278992563486,,,,,,,,,,,,
533.0,197.0,5.717676956132055,0.25,nan,40.0,788.0,3.171833038330078,0.042045352260462465,,,,,,,,,,,,
534.0,169.0,49.94062676547563,1.0,nan,40.0,676.0,7.650327563285828,0.015401362724156709,,,,,,,,,,,,
535.0,99.0,1.3947876101732257,0.25,nan,20.0,396.0,1.6919105052947998,0.04858388652265955,,,,,,,,,,,,
536.0,171.0,31.492196578495214,1.0,nan,36.0,684.0,5.217893362045288,0.01676837770801165,,,,,,,,,,,,
537.0,200.0,15.384157944214534,0.75,nan,44.0,800.0,4.195240616798401,0.011682559552165461,,,,,,,,,,,,
538.0,65.0,-0.026899564266204885,0.0,nan,16.0,260.0,0.2719597853720188,0.004929600021782221,,,,,,,,,,,,
539.0,200.0,33.671181672877005,0.75,nan,52.0,800.0,7.572441577911377,0.03329340290401417,,,,,,,,,,,,
540.0,200.0,0.5670168399810783,0.0,0.2,40.0,800.0,1.4002975523471832,0.15110087379397008,1.0,0.0,0.0,0.5,0.0,-0.07267486304044724,3.446719169616699,6.717423928523203,5.0,1.0,95.0,-0.1726523339748382
541.0,200.0,45.43698693290354,0.75,nan,40.0,800.0,12.733315229415894,0.020166359099331288,,,,,,,,,,,,
542.0,200.0,10.152174644730982,0.75,nan,40.0,800.0,2.8268336057662964,0.034912591753176514,,,,,,,,,,,,
543.0,109.0,0.42917014420032495,0.0,nan,24.0,436.0,1.1256335079669952,0.016920913662810122,,,,,,,,,,,,
544.0,200.0,23.39391247800086,0.75,nan,40.0,800.0,4.99822723865509,0.018061616009249493,,,,,,,,,,,,
545.0,155.0,27.594807307061274,1.0,nan,48.0,620.0,6.022197604179382,0.006817256387325443,,,,,,,,,,,,
546.0,200.0,11.05468379682861,0.5,nan,40.0,800.0,7.982820749282837,0.01303764912734115,,,,,,,,,,,,
547.0,200.0,5.137448031327221,0.25,nan,40.0,800.0,0.9753377586603165,0.00817828150326605,,,,,,,,,,,,
548.0,200.0,43.07109894389289,0.5,nan,40.0,800.0,22.88745403289795,0.02541783438771006,,,,,,,,,,,,
549.0,192.0,15.824514800049364,0.75,nan,40.0,768.0,5.716946959495544,0.0683718358995975,,,,,,,,,,,,
550.0,200.0,40.06168229967008,1.0,nan,40.0,800.0,7.869205474853516,0.09419214229430131,,,,,,,,,,,,
551.0,137.0,-0.04946647182106992,0.25,nan,28.0,548.0,2.2496505975723267,0.026111571398008238,,,,,,,,,,,,
552.0,200.0,22.313299629511306,0.75,nan,44.0,800.0,15.630854368209839,0.027077673709630545,,,,,,,,,,,,
553.0,200.0,11.293206070922317,1.0,nan,40.0,800.0,4.189446806907654,0.008926657545593741,,,,,,,,,,,,
554.0,82.0,-0.07302784740924823,0.0,nan,20.0,328.0,2.7603983283042908,0.018987747364786145,,,,,,,,,,,,
555.0,160.0,30.740885081992023,0.5,nan,32.0,640.0,40.1286678314209,0.03392721885041716,,,,,,,,,,,,
556.0,200.0,23.927015542425217,0.75,nan,40.0,800.0,4.138007640838623,0.020707270478892204,,,,,,,,,,,,
557.0,200.0,0.5087146326899525,0.25,nan,40.0,800.0,3.714956223964691,0.04025780779778643,,,,,,,,,,,,
558.0,200.0,32.63844381019008,0.25,nan,44.0,800.0,5.667895436286926,0.026902467123164797,,,,,,,,,,,,
559.0,118.0,15.051201706873256,1.0,nan,24.0,472.0,7.203763842582703,0.011231519956812264,,,,,,,,,,,,
560.0,200.0,2.302211816981434,0.25,0.2,40.0,800.0,3.9368802905082703,0.10052452342497986,1.0,0.0,0.0,0.5,0.0,-0.0023766010999679565,3.430792808532715,7.262101368862204,5.0,1.0,92.0,-0.1195429031550883
561.0,200.0,29.450521168345595,0.75,nan,40.0,800.0,7.355142116546631,0.015606812359131084,,,,,,,,,,,,
562.0,200.0,7.369964787364004,0.5,nan,40.0,800.0,3.054351508617401,0.07506174649876884,,,,,,,,,,,,
563.0,200.0,12.95961143998429,0.75,nan,44.0,800.0,5.409634947776794,0.02935703392425637,,,,,,,,,,,,
564.0,200.0,36.25777337800247,0.75,nan,44.0,800.0,6.079104900360107,0.018262603391664634,,,,,,,,,,,,
565.0,200.0,20.2786209711805,0.25,nan,40.0,800.0,13.36164116859436,0.04433845484392762,,,,,,,,,,,,
566.0,165.0,31.26826423173771,1.0,nan,36.0,660.0,7.988160490989685,0.00964709797698049,,,,,,,,,,,,
567.0,47.0,-0.021900798082351708,0.0,nan,12.0,188.0,2.061629295349121,0.055663593677638075,,,,,,,,,,,,
568.0,200.0,13.06994162676856,0.5,nan,44.0,800.0,2.4966577291488647,0.017824612902123338,,,,,,,,,,,,
569.0,96.0,0.013692360520362781,0.0,nan,20.0,384.0,1.5017440915107727,0.007596132315947468,,,,,,,,,,,,
570.0,200.0,33.110764429369034,0.5,nan,44.0,800.0,6.029882788658142,0.011197216216533246,,,,,,,,,,,,
571.0,162.0,3.081029342925176,0.25,nan,36.0,648.0,6.6333781480789185,0.023685035585888414,,,,,,,,,,,,
572.0,151.0,12.534766523130239,0.5,nan,32.0,604.0,8.56357479095459,0.018922406966923933,,,,,,,,,,,,
573.0,200.0,2.9340554694645107,0.5,nan,40.0,800.0,0.5113746970891953,0.019587653226535995,,,,,,,,,,,,
574.0,200.0,29.096635865292047,0.5,nan,40.0,800.0,7.834475994110107,0.06022972626553802,,,,,,,,,,,,
575.0,200.0,19.983291144881512,0.25,nan,40.0,800.0,6.229888677597046,0.011038909005288033,,,,,,,,,,,,
576.0,200.0,9.033866762649268,0.5,nan,40.0,800.0,8.046999335289001,0.05136705677091413,,,,,,,,,,,,
577.0,69.0,0.16206871628761282,0.0,nan,16.0,276.0,0.9399270862340927,0.03820483279127984,,,,,,,,,,,,
578.0,200.0,27.365323773783174,0.5,nan,40.0,800.0,8.832715272903442,0.0215809140430272,,,,,,,,,,,,
579.0,58.0,-0.6345235484838485,0.0,nan,12.0,232.0,2.653780698776245,0.05197706046713251,,,,,,,,,,,,
580.0,200.0,27.696159829362294,0.5,0.2,40.0,800.0,8.923518180847168,0.007708319776817074,1.0,0.0,0.0,0.5,0.0,-0.0158221572637558,2.0554635524749756,7.375915503478609,5.0,1.0,95.0,-0.04085771292448047
581.0,200.0,11.953761676372961,0.5,nan,40.0,800.0,13.59720230102539,0.020720319444823332,,,,,,,,,,,,
582.0,200.0,35.550002279598274,0.75,nan,44.0,800.0,4.695599675178528,0.006332675457319192,,,,,,,,,,,,
583.0,200.0,23.55341572128238,0.5,nan,40.0,800.0,9.976196765899658,0.0533355454582467,,,,,,,,,,,,
584.0,200.0,5.49561388976872,0.5,nan,40.0,800.0,2.3603069186210632,0.043737344475184514,,,,,,,,,,,,
585.0,152.0,-0.11657686054706642,0.0,nan,32.0,608.0,3.3038605451583862,0.047935364725276486,,,,,,,,,,,,
586.0,200.0,41.18970516992267,0.75,nan,52.0,800.0,5.44311785697937,0.019655450218408532,,,,,,,,,,,,
587.0,200.0,3.6520704150199887,0.25,nan,40.0,800.0,2.4302472472190857,0.019373058341187743,,,,,,,,,,,,
588.0,200.0,6.087536665424703,0.25,nan,44.0,800.0,3.582139313220978,0.030718166155565996,,,,,,,,,,,,
589.0,159.0,21.992841311255464,1.0,nan,32.0,636.0,4.665192008018494,0.01101229220149852,,,,,,,,,,,,
590.0,200.0,40.24455032258994,0.75,nan,48.0,800.0,4.185543417930603,0.015447554420775944,,,,,,,,,,,,
591.0,200.0,0.5968258798122404,0.0,nan,40.0,800.0,1.396864801645279,0.03255142357840768,,,,,,,,,,,,
592.0,200.0,29.420684655592776,0.75,nan,40.0,800.0,20.743826389312744,0.02839644512998385,,,,,,,,,,,,
593.0,75.0,-0.03860160112380987,0.0,nan,16.0,300.0,0.4166334420442581,0.02080086046469809,,,,,,,,,,,,
594.0,182.0,33.094010660024374,1.0,nan,40.0,728.0,5.742185711860657,0.016489482592781712,,,,,,,,,,,,
595.0,200.0,40.76197723061197,0.75,nan,40.0,800.0,22.97722816467285,0.021391327665444937,,,,,,,,,,,,
596.0,200.0,36.56648864505115,0.5,nan,40.0,800.0,6.140806317329407,0.007426261544594581,,,,,,,,,,,,
597.0,200.0,20.222439692355692,0.25,nan,40.0,800.0,7.1887664794921875,0.014704903938955738,,,,,,,,,,,,
598.0,200.0,12.057998904865231,0.75,nan,40.0,800.0,21.9906907081604,0.030326555025208535,,,,,,,,,,,,
599.0,155.0,10.629631077870727,1.0,nan,32.0,620.0,11.508243560791016,0.017362356925758604,,,,,,,,,,,,
600.0,70.0,-0.32063266821205605,0.0,0.0,16.0,280.0,2.5876906514167786,0.07318929606685942,1.0,0.0,0.25,0.25,0.25,2.331932783126831,-0.00462031364440918,8.41665784734505,6.0,1.0,106.0,4.822166692614554
601.0,138.0,28.66028393225745,1.0,nan,28.0,552.0,15.850231885910034,0.011545608218738845,,,,,,,,,,,,
602.0,200.0,2.817503076791763,0.25,nan,40.0,800.0,1.9589451253414154,0.015075642359882124,,,,,,,,,,,,
603.0,65.0,0.07819419205188771,0.0,nan,16.0,260.0,2.7642892599105835,0.0512358813642777,,,,,,,,,,,,
604.0,200.0,-0.150047788023949,0.0,nan,40.0,800.0,1.6815647780895233,0.04174978466949142,,,,,,,,,,,,
605.0,200.0,10.142006820440292,0.75,nan,44.0,800.0,4.572768688201904,0.01972975804694954,,,,,,,,,,,,
606.0,200.0,5.788583827018736,0.5,nan,40.0,800.0,2.098254919052124,0.017638332923137767,,,,,,,,,,,,
607.0,200.0,14.567842814465985,0.5,nan,40.0,800.0,30.710251331329346,0.0490585192313066,,,,,,,,,,,,
608.0,200.0,7.785848309705035,0.5,nan,44.0,800.0,2.559480607509613,0.02191546232103292,,,,,,,,,,,,
609.0,200.0,31.13108529751189,0.75,nan,44.0,800.0,41.90293884277344,0.018380707715493827,,,,,,,,,,,,
610.0,200.0,14.528556689305695,0.25,nan,44.0,800.0,8.528712034225464,0.019378448104581558,,,,,,,,,,,,
611.0,200.0,30.74426926448942,0.75,nan,44.0,800.0,4.0101577043533325,0.004775044627422176,,,,,,,,,,,,
612.0,200.0,27.08155016256498,0.75,nan,44.0,800.0,7.904965758323669,0.015787002813219403,,,,,,,,,,,,
613.0,200.0,28.475317043997347,0.75,nan,44.0,800.0,7.710237145423889,0.019068894460964714,,,,,,,,,,,,
614.0,200.0,41.05003802272842,0.75,nan,40.0,800.0,5.7157968282699585,0.013186574794183059,,,,,,,,,,,,
615.0,149.0,11.520485824663188,1.0,nan,32.0,596.0,1.5992315113544464,0.009987946844260465,,,,,,,,,,,,
616.0,200.0,10.178022415423765,0.75,nan,44.0,800.0,6.455787777900696,0.019387720274099962,,,,,,,,,,,,
617.0,200.0,2.82244817316532,0.25,nan,40.0,800.0,2.4610551595687866,0.02732217004339077,,,,,,,,,,,,
618.0,103.0,-0.2102652940154075,0.0,nan,24.0,412.0,2.060067296028137,0.05078087273683707,,,,,,,,,,,,
619.0,200.0,14.366809861734508,1.0,nan,44.0,800.0,2.8927013874053955,0.024633240908592313,,,,,,,,,,,,
620.0,29.0,-0.28305062294006345,0.0,0.0,8.0,116.0,1.0265990793704987,0.02269703684180121,1.0,0.0,0.75,0.0,0.75,1.9489723443984985,0.4404795169830322,11.593993569415034,10.0,1.0,200.0,18.047118291840896
621.0,90.0,1.1766532272100447,0.0,nan,20.0,360.0,1.2726810574531555,0.05567160801224169,,,,,,,,,,,,
622.0,200.0,-0.24983799234032616,0.0,nan,40.0,800.0,1.764541208744049,0.03137426310331648,,,,,,,,,,,,
623.0,80.0,0.08247286081314056,0.0,nan,16.0,320.0,1.514407902956009,0.11230781578464644,,,,,,,,,,,,
624.0,200.0,0.24104054123163166,0.0,nan,40.0,800.0,2.632056772708893,0.04034527246082087,,,,,,,,,,,,
625.0,183.0,31.35879214259797,0.5,nan,40.0,732.0,4.7173744440078735,0.022114574898537853,,,,,,,,,,,,
626.0,200.0,39.21669024527074,0.75,nan,44.0,800.0,8.112767934799194,0.009845041787649222,,,,,,,,,,,,
627.0,200.0,4.6412071709055445,0.25,nan,40.0,800.0,5.2749727964401245,0.02278982517862005,,,,,,,,,,,,
628.0,181.0,16.041874167285858,0.25,nan,40.0,724.0,5.377780318260193,0.03342118098069591,,,,,,,,,,,,
629.0,188.0,58.778188211382385,1.0,nan,40.0,752.0,10.744492053985596,0.006634184246010477,,,,,,,,,,,,
630.0,200.0,1.783289512991905,0.25,nan,40.0,800.0,1.7914831042289734,0.05230248558957662,,,,,,,,,,,,
631.0,53.0,-0.017245723605155958,0.0,nan,12.0,212.0,0.882858008146286,0.03992086609209421,,,,,,,,,,,,
632.0,200.0,6.83203655714169,0.5,nan,44.0,800.0,4.473099112510681,0.036429806595921654,,,,,,,,,,,,
633.0,106.0,1.918345451876521,0.25,nan,24.0,424.0,1.3425086736679077,0.04248135984599699,,,,,,,,,,,,
634.0,72.0,0.08588274002075198,0.0,nan,16.0,288.0,0.34707070887088776,0.04478748407088998,,,,,,,,,,,,
635.0,200.0,30.386069238118964,0.25,nan,40.0,800.0,6.128011226654053,0.09848853702892058,,,,,,,,,,,,
636.0,200.0,11.545571558084339,0.5,nan,40.0,800.0,4.920038223266602,0.031587731728159874,,,,,,,,,,,,
637.0,65.0,0.2700969576835631,0.0,nan,16.0,260.0,2.0286577343940735,0.05144589130277666,,,,,,,,,,,,
638.0,200.0,28.197690214868636,1.0,nan,40.0,800.0,35.96286201477051,0.007935184923090866,,,,,,,,,,,,
639.0,200.0,23.331109046470385,0.5,nan,40.0,800.0,16.54398536682129,0.016294363895426045,,,,,,,,,,,,
640.0,200.0,3.312195951491594,0.25,0.0,40.0,800.0,1.3673452138900757,0.013458944256701244,1.0,0.0,0.25,0.0,0.25,0.06801225244998932,2.1861324310302734,12.144954180395871,10.0,1.0,200.0,24.38362406814705
641.0,200.0,30.55326586598532,0.75,nan,40.0,800.0,8.308207035064697,0.0019099217042526373,,,,,,,,,,,,
642.0,200.0,29.273538713157183,0.5,nan,40.0,800.0,14.064335584640503,0.021686462500504433,,,,,,,,,,,,
643.0,200.0,22.555235144123444,0.5,nan,40.0,800.0,54.3821907043457,0.025164320061129786,,,,,,,,,,,,
644.0,106.0,-0.1166796898841857,0.0,nan,24.0,424.0,1.4280698895454407,0.03846075861798326,,,,,,,,,,,,
645.0,63.0,0.2696218323707581,0.0,nan,16.0,252.0,0.6481778174638748,0.04237262741274222,,,,,,,,,,,,
646.0,95.0,0.8857318453490737,0.25,nan,20.0,380.0,1.3870131969451904,0.02829287915693257,,,,,,,,,,,,
647.0,84.0,0.09829908743500713,0.0,nan,20.0,336.0,1.630542814731598,0.024863466546548696,,,,,,,,,,,,
648.0,138.0,7.394426976963875,0.0,nan,28.0,552.0,5.2941282987594604,0.017955403566364936,,,,,,,,,,,,
649.0,129.0,-0.14695169344544434,0.0,nan,28.0,516.0,2.6575340032577515,0.020876908332214228,,,,,,,,,,,,
650.0,200.0,13.506605832313651,0.25,nan,40.0,800.0,7.347927808761597,0.02254926672249269,,,,,,,,,,,,
651.0,200.0,20.389039463435623,0.5,nan,40.0,800.0,4.283678770065308,0.06819413504915417,,,,,,,,,,,,
652.0,200.0,10.64795396644622,0.75,nan,40.0,800.0,7.4435107707977295,0.023621578182689618,,,,,,,,,,,,
653.0,67.0,-0.20217298388481136,0.0,nan,16.0,268.0,1.0411545187234879,0.012344404835580747,,,,,,,,,,,,
654.0,192.0,6.557306991070511,0.0,nan,40.0,768.0,8.889787197113037,0.00905688820419559,,,,,,,,,,,,
655.0,200.0,17.284493748378008,0.75,nan,40.0,800.0,2.573354184627533,0.026043967969650694,,,,,,,,,,,,
656.0,131.0,7.0148967338353385,0.25,nan,28.0,524.0,3.1793381571769714,0.005976819584778248,,,,,,,,,,,,
657.0,66.0,0.3954908037185667,0.0,nan,16.0,264.0,0.23057452589273453,0.01171657259166592,,,,,,,,,,,,
658.0,133.0,4.790158102177083,0.25,nan,28.0,532.0,7.089467883110046,0.02285476283682719,,,,,,,,,,,,
659.0,200.0,7.519717382267116,0.5,nan,40.0,800.0,11.58722448348999,0.016502144107420236,,,,,,,,,,,,
660.0,200.0,10.893032967858016,0.5,0.0,40.0,800.0,3.022370398044586,0.0356349813700052,1.0,0.0,0.25,0.0,0.25,0.8348371982574463,1.298150897026062,13.618943187924742,10.0,1.0,200.0,6.210335830863005
661.0,200.0,53.68838140913282,0.75,nan,40.0,800.0,8.551300287246704,0.009358723088078946,,,,,,,,,,,,
662.0,200.0,64.35563121731394,1.0,nan,44.0,800.0,11.416839361190796,0.00496862116775354,,,,,,,,,,,,
663.0,115.0,-0.19474762603640577,0.0,nan,24.0,460.0,0.7989408820867538,0.025050992294038288,,,,,,,,,,,,
664.0,200.0,26.360367046133614,0.5,nan,44.0,800.0,19.645588397979736,0.013144504885902464,,,,,,,,,,,,
665.0,54.0,0.0294891273975372,0.0,nan,12.0,216.0,0.2855844348669052,0.046028690307807624,,,,,,,,,,,,
666.0,95.0,15.58307195664384,0.5,nan,20.0,380.0,5.018633723258972,0.013020015186295808,,,,,,,,,,,,
667.0,200.0,20.309160633292052,0.5,nan,44.0,800.0,8.256374835968018,0.032588175454396406,,,,,,,,,,,,
668.0,200.0,28.00558669753373,1.0,nan,44.0,800.0,6.6275599002838135,0.024711135575763876,,,,,,,,,,,,
669.0,114.0,0.6341925105452539,0.0,nan,24.0,456.0,1.5890502333641052,0.0320366056914434,,,,,,,,,,,,
670.0,84.0,1.3571078997477892,0.25,nan,20.0,336.0,0.3775319308042526,0.013617557892700916,,,,,,,,,,,,
671.0,147.0,15.334163595265707,1.0,nan,32.0,588.0,4.504082560539246,0.018554051821951134,,,,,,,,,,,,
672.0,194.0,40.274752081769975,1.0,nan,40.0,776.0,20.36120891571045,0.018064719269037965,,,,,,,,,,,,
673.0,70.0,0.35765366256237024,0.0,nan,16.0,280.0,1.5436801314353943,0.021299961574460458,,,,,,,,,,,,
674.0,200.0,3.995291259232908,0.5,nan,40.0,800.0,2.1291004419326782,0.020467998951081423,,,,,,,,,,,,
675.0,169.0,6.779301927275953,0.5,nan,36.0,676.0,7.509956002235413,0.029097808828147498,,,,,,,,,,,,
676.0,200.0,23.417890714854,0.5,nan,40.0,800.0,32.032326221466064,0.015199552714948883,,,,,,,,,,,,
677.0,200.0,41.6139574855566,0.75,nan,48.0,800.0,5.875036716461182,0.009872739561803456,,,,,,,,,,,,
678.0,78.0,2.825070720426738,0.25,nan,16.0,312.0,1.689081460237503,0.023168812409352313,,,,,,,,,,,,
679.0,65.0,0.2543876498937606,0.0,nan,16.0,260.0,2.290466785430908,0.015042818889665632,,,,,,,,,,,,
680.0,200.0,28.181748127262104,1.0,0.0,40.0,800.0,24.358585357666016,0.008440029664467552,1.0,0.0,0.75,0.0,0.75,0.05075374245643616,1.8439162969589233,13.127213155850768,11.0,1.0,200.0,14.349833946395663
681.0,200.0,7.684646384418009,0.75,nan,44.0,800.0,3.0728039741516113,0.01710464757439034,,,,,,,,,,,,
682.0,200.0,11.822287573479116,0.5,nan,40.0,800.0,6.501467704772949,0.006632878348859617,,,,,,,,,,,,
683.0,113.0,1.8868716785032298,0.25,nan,24.0,452.0,1.5129192471504211,0.029042875795809664,,,,,,,,,,,,
684.0,39.0,-0.16456254959106442,0.0,nan,8.0,156.0,1.1208484768867493,0.07143104736165604,,,,,,,,,,,,
685.0,137.0,12.51859513234347,1.0,nan,28.0,548.0,5.211230039596558,0.03490842981868497,,,,,,,,,,,,
686.0,200.0,9.486469590291378,0.25,nan,40.0,800.0,24.51028871536255,0.013707508358011378,,,,,,,,,,,,
687.0,172.0,16.130507061369713,1.0,nan,36.0,688.0,5.93937075138092,0.02246991578390123,,,,,,,,,,,,
688.0,200.0,24.246092681959272,0.75,nan,40.0,800.0,12.511013507843018,0.0064190794684176045,,,,,,,,,,,,
689.0,200.0,13.192400572262702,0.25,nan,40.0,800.0,4.007839262485504,0.0285267339240578,,,,,,,,,,,,
690.0,200.0,18.768104373756803,0.5,nan,40.0,800.0,5.120518445968628,0.006806908314966331,,,,,,,,,,,,
691.0,200.0,10.090031552989965,0.5,nan,44.0,800.0,2.4810038805007935,0.025157329292623487,,,,,,,,,,,,
692.0,175.0,48.62847463113724,1.0,nan,40.0,700.0,10.063053846359253,0.019478024389046666,,,,,,,,,,,,
693.0,65.0,0.2358011677861214,0.0,nan,16.0,260.0,2.252509355545044,0.026955634761495872,,,,,,,,,,,,
694.0,200.0,34.36113891857095,0.5,nan,44.0,800.0,19.668771266937256,0.016938330354120623,,,,,,,,,,,,
695.0,200.0,6.100946480501441,0.5,nan,40.0,800.0,5.137447237968445,0.010394831628385504,,,,,,,,,,,,
696.0,200.0,14.827294148923833,0.75,nan,44.0,800.0,6.029486536979675,0.01338713168418515,,,,,,,,,,,,
697.0,200.0,37.652316105877986,0.75,nan,40.0,800.0,67.27502250671387,0.026721634026387164,,,,,,,,,,,,
698.0,200.0,7.420031604543326,0.75,nan,40.0,800.0,5.580262303352356,0.02046475679298254,,,,,,,,,,,,
699.0,200.0,29.873657279377216,0.75,nan,40.0,800.0,3.6240822076797485,0.0013383620741872493,,,,,,,,,,,,
700.0,200.0,42.29294866359562,0.75,0.0,44.0,800.0,10.214118719100952,0.03060008450819396,1.0,0.0,0.5,0.0,0.5,0.07984930276870728,1.7965270280838013,12.735515557422332,10.0,1.0,200.0,18.392968069273056
701.0,200.0,20.901964350463818,0.75,nan,40.0,800.0,10.518906831741333,0.014769032753235933,,,,,,,,,,,,
702.0,200.0,34.37297170520761,0.75,nan,40.0,800.0,8.182689428329468,0.0036454425497645104,,,,,,,,,,,,
703.0,200.0,40.78998693220784,0.75,nan,40.0,800.0,7.937880873680115,0.022266556206382404,,,,,,,,,,,,
704.0,200.0,26.73153474940919,0.75,nan,44.0,800.0,6.221142768859863,0.023902089791327796,,,,,,,,,,,,
705.0,62.0,-0.23327529251575468,0.0,nan,16.0,248.0,0.7925929725170135,0.006176147207703076,,,,,,,,,,,,
706.0,200.0,27.433340370256346,0.75,nan,44.0,800.0,19.190996170043945,0.012529728695047204,,,,,,,,,,,,
707.0,200.0,6.835911739710717,0.5,nan,40.0,800.0,11.32876443862915,0.018946095408066688,,,,,,,,,,,,
708.0,200.0,36.82568920422346,0.75,nan,48.0,800.0,5.082416534423828,0.02150419924401259,,,,,,,,,,,,
709.0,140.0,23.398048940324227,0.75,nan,28.0,560.0,8.36760401725769,0.03332986238171998,,,,,,,,,,,,
710.0,200.0,33.194063835963604,1.0,nan,40.0,800.0,6.464468240737915,0.016279316586559123,,,,,,,,,,,,
711.0,93.0,0.4858878952264786,0.0,nan,20.0,372.0,0.720402255654335,0.026739539084417174,,,,,,,,,,,,
712.0,192.0,5.309575645457953,0.5,nan,40.0,768.0,4.763396501541138,0.0298314769763921,,,,,,,,,,,,
713.0,200.0,12.008381351293062,1.0,nan,40.0,800.0,3.0020350217819214,0.02029949497944905,,,,,,,,,,,,
714.0,188.0,15.991968524623658,1.0,nan,40.0,752.0,4.873166799545288,0.015908986617540644,,,,,,,,,,,,
715.0,200.0,22.192563200060984,0.75,nan,40.0,800.0,31.79823112487793,0.034166866137452345,,,,,,,,,,,,
716.0,200.0,14.137768618855624,0.75,nan,40.0,800.0,14.96181869506836,0.011523004180426018,,,,,,,,,,,,
717.0,200.0,33.171378880389994,0.75,nan,44.0,800.0,4.773424983024597,0.028700845537116493,,,,,,,,,,,,
718.0,65.0,0.45686652660369864,0.0,nan,16.0,260.0,0.4462829679250717,0.023780557733303453,,,,,,,,,,,,
719.0,133.0,8.384091781922615,0.25,nan,28.0,532.0,3.8208338022232056,0.051167742500506375,,,,,,,,,,,,
720.0,80.0,0.0980912923812866,0.0,0.0,16.0,320.0,0.2791906073689461,0.059286255644892094,1.0,0.0,0.0,0.5,0.0,-0.045591339468955994,3.365474224090576,6.1361223860876635,4.0,1.0,71.0,-0.025106438100337927
721.0,200.0,31.994217830174613,0.75,nan,40.0,800.0,8.689155340194702,0.03640167398409222,,,,,,,,,,,,
722.0,200.0,30.698493998404597,0.75,nan,40.0,800.0,31.683470249176025,0.019475290307767068,,,,,,,,,,,,
723.0,200.0,36.64503687801771,1.0,nan,40.0,800.0,4.419184327125549,0.010759465099571486,,,,,,,,,,,,
724.0,200.0,6.392461400129831,0.75,nan,44.0,800.0,1.5449592471122742,0.022814969854437095,,,,,,,,,,,,
725.0,200.0,3.687335435301065,0.5,nan,40.0,800.0,1.5313138961791992,0.02534677573162139,,,,,,,,,,,,
726.0,200.0,11.302593810111281,0.5,nan,40.0,800.0,3.999271035194397,0.016065360112705207,,,,,,,,,,,,
727.0,200.0,6.655664507951586,0.5,nan,40.0,800.0,6.803197145462036,0.0678319304816597,,,,,,,,,,,,
728.0,150.0,36.02304132612481,1.0,nan,32.0,600.0,8.915780305862427,0.027626174177637512,,,,,,,,,,,,
729.0,200.0,14.4562154315412,0.75,nan,40.0,800.0,14.937705993652344,0.014992231628025543,,,,,,,,,,,,
730.0,200.0,7.387634005490691,0.5,nan,40.0,800.0,4.758528709411621,0.01991144001563505,,,,,,,,,,,,
731.0,200.0,29.644784196699042,0.75,nan,44.0,800.0,10.037095546722412,0.031114141549007712,,,,,,,,,,,,
732.0,200.0,15.232161163724959,0.5,nan,44.0,800.0,16.252341747283936,0.0474032681179577,,,,,,,,,,,,
733.0,200.0,44.527714071027034,0.75,nan,44.0,800.0,14.616405487060547,0.010281460905609663,,,,,,,,,,,,
734.0,186.0,16.701173146124926,1.0,nan,40.0,744.0,5.158966064453125,0.016714230451646772,,,,,,,,,,,,
735.0,200.0,22.650196304731075,0.75,nan,40.0,800.0,2.3841819167137146,0.028752833340817574,,,,,,,,,,,,
736.0,200.0,21.653899069828917,0.5,nan,40.0,800.0,6.41367495059967,0.017870236988152932,,,,,,,,,,,,
737.0,115.0,0.8345278561115258,0.25,nan,24.0,460.0,4.980672836303711,0.04373840530266193,,,,,,,,,,,,
738.0,136.0,5.621699349731206,0.5,nan,28.0,544.0,4.06774640083313,0.017050475773331186,,,,,,,,,,,,
739.0,85.0,0.15030673742294307,0.0,nan,20.0,340.0,1.8395929634571075,0.022614862400899938,,,,,,,,,,,,
740.0,200.0,16.57695176997222,0.5,0.0,40.0,800.0,9.550515413284302,0.020186156438228048,1.0,0.0,0.75,0.0,0.75,0.06070597469806671,1.8594344854354858,12.906207752163027,10.0,1.0,200.0,26.668051985092465
741.0,78.0,0.015020043849945111,0.0,nan,16.0,312.0,2.4550670385360718,0.040363955054104395,,,,,,,,,,,,
742.0,70.0,-0.13929791599512095,0.0,nan,16.0,280.0,2.0644451677799225,0.06868666648465549,,,,,,,,,,,,
743.0,200.0,41.94283000768627,0.5,nan,40.0,800.0,6.995713233947754,0.10211259356980662,,,,,,,,,,,,
744.0,80.0,-0.05411998033523552,0.0,nan,16.0,320.0,0.3450859561562538,0.014072479303420149,,,,,,,,,,,,
745.0,200.0,22.019439177657482,0.75,nan,40.0,800.0,6.338719844818115,0.055984820928287604,,,,,,,,,,,,
746.0,200.0,27.946061191963974,0.75,nan,44.0,800.0,8.58513593673706,0.0911555325360418,,,,,,,,,,,,
747.0,200.0,31.92920250198804,0.75,nan,40.0,800.0,15.771291017532349,0.03436215274659027,,,,,,,,,,,,
748.0,200.0,26.539974887063728,0.75,nan,40.0,800.0,4.585862040519714,0.028718707569588275,,,,,,,,,,,,
749.0,200.0,0.8835230462253096,0.0,nan,40.0,800.0,4.067277550697327,0.032385852906724466,,,,,,,,,,,,
750.0,200.0,28.585454214503994,0.5,nan,48.0,800.0,5.21121883392334,0.0157952907215666,,,,,,,,,,,,
751.0,82.0,4.927129677049815,0.0,nan,20.0,328.0,3.49689257144928,0.04458951692050794,,,,,,,,,,,,
752.0,200.0,4.357255832292139,0.5,nan,40.0,800.0,4.680063843727112,0.030569252224829313,,,,,,,,,,,,
753.0,200.0,19.14087875871919,0.75,nan,40.0,800.0,27.37738561630249,0.03418653764417923,,,,,,,,,,,,
754.0,58.0,0.3938194108009341,0.0,nan,12.0,232.0,0.9427637159824371,0.01185666284291691,,,,,,,,,,,,
755.0,82.0,0.9185626651346683,0.25,nan,20.0,328.0,1.617831975221634,0.03147860516789791,,,,,,,,,,,,
756.0,103.0,-0.2822306382656097,0.0,nan,24.0,412.0,2.9256847500801086,0.09208073882841994,,,,,,,,,,,,
757.0,200.0,21.65503988082056,0.5,nan,44.0,800.0,3.5472626090049744,0.037095891307011186,,,,,,,,,,,,
758.0,200.0,18.384354009199885,0.5,nan,44.0,800.0,5.172602295875549,0.036484889109264174,,,,,,,,,,,,
759.0,87.0,0.15404140830039975,0.0,nan,20.0,348.0,0.42710306495428085,0.023892886838542182,,,,,,,,,,,,
760.0,200.0,50.36877989791099,0.75,0.0,44.0,800.0,10.614205598831177,0.017568647108181068,1.0,0.0,0.75,0.0,0.75,2.97981858253479,1.9644635915756226,11.988682853212595,10.0,1.0,200.0,19.293028692272493
761.0,169.0,48.1968455580203,1.0,nan,44.0,676.0,7.459560751914978,0.011184709621179678,,,,,,,,,,,,
762.0,96.0,-0.09889720067381871,0.0,nan,20.0,384.0,1.8629408180713654,0.03845888780097084,,,,,,,,,,,,
763.0,200.0,8.367360252793876,0.25,nan,40.0,800.0,1.9633100032806396,0.03600968258447779,,,,,,,,,,,,
764.0,200.0,10.589955565892158,0.5,nan,40.0,800.0,5.812199234962463,0.017656297039212676,,,,,,,,,,,,
765.0,196.0,57.90180719831031,1.0,nan,44.0,784.0,9.846157789230347,0.01872146343053771,,,,,,,,,,,,
766.0,120.0,0.24662932977080365,0.0,nan,24.0,480.0,0.6702166646718979,0.024165902947007295,,,,,,,,,,,,
767.0,133.0,2.8517606348544353,0.25,nan,28.0,532.0,0.6725991815328598,0.0024049834413572,,,,,,,,,,,,
768.0,67.0,1.7349846721813085,0.25,nan,16.0,268.0,3.3581483364105225,0.07634618720405228,,,,,,,,,,,,
769.0,60.0,-0.031181484460830626,0.0,nan,12.0,240.0,1.0514066815376282,0.05508694174563781,,,,,,,,,,,,
770.0,200.0,5.828252273518592,0.5,nan,40.0,800.0,4.204854965209961,0.00968147506044481,,,,,,,,,,,,
771.0,60.0,3.230951561406254,0.25,nan,12.0,240.0,2.265131413936615,0.033376746238574624,,,,,,,,,,,,
772.0,199.0,21.47749914558604,1.0,nan,40.0,796.0,10.590729713439941,0.005950476810842958,,,,,,,,,,,,
773.0,58.0,0.2665986400842666,0.0,nan,12.0,232.0,2.0315924882888794,0.042550176230665315,,,,,,,,,,,,
774.0,200.0,32.57895412364742,0.75,nan,48.0,800.0,4.326510787010193,0.023705112402903517,,,,,,,,,,,,
775.0,193.0,39.467228948655546,1.0,nan,44.0,772.0,15.820116519927979,0.019984890002717748,,,,,,,,,,,,
776.0,59.0,0.435892010331154,0.0,nan,12.0,236.0,0.9487097859382629,0.022120195394679392,,,,,,,,,,,,
777.0,200.0,55.996583327907175,0.75,nan,40.0,800.0,10.57133173942566,0.026011009548369657,,,,,,,,,,,,
778.0,200.0,36.37328250019055,0.75,nan,40.0,800.0,17.98494291305542,0.005607886589210409,,,,,,,,,,,,
779.0,200.0,49.75321217823076,0.5,nan,52.0,800.0,6.438510537147522,0.01334047147967965,,,,,,,,,,,,
780.0,163.0,10.297733011962846,1.0,0.0,36.0,652.0,4.071889638900757,0.020669146824232598,1.0,0.0,0.25,0.0,0.25,2.0253162384033203,2.6058688163757324,12.011241470263485,10.0,1.0,200.0,25.8644382908009
781.0,200.0,26.305028139916274,0.25,nan,40.0,800.0,6.795575141906738,0.04625383479353218,,,,,,,,,,,,
782.0,187.0,30.2823215473746,1.0,nan,44.0,748.0,5.997095704078674,0.013013536411799809,,,,,,,,,,,,
783.0,100.0,0.1258450545370579,0.0,nan,20.0,400.0,1.5291100144386292,0.019581465028895906,,,,,,,,,,,,
784.0,200.0,40.20280556688085,0.75,nan,40.0,800.0,7.877547264099121,0.020810111615944038,,,,,,,,,,,,
785.0,200.0,21.701880023442214,0.75,nan,44.0,800.0,5.020847678184509,0.011385056136113292,,,,,,,,,,,,
786.0,111.0,-0.09619873523712157,0.0,nan,24.0,444.0,1.7193773686885834,0.019024890721172305,,,,,,,,,,,,
787.0,95.0,4.7978562772274005,0.25,nan,20.0,380.0,2.235653340816498,0.024826372773830485,,,,,,,,,,,,
788.0,185.0,39.12608740944998,1.0,nan,40.0,740.0,11.682586669921875,0.01701882731863691,,,,,,,,,,,,
789.0,59.0,-0.027358196079731,0.0,nan,12.0,236.0,0.5700232535600662,0.013722739203645569,,,,,,,,,,,,
790.0,76.0,0.6020267130434511,0.0,nan,16.0,304.0,0.8163277208805084,0.04568394556996935,,,,,,,,,,,,
791.0,101.0,5.010588122680783,0.25,nan,24.0,404.0,3.034759759902954,0.020806270159120288,,,,,,,,,,,,
792.0,95.0,0.7542537122964859,0.0,nan,20.0,380.0,1.2847146391868591,0.0634791905874561,,,,,,,,,,,,
793.0,143.0,0.33968986243009547,0.0,nan,32.0,572.0,1.9757602512836456,0.043729795264084714,,,,,,,,,,,,
794.0,103.0,0.720469334423542,0.25,nan,24.0,412.0,3.033362865447998,0.025829068042868886,,,,,,,,,,,,
795.0,200.0,21.3809775358066,0.75,nan,44.0,800.0,13.903154373168945,0.0162201331730234,,,,,,,,,,,,
796.0,200.0,0.3315694049000737,0.0,nan,40.0,800.0,1.2680625319480896,0.02675197907321092,,,,,,,,,,,,
797.0,200.0,13.715193210693544,0.25,nan,40.0,800.0,4.8405762910842896,0.022301725123860194,,,,,,,,,,,,
798.0,80.0,0.04972485899925222,0.0,nan,16.0,320.0,0.3427548483014107,0.032844999027886956,,,,,,,,,,,,
799.0,174.0,8.767130846194924,1.0,nan,36.0,696.0,4.4667980670928955,0.039575780338523714,,,,,,,,,,,,
800.0,119.0,3.346263684555886,0.0,0.0,24.0,476.0,1.7447522282600403,0.04640392059488363,1.0,0.0,0.0,0.5,0.0,-0.03208616375923157,3.1214919090270996,5.067131458505173,4.0,1.0,76.0,-0.2877740836143492
801.0,200.0,18.068274515750822,0.5,nan,40.0,800.0,7.41013503074646,0.019831633588726305,,,,,,,,,,,,
802.0,120.0,1.3797940976917737,0.25,nan,24.0,480.0,1.5867299735546112,0.03065271007477821,,,,,,,,,,,,
803.0,200.0,22.02820212952793,0.5,nan,40.0,800.0,6.035613059997559,0.0343512211629573,,,,,,,,,,,,
804.0,45.0,-0.07005120068788534,0.0,nan,12.0,180.0,0.5029439106583595,0.005373457913358632,,,,,,,,,,,,
805.0,182.0,45.84256085885689,1.0,nan,40.0,728.0,9.731794357299805,0.0033720131999306346,,,,,,,,,,,,
806.0,200.0,23.42941099812743,0.5,nan,44.0,800.0,5.285235643386841,0.02756837074374907,,,,,,,,,,,,
807.0,63.0,-0.06205422163009644,0.0,nan,16.0,252.0,0.2875348627567291,0.053991050560066395,,,,,,,,,,,,
808.0,128.0,5.125289958976209,0.25,nan,28.0,512.0,1.620072603225708,0.04003522492837419,,,,,,,,,,,,
809.0,155.0,21.211755340173838,1.0,nan,32.0,620.0,28.504383087158203,0.02488596144576971,,,,,,,,,,,,
810.0,158.0,64.1351770713041,1.0,nan,36.0,632.0,10.123043775558472,0.003108133054604778,,,,,,,,,,,,
811.0,200.0,23.960874055849857,0.75,nan,44.0,800.0,7.399645924568176,0.014230117867796821,,,,,,,,,,,,
812.0,200.0,26.380123941693455,0.75,nan,48.0,800.0,21.90114974975586,0.012392709312874395,,,,,,,,,,,,
813.0,135.0,8.714487345609815,1.0,nan,28.0,540.0,2.2239038944244385,0.012977137529134097,,,,,,,,,,,,
814.0,36.0,-0.4173881313204765,0.0,nan,8.0,144.0,1.370279312133789,0.05556143743013485,,,,,,,,,,,,
815.0,61.0,1.9168034718930722,0.25,nan,16.0,244.0,0.45882147550582886,0.023118227768793718,,,,,,,,,,,,
816.0,200.0,30.685416015004744,0.5,nan,44.0,800.0,14.945020914077759,0.021693577909820405,,,,,,,,,,,,
817.0,200.0,24.432199677126484,0.75,nan,40.0,800.0,16.81275701522827,0.016849649953066148,,,,,,,,,,,,
818.0,54.0,0.09618704080581666,0.0,nan,12.0,216.0,0.215986005961895,0.020691301457932073,,,,,,,,,,,,
819.0,52.0,-0.001262128055095662,0.0,nan,12.0,208.0,1.5290693640708923,0.061012753699716225,,,,,,,,,,,,
820.0,46.0,-0.41395097732543934,0.0,0.0,12.0,184.0,0.14573807641863823,0.013395316422379552,1.0,0.0,0.0,0.5,0.0,-0.006118074059486389,3.295370101928711,7.305780781953217,5.0,1.0,84.0,0.03743756473064419
821.0,55.0,-0.0003831356763839694,0.0,nan,12.0,220.0,1.0288843214511871,0.04309457838346795,,,,,,,,,,,,
822.0,200.0,35.13036790452898,0.75,nan,40.0,800.0,13.434889793395996,0.022470298557445645,,,,,,,,,,,,
823.0,191.0,31.225662478220194,1.0,nan,40.0,764.0,10.751168489456177,0.012323659070921256,,,,,,,,,,,,
824.0,79.0,0.507235631942749,0.0,nan,16.0,316.0,0.2703479528427124,0.01120704348311552,,,,,,,,,,,,
825.0,200.0,28.311031417385685,0.75,nan,40.0,800.0,6.748492240905762,0.05720914903166374,,,,,,,,,,,,
826.0,200.0,19.490468023685395,0.75,nan,40.0,800.0,6.172348260879517,0.03385055432290862,,,,,,,,,,,,
827.0,66.0,0.093363573551178,0.0,nan,16.0,264.0,0.3613058105111122,0.022333044721548845,,,,,,,,,,,,
828.0,117.0,1.5824088263511658,0.25,nan,24.0,468.0,0.5664791911840439,0.01794992056970912,,,,,,,,,,,,
829.0,190.0,27.084988563554365,1.0,nan,40.0,760.0,8.21846866607666,0.04048760737470758,,,,,,,,,,,,
830.0,76.0,-0.23578682005405424,0.0,nan,16.0,304.0,0.21380625665187836,0.009674422476083855,,,,,,,,,,,,
831.0,200.0,30.14664191249761,0.25,nan,40.0,800.0,7.652164936065674,0.02336421881825146,,,,,,,,,,,,
832.0,200.0,21.298060156498106,0.5,nan,40.0,800.0,10.869704008102417,0.007647579019241846,,,,,,,,,,,,
833.0,200.0,33.76764703025112,0.5,nan,40.0,800.0,11.073943376541138,0.011950376960349729,,,,,,,,,,,,
834.0,200.0,70.27733310840559,0.75,nan,44.0,800.0,13.994534969329834,0.01911456547676149,,,,,,,,,,,,
835.0,166.0,51.84033235233279,1.0,nan,40.0,664.0,12.274796962738037,0.013919107380907292,,,,,,,,,,,,
836.0,200.0,38.26045277938247,0.5,nan,40.0,800.0,8.979328393936157,0.014478202327902923,,,,,,,,,,,,
837.0,200.0,0.9093056559562676,0.0,nan,40.0,800.0,0.1240221168845892,0.007974141558865,,,,,,,,,,,,
838.0,200.0,14.023872002214192,0.5,nan,40.0,800.0,8.54638147354126,0.013884988659418784,,,,,,,,,,,,
839.0,200.0,37.594484356697656,0.75,nan,44.0,800.0,8.708465576171875,0.010561647246632333,,,,,,,,,,,,
840.0,106.0,0.45623374074697487,0.0,0.0,24.0,424.0,0.6245846152305603,0.05087710674681101,1.0,0.0,0.75,0.0,0.75,0.1862269937992096,1.7091573476791382,12.429485770313477,10.0,1.0,200.0,0.7618524435907603
841.0,85.0,-0.46177465468645107,0.0,nan,20.0,340.0,3.984998941421509,0.014108792380451485,,,,,,,,,,,,
842.0,200.0,9.912747269310053,0.5,nan,40.0,800.0,4.710426211357117,0.01689829347098737,,,,,,,,,,,,
843.0,200.0,10.023338738642632,0.5,nan,44.0,800.0,2.824294090270996,0.015517551843783117,,,,,,,,,,,,
844.0,200.0,0.9667313098907464,0.25,nan,40.0,800.0,3.3975526094436646,0.05089207983959909,,,,,,,,,,,,
845.0,84.0,0.0435222244262696,0.0,nan,20.0,336.0,0.1080586202442646,0.00946829794051085,,,,,,,,,,,,
846.0,173.0,6.657302591279147,0.25,nan,36.0,692.0,3.1732072234153748,0.022874682523095657,,,,,,,,,,,,
847.0,200.0,30.024278588173935,0.5,nan,44.0,800.0,4.794268727302551,0.04268624767700846,,,,,,,,,,,,
848.0,200.0,17.500144529622045,0.75,nan,40.0,800.0,7.691965460777283,0.016125809239987632,,,,,,,,,,,,
849.0,139.0,0.19278646692633633,0.25,nan,28.0,556.0,0.7636123895645142,0.027409703246579653,,,,,,,,,,,,
850.0,40.0,-0.40229830890893936,0.0,nan,8.0,160.0,2.061900496482849,0.040919431107977286,,,,,,,,,,,,
851.0,44.0,1.5760678192973137,0.25,nan,12.0,176.0,0.729101836681366,0.024277562208050604,,,,,,,,,,,,
852.0,200.0,18.38187344386242,0.75,nan,40.0,800.0,12.175085306167603,0.0073129855426472545,,,,,,,,,,,,
853.0,48.0,-0.200658016204834,0.0,nan,12.0,192.0,0.3104948252439499,0.034741224982790676,,,,,,,,,,,,
854.0,200.0,8.388723389944062,0.75,nan,44.0,800.0,2.5314064621925354,0.03779550911558083,,,,,,,,,,,,
855.0,48.0,0.0051872444152831765,0.0,nan,12.0,192.0,0.35953912138938904,0.027782617325177245,,,,,,,,,,,,
856.0,200.0,11.291344955842941,0.75,nan,40.0,800.0,14.33302617073059,0.04747091616002308,,,,,,,,,,,,
857.0,200.0,21.91542257633991,0.75,nan,44.0,800.0,7.7669761180877686,0.018213494203260794,,,,,,,,,,,,
858.0,170.0,0.7642005521804087,0.0,nan,36.0,680.0,2.747597396373749,0.04180649144198867,,,,,,,,,,,,
859.0,66.0,-0.4461530423164367,0.0,nan,16.0,264.0,2.7340458035469055,0.15723930063694525,,,,,,,,,,,,
860.0,200.0,20.28462270051242,0.75,0.0,44.0,800.0,2.6333011388778687,0.018018660693231325,1.0,0.0,0.5,0.0,0.5,1.340604305267334,2.0986781120300293,11.382561784903373,10.0,1.0,200.0,5.563804047554731
861.0,200.0,15.956951582757759,0.5,nan,40.0,800.0,7.598660349845886,0.02573760038363041,,,,,,,,,,,,
862.0,200.0,0.5109701022505755,0.0,nan,40.0,800.0,1.0493454337120056,0.028962896055874765,,,,,,,,,,,,
863.0,200.0,16.165638094581663,0.75,nan,40.0,800.0,5.797809600830078,0.02301580545166404,,,,,,,,,,,,
864.0,200.0,0.10780560523271511,0.25,nan,40.0,800.0,2.7493078112602234,0.05806473485201025,,,,,,,,,,,,
865.0,200.0,11.07373694796115,0.75,nan,40.0,800.0,2.3826041221618652,0.03455847063906958,,,,,,,,,,,,
866.0,173.0,14.57860682474449,1.0,nan,36.0,692.0,9.143807649612427,0.015053362164820783,,,,,,,,,,,,
867.0,200.0,15.324538369290531,0.75,nan,40.0,800.0,5.156039595603943,0.009919563134329401,,,,,,,,,,,,
868.0,200.0,13.18707834985107,0.75,nan,44.0,800.0,4.492480516433716,0.04679049881759889,,,,,,,,,,,,
869.0,66.0,-0.13242984697222704,0.0,nan,16.0,264.0,0.8507826328277588,0.016534889004105935,,,,,,,,,,,,
870.0,200.0,0.9552813723683351,0.25,nan,40.0,800.0,1.0702598690986633,0.04014630777754924,,,,,,,,,,,,
871.0,200.0,12.929573317617177,0.25,nan,40.0,800.0,3.783381700515747,0.03260910335402656,,,,,,,,,,,,
872.0,200.0,18.584834826737644,0.75,nan,44.0,800.0,5.029044151306152,0.03820895554334136,,,,,,,,,,,,
873.0,55.0,-0.42499036490917197,0.0,nan,12.0,220.0,0.9282309263944626,0.03603142848289942,,,,,,,,,,,,
874.0,200.0,36.4129282422364,0.75,nan,40.0,800.0,13.67094087600708,0.019969717288115252,,,,,,,,,,,,
875.0,200.0,14.437903279578308,0.5,nan,40.0,800.0,19.99806308746338,0.04213646887235711,,,,,,,,,,,,
876.0,165.0,11.839584127813579,0.25,nan,36.0,660.0,3.7460420727729797,0.032951912797706484,,,,,,,,,,,,
877.0,76.0,-0.029500550627708344,0.0,nan,16.0,304.0,0.6993136405944824,0.03087881844584217,,,,,,,,,,,,
878.0,200.0,38.778333366476,0.5,nan,40.0,800.0,15.112582445144653,0.05066266842244804,,,,,,,,,,,,
879.0,125.0,-0.20847508162260056,0.0,nan,28.0,500.0,2.208854079246521,0.03602152643050838,,,,,,,,,,,,
880.0,200.0,2.3431777380406844,0.25,0.0,40.0,800.0,1.0040683895349503,0.05820392424067222,1.0,0.0,0.5,0.0,0.5,0.3872024714946747,1.7026058435440063,13.496363700069196,10.0,1.0,200.0,4.978089153766632
881.0,200.0,37.19062070921064,1.0,nan,44.0,800.0,8.26390027999878,0.0039017960057212697,,,,,,,,,,,,
882.0,200.0,20.394557038228967,0.5,nan,40.0,800.0,2.4531009793281555,0.013980241403046989,,,,,,,,,,,,
883.0,195.0,29.57129153283313,1.0,nan,40.0,780.0,9.008974552154541,0.034685765117817624,,,,,,,,,,,,
884.0,173.0,0.9936134178936477,0.25,nan,36.0,692.0,1.44011652469635,0.02495823994872426,,,,,,,,,,,,
885.0,102.0,7.894048565924167,0.5,nan,24.0,408.0,1.524340033531189,0.0305607444764604,,,,,,,,,,,,
886.0,200.0,7.546413598768411,0.25,nan,40.0,800.0,2.193821907043457,0.02665597810013054,,,,,,,,,,,,
887.0,200.0,40.22442090702243,0.75,nan,44.0,800.0,7.071211814880371,0.03205035552359092,,,,,,,,,,,,
888.0,200.0,26.33704904634506,0.75,nan,40.0,800.0,13.913613557815552,0.021033425808642647,,,,,,,,,,,,
889.0,94.0,-0.2480424100160598,0.0,nan,20.0,376.0,2.841358780860901,0.022927711860920574,,,,,,,,,,,,
890.0,200.0,38.29887640918606,0.5,nan,40.0,800.0,13.242179155349731,0.068290468273557,,,,,,,,,,,,
891.0,200.0,47.75340283419941,0.75,nan,40.0,800.0,19.686289310455322,0.018408174824708468,,,,,,,,,,,,
892.0,200.0,10.331661891192194,0.5,nan,44.0,800.0,2.54746276140213,0.02974573626189514,,,,,,,,,,,,
893.0,200.0,26.68769263043069,0.75,nan,40.0,800.0,6.252319574356079,0.015236384428518879,,,,,,,,,,,,
894.0,94.0,0.2839413082599641,0.0,nan,20.0,376.0,0.3046291247010231,0.012190963684625133,,,,,,,,,,,,
895.0,72.0,-0.06080994576215738,0.0,nan,16.0,288.0,0.8764910697937012,0.02887801805073309,,,,,,,,,,,,
896.0,93.0,0.8771765109896659,0.0,nan,20.0,372.0,1.1567279398441315,0.0332548847260945,,,,,,,,,,,,
897.0,200.0,0.7201640158891676,0.25,nan,40.0,800.0,1.762198030948639,0.025206506911437998,,,,,,,,,,,,
898.0,200.0,40.444143092480964,0.5,nan,44.0,800.0,9.388274908065796,0.06822066473267796,,,,,,,,,,,,
899.0,200.0,8.388581154868007,0.5,nan,40.0,800.0,4.404114007949829,0.016520391692681713,,,,,,,,,,,,
900.0,200.0,17.396418608503883,0.25,0.0,40.0,800.0,7.331439137458801,0.037618580921858324,1.0,0.0,0.0,0.5,0.0,-0.01578792929649353,3.3360204696655273,6.0141887228237465,4.0,1.0,73.0,-0.030242950022220716
901.0,52.0,-0.17045917034149172,0.0,nan,12.0,208.0,0.15307909063994884,0.02306839641505576,,,,,,,,,,,,
902.0,200.0,52.7560916747898,0.75,nan,48.0,800.0,13.466902494430542,0.004500279934091189,,,,,,,,,,,,
903.0,92.0,0.23516078472137444,0.0,nan,20.0,368.0,0.07734151929616928,0.016775407690097666,,,,,,,,,,,,
904.0,110.0,0.010618919134139954,0.0,nan,24.0,440.0,1.7538010478019714,0.04897099960656881,,,,,,,,,,,,
905.0,200.0,19.96814942620695,0.75,nan,40.0,800.0,9.518248081207275,0.02686170360715323,,,,,,,,,,,,
906.0,175.0,14.94465344864875,1.0,nan,36.0,700.0,10.615512132644653,0.018251038704178768,,,,,,,,,,,,
907.0,200.0,28.013746026024457,0.5,nan,44.0,800.0,7.285990357398987,0.011009850793435305,,,,,,,,,,,,
908.0,200.0,57.9705398912338,0.75,nan,44.0,800.0,14.476194620132446,0.022744248443785864,,,,,,,,,,,,
909.0,152.0,53.98699120272184,1.0,nan,32.0,608.0,15.353110551834106,0.01950971953073738,,,,,,,,,,,,
910.0,200.0,25.105208702874368,0.25,nan,40.0,800.0,4.622588396072388,0.017061683138706485,,,,,,,,,,,,
911.0,155.0,4.257163245230913,0.5,nan,32.0,620.0,1.4552667140960693,0.035711368532502896,,,,,,,,,,,,
912.0,200.0,13.677482208237056,0.75,nan,40.0,800.0,2.2065738439559937,0.007225069911307003,,,,,,,,,,,,
913.0,96.0,2.3936407677456732,0.25,nan,20.0,384.0,3.276256501674652,0.062129487026284735,,,,,,,,,,,,
914.0,200.0,24.895274235168483,0.5,nan,40.0,800.0,6.218059062957764,0.005520590883042686,,,,,,,,,,,,
915.0,200.0,28.864530536020183,1.0,nan,40.0,800.0,10.092484712600708,0.023363154324160362,,,,,,,,,,,,
916.0,200.0,20.19156937639055,1.0,nan,40.0,800.0,6.214882493019104,0.033399960984958454,,,,,,,,,,,,
917.0,200.0,36.892176177864904,0.75,nan,44.0,800.0,12.887648105621338,0.021949242772200617,,,,,,,,,,,,
918.0,59.0,-0.13484189748764033,0.0,nan,12.0,236.0,0.7433702945709229,0.01628154874335944,,,,,,,,,,,,
919.0,121.0,-0.29334960937500004,0.0,nan,28.0,484.0,0.19892967864871025,0.017750098760934918,,,,,,,,,,,,
920.0,200.0,46.89174556538928,0.75,0.0,40.0,800.0,15.632529735565186,0.08979252469465937,1.0,0.0,0.25,0.0,0.25,0.8055852651596069,2.9767842292785645,12.548132940100913,10.0,1.0,200.0,27.96039701430129
921.0,99.0,0.5089710286259654,0.0,nan,20.0,396.0,0.3780543878674507,0.02574242878029942,,,,,,,,,,,,
922.0,200.0,63.49692417732442,0.75,nan,40.0,800.0,15.194895029067993,0.0009598950664901906,,,,,,,,,,,,
923.0,154.0,16.095473825538065,1.0,nan,36.0,616.0,2.7154793739318848,0.03216086323193723,,,,,,,,,,,,
924.0,57.0,0.40738870084285733,0.0,nan,12.0,228.0,0.4638248383998871,0.07036438629795252,,,,,,,,,,,,
925.0,84.0,0.08685295343399044,0.0,nan,20.0,336.0,2.656804144382477,0.03509061381385692,,,,,,,,,,,,
926.0,200.0,14.967361760977655,0.5,nan,40.0,800.0,3.214214503765106,0.033743734719386964,,,,,,,,,,,,
927.0,200.0,48.36672848131277,0.5,nan,44.0,800.0,15.443649768829346,0.029711646956210203,,,,,,,,,,,,
928.0,200.0,37.43916893629358,0.75,nan,40.0,800.0,18.17346477508545,0.015546752746565584,,,,,,,,,,,,
929.0,170.0,29.874958800501194,1.0,nan,36.0,680.0,9.40547251701355,0.024902165873875504,,,,,,,,,,,,
930.0,97.0,0.41575050234794586,0.0,nan,20.0,388.0,0.8699705898761749,0.02648697863138949,,,,,,,,,,,,
931.0,200.0,6.957391799055039,0.5,nan,40.0,800.0,3.223292648792267,0.027498858550167427,,,,,,,,,,,,
932.0,200.0,48.205413338728256,0.75,nan,40.0,800.0,16.07555103302002,0.0034376649276897098,,,,,,,,,,,,
933.0,200.0,17.94103251318448,0.25,nan,40.0,800.0,4.106475830078125,0.01642587678980334,,,,,,,,,,,,
934.0,200.0,12.925891818385576,0.25,nan,40.0,800.0,3.292845845222473,0.026774600274208638,,,,,,,,,,,,
935.0,200.0,13.130784517480059,0.5,nan,40.0,800.0,8.982521772384644,0.029112069457108092,,,,,,,,,,,,
936.0,158.0,37.24739277957008,1.0,nan,40.0,632.0,5.729677200317383,0.012594952550111671,,,,,,,,,,,,
937.0,200.0,21.39893051123944,0.75,nan,40.0,800.0,10.00058364868164,0.020198640116948496,,,,,,,,,,,,
938.0,200.0,48.08362850318664,0.75,nan,48.0,800.0,7.1325472593307495,0.022679521502032784,,,,,,,,,,,,
939.0,95.0,1.3974383711814886,0.0,nan,20.0,380.0,0.47117946296930313,0.025803201387459396,,,,,,,,,,,,
940.0,72.0,0.28995482802391054,0.0,0.0,16.0,288.0,1.2892939746379852,0.030284984580951857,1.0,0.0,0.5,0.0,0.5,0.09777835011482239,2.3909406661987305,12.02980584254692,10.0,1.0,200.0,13.355816728970968
941.0,200.0,35.66002995684686,0.5,nan,40.0,800.0,6.3595874309539795,0.02019561820227944,,,,,,,,,,,,
942.0,147.0,1.4026604880765077,0.25,nan,32.0,588.0,2.8555678129196167,0.07631057181725609,,,,,,,,,,,,
943.0,200.0,18.28948761941865,1.0,nan,40.0,800.0,10.540936470031738,0.023196615463930925,,,,,,,,,,,,
944.0,70.0,-0.001922589540481523,0.0,nan,16.0,280.0,0.650098979473114,0.035061770116797675,,,,,,,,,,,,
945.0,200.0,30.874183551012546,0.75,nan,44.0,800.0,7.3126139640808105,0.02318261587828463,,,,,,,,,,,,
946.0,163.0,13.10813883373514,0.75,nan,36.0,652.0,6.097217082977295,0.030079938600998446,,,,,,,,,,,,
947.0,96.0,0.07621934205293646,0.0,nan,20.0,384.0,2.069670557975769,0.04152302617529813,,,,,,,,,,,,
948.0,200.0,16.968126594321806,0.25,nan,44.0,800.0,18.426815509796143,0.037427868662435415,,,,,,,,,,,,
949.0,117.0,0.3587241354584695,0.0,nan,24.0,468.0,1.1450356245040894,0.019871789434935117,,,,,,,,,,,,
950.0,200.0,17.508558273734526,0.75,nan,40.0,800.0,4.971287846565247,0.01855026343455357,,,,,,,,,,,,
951.0,72.0,0.4740527752041816,0.0,nan,16.0,288.0,1.548985093832016,0.0264007046379362,,,,,,,,,,,,
952.0,88.0,0.0904525351524351,0.0,nan,20.0,352.0,1.731586992740631,0.06033806266238173,,,,,,,,,,,,
953.0,200.0,48.90372727875365,0.75,nan,44.0,800.0,10.770189046859741,0.0231099983375449,,,,,,,,,,,,
954.0,110.0,0.5906775489449498,0.0,nan,24.0,440.0,1.3916366696357727,0.03998066954120816,,,,,,,,,,,,
955.0,196.0,28.048183414582155,1.0,nan,40.0,784.0,5.76094126701355,0.016809396638068463,,,,,,,,,,,,
956.0,111.0,0.973578729722649,0.0,nan,24.0,444.0,2.0439176857471466,0.027021763978837043,,,,,,,,,,,,
957.0,200.0,58.59692167502363,0.75,nan,40.0,800.0,12.095582008361816,0.00324136277829723,,,,,,,,,,,,
958.0,84.0,0.5208346402645111,0.0,nan,20.0,336.0,1.5701519846916199,0.020666488276749106,,,,,,,,,,,,
959.0,200.0,57.891594928433186,0.5,nan,40.0,800.0,10.770924806594849,0.012483137506518915,,,,,,,,,,,,
960.0,197.0,42.35677520693979,1.0,0.0,44.0,788.0,11.479642868041992,0.005592200633276256,1.0,0.0,0.75,0.0,0.75,1.289480209350586,0.10922503471374512,11.918458066144012,10.0,1.0,200.0,49.98924973438263
961.0,96.0,9.685028841157909,0.25,nan,20.0,384.0,3.2771952152252197,0.026749632952184577,,,,,,,,,,,,
962.0,200.0,13.283446517342234,0.5,nan,40.0,800.0,13.332342386245728,0.05631669196896549,,,,,,,,,,,,
963.0,161.0,29.486755450451753,1.0,nan,36.0,644.0,10.24705171585083,0.026467006344461197,,,,,,,,,,,,
964.0,141.0,27.089144570634247,0.5,nan,32.0,564.0,5.16357684135437,0.026734149648923733,,,,,,,,,,,,
965.0,120.0,2.60583227686584,0.25,nan,24.0,480.0,2.819596827030182,0.06104001050807284,,,,,,,,,,,,
966.0,200.0,30.657830010680485,0.75,nan,40.0,800.0,5.144434571266174,0.016718292794131173,,,,,,,,,,,,
967.0,200.0,18.013784947688688,0.5,nan,40.0,800.0,6.480077028274536,0.03216819176496344,,,,,,,,,,,,
968.0,96.0,-0.044336861968040625,0.0,nan,20.0,384.0,1.901455283164978,0.04790967425822146,,,,,,,,,,,,
969.0,78.0,-0.06854826688766474,0.0,nan,16.0,312.0,0.9693520218133926,0.026872662113693657,,,,,,,,,,,,
970.0,136.0,1.349667603671551,0.25,nan,28.0,544.0,1.336193859577179,0.03237667259885413,,,,,,,,,,,,
971.0,156.0,4.7104407336656,0.0,nan,32.0,624.0,10.577712059020996,0.06433130615970839,,,,,,,,,,,,
972.0,58.0,-0.37900459051132196,0.0,nan,12.0,232.0,0.12066868133842945,0.0457710140571678,,,,,,,,,,,,
973.0,200.0,6.6352765429764995,0.5,nan,40.0,800.0,5.491640686988831,0.02633333920012859,,,,,,,,,,,,
974.0,200.0,9.995699577033516,0.75,nan,40.0,800.0,11.258466243743896,0.01861046539693234,,,,,,,,,,,,
975.0,200.0,54.20247604227626,1.0,nan,40.0,800.0,17.416314601898193,0.013289388440631988,,,,,,,,,,,,
976.0,200.0,29.6002089753747,0.75,nan,44.0,800.0,12.185433626174927,0.017464621412243364,,,,,,,,,,,,
977.0,200.0,40.926735102233955,0.5,nan,44.0,800.0,6.852255821228027,0.013636496151042898,,,,,,,,,,,,
978.0,200.0,25.632547914795577,0.5,nan,44.0,800.0,9.653843879699707,0.01992919673755189,,,,,,,,,,,,
979.0,200.0,12.659011086542161,0.5,nan,40.0,800.0,3.7658510208129883,0.0171986848342216,,,,,,,,,,,,
980.0,61.0,0.512144980728626,0.0,0.0,16.0,244.0,1.3481855690479279,0.10011018379972499,1.0,0.0,0.0,0.25,0.0,0.006179928779602051,-0.07071709632873535,9.33567049287376,7.0,1.0,129.0,0.2251005521416662
981.0,200.0,11.91332834567875,0.5,nan,40.0,800.0,2.19023197889328,0.010117613257621061,,,,,,,,,,,,
982.0,121.0,5.737208230942487,0.25,nan,28.0,484.0,3.576782763004303,0.04979966429048943,,,,,,,,,,,,
983.0,90.0,10.582106313854453,0.5,nan,20.0,360.0,1.6755679249763489,0.02036307794900144,,,,,,,,,,,,
984.0,200.0,13.27198161240667,0.5,nan,40.0,800.0,3.979418694972992,0.015142408844077693,,,,,,,,,,,,
985.0,200.0,30.119021302371415,0.75,nan,44.0,800.0,6.660534739494324,0.02335656108584283,,,,,,,,,,,,
986.0,88.0,13.107068468332294,0.25,nan,20.0,352.0,4.04777467250824,0.012761673222755121,,,,,,,,,,,,
987.0,67.0,-0.032014567852020205,0.0,nan,16.0,268.0,1.7401695549488068,0.027377139035593245,,,,,,,,,,,,
988.0,102.0,0.6381579476594923,0.0,nan,24.0,408.0,1.534753531217575,0.04757877139792566,,,,,,,,,,,,
989.0,108.0,0.20465699553489683,0.0,nan,24.0,432.0,1.1141825020313263,0.016409688575224624,,,,,,,,,,,,
990.0,55.0,-0.6310041218996048,0.0,nan,12.0,220.0,1.8585969507694244,0.022529210458610165,,,,,,,,,,,,
991.0,142.0,-0.20255364745855373,0.0,nan,32.0,568.0,1.7985915541648865,0.041888637825740815,,,,,,,,,,,,
992.0,35.0,-0.21921952366828917,0.0,nan,8.0,140.0,0.4788583293557167,0.06720151214779305,,,,,,,,,,,,
993.0,200.0,25.886614252557045,0.75,nan,48.0,800.0,6.432813048362732,0.014996347043577885,,,,,,,,,,,,
994.0,200.0,1.6289733108133075,0.25,nan,40.0,800.0,2.3569082021713257,0.04457082414972291,,,,,,,,,,,,
995.0,27.0,-0.42100426673889163,0.0,nan,8.0,108.0,0.4436066672205925,0.0601844685800188,,,,,,,,,,,,
996.0,156.0,30.50873068525456,1.0,nan,36.0,624.0,5.0340412855148315,0.008411355706719803,,,,,,,,,,,,
997.0,200.0,21.420925495773556,0.75,nan,44.0,800.0,3.119899809360504,0.024075574002857536,,,,,,,,,,,,
998.0,179.0,28.838350678842986,1.0,nan,36.0,716.0,36.1102237701416,0.01913176889261603,,,,,,,,,,,,
999.0,74.0,-0.010774353481829271,0.0,nan,16.0,296.0,1.409646600484848,0.029506697011512983,,,,,,,,,,,,
1000.0,199.0,19.994199738129975,1.0,0.0,40.0,796.0,4.469396948814392,0.01500381641429449,1.0,0.0,0.5,0.0,0.5,0.5357062816619873,1.6217013597488403,12.420438415127137,10.0,1.0,200.0,13.171360230701977
