iteration,n_rounds,skill_ids,skill_names,t_start,t_end
1,26,"[3, 2, 3, 2, 2, 0, 4, 1, 3, 2, 0, 3, 2, 3, 4, 4, 3, 2, 2, 0, 1, 3, 4, 2, 2, 0]","[""decelerate"", ""accelerate"", ""decelerate"", ""accelerate"", ""accelerate"", ""turn_left"", ""cruise"", ""turn_right"", ""decelerate"", ""accelerate"", ""turn_left"", ""decelerate"", ""accelerate"", ""decelerate"", ""cruise"", ""cruise"", ""decelerate"", ""accelerate"", ""accelerate"", ""turn_left"", ""turn_right"", ""decelerate"", ""cruise"", ""accelerate"", ""accelerate"", ""turn_left""]","[0, 4, 14, 20, 30, 40, 46, 56, 66, 74, 84, 86, 90, 100, 102, 112, 122, 123, 133, 143, 151, 158, 167, 177, 187, 197]","[4, 14, 20, 30, 40, 46, 56, 66, 74, 84, 86, 90, 100, 102, 112, 122, 123, 133, 143, 151, 158, 167, 177, 187, 197, 200]"
2,26,"[1, 2, 0, 1, 2, 2, 1, 3, 4, 4, 2, 0, 4, 3, 2, 3, 2, 0, 1, 1, 1, 3, 2, 0, 0, 1]","[""turn_right"", ""accelerate"", ""turn_left"", ""turn_right"", ""accelerate"", ""accelerate"", ""turn_right"", ""decelerate"", ""cruise"", ""cruise"", ""accelerate"", ""turn_left"", ""cruise"", ""decelerate"", ""accelerate"", ""decelerate"", ""accelerate"", ""turn_left"", ""turn_right"", ""turn_right"", ""turn_right"", ""decelerate"", ""accelerate"", ""turn_left"", ""turn_left"", ""turn_right""]","[0, 3, 13, 17, 20, 30, 40, 45, 54, 64, 74, 84, 94, 104, 109, 119, 126, 136, 146, 149, 153, 157, 166, 176, 186, 196]","[3, 13, 17, 20, 30, 40, 45, 54, 64, 74, 84, 94, 104, 109, 119, 126, 136, 146, 149, 153, 157, 166, 176, 186, 196, 200]"
3,19,"[4, 0, 3, 2, 0, 1, 1, 3, 2, 0, 1, 0, 0, 2, 0, 3, 0, 2, 4]","[""cruise"", ""turn_left"", ""decelerate"", ""accelerate"", ""turn_left"", ""turn_right"", ""turn_right"", ""decelerate"", ""accelerate"", ""turn_left"", ""turn_right"", ""turn_left"", ""turn_left"", ""accelerate"", ""turn_left"", ""decelerate"", ""turn_left"", ""accelerate"", ""cruise""]","[0, 10, 12, 16, 26, 29, 34, 40, 50, 60, 63, 67, 72, 80, 90, 100, 110, 120, 130]","[10, 12, 16, 26, 29, 34, 40, 50, 60, 63, 67, 72, 80, 90, 100, 110, 120, 130, 134]"
4,26,"[4, 4, 1, 4, 4, 1, 1, 3, 2, 0, 3, 2, 3, 2, 0, 3, 2, 4, 4, 1, 4, 0, 4, 3, 2, 3]","[""cruise"", ""cruise"", ""turn_right"", ""cruise"", ""cruise"", ""turn_right"", ""turn_right"", ""decelerate"", ""accelerate"", ""turn_left"", ""decelerate"", ""accelerate"", ""decelerate"", ""accelerate"", ""turn_left"", ""decelerate"", ""accelerate"", ""cruise"", ""cruise"", ""turn_right"", ""cruise"", ""turn_left"", ""cruise"", ""decelerate"", ""accelerate"", ""decelerate""]","[0, 10, 20, 23, 33, 43, 45, 50, 57, 67, 77, 85, 95, 99, 109, 111, 117, 127, 137, 147, 154, 164, 171, 181, 187, 197]","[10, 20, 23, 33, 43, 45, 50, 57, 67, 77, 85, 95, 99, 109, 111, 117, 127, 137, 147, 154, 164, 171, 181, 187, 197, 200]"
5,24,"[0, 1, 3, 2, 4, 1, 1, 3, 4, 2, 0, 1, 4, 1, 3, 2, 2, 3, 4, 3, 2, 4, 2, 0]","[""turn_left"", ""turn_right"", ""decelerate"", ""accelerate"", ""cruise"", ""turn_right"", ""turn_right"", ""decelerate"", ""cruise"", ""accelerate"", ""turn_left"", ""turn_right"", ""cruise"", ""turn_right"", ""decelerate"", ""accelerate"", ""accelerate"", ""decelerate"", ""cruise"", ""decelerate"", ""accelerate"", ""cruise"", ""accelerate"", ""turn_left""]","[0, 3, 8, 14, 24, 34, 44, 54, 61, 71, 81, 86, 93, 103, 110, 117, 127, 137, 147, 157, 167, 177, 187, 197]","[3, 8, 14, 24, 34, 44, 54, 61, 71, 81, 86, 93, 103, 110, 117, 127, 137, 147, 157, 167, 177, 187, 197, 200]"
6,25,"[1, 1, 1, 1, 4, 0, 2, 4, 2, 0, 0, 2, 0, 3, 2, 2, 2, 4, 1, 3, 2, 2, 3, 2, 1]","[""turn_right"", ""turn_right"", ""turn_right"", ""turn_right"", ""cruise"", ""turn_left"", ""accelerate"", ""cruise"", ""accelerate"", ""turn_left"", ""turn_left"", ""accelerate"", ""turn_left"", ""decelerate"", ""accelerate"", ""accelerate"", ""accelerate"", ""cruise"", ""turn_right"", ""decelerate"", ""accelerate"", ""accelerate"", ""decelerate"", ""accelerate"", ""turn_right""]","[0, 3, 7, 13, 20, 30, 36, 46, 56, 59, 67, 75, 85, 95, 105, 115, 125, 135, 145, 151, 159, 169, 179, 186, 196]","[3, 7, 13, 20, 30, 36, 46, 56, 59, 67, 75, 85, 95, 105, 115, 125, 135, 145, 151, 159, 169, 179, 186, 196, 200]"
7,23,"[2, 4, 4, 2, 0, 1, 1, 3, 2, 2, 1, 3, 2, 1, 0, 1, 2, 0, 2, 2, 2, 0, 4]","[""accelerate"", ""cruise"", ""cruise"", ""accelerate"", ""turn_left"", ""turn_right"", ""turn_right"", ""decelerate"", ""accelerate"", ""accelerate"", ""turn_right"", ""decelerate"", ""accelerate"", ""turn_right"", ""turn_left"", ""turn_right"", ""accelerate"", ""turn_left"", ""accelerate"", ""accelerate"", ""accelerate"", ""turn_left"", ""cruise""]","[0, 10, 20, 30, 40, 44, 54, 64, 74, 84, 94, 104, 110, 120, 126, 132, 140, 150, 155, 165, 175, 185, 192]","[10, 20, 30, 40, 44, 54, 64, 74, 84, 94, 104, 110, 120, 126, 132, 140, 150, 155, 165, 175, 185, 192, 200]"
8,26,"[1, 0, 4, 1, 1, 2, 0, 0, 1, 0, 1, 4, 2, 2, 1, 4, 0, 0, 1, 2, 3, 2, 3, 4, 0, 1]","[""turn_right"", ""turn_left"", ""cruise"", ""turn_right"", ""turn_right"", ""accelerate"", ""turn_left"", ""turn_left"", ""turn_right"", ""turn_left"", ""turn_right"", ""cruise"", ""accelerate"", ""accelerate"", ""turn_right"", ""cruise"", ""turn_left"", ""turn_left"", ""turn_right"", ""accelerate"", ""decelerate"", ""accelerate"", ""decelerate"", ""cruise"", ""turn_left"", ""turn_right""]","[0, 3, 8, 18, 21, 25, 35, 45, 55, 61, 68, 74, 84, 94, 104, 112, 122, 128, 133, 139, 149, 154, 164, 174, 184, 194]","[3, 8, 18, 21, 25, 35, 45, 55, 61, 68, 74, 84, 94, 104, 112, 122, 128, 133, 139, 149, 154, 164, 174, 184, 194, 200]"
9,23,"[0, 4, 0, 1, 0, 4, 1, 1, 2, 1, 3, 4, 2, 4, 4, 3, 3, 3, 4, 2, 2, 2, 2]","[""turn_left"", ""cruise"", ""turn_left"", ""turn_right"", ""turn_left"", ""cruise"", ""turn_right"", ""turn_right"", ""accelerate"", ""turn_right"", ""decelerate"", ""cruise"", ""accelerate"", ""cruise"", ""cruise"", ""decelerate"", ""decelerate"", ""decelerate"", ""cruise"", ""accelerate"", ""accelerate"", ""accelerate"", ""accelerate""]","[0, 3, 13, 16, 26, 33, 43, 50, 60, 70, 77, 87, 97, 107, 117, 127, 137, 147, 157, 167, 177, 187, 197]","[3, 13, 16, 26, 33, 43, 50, 60, 70, 77, 87, 97, 107, 117, 127, 137, 147, 157, 167, 177, 187, 197, 200]"
10,28,"[1, 4, 3, 2, 3, 2, 1, 2, 2, 4, 0, 3, 2, 0, 1, 0, 0, 1, 4, 4, 4, 0, 0, 3, 4, 2, 4, 2]","[""turn_right"", ""cruise"", ""decelerate"", ""accelerate"", ""decelerate"", ""accelerate"", ""turn_right"", ""accelerate"", ""accelerate"", ""cruise"", ""turn_left"", ""decelerate"", ""accelerate"", ""turn_left"", ""turn_right"", ""turn_left"", ""turn_left"", ""turn_right"", ""cruise"", ""cruise"", ""cruise"", ""turn_left"", ""turn_left"", ""decelerate"", ""cruise"", ""accelerate"", ""cruise"", ""accelerate""]","[0, 2, 12, 13, 23, 28, 38, 40, 50, 60, 70, 74, 79, 89, 92, 96, 101, 106, 111, 121, 131, 141, 151, 161, 169, 179, 189, 199]","[2, 12, 13, 23, 28, 38, 40, 50, 60, 70, 74, 79, 89, 92, 96, 101, 106, 111, 121, 131, 141, 151, 161, 169, 179, 189, 199, 200]"
11,25,"[2, 1, 1, 0, 1, 0, 1, 1, 0, 4, 0, 2, 2, 4, 0, 3, 2, 2, 4, 2, 2, 0, 4, 1, 0]","[""accelerate"", ""turn_right"", ""turn_right"", ""turn_left"", ""turn_right"", ""turn_left"", ""turn_right"", ""turn_right"", ""turn_left"", ""cruise"", ""turn_left"", ""accelerate"", ""accelerate"", ""cruise"", ""turn_left"", ""decelerate"", ""accelerate"", ""accelerate"", ""cruise"", ""accelerate"", ""accelerate"", ""turn_left"", ""cruise"", ""turn_right"", ""turn_left""]","[0, 10, 12, 15, 25, 29, 38, 43, 48, 56, 66, 73, 83, 93, 103, 110, 117, 127, 137, 147, 157, 167, 175, 185, 195]","[10, 12, 15, 25, 29, 38, 43, 48, 56, 66, 73, 83, 93, 103, 110, 117, 127, 137, 147, 157, 167, 175, 185, 195, 200]"
12,25,"[0, 1, 4, 0, 0, 0, 3, 4, 2, 1, 1, 1, 1, 1, 1, 3, 2, 2, 2, 2, 2, 2, 2, 2, 2]","[""turn_left"", ""turn_right"", ""cruise"", ""turn_left"", ""turn_left"", ""turn_left"", ""decelerate"", ""cruise"", ""accelerate"", ""turn_right"", ""turn_right"", ""turn_right"", ""turn_right"", ""turn_right"", ""turn_right"", ""decelerate"", ""accelerate"", ""accelerate"", ""accelerate"", ""accelerate"", ""accelerate"", ""accelerate"", ""accelerate"", ""accelerate"", ""accelerate""]","[0, 2, 6, 16, 18, 21, 27, 37, 47, 57, 62, 72, 82, 92, 102, 112, 119, 129, 139, 149, 159, 169, 179, 189, 199]","[2, 6, 16, 18, 21, 27, 37, 47, 57, 62, 72, 82, 92, 102, 112, 119, 129, 139, 149, 159, 169, 179, 189, 199, 200]"
13,27,"[1, 2, 1, 0, 4, 2, 0, 1, 1, 1, 0, 4, 2, 2, 0, 0, 3, 2, 1, 1, 1, 0, 2, 1, 4, 1, 4]","[""turn_right"", ""accelerate"", ""turn_right"", ""turn_left"", ""cruise"", ""accelerate"", ""turn_left"", ""turn_right"", ""turn_right"", ""turn_right"", ""turn_left"", ""cruise"", ""accelerate"", ""accelerate"", ""turn_left"", ""turn_left"", ""decelerate"", ""accelerate"", ""turn_right"", ""turn_right"", ""turn_right"", ""turn_left"", ""accelerate"", ""turn_right"", ""cruise"", ""turn_right"", ""cruise""]","[0, 3, 13, 17, 27, 37, 47, 57, 61, 67, 74, 82, 92, 102, 112, 117, 121, 127, 137, 143, 150, 157, 163, 173, 180, 190, 196]","[3, 13, 17, 27, 37, 47, 57, 61, 67, 74, 82, 92, 102, 112, 117, 121, 127, 137, 143, 150, 157, 163, 173, 180, 190, 196, 200]"
14,24,"[4, 2, 0, 1, 3, 2, 0, 4, 1, 1, 1, 1, 4, 1, 2, 0, 4, 3, 2, 4, 2, 0, 2, 0]","[""cruise"", ""accelerate"", ""turn_left"", ""turn_right"", ""decelerate"", ""accelerate"", ""turn_left"", ""cruise"", ""turn_right"", ""turn_right"", ""turn_right"", ""turn_right"", ""cruise"", ""turn_right"", ""accelerate"", ""turn_left"", ""cruise"", ""decelerate"", ""accelerate"", ""cruise"", ""accelerate"", ""turn_left"", ""accelerate"", ""turn_left""]","[0, 10, 20, 23, 33, 42, 52, 58, 68, 75, 82, 90, 98, 108, 115, 125, 133, 143, 151, 161, 171, 181, 185, 195]","[10, 20, 23, 33, 42, 52, 58, 68, 75, 82, 90, 98, 108, 115, 125, 133, 143, 151, 161, 171, 181, 185, 195, 200]"
15,23,"[1, 0, 4, 2, 2, 4, 4, 4, 0, 1, 2, 1, 2, 0, 0, 2, 1, 1, 4, 3, 2, 0, 3]","[""turn_right"", ""turn_left"", ""cruise"", ""accelerate"", ""accelerate"", ""cruise"", ""cruise"", ""cruise"", ""turn_left"", ""turn_right"", ""accelerate"", ""turn_right"", ""accelerate"", ""turn_left"", ""turn_left"", ""accelerate"", ""turn_right"", ""turn_right"", ""cruise"", ""decelerate"", ""accelerate"", ""turn_left"", ""decelerate""]","[0, 4, 9, 19, 29, 39, 49, 59, 69, 79, 86, 96, 104, 114, 121, 129, 139, 148, 156, 166, 174, 184, 191]","[4, 9, 19, 29, 39, 49, 59, 69, 79, 86, 96, 104, 114, 121, 129, 139, 148, 156, 166, 174, 184, 191, 200]"
16,24,"[1, 1, 1, 0, 2, 4, 1, 0, 2, 3, 2, 3, 2, 2, 1, 4, 0, 2, 1, 0, 4, 3, 2, 3]","[""turn_right"", ""turn_right"", ""turn_right"", ""turn_left"", ""accelerate"", ""cruise"", ""turn_right"", ""turn_left"", ""accelerate"", ""decelerate"", ""accelerate"", ""decelerate"", ""accelerate"", ""accelerate"", ""turn_right"", ""cruise"", ""turn_left"", ""accelerate"", ""turn_right"", ""turn_left"", ""cruise"", ""decelerate"", ""accelerate"", ""decelerate""]","[0, 3, 7, 13, 23, 33, 43, 50, 57, 67, 77, 87, 94, 104, 114, 121, 131, 141, 151, 158, 165, 175, 184, 194]","[3, 7, 13, 23, 33, 43, 50, 57, 67, 77, 87, 94, 104, 114, 121, 131, 141, 151, 158, 165, 175, 184, 194, 200]"
17,24,"[4, 1, 2, 1, 0, 4, 0, 2, 4, 4, 2, 4, 1, 2, 0, 2, 0, 3, 2, 2, 3, 2, 1, 0]","[""cruise"", ""turn_right"", ""accelerate"", ""turn_right"", ""turn_left"", ""cruise"", ""turn_left"", ""accelerate"", ""cruise"", ""cruise"", ""accelerate"", ""cruise"", ""turn_right"", ""accelerate"", ""turn_left"", ""accelerate"", ""turn_left"", ""decelerate"", ""accelerate"", ""accelerate"", ""decelerate"", ""accelerate"", ""turn_right"", ""turn_left""]","[0, 10, 12, 22, 26, 36, 46, 56, 66, 76, 86, 89, 99, 106, 116, 123, 133, 141, 151, 161, 171, 181, 191, 198]","[10, 12, 22, 26, 36, 46, 56, 66, 76, 86, 89, 99, 106, 116, 123, 133, 141, 151, 161, 171, 181, 191, 198, 200]"
18,25,"[1, 2, 0, 2, 4, 0, 0, 0, 1, 4, 2, 1, 4, 1, 0, 4, 0, 3, 2, 2, 2, 3, 1, 1, 2]","[""turn_right"", ""accelerate"", ""turn_left"", ""accelerate"", ""cruise"", ""turn_left"", ""turn_left"", ""turn_left"", ""turn_right"", ""cruise"", ""accelerate"", ""turn_right"", ""cruise"", ""turn_right"", ""turn_left"", ""cruise"", ""turn_left"", ""decelerate"", ""accelerate"", ""accelerate"", ""accelerate"", ""decelerate"", ""turn_right"", ""turn_right"", ""accelerate""]","[0, 2, 12, 22, 32, 42, 52, 62, 72, 79, 89, 99, 107, 117, 124, 130, 140, 147, 157, 167, 177, 178, 188, 192, 198]","[2, 12, 22, 32, 42, 52, 62, 72, 79, 89, 99, 107, 117, 124, 130, 140, 147, 157, 167, 177, 178, 188, 192, 198, 200]"
19,25,"[1, 4, 2, 1, 1, 4, 0, 4, 1, 1, 4, 1, 2, 0, 2, 1, 1, 1, 1, 0, 0, 2, 3, 1, 2]","[""turn_right"", ""cruise"", ""accelerate"", ""turn_right"", ""turn_right"", ""cruise"", ""turn_left"", ""cruise"", ""turn_right"", ""turn_right"", ""cruise"", ""turn_right"", ""accelerate"", ""turn_left"", ""accelerate"", ""turn_right"", ""turn_right"", ""turn_right"", ""turn_right"", ""turn_left"", ""turn_left"", ""accelerate"", ""decelerate"", ""turn_right"", ""accelerate""]","[0, 2, 12, 22, 32, 42, 52, 60, 70, 76, 81, 91, 97, 107, 114, 124, 132, 142, 152, 162, 168, 173, 183, 193, 197]","[2, 12, 22, 32, 42, 52, 60, 70, 76, 81, 91, 97, 107, 114, 124, 132, 142, 152, 162, 168, 173, 183, 193, 197, 200]"
20,15,"[4, 3, 2, 1, 1, 4, 1, 4, 0, 2, 4, 1, 2, 2, 3]","[""cruise"", ""decelerate"", ""accelerate"", ""turn_right"", ""turn_right"", ""cruise"", ""turn_right"", ""cruise"", ""turn_left"", ""accelerate"", ""cruise"", ""turn_right"", ""accelerate"", ""accelerate"", ""decelerate""]","[0, 10, 13, 23, 30, 40, 50, 60, 70, 76, 86, 96, 106, 116, 118]","[10, 13, 23, 30, 40, 50, 60, 70, 76, 86, 96, 106, 116, 118, 124]"
21,23,"[1, 4, 0, 2, 4, 2, 4, 1, 4, 0, 1, 3, 4, 2, 0, 3, 4, 4, 2, 2, 0, 2, 2]","[""turn_right"", ""cruise"", ""turn_left"", ""accelerate"", ""cruise"", ""accelerate"", ""cruise"", ""turn_right"", ""cruise"", ""turn_left"", ""turn_right"", ""decelerate"", ""cruise"", ""accelerate"", ""turn_left"", ""decelerate"", ""cruise"", ""cruise"", ""accelerate"", ""accelerate"", ""turn_left"", ""accelerate"", ""accelerate""]","[0, 2, 12, 22, 32, 42, 52, 62, 69, 79, 88, 94, 104, 114, 124, 133, 141, 151, 161, 171, 181, 185, 195]","[2, 12, 22, 32, 42, 52, 62, 69, 79, 88, 94, 104, 114, 124, 133, 141, 151, 161, 171, 181, 185, 195, 200]"
22,17,"[1, 4, 3, 2, 0, 1, 3, 1, 4, 0, 0, 1, 4, 4, 2, 4, 4]","[""turn_right"", ""cruise"", ""decelerate"", ""accelerate"", ""turn_left"", ""turn_right"", ""decelerate"", ""turn_right"", ""cruise"", ""turn_left"", ""turn_left"", ""turn_right"", ""cruise"", ""cruise"", ""accelerate"", ""cruise"", ""cruise""]","[0, 2, 12, 17, 27, 37, 42, 52, 57, 67, 72, 78, 84, 94, 104, 114, 124]","[2, 12, 17, 27, 37, 42, 52, 57, 67, 72, 78, 84, 94, 104, 114, 124, 126]"
23,23,"[0, 1, 2, 4, 4, 2, 4, 1, 0, 4, 4, 0, 4, 2, 2, 4, 4, 0, 3, 2, 2, 2, 2]","[""turn_left"", ""turn_right"", ""accelerate"", ""cruise"", ""cruise"", ""accelerate"", ""cruise"", ""turn_right"", ""turn_left"", ""cruise"", ""cruise"", ""turn_left"", ""cruise"", ""accelerate"", ""accelerate"", ""cruise"", ""cruise"", ""turn_left"", ""decelerate"", ""accelerate"", ""accelerate"", ""accelerate"", ""accelerate""]","[0, 2, 11, 21, 31, 41, 51, 61, 65, 72, 82, 92, 102, 112, 122, 129, 139, 149, 159, 167, 177, 187, 197]","[2, 11, 21, 31, 41, 51, 61, 65, 72, 82, 92, 102, 112, 122, 129, 139, 149, 159, 167, 177, 187, 197, 200]"
24,24,"[2, 0, 4, 0, 3, 2, 3, 2, 2, 2, 4, 0, 0, 2, 1, 0, 2, 4, 1, 3, 2, 0, 4, 2]","[""accelerate"", ""turn_left"", ""cruise"", ""turn_left"", ""decelerate"", ""accelerate"", ""decelerate"", ""accelerate"", ""accelerate"", ""accelerate"", ""cruise"", ""turn_left"", ""turn_left"", ""accelerate"", ""turn_right"", ""turn_left"", ""accelerate"", ""cruise"", ""turn_right"", ""decelerate"", ""accelerate"", ""turn_left"", ""cruise"", ""accelerate""]","[0, 10, 12, 22, 26, 31, 41, 47, 57, 67, 77, 87, 97, 107, 117, 123, 133, 143, 153, 160, 168, 178, 183, 193]","[10, 12, 22, 26, 31, 41, 47, 57, 67, 77, 87, 97, 107, 117, 123, 133, 143, 153, 160, 168, 178, 183, 193, 200]"
25,25,"[4, 4, 2, 1, 1, 0, 0, 1, 1, 4, 1, 2, 1, 3, 4, 4, 3, 4, 2, 4, 0, 0, 1, 0, 2]","[""cruise"", ""cruise"", ""accelerate"", ""turn_right"", ""turn_right"", ""turn_left"", ""turn_left"", ""turn_right"", ""turn_right"", ""cruise"", ""turn_right"", ""accelerate"", ""turn_right"", ""decelerate"", ""cruise"", ""cruise"", ""decelerate"", ""cruise"", ""accelerate"", ""cruise"", ""turn_left"", ""turn_left"", ""turn_right"", ""turn_left"", ""accelerate""]","[0, 10, 20, 30, 32, 36, 43, 53, 58, 65, 75, 83, 93, 103, 113, 123, 133, 135, 145, 155, 165, 171, 178, 188, 195]","[10, 20, 30, 32, 36, 43, 53, 58, 65, 75, 83, 93, 103, 113, 123, 133, 135, 145, 155, 165, 171, 178, 188, 195, 200]"
26,25,"[1, 0, 1, 0, 4, 4, 4, 4, 2, 1, 0, 0, 3, 4, 2, 0, 2, 4, 1, 1, 2, 1, 1, 2, 1]","[""turn_right"", ""turn_left"", ""turn_right"", ""turn_left"", ""cruise"", ""cruise"", ""cruise"", ""cruise"", ""accelerate"", ""turn_right"", ""turn_left"", ""turn_left"", ""decelerate"", ""cruise"", ""accelerate"", ""turn_left"", ""accelerate"", ""cruise"", ""turn_right"", ""turn_right"", ""accelerate"", ""turn_right"", ""turn_right"", ""accelerate"", ""turn_right""]","[0, 2, 5, 7, 17, 27, 37, 47, 57, 67, 71, 80, 90, 100, 110, 120, 125, 135, 145, 154, 163, 173, 181, 188, 198]","[2, 5, 7, 17, 27, 37, 47, 57, 67, 71, 80, 90, 100, 110, 120, 125, 135, 145, 154, 163, 173, 181, 188, 198, 200]"
27,27,"[0, 0, 0, 2, 2, 1, 1, 0, 0, 2, 4, 1, 1, 1, 0, 4, 3, 2, 2, 2, 1, 3, 2, 0, 0, 0, 3]","[""turn_left"", ""turn_left"", ""turn_left"", ""accelerate"", ""accelerate"", ""turn_right"", ""turn_right"", ""turn_left"", ""turn_left"", ""accelerate"", ""cruise"", ""turn_right"", ""turn_right"", ""turn_right"", ""turn_left"", ""cruise"", ""decelerate"", ""accelerate"", ""accelerate"", ""accelerate"", ""turn_right"", ""decelerate"", ""accelerate"", ""turn_left"", ""turn_left"", ""turn_left"", ""decelerate""]","[0, 2, 4, 8, 18, 28, 38, 48, 55, 62, 72, 82, 90, 98, 106, 114, 124, 133, 143, 153, 163, 171, 181, 191, 195, 197, 199]","[2, 4, 8, 18, 28, 38, 48, 55, 62, 72, 82, 90, 98, 106, 114, 124, 133, 143, 153, 163, 171, 181, 191, 195, 197, 199, 200]"
28,23,"[4, 2, 2, 2, 1, 2, 0, 0, 0, 0, 4, 1, 3, 2, 1, 4, 2, 1, 4, 1, 0, 2, 2]","[""cruise"", ""accelerate"", ""accelerate"", ""accelerate"", ""turn_right"", ""accelerate"", ""turn_left"", ""turn_left"", ""turn_left"", ""turn_left"", ""cruise"", ""turn_right"", ""decelerate"", ""accelerate"", ""turn_right"", ""cruise"", ""accelerate"", ""turn_right"", ""cruise"", ""turn_right"", ""turn_left"", ""accelerate"", ""accelerate""]","[0, 10, 20, 30, 40, 50, 60, 67, 74, 80, 86, 96, 105, 115, 125, 131, 141, 151, 159, 169, 177, 186, 196]","[10, 20, 30, 40, 50, 60, 67, 74, 80, 86, 96, 105, 115, 125, 131, 141, 151, 159, 169, 177, 186, 196, 200]"
29,23,"[2, 1, 2, 0, 0, 0, 0, 4, 1, 4, 2, 0, 2, 2, 4, 0, 1, 1, 2, 4, 2, 3, 2]","[""accelerate"", ""turn_right"", ""accelerate"", ""turn_left"", ""turn_left"", ""turn_left"", ""turn_left"", ""cruise"", ""turn_right"", ""cruise"", ""accelerate"", ""turn_left"", ""accelerate"", ""accelerate"", ""cruise"", ""turn_left"", ""turn_right"", ""turn_right"", ""accelerate"", ""cruise"", ""accelerate"", ""decelerate"", ""accelerate""]","[0, 10, 13, 23, 33, 43, 53, 63, 73, 79, 89, 99, 108, 118, 121, 131, 137, 147, 157, 167, 177, 187, 196]","[10, 13, 23, 33, 43, 53, 63, 73, 79, 89, 99, 108, 118, 121, 131, 137, 147, 157, 167, 177, 187, 196, 200]"
30,22,"[4, 2, 4, 0, 4, 2, 1, 4, 3, 2, 2, 0, 2, 2, 0, 4, 2, 1, 2, 0, 2, 2]","[""cruise"", ""accelerate"", ""cruise"", ""turn_left"", ""cruise"", ""accelerate"", ""turn_right"", ""cruise"", ""decelerate"", ""accelerate"", ""accelerate"", ""turn_left"", ""accelerate"", ""accelerate"", ""turn_left"", ""cruise"", ""accelerate"", ""turn_right"", ""accelerate"", ""turn_left"", ""accelerate"", ""accelerate""]","[0, 10, 20, 30, 40, 50, 60, 68, 78, 87, 97, 107, 114, 124, 130, 140, 150, 160, 167, 177, 183, 193]","[10, 20, 30, 40, 50, 60, 68, 78, 87, 97, 107, 114, 124, 130, 140, 150, 160, 167, 177, 183, 193, 200]"
31,26,"[1, 0, 2, 2, 1, 2, 1, 0, 0, 0, 4, 3, 2, 0, 1, 0, 1, 1, 1, 0, 1, 1, 3, 2, 3, 2]","[""turn_right"", ""turn_left"", ""accelerate"", ""accelerate"", ""turn_right"", ""accelerate"", ""turn_right"", ""turn_left"", ""turn_left"", ""turn_left"", ""cruise"", ""decelerate"", ""accelerate"", ""turn_left"", ""turn_right"", ""turn_left"", ""turn_right"", ""turn_right"", ""turn_right"", ""turn_left"", ""turn_right"", ""turn_right"", ""decelerate"", ""accelerate"", ""decelerate"", ""accelerate""]","[0, 2, 6, 16, 26, 36, 46, 56, 62, 68, 74, 84, 94, 104, 109, 116, 122, 129, 136, 143, 150, 157, 164, 174, 184, 192]","[2, 6, 16, 26, 36, 46, 56, 62, 68, 74, 84, 94, 104, 109, 116, 122, 129, 136, 143, 150, 157, 164, 174, 184, 192, 200]"
32,23,"[2, 1, 0, 4, 2, 1, 1, 0, 2, 1, 4, 2, 4, 4, 3, 4, 0, 3, 2, 0, 0, 1, 4]","[""accelerate"", ""turn_right"", ""turn_left"", ""cruise"", ""accelerate"", ""turn_right"", ""turn_right"", ""turn_left"", ""accelerate"", ""turn_right"", ""cruise"", ""accelerate"", ""cruise"", ""cruise"", ""decelerate"", ""cruise"", ""turn_left"", ""decelerate"", ""accelerate"", ""turn_left"", ""turn_left"", ""turn_right"", ""cruise""]","[0, 10, 12, 22, 32, 42, 52, 62, 68, 78, 86, 96, 104, 114, 124, 134, 144, 148, 156, 166, 173, 182, 190]","[10, 12, 22, 32, 42, 52, 62, 68, 78, 86, 96, 104, 114, 124, 134, 144, 148, 156, 166, 173, 182, 190, 200]"
33,24,"[0, 2, 0, 4, 3, 4, 2, 2, 2, 1, 0, 1, 4, 2, 3, 4, 2, 1, 3, 2, 3, 2, 1, 0]","[""turn_left"", ""accelerate"", ""turn_left"", ""cruise"", ""decelerate"", ""cruise"", ""accelerate"", ""accelerate"", ""accelerate"", ""turn_right"", ""turn_left"", ""turn_right"", ""cruise"", ""accelerate"", ""decelerate"", ""cruise"", ""accelerate"", ""turn_right"", ""decelerate"", ""accelerate"", ""decelerate"", ""accelerate"", ""turn_right"", ""turn_left""]","[0, 2, 12, 16, 26, 34, 44, 54, 64, 74, 84, 91, 98, 108, 118, 128, 138, 148, 154, 161, 171, 176, 186, 196]","[2, 12, 16, 26, 34, 44, 54, 64, 74, 84, 91, 98, 108, 118, 128, 138, 148, 154, 161, 171, 176, 186, 196, 200]"
34,27,"[4, 2, 3, 2, 0, 0, 0, 1, 2, 4, 1, 1, 1, 4, 3, 4, 4, 2, 1, 1, 4, 4, 0, 0, 1, 0, 0]","[""cruise"", ""accelerate"", ""decelerate"", ""accelerate"", ""turn_left"", ""turn_left"", ""turn_left"", ""turn_right"", ""accelerate"", ""cruise"", ""turn_right"", ""turn_right"", ""turn_right"", ""cruise"", ""decelerate"", ""cruise"", ""cruise"", ""accelerate"", ""turn_right"", ""turn_right"", ""cruise"", ""cruise"", ""turn_left"", ""turn_left"", ""turn_right"", ""turn_left"", ""turn_left""]","[0, 10, 20, 23, 33, 37, 42, 48, 55, 65, 75, 83, 90, 97, 107, 116, 126, 136, 146, 152, 159, 169, 179, 181, 184, 190, 196]","[10, 20, 23, 33, 37, 42, 48, 55, 65, 75, 83, 90, 97, 107, 116, 126, 136, 146, 152, 159, 169, 179, 181, 184, 190, 196, 200]"
35,27,"[0, 0, 0, 4, 0, 0, 2, 1, 0, 0, 1, 1, 1, 3, 4, 2, 0, 1, 0, 1, 1, 4, 0, 1, 1, 1, 1]","[""turn_left"", ""turn_left"", ""turn_left"", ""cruise"", ""turn_left"", ""turn_left"", ""accelerate"", ""turn_right"", ""turn_left"", ""turn_left"", ""turn_right"", ""turn_right"", ""turn_right"", ""decelerate"", ""cruise"", ""accelerate"", ""turn_left"", ""turn_right"", ""turn_left"", ""turn_right"", ""turn_right"", ""cruise"", ""turn_left"", ""turn_right"", ""turn_right"", ""turn_right"", ""turn_right""]","[0, 2, 4, 9, 19, 26, 34, 44, 51, 59, 68, 75, 82, 89, 99, 109, 119, 124, 131, 137, 145, 153, 163, 170, 178, 186, 194]","[2, 4, 9, 19, 26, 34, 44, 51, 59, 68, 75, 82, 89, 99, 109, 119, 124, 131, 137, 145, 153, 163, 170, 178, 186, 194, 200]"
36,26,"[4, 4, 4, 2, 2, 0, 0, 0, 1, 1, 1, 1, 1, 1, 1, 1, 1, 1, 1, 2, 4, 2, 1, 1, 2, 4]","[""cruise"", ""cruise"", ""cruise"", ""accelerate"", ""accelerate"", ""turn_left"", ""turn_left"", ""turn_left"", ""turn_right"", ""turn_right"", ""turn_right"", ""turn_right"", ""turn_right"", ""turn_right"", ""turn_right"", ""turn_right"", ""turn_right"", ""turn_right"", ""turn_right"", ""accelerate"", ""cruise"", ""accelerate"", ""turn_right"", ""turn_right"", ""accelerate"", ""cruise""]","[0, 10, 20, 30, 40, 50, 55, 61, 69, 77, 84, 91, 98, 106, 114, 122, 130, 138, 143, 147, 157, 167, 177, 182, 188, 198]","[10, 20, 30, 40, 50, 55, 61, 69, 77, 84, 91, 98, 106, 114, 122, 130, 138, 143, 147, 157, 167, 177, 182, 188, 198, 200]"
37,24,"[2, 4, 4, 2, 2, 2, 0, 4, 4, 4, 0, 0, 0, 1, 0, 1, 1, 3, 2, 0, 2, 0, 1, 1]","[""accelerate"", ""cruise"", ""cruise"", ""accelerate"", ""accelerate"", ""accelerate"", ""turn_left"", ""cruise"", ""cruise"", ""cruise"", ""turn_left"", ""turn_left"", ""turn_left"", ""turn_right"", ""turn_left"", ""turn_right"", ""turn_right"", ""decelerate"", ""accelerate"", ""turn_left"", ""accelerate"", ""turn_left"", ""turn_right"", ""turn_right""]","[0, 10, 20, 30, 40, 50, 60, 65, 75, 85, 95, 101, 107, 113, 121, 127, 135, 143, 153, 163, 172, 182, 192, 199]","[10, 20, 30, 40, 50, 60, 65, 75, 85, 95, 101, 107, 113, 121, 127, 135, 143, 153, 163, 172, 182, 192, 199, 200]"
38,23,"[4, 2, 2, 1, 4, 0, 2, 2, 2, 1, 0, 1, 1, 1, 0, 4, 0, 1, 3, 4, 2, 3, 4]","[""cruise"", ""accelerate"", ""accelerate"", ""turn_right"", ""cruise"", ""turn_left"", ""accelerate"", ""accelerate"", ""accelerate"", ""turn_right"", ""turn_left"", ""turn_right"", ""turn_right"", ""turn_right"", ""turn_left"", ""cruise"", ""turn_left"", ""turn_right"", ""decelerate"", ""cruise"", ""accelerate"", ""decelerate"", ""cruise""]","[0, 10, 20, 30, 40, 50, 56, 66, 76, 77, 86, 94, 102, 111, 120, 127, 137, 144, 153, 163, 173, 183, 190]","[10, 20, 30, 40, 50, 56, 66, 76, 77, 86, 94, 102, 111, 120, 127, 137, 144, 153, 163, 173, 183, 190, 200]"
39,17,"[2, 3, 2, 2, 2, 4, 2, 0, 0, 0, 0, 0, 1, 1, 4, 0, 1]","[""accelerate"", ""decelerate"", ""accelerate"", ""accelerate"", ""accelerate"", ""cruise"", ""accelerate"", ""turn_left"", ""turn_left"", ""turn_left"", ""turn_left"", ""turn_left"", ""turn_right"", ""turn_right"", ""cruise"", ""turn_left"", ""turn_right""]","[0, 10, 16, 26, 36, 46, 56, 66, 73, 80, 88, 97, 107, 114, 121, 131, 139]","[10, 16, 26, 36, 46, 56, 66, 73, 80, 88, 97, 107, 114, 121, 131, 139, 146]"
40,25,"[1, 1, 4, 2, 4, 4, 2, 2, 1, 0, 0, 0, 2, 2, 2, 2, 0, 2, 3, 2, 0, 2, 4, 1, 1]","[""turn_right"", ""turn_right"", ""cruise"", ""accelerate"", ""cruise"", ""cruise"", ""accelerate"", ""accelerate"", ""turn_right"", ""turn_left"", ""turn_left"", ""turn_left"", ""accelerate"", ""accelerate"", ""accelerate"", ""accelerate"", ""turn_left"", ""accelerate"", ""decelerate"", ""accelerate"", ""turn_left"", ""accelerate"", ""cruise"", ""turn_right"", ""turn_right""]","[0, 2, 4, 14, 24, 34, 44, 54, 64, 72, 81, 88, 93, 103, 113, 114, 115, 125, 135, 145, 155, 165, 175, 185, 192]","[2, 4, 14, 24, 34, 44, 54, 64, 72, 81, 88, 93, 103, 113, 114, 115, 125, 135, 145, 155, 165, 175, 185, 192, 200]"
41,27,"[1, 1, 4, 4, 4, 0, 1, 0, 2, 2, 2, 2, 0, 2, 2, 2, 3, 2, 2, 0, 2, 2, 2, 3, 2, 0, 2]","[""turn_right"", ""turn_right"", ""cruise"", ""cruise"", ""cruise"", ""turn_left"", ""turn_right"", ""turn_left"", ""accelerate"", ""accelerate"", ""accelerate"", ""accelerate"", ""turn_left"", ""accelerate"", ""accelerate"", ""accelerate"", ""decelerate"", ""accelerate"", ""accelerate"", ""turn_left"", ""accelerate"", ""accelerate"", ""accelerate"", ""decelerate"", ""accelerate"", ""turn_left"", ""accelerate""]","[0, 2, 4, 14, 24, 34, 44, 51, 60, 70, 77, 78, 79, 88, 98, 104, 105, 114, 124, 134, 144, 154, 164, 174, 184, 194, 197]","[2, 4, 14, 24, 34, 44, 51, 60, 70, 77, 78, 79, 88, 98, 104, 105, 114, 124, 134, 144, 154, 164, 174, 184, 194, 197, 200]"
42,24,"[0, 0, 0, 2, 2, 4, 1, 1, 1, 1, 1, 2, 1, 4, 1, 2, 1, 4, 0, 0, 4, 3, 2, 1]","[""turn_left"", ""turn_left"", ""turn_left"", ""accelerate"", ""accelerate"", ""cruise"", ""turn_right"", ""turn_right"", ""turn_right"", ""turn_right"", ""turn_right"", ""accelerate"", ""turn_right"", ""cruise"", ""turn_right"", ""accelerate"", ""turn_right"", ""cruise"", ""turn_left"", ""turn_left"", ""cruise"", ""decelerate"", ""accelerate"", ""turn_right""]","[0, 10, 14, 19, 29, 39, 49, 55, 62, 69, 76, 83, 91, 101, 111, 121, 131, 141, 151, 160, 169, 179, 189, 199]","[10, 14, 19, 29, 39, 49, 55, 62, 69, 76, 83, 91, 101, 111, 121, 131, 141, 151, 160, 169, 179, 189, 199, 200]"
43,23,"[4, 2, 1, 1, 1, 4, 0, 1, 1, 1, 3, 2, 2, 0, 0, 2, 3, 2, 2, 1, 0, 1, 1]","[""cruise"", ""accelerate"", ""turn_right"", ""turn_right"", ""turn_right"", ""cruise"", ""turn_left"", ""turn_right"", ""turn_right"", ""turn_right"", ""decelerate"", ""accelerate"", ""accelerate"", ""turn_left"", ""turn_left"", ""accelerate"", ""decelerate"", ""accelerate"", ""accelerate"", ""turn_right"", ""turn_left"", ""turn_right"", ""turn_right""]","[0, 10, 20, 30, 40, 50, 60, 67, 74, 81, 88, 96, 106, 116, 124, 131, 141, 151, 161, 171, 179, 187, 193]","[10, 20, 30, 40, 50, 60, 67, 74, 81, 88, 96, 106, 116, 124, 131, 141, 151, 161, 171, 179, 187, 193, 200]"
44,23,"[4, 2, 4, 1, 0, 4, 2, 1, 4, 1, 2, 1, 1, 4, 0, 2, 2, 0, 0, 3, 4, 2, 0]","[""cruise"", ""accelerate"", ""cruise"", ""turn_right"", ""turn_left"", ""cruise"", ""accelerate"", ""turn_right"", ""cruise"", ""turn_right"", ""accelerate"", ""turn_right"", ""turn_right"", ""cruise"", ""turn_left"", ""accelerate"", ""accelerate"", ""turn_left"", ""turn_left"", ""decelerate"", ""cruise"", ""accelerate"", ""turn_left""]","[0, 10, 20, 30, 40, 45, 55, 65, 73, 83, 91, 101, 109, 117, 127, 135, 145, 155, 165, 172, 178, 188, 198]","[10, 20, 30, 40, 45, 55, 65, 73, 83, 91, 101, 109, 117, 127, 135, 145, 155, 165, 172, 178, 188, 198, 200]"
45,26,"[1, 1, 2, 0, 2, 2, 2, 2, 3, 2, 2, 2, 1, 0, 1, 1, 3, 2, 3, 2, 1, 4, 4, 2, 2, 0]","[""turn_right"", ""turn_right"", ""accelerate"", ""turn_left"", ""accelerate"", ""accelerate"", ""accelerate"", ""accelerate"", ""decelerate"", ""accelerate"", ""accelerate"", ""accelerate"", ""turn_right"", ""turn_left"", ""turn_right"", ""turn_right"", ""decelerate"", ""accelerate"", ""decelerate"", ""accelerate"", ""turn_right"", ""cruise"", ""cruise"", ""accelerate"", ""accelerate"", ""turn_left""]","[0, 2, 4, 14, 24, 34, 39, 40, 41, 51, 61, 71, 81, 89, 96, 103, 110, 120, 130, 140, 150, 157, 167, 177, 187, 197]","[2, 4, 14, 24, 34, 39, 40, 41, 51, 61, 71, 81, 89, 96, 103, 110, 120, 130, 140, 150, 157, 167, 177, 187, 197, 200]"
46,21,"[4, 2, 1, 1, 1, 2, 1, 3, 4, 2, 2, 2, 1, 1, 0, 1, 1, 3, 2, 0, 3]","[""cruise"", ""accelerate"", ""turn_right"", ""turn_right"", ""turn_right"", ""accelerate"", ""turn_right"", ""decelerate"", ""cruise"", ""accelerate"", ""accelerate"", ""accelerate"", ""turn_right"", ""turn_right"", ""turn_left"", ""turn_right"", ""turn_right"", ""decelerate"", ""accelerate"", ""turn_left"", ""decelerate""]","[0, 10, 20, 30, 40, 50, 60, 70, 79, 89, 99, 109, 119, 129, 139, 146, 156, 166, 175, 185, 192]","[10, 20, 30, 40, 50, 60, 70, 79, 89, 99, 109, 119, 129, 139, 146, 156, 166, 175, 185, 192, 200]"
47,24,"[1, 1, 2, 2, 2, 0, 2, 4, 2, 4, 4, 3, 2, 2, 0, 4, 3, 2, 0, 3, 4, 2, 4, 3]","[""turn_right"", ""turn_right"", ""accelerate"", ""accelerate"", ""accelerate"", ""turn_left"", ""accelerate"", ""cruise"", ""accelerate"", ""cruise"", ""cruise"", ""decelerate"", ""accelerate"", ""accelerate"", ""turn_left"", ""cruise"", ""decelerate"", ""accelerate"", ""turn_left"", ""decelerate"", ""cruise"", ""accelerate"", ""cruise"", ""decelerate""]","[0, 1, 2, 12, 22, 32, 42, 52, 62, 64, 74, 84, 94, 104, 112, 121, 131, 141, 151, 157, 167, 177, 187, 197]","[1, 2, 12, 22, 32, 42, 52, 62, 64, 74, 84, 94, 104, 112, 121, 131, 141, 151, 157, 167, 177, 187, 197, 200]"
48,26,"[4, 2, 1, 0, 1, 2, 2, 4, 2, 0, 2, 0, 4, 0, 3, 2, 4, 2, 3, 2, 1, 0, 2, 2, 2, 0]","[""cruise"", ""accelerate"", ""turn_right"", ""turn_left"", ""turn_right"", ""accelerate"", ""accelerate"", ""cruise"", ""accelerate"", ""turn_left"", ""accelerate"", ""turn_left"", ""cruise"", ""turn_left"", ""decelerate"", ""accelerate"", ""cruise"", ""accelerate"", ""decelerate"", ""accelerate"", ""turn_right"", ""turn_left"", ""accelerate"", ""accelerate"", ""accelerate"", ""turn_left""]","[0, 10, 20, 25, 32, 39, 49, 59, 69, 73, 81, 90, 97, 107, 113, 123, 133, 143, 153, 163, 173, 179, 185, 195, 198, 199]","[10, 20, 25, 32, 39, 49, 59, 69, 73, 81, 90, 97, 107, 113, 123, 133, 143, 153, 163, 173, 179, 185, 195, 198, 199, 200]"
49,25,"[2, 2, 0, 1, 4, 3, 2, 1, 2, 1, 1, 2, 0, 1, 1, 2, 2, 3, 4, 3, 2, 4, 1, 0, 4]","[""accelerate"", ""accelerate"", ""turn_left"", ""turn_right"", ""cruise"", ""decelerate"", ""accelerate"", ""turn_right"", ""accelerate"", ""turn_right"", ""turn_right"", ""accelerate"", ""turn_left"", ""turn_right"", ""turn_right"", ""accelerate"", ""accelerate"", ""decelerate"", ""cruise"", ""decelerate"", ""accelerate"", ""cruise"", ""turn_right"", ""turn_left"", ""cruise""]","[0, 10, 20, 24, 30, 40, 47, 57, 67, 77, 87, 97, 107, 115, 122, 129, 139, 146, 156, 166, 169, 179, 189, 194, 197]","[10, 20, 24, 30, 40, 47, 57, 67, 77, 87, 97, 107, 115, 122, 129, 139, 146, 156, 166, 169, 179, 189, 194, 197, 200]"
50,23,"[2, 0, 2, 1, 0, 4, 1, 2, 4, 3, 2, 2, 0, 3, 4, 4, 2, 0, 4, 2, 0, 4, 1]","[""accelerate"", ""turn_left"", ""accelerate"", ""turn_right"", ""turn_left"", ""cruise"", ""turn_right"", ""accelerate"", ""cruise"", ""decelerate"", ""accelerate"", ""accelerate"", ""turn_left"", ""decelerate"", ""cruise"", ""cruise"", ""accelerate"", ""turn_left"", ""cruise"", ""accelerate"", ""turn_left"", ""cruise"", ""turn_right""]","[0, 10, 20, 30, 36, 44, 54, 59, 69, 79, 89, 99, 109, 117, 127, 137, 147, 157, 161, 171, 181, 189, 199]","[10, 20, 30, 36, 44, 54, 59, 69, 79, 89, 99, 109, 117, 127, 137, 147, 157, 161, 171, 181, 189, 199, 200]"
51,24,"[4, 2, 4, 4, 0, 0, 1, 4, 2, 2, 1, 1, 2, 1, 2, 1, 1, 1, 1, 4, 1, 1, 1, 1]","[""cruise"", ""accelerate"", ""cruise"", ""cruise"", ""turn_left"", ""turn_left"", ""turn_right"", ""cruise"", ""accelerate"", ""accelerate"", ""turn_right"", ""turn_right"", ""accelerate"", ""turn_right"", ""accelerate"", ""turn_right"", ""turn_right"", ""turn_right"", ""turn_right"", ""cruise"", ""turn_right"", ""turn_right"", ""turn_right"", ""turn_right""]","[0, 10, 20, 30, 40, 43, 48, 58, 68, 78, 88, 98, 106, 116, 122, 132, 137, 142, 147, 153, 163, 170, 180, 190]","[10, 20, 30, 40, 43, 48, 58, 68, 78, 88, 98, 106, 116, 122, 132, 137, 142, 147, 153, 163, 170, 180, 190, 200]"
52,25,"[0, 1, 2, 2, 1, 1, 2, 4, 4, 0, 2, 1, 2, 4, 4, 2, 0, 0, 4, 2, 4, 4, 4, 1, 0]","[""turn_left"", ""turn_right"", ""accelerate"", ""accelerate"", ""turn_right"", ""turn_right"", ""accelerate"", ""cruise"", ""cruise"", ""turn_left"", ""accelerate"", ""turn_right"", ""accelerate"", ""cruise"", ""cruise"", ""accelerate"", ""turn_left"", ""turn_left"", ""cruise"", ""accelerate"", ""cruise"", ""cruise"", ""cruise"", ""turn_right"", ""turn_left""]","[0, 1, 11, 21, 31, 33, 36, 46, 56, 66, 71, 81, 87, 97, 107, 117, 127, 133, 139, 149, 154, 164, 174, 184, 194]","[1, 11, 21, 31, 33, 36, 46, 56, 66, 71, 81, 87, 97, 107, 117, 127, 133, 139, 149, 154, 164, 174, 184, 194, 200]"
53,24,"[2, 1, 2, 4, 2, 4, 2, 2, 4, 4, 4, 0, 2, 2, 0, 3, 2, 0, 3, 2, 0, 1, 0, 0]","[""accelerate"", ""turn_right"", ""accelerate"", ""cruise"", ""accelerate"", ""cruise"", ""accelerate"", ""accelerate"", ""cruise"", ""cruise"", ""cruise"", ""turn_left"", ""accelerate"", ""accelerate"", ""turn_left"", ""decelerate"", ""accelerate"", ""turn_left"", ""decelerate"", ""accelerate"", ""turn_left"", ""turn_right"", ""turn_left"", ""turn_left""]","[0, 10, 11, 21, 31, 41, 51, 61, 71, 81, 91, 101, 108, 118, 128, 136, 146, 156, 160, 170, 180, 183, 188, 198]","[10, 11, 21, 31, 41, 51, 61, 71, 81, 91, 101, 108, 118, 128, 136, 146, 156, 160, 170, 180, 183, 188, 198, 200]"
54,24,"[2, 1, 2, 0, 2, 1, 3, 2, 1, 4, 1, 1, 0, 4, 1, 4, 1, 2, 0, 0, 2, 3, 2, 4]","[""accelerate"", ""turn_right"", ""accelerate"", ""turn_left"", ""accelerate"", ""turn_right"", ""decelerate"", ""accelerate"", ""turn_right"", ""cruise"", ""turn_right"", ""turn_right"", ""turn_left"", ""cruise"", ""turn_right"", ""cruise"", ""turn_right"", ""accelerate"", ""turn_left"", ""turn_left"", ""accelerate"", ""decelerate"", ""accelerate"", ""cruise""]","[0, 10, 12, 22, 25, 35, 45, 53, 63, 73, 83, 93, 103, 110, 120, 127, 137, 144, 154, 161, 168, 178, 183, 193]","[10, 12, 22, 25, 35, 45, 53, 63, 73, 83, 93, 103, 110, 120, 127, 137, 144, 154, 161, 168, 178, 183, 193, 200]"
55,24,"[1, 4, 4, 1, 2, 4, 4, 1, 2, 4, 4, 2, 0, 4, 0, 3, 2, 0, 2, 2, 2, 1, 3, 2]","[""turn_right"", ""cruise"", ""cruise"", ""turn_right"", ""accelerate"", ""cruise"", ""cruise"", ""turn_right"", ""accelerate"", ""cruise"", ""cruise"", ""accelerate"", ""turn_left"", ""cruise"", ""turn_left"", ""decelerate"", ""accelerate"", ""turn_left"", ""accelerate"", ""accelerate"", ""accelerate"", ""turn_right"", ""decelerate"", ""accelerate""]","[0, 2, 12, 22, 23, 33, 43, 53, 58, 68, 78, 88, 98, 106, 116, 124, 134, 144, 147, 157, 167, 177, 183, 190]","[2, 12, 22, 23, 33, 43, 53, 58, 68, 78, 88, 98, 106, 116, 124, 134, 144, 147, 157, 167, 177, 183, 190, 200]"
56,21,"[2, 1, 2, 3, 2, 1, 1, 1, 1, 3, 2, 0, 1, 0, 1, 1, 3, 2, 4, 2, 3]","[""accelerate"", ""turn_right"", ""accelerate"", ""decelerate"", ""accelerate"", ""turn_right"", ""turn_right"", ""turn_right"", ""turn_right"", ""decelerate"", ""accelerate"", ""turn_left"", ""turn_right"", ""turn_left"", ""turn_right"", ""turn_right"", ""decelerate"", ""accelerate"", ""cruise"", ""accelerate"", ""decelerate""]","[0, 10, 20, 30, 38, 48, 58, 68, 78, 88, 97, 107, 110, 120, 126, 134, 142, 151, 161, 171, 181]","[10, 20, 30, 38, 48, 58, 68, 78, 88, 97, 107, 110, 120, 126, 134, 142, 151, 161, 171, 181, 188]"
57,23,"[3, 4, 2, 3, 2, 4, 4, 1, 1, 1, 1, 1, 1, 2, 0, 4, 0, 0, 3, 2, 0, 3, 2]","[""decelerate"", ""cruise"", ""accelerate"", ""decelerate"", ""accelerate"", ""cruise"", ""cruise"", ""turn_right"", ""turn_right"", ""turn_right"", ""turn_right"", ""turn_right"", ""turn_right"", ""accelerate"", ""turn_left"", ""cruise"", ""turn_left"", ""turn_left"", ""decelerate"", ""accelerate"", ""turn_left"", ""decelerate"", ""accelerate""]","[0, 3, 13, 23, 29, 39, 49, 59, 69, 79, 89, 99, 109, 119, 129, 136, 146, 152, 159, 168, 178, 184, 192]","[3, 13, 23, 29, 39, 49, 59, 69, 79, 89, 99, 109, 119, 129, 136, 146, 152, 159, 168, 178, 184, 192, 200]"
58,23,"[3, 2, 2, 1, 1, 1, 4, 4, 1, 1, 1, 0, 1, 2, 2, 3, 4, 2, 0, 2, 2, 3, 2]","[""decelerate"", ""accelerate"", ""accelerate"", ""turn_right"", ""turn_right"", ""turn_right"", ""cruise"", ""cruise"", ""turn_right"", ""turn_right"", ""turn_right"", ""turn_left"", ""turn_right"", ""accelerate"", ""accelerate"", ""decelerate"", ""cruise"", ""accelerate"", ""turn_left"", ""accelerate"", ""accelerate"", ""decelerate"", ""accelerate""]","[0, 6, 16, 26, 36, 46, 56, 66, 76, 86, 96, 106, 112, 118, 128, 138, 147, 157, 167, 173, 183, 193, 197]","[6, 16, 26, 36, 46, 56, 66, 76, 86, 96, 106, 112, 118, 128, 138, 147, 157, 167, 173, 183, 193, 197, 200]"
59,23,"[2, 1, 2, 4, 1, 1, 2, 1, 1, 0, 3, 4, 2, 0, 1, 2, 2, 4, 2, 2, 0, 4, 4]","[""accelerate"", ""turn_right"", ""accelerate"", ""cruise"", ""turn_right"", ""turn_right"", ""accelerate"", ""turn_right"", ""turn_right"", ""turn_left"", ""decelerate"", ""cruise"", ""accelerate"", ""turn_left"", ""turn_right"", ""accelerate"", ""accelerate"", ""cruise"", ""accelerate"", ""accelerate"", ""turn_left"", ""cruise"", ""cruise""]","[0, 10, 20, 27, 37, 45, 52, 61, 71, 81, 87, 96, 106, 116, 121, 131, 141, 151, 161, 171, 181, 185, 195]","[10, 20, 27, 37, 45, 52, 61, 71, 81, 87, 96, 106, 116, 121, 131, 141, 151, 161, 171, 181, 185, 195, 200]"
60,24,"[1, 2, 4, 2, 1, 4, 4, 2, 0, 2, 3, 2, 0, 2, 4, 4, 3, 4, 3, 4, 2, 4, 0, 0]","[""turn_right"", ""accelerate"", ""cruise"", ""accelerate"", ""turn_right"", ""cruise"", ""cruise"", ""accelerate"", ""turn_left"", ""accelerate"", ""decelerate"", ""accelerate"", ""turn_left"", ""accelerate"", ""cruise"", ""cruise"", ""decelerate"", ""cruise"", ""decelerate"", ""cruise"", ""accelerate"", ""cruise"", ""turn_left"", ""turn_left""]","[0, 4, 14, 24, 34, 42, 52, 62, 70, 77, 80, 90, 100, 107, 113, 123, 133, 143, 153, 157, 167, 177, 187, 197]","[4, 14, 24, 34, 42, 52, 62, 70, 77, 80, 90, 100, 107, 113, 123, 133, 143, 153, 157, 167, 177, 187, 197, 200]"
61,14,"[1, 1, 4, 1, 1, 1, 4, 0, 1, 4, 2, 2, 4, 1]","[""turn_right"", ""turn_right"", ""cruise"", ""turn_right"", ""turn_right"", ""turn_right"", ""cruise"", ""turn_left"", ""turn_right"", ""cruise"", ""accelerate"", ""accelerate"", ""cruise"", ""turn_right""]","[0, 2, 5, 15, 17, 20, 26, 36, 45, 52, 62, 70, 71, 81]","[2, 5, 15, 17, 20, 26, 36, 45, 52, 62, 70, 71, 81, 90]"
62,22,"[1, 0, 2, 1, 2, 4, 4, 2, 4, 2, 4, 4, 0, 2, 3, 4, 2, 2, 4, 0, 4, 4]","[""turn_right"", ""turn_left"", ""accelerate"", ""turn_right"", ""accelerate"", ""cruise"", ""cruise"", ""accelerate"", ""cruise"", ""accelerate"", ""cruise"", ""cruise"", ""turn_left"", ""accelerate"", ""decelerate"", ""cruise"", ""accelerate"", ""accelerate"", ""cruise"", ""turn_left"", ""cruise"", ""cruise""]","[0, 3, 13, 23, 27, 37, 47, 57, 67, 77, 87, 97, 107, 115, 123, 133, 143, 153, 163, 173, 182, 192]","[3, 13, 23, 27, 37, 47, 57, 67, 77, 87, 97, 107, 115, 123, 133, 143, 153, 163, 173, 182, 192, 200]"
63,14,"[1, 1, 1, 4, 1, 1, 2, 0, 4, 4, 0, 0, 2, 4]","[""turn_right"", ""turn_right"", ""turn_right"", ""cruise"", ""turn_right"", ""turn_right"", ""accelerate"", ""turn_left"", ""cruise"", ""cruise"", ""turn_left"", ""turn_left"", ""accelerate"", ""cruise""]","[0, 3, 6, 8, 18, 22, 28, 38, 48, 58, 68, 78, 88, 98]","[3, 6, 8, 18, 22, 28, 38, 48, 58, 68, 78, 88, 98, 99]"
64,13,"[4, 4, 2, 1, 0, 4, 4, 1, 4, 1, 4, 1, 2]","[""cruise"", ""cruise"", ""accelerate"", ""turn_right"", ""turn_left"", ""cruise"", ""cruise"", ""turn_right"", ""cruise"", ""turn_right"", ""cruise"", ""turn_right"", ""accelerate""]","[0, 10, 20, 30, 37, 45, 55, 65, 72, 82, 92, 102, 112]","[10, 20, 30, 37, 45, 55, 65, 72, 82, 92, 102, 112, 113]"
65,21,"[4, 4, 2, 4, 1, 4, 3, 4, 4, 2, 0, 3, 4, 4, 4, 2, 4, 4, 1, 1, 1]","[""cruise"", ""cruise"", ""accelerate"", ""cruise"", ""turn_right"", ""cruise"", ""decelerate"", ""cruise"", ""cruise"", ""accelerate"", ""turn_left"", ""decelerate"", ""cruise"", ""cruise"", ""cruise"", ""accelerate"", ""cruise"", ""cruise"", ""turn_right"", ""turn_right"", ""turn_right""]","[0, 10, 20, 30, 40, 44, 54, 64, 74, 84, 94, 102, 110, 120, 130, 140, 150, 160, 170, 180, 190]","[10, 20, 30, 40, 44, 54, 64, 74, 84, 94, 102, 110, 120, 130, 140, 150, 160, 170, 180, 190, 200]"
66,24,"[2, 0, 4, 4, 4, 1, 4, 1, 1, 4, 3, 2, 1, 4, 4, 0, 1, 3, 2, 0, 0, 3, 2, 0]","[""accelerate"", ""turn_left"", ""cruise"", ""cruise"", ""cruise"", ""turn_right"", ""cruise"", ""turn_right"", ""turn_right"", ""cruise"", ""decelerate"", ""accelerate"", ""turn_right"", ""cruise"", ""cruise"", ""turn_left"", ""turn_right"", ""decelerate"", ""accelerate"", ""turn_left"", ""turn_left"", ""decelerate"", ""accelerate"", ""turn_left""]","[0, 10, 16, 26, 36, 46, 56, 66, 73, 80, 90, 100, 110, 115, 125, 135, 141, 147, 155, 165, 171, 178, 188, 198]","[10, 16, 26, 36, 46, 56, 66, 73, 80, 90, 100, 110, 115, 125, 135, 141, 147, 155, 165, 171, 178, 188, 198, 200]"
67,4,"[2, 4, 1, 4]","[""accelerate"", ""cruise"", ""turn_right"", ""cruise""]","[0, 10, 20, 27]","[10, 20, 27, 30]"
68,26,"[1, 1, 1, 0, 4, 2, 4, 4, 0, 0, 0, 0, 4, 4, 0, 0, 2, 2, 4, 1, 1, 2, 0, 0, 1, 3]","[""turn_right"", ""turn_right"", ""turn_right"", ""turn_left"", ""cruise"", ""accelerate"", ""cruise"", ""cruise"", ""turn_left"", ""turn_left"", ""turn_left"", ""turn_left"", ""cruise"", ""cruise"", ""turn_left"", ""turn_left"", ""accelerate"", ""accelerate"", ""cruise"", ""turn_right"", ""turn_right"", ""accelerate"", ""turn_left"", ""turn_left"", ""turn_right"", ""decelerate""]","[0, 1, 2, 5, 15, 25, 35, 45, 55, 61, 67, 77, 87, 97, 107, 115, 125, 135, 145, 155, 160, 166, 176, 183, 190, 197]","[1, 2, 5, 15, 25, 35, 45, 55, 61, 67, 77, 87, 97, 107, 115, 125, 135, 145, 155, 160, 166, 176, 183, 190, 197, 200]"
69,13,"[1, 1, 2, 2, 1, 3, 0, 2, 0, 4, 2, 4, 4]","[""turn_right"", ""turn_right"", ""accelerate"", ""accelerate"", ""turn_right"", ""decelerate"", ""turn_left"", ""accelerate"", ""turn_left"", ""cruise"", ""accelerate"", ""cruise"", ""cruise""]","[0, 10, 19, 29, 30, 40, 50, 60, 70, 80, 90, 100, 110]","[10, 19, 29, 30, 40, 50, 60, 70, 80, 90, 100, 110, 113]"
70,13,"[1, 4, 2, 1, 3, 2, 2, 4, 1, 1, 1, 2, 4]","[""turn_right"", ""cruise"", ""accelerate"", ""turn_right"", ""decelerate"", ""accelerate"", ""accelerate"", ""cruise"", ""turn_right"", ""turn_right"", ""turn_right"", ""accelerate"", ""cruise""]","[0, 1, 11, 21, 24, 32, 42, 52, 62, 72, 82, 92, 96]","[1, 11, 21, 24, 32, 42, 52, 62, 72, 82, 92, 96, 97]"
71,15,"[1, 0, 2, 1, 4, 4, 0, 4, 1, 1, 2, 4, 0, 4, 2]","[""turn_right"", ""turn_left"", ""accelerate"", ""turn_right"", ""cruise"", ""cruise"", ""turn_left"", ""cruise"", ""turn_right"", ""turn_right"", ""accelerate"", ""cruise"", ""turn_left"", ""cruise"", ""accelerate""]","[0, 1, 7, 17, 20, 30, 40, 47, 57, 63, 69, 79, 89, 99, 109]","[1, 7, 17, 20, 30, 40, 47, 57, 63, 69, 79, 89, 99, 109, 116]"
72,12,"[4, 2, 2, 4, 1, 2, 4, 4, 0, 4, 0, 0]","[""cruise"", ""accelerate"", ""accelerate"", ""cruise"", ""turn_right"", ""accelerate"", ""cruise"", ""cruise"", ""turn_left"", ""cruise"", ""turn_left"", ""turn_left""]","[0, 10, 20, 30, 40, 47, 49, 59, 69, 78, 88, 97]","[10, 20, 30, 40, 47, 49, 59, 69, 78, 88, 97, 98]"
73,10,"[2, 1, 1, 2, 0, 1, 1, 4, 4, 1]","[""accelerate"", ""turn_right"", ""turn_right"", ""accelerate"", ""turn_left"", ""turn_right"", ""turn_right"", ""cruise"", ""cruise"", ""turn_right""]","[0, 10, 13, 17, 24, 32, 38, 45, 55, 65]","[10, 13, 17, 24, 32, 38, 45, 55, 65, 73]"
74,22,"[3, 2, 1, 1, 1, 1, 1, 4, 1, 1, 1, 3, 2, 1, 1, 1, 1, 4, 0, 4, 4, 3]","[""decelerate"", ""accelerate"", ""turn_right"", ""turn_right"", ""turn_right"", ""turn_right"", ""turn_right"", ""cruise"", ""turn_right"", ""turn_right"", ""turn_right"", ""decelerate"", ""accelerate"", ""turn_right"", ""turn_right"", ""turn_right"", ""turn_right"", ""cruise"", ""turn_left"", ""cruise"", ""cruise"", ""decelerate""]","[0, 3, 13, 23, 33, 43, 53, 63, 73, 83, 93, 103, 112, 122, 132, 142, 152, 162, 172, 177, 187, 197]","[3, 13, 23, 33, 43, 53, 63, 73, 83, 93, 103, 112, 122, 132, 142, 152, 162, 172, 177, 187, 197, 200]"
75,26,"[4, 2, 0, 1, 2, 1, 2, 1, 1, 1, 1, 2, 2, 1, 1, 1, 0, 4, 2, 2, 1, 3, 2, 4, 1, 0]","[""cruise"", ""accelerate"", ""turn_left"", ""turn_right"", ""accelerate"", ""turn_right"", ""accelerate"", ""turn_right"", ""turn_right"", ""turn_right"", ""turn_right"", ""accelerate"", ""accelerate"", ""turn_right"", ""turn_right"", ""turn_right"", ""turn_left"", ""cruise"", ""accelerate"", ""accelerate"", ""turn_right"", ""decelerate"", ""accelerate"", ""cruise"", ""turn_right"", ""turn_left""]","[0, 10, 20, 28, 35, 42, 51, 55, 65, 74, 82, 90, 96, 97, 107, 117, 127, 133, 143, 151, 152, 161, 170, 180, 190, 196]","[10, 20, 28, 35, 42, 51, 55, 65, 74, 82, 90, 96, 97, 107, 117, 127, 133, 143, 151, 152, 161, 170, 180, 190, 196, 200]"
76,25,"[4, 2, 2, 1, 1, 1, 2, 1, 2, 0, 1, 4, 3, 3, 2, 0, 3, 4, 0, 0, 2, 0, 3, 1, 2]","[""cruise"", ""accelerate"", ""accelerate"", ""turn_right"", ""turn_right"", ""turn_right"", ""accelerate"", ""turn_right"", ""accelerate"", ""turn_left"", ""turn_right"", ""cruise"", ""decelerate"", ""decelerate"", ""accelerate"", ""turn_left"", ""decelerate"", ""cruise"", ""turn_left"", ""turn_left"", ""accelerate"", ""turn_left"", ""decelerate"", ""turn_right"", ""accelerate""]","[0, 10, 20, 28, 36, 44, 54, 61, 71, 75, 83, 92, 102, 112, 113, 123, 130, 140, 150, 155, 165, 175, 185, 195, 197]","[10, 20, 28, 36, 44, 54, 61, 71, 75, 83, 92, 102, 112, 113, 123, 130, 140, 150, 155, 165, 175, 185, 195, 197, 200]"
77,30,"[1, 1, 2, 4, 2, 2, 2, 2, 0, 2, 2, 4, 2, 4, 0, 0, 2, 0, 4, 2, 0, 2, 0, 3, 2, 1, 0, 0, 4, 3]","[""turn_right"", ""turn_right"", ""accelerate"", ""cruise"", ""accelerate"", ""accelerate"", ""accelerate"", ""accelerate"", ""turn_left"", ""accelerate"", ""accelerate"", ""cruise"", ""accelerate"", ""cruise"", ""turn_left"", ""turn_left"", ""accelerate"", ""turn_left"", ""cruise"", ""accelerate"", ""turn_left"", ""accelerate"", ""turn_left"", ""decelerate"", ""accelerate"", ""turn_right"", ""turn_left"", ""turn_left"", ""cruise"", ""decelerate""]","[0, 6, 15, 17, 27, 36, 37, 38, 39, 47, 52, 53, 63, 64, 74, 83, 91, 97, 106, 116, 124, 132, 142, 151, 161, 171, 175, 181, 188, 198]","[6, 15, 17, 27, 36, 37, 38, 39, 47, 52, 53, 63, 64, 74, 83, 91, 97, 106, 116, 124, 132, 142, 151, 161, 171, 175, 181, 188, 198, 200]"
78,25,"[1, 4, 4, 4, 2, 4, 1, 1, 1, 1, 1, 0, 1, 1, 0, 3, 2, 3, 4, 2, 3, 2, 0, 0, 1]","[""turn_right"", ""cruise"", ""cruise"", ""cruise"", ""accelerate"", ""cruise"", ""turn_right"", ""turn_right"", ""turn_right"", ""turn_right"", ""turn_right"", ""turn_left"", ""turn_right"", ""turn_right"", ""turn_left"", ""decelerate"", ""accelerate"", ""decelerate"", ""cruise"", ""accelerate"", ""decelerate"", ""accelerate"", ""turn_left"", ""turn_left"", ""turn_right""]","[0, 2, 12, 22, 32, 42, 52, 62, 72, 82, 92, 102, 108, 115, 123, 130, 140, 150, 154, 164, 174, 177, 187, 191, 197]","[2, 12, 22, 32, 42, 52, 62, 72, 82, 92, 102, 108, 115, 123, 130, 140, 150, 154, 164, 174, 177, 187, 191, 197, 200]"
79,25,"[1, 1, 2, 4, 4, 4, 4, 2, 2, 2, 2, 2, 2, 4, 0, 4, 4, 4, 2, 4, 0, 3, 2, 0, 3]","[""turn_right"", ""turn_right"", ""accelerate"", ""cruise"", ""cruise"", ""cruise"", ""cruise"", ""accelerate"", ""accelerate"", ""accelerate"", ""accelerate"", ""accelerate"", ""accelerate"", ""cruise"", ""turn_left"", ""cruise"", ""cruise"", ""cruise"", ""accelerate"", ""cruise"", ""turn_left"", ""decelerate"", ""accelerate"", ""turn_left"", ""decelerate""]","[0, 10, 17, 27, 37, 47, 57, 67, 77, 87, 92, 93, 94, 95, 105, 112, 122, 132, 142, 149, 159, 168, 178, 188, 198]","[10, 17, 27, 37, 47, 57, 67, 77, 87, 92, 93, 94, 95, 105, 112, 122, 132, 142, 149, 159, 168, 178, 188, 198, 200]"
80,18,"[4, 2, 4, 4, 4, 1, 4, 0, 1, 4, 4, 2, 4, 4, 2, 2, 4, 4]","[""cruise"", ""accelerate"", ""cruise"", ""cruise"", ""cruise"", ""turn_right"", ""cruise"", ""turn_left"", ""turn_right"", ""cruise"", ""cruise"", ""accelerate"", ""cruise"", ""cruise"", ""accelerate"", ""accelerate"", ""cruise"", ""cruise""]","[0, 10, 20, 30, 40, 50, 54, 64, 71, 78, 88, 98, 108, 118, 128, 129, 130, 140]","[10, 20, 30, 40, 50, 54, 64, 71, 78, 88, 98, 108, 118, 128, 129, 130, 140, 141]"
81,24,"[0, 4, 4, 4, 1, 1, 4, 2, 0, 4, 3, 2, 0, 2, 1, 4, 0, 4, 0, 4, 3, 4, 2, 0]","[""turn_left"", ""cruise"", ""cruise"", ""cruise"", ""turn_right"", ""turn_right"", ""cruise"", ""accelerate"", ""turn_left"", ""cruise"", ""decelerate"", ""accelerate"", ""turn_left"", ""accelerate"", ""turn_right"", ""cruise"", ""turn_left"", ""cruise"", ""turn_left"", ""cruise"", ""decelerate"", ""cruise"", ""accelerate"", ""turn_left""]","[0, 2, 12, 22, 32, 34, 36, 46, 56, 66, 76, 86, 96, 105, 115, 123, 133, 141, 151, 158, 168, 177, 187, 197]","[2, 12, 22, 32, 34, 36, 46, 56, 66, 76, 86, 96, 105, 115, 123, 133, 141, 151, 158, 168, 177, 187, 197, 200]"
82,26,"[1, 1, 1, 2, 2, 4, 4, 4, 0, 4, 0, 0, 1, 4, 0, 0, 0, 3, 2, 0, 0, 3, 2, 0, 2, 2]","[""turn_right"", ""turn_right"", ""turn_right"", ""accelerate"", ""accelerate"", ""cruise"", ""cruise"", ""cruise"", ""turn_left"", ""cruise"", ""turn_left"", ""turn_left"", ""turn_right"", ""cruise"", ""turn_left"", ""turn_left"", ""turn_left"", ""decelerate"", ""accelerate"", ""turn_left"", ""turn_left"", ""decelerate"", ""accelerate"", ""turn_left"", ""accelerate"", ""accelerate""]","[0, 2, 4, 8, 18, 28, 38, 48, 58, 66, 76, 83, 90, 97, 107, 114, 122, 130, 140, 150, 153, 158, 165, 175, 180, 190]","[2, 4, 8, 18, 28, 38, 48, 58, 66, 76, 83, 90, 97, 107, 114, 122, 130, 140, 150, 153, 158, 165, 175, 180, 190, 200]"
83,23,"[4, 1, 2, 1, 1, 0, 4, 4, 4, 2, 4, 4, 2, 0, 4, 0, 4, 4, 3, 4, 4, 2, 0]","[""cruise"", ""turn_right"", ""accelerate"", ""turn_right"", ""turn_right"", ""turn_left"", ""cruise"", ""cruise"", ""cruise"", ""accelerate"", ""cruise"", ""cruise"", ""accelerate"", ""turn_left"", ""cruise"", ""turn_left"", ""cruise"", ""cruise"", ""decelerate"", ""cruise"", ""cruise"", ""accelerate"", ""turn_left""]","[0, 10, 11, 21, 25, 32, 39, 49, 59, 69, 79, 89, 99, 107, 115, 125, 132, 142, 152, 162, 172, 182, 192]","[10, 11, 21, 25, 32, 39, 49, 59, 69, 79, 89, 99, 107, 115, 125, 132, 142, 152, 162, 172, 182, 192, 200]"
84,23,"[4, 4, 4, 2, 1, 4, 2, 4, 4, 2, 1, 4, 4, 0, 2, 0, 2, 0, 0, 0, 3, 2, 3]","[""cruise"", ""cruise"", ""cruise"", ""accelerate"", ""turn_right"", ""cruise"", ""accelerate"", ""cruise"", ""cruise"", ""accelerate"", ""turn_right"", ""cruise"", ""cruise"", ""turn_left"", ""accelerate"", ""turn_left"", ""accelerate"", ""turn_left"", ""turn_left"", ""turn_left"", ""decelerate"", ""accelerate"", ""decelerate""]","[0, 10, 20, 30, 40, 42, 52, 62, 72, 82, 92, 98, 108, 118, 124, 133, 141, 151, 160, 168, 176, 186, 196]","[10, 20, 30, 40, 42, 52, 62, 72, 82, 92, 98, 108, 118, 124, 133, 141, 151, 160, 168, 176, 186, 196, 200]"
85,25,"[1, 1, 1, 4, 1, 3, 4, 4, 4, 2, 4, 4, 4, 2, 4, 1, 2, 4, 4, 4, 4, 4, 4, 4, 1]","[""turn_right"", ""turn_right"", ""turn_right"", ""cruise"", ""turn_right"", ""decelerate"", ""cruise"", ""cruise"", ""cruise"", ""accelerate"", ""cruise"", ""cruise"", ""cruise"", ""accelerate"", ""cruise"", ""turn_right"", ""accelerate"", ""cruise"", ""cruise"", ""cruise"", ""cruise"", ""cruise"", ""cruise"", ""cruise"", ""turn_right""]","[0, 1, 2, 4, 14, 18, 25, 35, 45, 55, 65, 75, 85, 95, 105, 115, 119, 129, 139, 149, 159, 169, 179, 189, 199]","[1, 2, 4, 14, 18, 25, 35, 45, 55, 65, 75, 85, 95, 105, 115, 119, 129, 139, 149, 159, 169, 179, 189, 199, 200]"
86,18,"[1, 4, 2, 2, 4, 2, 2, 2, 1, 4, 1, 2, 2, 2, 4, 4, 2, 4]","[""turn_right"", ""cruise"", ""accelerate"", ""accelerate"", ""cruise"", ""accelerate"", ""accelerate"", ""accelerate"", ""turn_right"", ""cruise"", ""turn_right"", ""accelerate"", ""accelerate"", ""accelerate"", ""cruise"", ""cruise"", ""accelerate"", ""cruise""]","[0, 1, 11, 21, 31, 41, 51, 54, 55, 61, 71, 77, 87, 90, 91, 101, 111, 112]","[1, 11, 21, 31, 41, 51, 54, 55, 61, 71, 77, 87, 90, 91, 101, 111, 112, 122]"
87,14,"[2, 2, 1, 0, 2, 1, 2, 2, 4, 2, 4, 4, 4, 4]","[""accelerate"", ""accelerate"", ""turn_right"", ""turn_left"", ""accelerate"", ""turn_right"", ""accelerate"", ""accelerate"", ""cruise"", ""accelerate"", ""cruise"", ""cruise"", ""cruise"", ""cruise""]","[0, 10, 20, 25, 33, 43, 49, 57, 58, 68, 69, 79, 89, 99]","[10, 20, 25, 33, 43, 49, 57, 58, 68, 69, 79, 89, 99, 102]"
88,25,"[4, 2, 4, 1, 2, 0, 4, 0, 2, 4, 0, 2, 2, 4, 2, 3, 4, 0, 4, 4, 4, 4, 0, 2, 4]","[""cruise"", ""accelerate"", ""cruise"", ""turn_right"", ""accelerate"", ""turn_left"", ""cruise"", ""turn_left"", ""accelerate"", ""cruise"", ""turn_left"", ""accelerate"", ""accelerate"", ""cruise"", ""accelerate"", ""decelerate"", ""cruise"", ""turn_left"", ""cruise"", ""cruise"", ""cruise"", ""cruise"", ""turn_left"", ""accelerate"", ""cruise""]","[0, 10, 20, 30, 34, 44, 54, 64, 73, 80, 90, 99, 105, 106, 116, 117, 127, 137, 141, 151, 161, 171, 181, 185, 195]","[10, 20, 30, 34, 44, 54, 64, 73, 80, 90, 99, 105, 106, 116, 117, 127, 137, 141, 151, 161, 171, 181, 185, 195, 200]"
89,26,"[2, 2, 2, 0, 1, 1, 2, 1, 1, 1, 3, 2, 0, 1, 3, 2, 2, 1, 0, 2, 1, 2, 1, 2, 1, 1]","[""accelerate"", ""accelerate"", ""accelerate"", ""turn_left"", ""turn_right"", ""turn_right"", ""accelerate"", ""turn_right"", ""turn_right"", ""turn_right"", ""decelerate"", ""accelerate"", ""turn_left"", ""turn_right"", ""decelerate"", ""accelerate"", ""accelerate"", ""turn_right"", ""turn_left"", ""accelerate"", ""turn_right"", ""accelerate"", ""turn_right"", ""accelerate"", ""turn_right"", ""turn_right""]","[0, 10, 20, 30, 38, 48, 55, 65, 70, 75, 80, 89, 99, 104, 106, 109, 119, 129, 139, 147, 157, 167, 171, 181, 184, 194]","[10, 20, 30, 38, 48, 55, 65, 70, 75, 80, 89, 99, 104, 106, 109, 119, 129, 139, 147, 157, 167, 171, 181, 184, 194, 200]"
90,26,"[1, 3, 4, 2, 1, 1, 2, 2, 1, 1, 0, 1, 2, 1, 3, 2, 1, 1, 0, 1, 0, 1, 1, 1, 1, 2]","[""turn_right"", ""decelerate"", ""cruise"", ""accelerate"", ""turn_right"", ""turn_right"", ""accelerate"", ""accelerate"", ""turn_right"", ""turn_right"", ""turn_left"", ""turn_right"", ""accelerate"", ""turn_right"", ""decelerate"", ""accelerate"", ""turn_right"", ""turn_right"", ""turn_left"", ""turn_right"", ""turn_left"", ""turn_right"", ""turn_right"", ""turn_right"", ""turn_right"", ""accelerate""]","[0, 1, 3, 13, 23, 33, 43, 53, 57, 67, 77, 84, 91, 101, 109, 119, 129, 133, 136, 146, 152, 161, 169, 177, 186, 195]","[1, 3, 13, 23, 33, 43, 53, 57, 67, 77, 84, 91, 101, 109, 119, 129, 133, 136, 146, 152, 161, 169, 177, 186, 195, 200]"
91,20,"[0, 1, 2, 1, 1, 1, 1, 1, 2, 1, 1, 0, 4, 2, 0, 0, 2, 4, 4, 3]","[""turn_left"", ""turn_right"", ""accelerate"", ""turn_right"", ""turn_right"", ""turn_right"", ""turn_right"", ""turn_right"", ""accelerate"", ""turn_right"", ""turn_right"", ""turn_left"", ""cruise"", ""accelerate"", ""turn_left"", ""turn_left"", ""accelerate"", ""cruise"", ""cruise"", ""decelerate""]","[0, 2, 12, 22, 32, 42, 52, 62, 72, 81, 91, 101, 108, 118, 128, 136, 143, 153, 163, 173]","[2, 12, 22, 32, 42, 52, 62, 72, 81, 91, 101, 108, 118, 128, 136, 143, 153, 163, 173, 175]"
92,24,"[0, 1, 1, 2, 1, 0, 1, 1, 1, 2, 1, 4, 1, 0, 3, 4, 2, 3, 2, 0, 2, 1, 4, 1]","[""turn_left"", ""turn_right"", ""turn_right"", ""accelerate"", ""turn_right"", ""turn_left"", ""turn_right"", ""turn_right"", ""turn_right"", ""accelerate"", ""turn_right"", ""cruise"", ""turn_right"", ""turn_left"", ""decelerate"", ""cruise"", ""accelerate"", ""decelerate"", ""accelerate"", ""turn_left"", ""accelerate"", ""turn_right"", ""cruise"", ""turn_right""]","[0, 2, 12, 22, 32, 41, 49, 57, 65, 73, 80, 89, 99, 107, 113, 122, 132, 142, 149, 159, 166, 176, 183, 193]","[2, 12, 22, 32, 41, 49, 57, 65, 73, 80, 89, 99, 107, 113, 122, 132, 142, 149, 159, 166, 176, 183, 193, 200]"
93,25,"[4, 2, 1, 2, 2, 1, 1, 1, 1, 2, 3, 1, 2, 3, 3, 2, 3, 2, 2, 0, 1, 4, 0, 0, 4]","[""cruise"", ""accelerate"", ""turn_right"", ""accelerate"", ""accelerate"", ""turn_right"", ""turn_right"", ""turn_right"", ""turn_right"", ""accelerate"", ""decelerate"", ""turn_right"", ""accelerate"", ""decelerate"", ""decelerate"", ""accelerate"", ""decelerate"", ""accelerate"", ""accelerate"", ""turn_left"", ""turn_right"", ""cruise"", ""turn_left"", ""turn_left"", ""cruise""]","[0, 10, 20, 30, 35, 36, 45, 53, 63, 73, 80, 90, 94, 104, 114, 115, 125, 131, 141, 151, 158, 166, 176, 183, 190]","[10, 20, 30, 35, 36, 45, 53, 63, 73, 80, 90, 94, 104, 114, 115, 125, 131, 141, 151, 158, 166, 176, 183, 190, 200]"
94,20,"[2, 1, 1, 1, 1, 1, 1, 1, 1, 2, 0, 0, 3, 2, 2, 0, 4, 4, 4, 4]","[""accelerate"", ""turn_right"", ""turn_right"", ""turn_right"", ""turn_right"", ""turn_right"", ""turn_right"", ""turn_right"", ""turn_right"", ""accelerate"", ""turn_left"", ""turn_left"", ""decelerate"", ""accelerate"", ""accelerate"", ""turn_left"", ""cruise"", ""cruise"", ""cruise"", ""cruise""]","[0, 10, 20, 30, 40, 50, 60, 70, 80, 90, 96, 105, 113, 122, 132, 142, 151, 161, 171, 181]","[10, 20, 30, 40, 50, 60, 70, 80, 90, 96, 105, 113, 122, 132, 142, 151, 161, 171, 181, 189]"
95,22,"[2, 2, 1, 1, 1, 1, 1, 2, 1, 4, 1, 0, 4, 2, 0, 4, 0, 3, 2, 4, 4, 4]","[""accelerate"", ""accelerate"", ""turn_right"", ""turn_right"", ""turn_right"", ""turn_right"", ""turn_right"", ""accelerate"", ""turn_right"", ""cruise"", ""turn_right"", ""turn_left"", ""cruise"", ""accelerate"", ""turn_left"", ""cruise"", ""turn_left"", ""decelerate"", ""accelerate"", ""cruise"", ""cruise"", ""cruise""]","[0, 10, 20, 30, 40, 50, 60, 70, 77, 87, 97, 105, 112, 122, 128, 135, 145, 151, 161, 171, 181, 191]","[10, 20, 30, 40, 50, 60, 70, 77, 87, 97, 105, 112, 122, 128, 135, 145, 151, 161, 171, 181, 191, 200]"
96,13,"[1, 4, 2, 1, 2, 2, 4, 4, 2, 4, 1, 4, 4]","[""turn_right"", ""cruise"", ""accelerate"", ""turn_right"", ""accelerate"", ""accelerate"", ""cruise"", ""cruise"", ""accelerate"", ""cruise"", ""turn_right"", ""cruise"", ""cruise""]","[0, 4, 14, 24, 29, 39, 49, 59, 69, 70, 80, 89, 99]","[4, 14, 24, 29, 39, 49, 59, 69, 70, 80, 89, 99, 101]"
97,13,"[1, 2, 1, 1, 0, 4, 4, 0, 2, 4, 4, 4, 4]","[""turn_right"", ""accelerate"", ""turn_right"", ""turn_right"", ""turn_left"", ""cruise"", ""cruise"", ""turn_left"", ""accelerate"", ""cruise"", ""cruise"", ""cruise"", ""cruise""]","[0, 3, 13, 18, 24, 31, 41, 51, 58, 68, 78, 88, 98]","[3, 13, 18, 24, 31, 41, 51, 58, 68, 78, 88, 98, 100]"
98,11,"[4, 4, 2, 2, 4, 1, 2, 4, 4, 4, 0]","[""cruise"", ""cruise"", ""accelerate"", ""accelerate"", ""cruise"", ""turn_right"", ""accelerate"", ""cruise"", ""cruise"", ""cruise"", ""turn_left""]","[0, 10, 20, 30, 38, 48, 55, 59, 69, 79, 89]","[10, 20, 30, 38, 48, 55, 59, 69, 79, 89, 98]"
99,10,"[2, 1, 2, 1, 1, 1, 4, 2, 4, 1]","[""accelerate"", ""turn_right"", ""accelerate"", ""turn_right"", ""turn_right"", ""turn_right"", ""cruise"", ""accelerate"", ""cruise"", ""turn_right""]","[0, 10, 14, 20, 27, 34, 43, 53, 55, 65]","[10, 14, 20, 27, 34, 43, 53, 55, 65, 68]"
100,25,"[4, 4, 2, 1, 2, 1, 1, 1, 1, 1, 1, 1, 1, 2, 1, 1, 1, 0, 1, 1, 4, 1, 1, 1, 1]","[""cruise"", ""cruise"", ""accelerate"", ""turn_right"", ""accelerate"", ""turn_right"", ""turn_right"", ""turn_right"", ""turn_right"", ""turn_right"", ""turn_right"", ""turn_right"", ""turn_right"", ""accelerate"", ""turn_right"", ""turn_right"", ""turn_right"", ""turn_left"", ""turn_right"", ""turn_right"", ""cruise"", ""turn_right"", ""turn_right"", ""turn_right"", ""turn_right""]","[0, 10, 20, 30, 40, 49, 59, 69, 79, 89, 97, 104, 110, 116, 121, 128, 134, 140, 150, 155, 161, 171, 179, 189, 199]","[10, 20, 30, 40, 49, 59, 69, 79, 89, 97, 104, 110, 116, 121, 128, 134, 140, 150, 155, 161, 171, 179, 189, 199, 200]"
101,25,"[2, 1, 1, 1, 4, 1, 1, 2, 2, 1, 1, 1, 2, 4, 2, 2, 0, 2, 4, 2, 4, 4, 0, 4, 2]","[""accelerate"", ""turn_right"", ""turn_right"", ""turn_right"", ""cruise"", ""turn_right"", ""turn_right"", ""accelerate"", ""accelerate"", ""turn_right"", ""turn_right"", ""turn_right"", ""accelerate"", ""cruise"", ""accelerate"", ""accelerate"", ""turn_left"", ""accelerate"", ""cruise"", ""accelerate"", ""cruise"", ""cruise"", ""turn_left"", ""cruise"", ""accelerate""]","[0, 10, 20, 30, 40, 50, 60, 70, 79, 80, 90, 100, 110, 117, 127, 128, 129, 139, 142, 152, 153, 163, 173, 183, 193]","[10, 20, 30, 40, 50, 60, 70, 79, 80, 90, 100, 110, 117, 127, 128, 129, 139, 142, 152, 153, 163, 173, 183, 193, 195]"
102,22,"[2, 1, 1, 1, 1, 1, 1, 1, 1, 1, 0, 1, 1, 4, 0, 4, 4, 4, 0, 2, 3, 4]","[""accelerate"", ""turn_right"", ""turn_right"", ""turn_right"", ""turn_right"", ""turn_right"", ""turn_right"", ""turn_right"", ""turn_right"", ""turn_right"", ""turn_left"", ""turn_right"", ""turn_right"", ""cruise"", ""turn_left"", ""cruise"", ""cruise"", ""cruise"", ""turn_left"", ""accelerate"", ""decelerate"", ""cruise""]","[0, 10, 20, 30, 40, 50, 60, 70, 80, 90, 100, 108, 116, 123, 133, 139, 149, 159, 169, 177, 184, 194]","[10, 20, 30, 40, 50, 60, 70, 80, 90, 100, 108, 116, 123, 133, 139, 149, 159, 169, 177, 184, 194, 200]"
103,17,"[1, 1, 2, 1, 2, 1, 1, 2, 2, 1, 2, 2, 1, 4, 2, 1, 4]","[""turn_right"", ""turn_right"", ""accelerate"", ""turn_right"", ""accelerate"", ""turn_right"", ""turn_right"", ""accelerate"", ""accelerate"", ""turn_right"", ""accelerate"", ""accelerate"", ""turn_right"", ""cruise"", ""accelerate"", ""turn_right"", ""cruise""]","[0, 1, 2, 12, 17, 27, 33, 38, 45, 46, 53, 56, 57, 64, 74, 76, 85]","[1, 2, 12, 17, 27, 33, 38, 45, 46, 53, 56, 57, 64, 74, 76, 85, 88]"
104,25,"[1, 4, 2, 1, 1, 2, 1, 1, 1, 1, 1, 1, 1, 1, 1, 1, 0, 1, 4, 2, 4, 2, 2, 4, 4]","[""turn_right"", ""cruise"", ""accelerate"", ""turn_right"", ""turn_right"", ""accelerate"", ""turn_right"", ""turn_right"", ""turn_right"", ""turn_right"", ""turn_right"", ""turn_right"", ""turn_right"", ""turn_right"", ""turn_right"", ""turn_right"", ""turn_left"", ""turn_right"", ""cruise"", ""accelerate"", ""cruise"", ""accelerate"", ""accelerate"", ""cruise"", ""cruise""]","[0, 1, 11, 21, 29, 39, 49, 59, 67, 74, 84, 94, 104, 114, 124, 134, 144, 149, 155, 165, 175, 185, 186, 187, 197]","[1, 11, 21, 29, 39, 49, 59, 67, 74, 84, 94, 104, 114, 124, 134, 144, 149, 155, 165, 175, 185, 186, 187, 197, 200]"
105,19,"[2, 1, 2, 2, 2, 2, 0, 4, 1, 2, 1, 4, 4, 4, 4, 2, 2, 2, 2]","[""accelerate"", ""turn_right"", ""accelerate"", ""accelerate"", ""accelerate"", ""accelerate"", ""turn_left"", ""cruise"", ""turn_right"", ""accelerate"", ""turn_right"", ""cruise"", ""cruise"", ""cruise"", ""cruise"", ""accelerate"", ""accelerate"", ""accelerate"", ""accelerate""]","[0, 10, 14, 24, 25, 26, 27, 34, 44, 50, 59, 65, 75, 85, 95, 105, 111, 112, 113]","[10, 14, 24, 25, 26, 27, 34, 44, 50, 59, 65, 75, 85, 95, 105, 111, 112, 113, 114]"
106,18,"[2, 2, 4, 1, 2, 4, 0, 0, 2, 3, 2, 4, 1, 0, 0, 2, 2, 1]","[""accelerate"", ""accelerate"", ""cruise"", ""turn_right"", ""accelerate"", ""cruise"", ""turn_left"", ""turn_left"", ""accelerate"", ""decelerate"", ""accelerate"", ""cruise"", ""turn_right"", ""turn_left"", ""turn_left"", ""accelerate"", ""accelerate"", ""turn_right""]","[0, 10, 14, 24, 30, 34, 44, 51, 58, 62, 71, 81, 91, 97, 104, 110, 116, 117]","[10, 14, 24, 30, 34, 44, 51, 58, 62, 71, 81, 91, 97, 104, 110, 116, 117, 124]"
107,19,"[1, 1, 0, 2, 4, 2, 4, 0, 4, 3, 2, 2, 2, 2, 2, 2, 2, 4, 4]","[""turn_right"", ""turn_right"", ""turn_left"", ""accelerate"", ""cruise"", ""accelerate"", ""cruise"", ""turn_left"", ""cruise"", ""decelerate"", ""accelerate"", ""accelerate"", ""accelerate"", ""accelerate"", ""accelerate"", ""accelerate"", ""accelerate"", ""cruise"", ""cruise""]","[0, 1, 2, 12, 20, 30, 31, 41, 49, 59, 69, 79, 84, 85, 86, 87, 88, 89, 99]","[1, 2, 12, 20, 30, 31, 41, 49, 59, 69, 79, 84, 85, 86, 87, 88, 89, 99, 104]"
108,21,"[2, 1, 4, 4, 0, 3, 2, 4, 4, 0, 0, 2, 2, 2, 2, 2, 2, 2, 3, 4, 4]","[""accelerate"", ""turn_right"", ""cruise"", ""cruise"", ""turn_left"", ""decelerate"", ""accelerate"", ""cruise"", ""cruise"", ""turn_left"", ""turn_left"", ""accelerate"", ""accelerate"", ""accelerate"", ""accelerate"", ""accelerate"", ""accelerate"", ""accelerate"", ""decelerate"", ""cruise"", ""cruise""]","[0, 10, 15, 25, 35, 43, 50, 60, 70, 80, 87, 94, 99, 100, 101, 102, 103, 104, 105, 115, 125]","[10, 15, 25, 35, 43, 50, 60, 70, 80, 87, 94, 99, 100, 101, 102, 103, 104, 105, 115, 125, 133]"
109,21,"[0, 2, 2, 1, 1, 2, 2, 4, 0, 4, 4, 2, 2, 2, 4, 2, 0, 2, 4, 4, 0]","[""turn_left"", ""accelerate"", ""accelerate"", ""turn_right"", ""turn_right"", ""accelerate"", ""accelerate"", ""cruise"", ""turn_left"", ""cruise"", ""cruise"", ""accelerate"", ""accelerate"", ""accelerate"", ""cruise"", ""accelerate"", ""turn_left"", ""accelerate"", ""cruise"", ""cruise"", ""turn_left""]","[0, 2, 12, 19, 26, 30, 33, 34, 44, 52, 62, 72, 73, 74, 75, 85, 86, 96, 98, 108, 118]","[2, 12, 19, 26, 30, 33, 34, 44, 52, 62, 72, 73, 74, 75, 85, 86, 96, 98, 108, 118, 127]"
110,16,"[0, 4, 2, 2, 4, 1, 1, 1, 1, 1, 1, 2, 1, 4, 4, 0]","[""turn_left"", ""cruise"", ""accelerate"", ""accelerate"", ""cruise"", ""turn_right"", ""turn_right"", ""turn_right"", ""turn_right"", ""turn_right"", ""turn_right"", ""accelerate"", ""turn_right"", ""cruise"", ""cruise"", ""turn_left""]","[0, 3, 13, 23, 33, 43, 53, 62, 69, 74, 78, 82, 89, 95, 105, 115]","[3, 13, 23, 33, 43, 53, 62, 69, 74, 78, 82, 89, 95, 105, 115, 116]"
111,14,"[1, 2, 0, 2, 0, 1, 1, 2, 4, 2, 4, 4, 4, 2]","[""turn_right"", ""accelerate"", ""turn_left"", ""accelerate"", ""turn_left"", ""turn_right"", ""turn_right"", ""accelerate"", ""cruise"", ""accelerate"", ""cruise"", ""cruise"", ""cruise"", ""accelerate""]","[0, 1, 11, 18, 25, 32, 40, 46, 56, 66, 76, 86, 96, 106]","[1, 11, 18, 25, 32, 40, 46, 56, 66, 76, 86, 96, 106, 108]"
112,14,"[2, 1, 1, 1, 0, 0, 2, 4, 2, 1, 4, 2, 2, 4]","[""accelerate"", ""turn_right"", ""turn_right"", ""turn_right"", ""turn_left"", ""turn_left"", ""accelerate"", ""cruise"", ""accelerate"", ""turn_right"", ""cruise"", ""accelerate"", ""accelerate"", ""cruise""]","[0, 10, 14, 19, 25, 32, 39, 47, 57, 58, 65, 75, 85, 95]","[10, 14, 19, 25, 32, 39, 47, 57, 58, 65, 75, 85, 95, 102]"
113,16,"[1, 1, 1, 1, 2, 1, 0, 4, 4, 2, 1, 0, 1, 2, 2, 2]","[""turn_right"", ""turn_right"", ""turn_right"", ""turn_right"", ""accelerate"", ""turn_right"", ""turn_left"", ""cruise"", ""cruise"", ""accelerate"", ""turn_right"", ""turn_left"", ""turn_right"", ""accelerate"", ""accelerate"", ""accelerate""]","[0, 1, 2, 4, 7, 16, 23, 30, 40, 50, 56, 63, 69, 75, 85, 95]","[1, 2, 4, 7, 16, 23, 30, 40, 50, 56, 63, 69, 75, 85, 95, 97]"
114,23,"[4, 2, 2, 2, 4, 4, 0, 0, 4, 4, 4, 1, 0, 4, 2, 0, 0, 2, 4, 4, 4, 2, 0]","[""cruise"", ""accelerate"", ""accelerate"", ""accelerate"", ""cruise"", ""cruise"", ""turn_left"", ""turn_left"", ""cruise"", ""cruise"", ""cruise"", ""turn_right"", ""turn_left"", ""cruise"", ""accelerate"", ""turn_left"", ""turn_left"", ""accelerate"", ""cruise"", ""cruise"", ""cruise"", ""accelerate"", ""turn_left""]","[0, 10, 20, 28, 29, 39, 49, 57, 65, 75, 85, 95, 101, 109, 119, 128, 138, 148, 158, 168, 178, 188, 198]","[10, 20, 28, 29, 39, 49, 57, 65, 75, 85, 95, 101, 109, 119, 128, 138, 148, 158, 168, 178, 188, 198, 200]"
115,29,"[1, 1, 0, 4, 1, 2, 2, 2, 4, 2, 0, 4, 2, 2, 2, 2, 2, 4, 4, 4, 0, 4, 4, 2, 2, 4, 2, 4, 0]","[""turn_right"", ""turn_right"", ""turn_left"", ""cruise"", ""turn_right"", ""accelerate"", ""accelerate"", ""accelerate"", ""cruise"", ""accelerate"", ""turn_left"", ""cruise"", ""accelerate"", ""accelerate"", ""accelerate"", ""accelerate"", ""accelerate"", ""cruise"", ""cruise"", ""cruise"", ""turn_left"", ""cruise"", ""cruise"", ""accelerate"", ""accelerate"", ""cruise"", ""accelerate"", ""cruise"", ""turn_left""]","[0, 1, 2, 12, 22, 25, 35, 36, 37, 47, 48, 57, 67, 77, 87, 97, 100, 101, 111, 121, 131, 140, 150, 160, 170, 176, 186, 187, 197]","[1, 2, 12, 22, 25, 35, 36, 37, 47, 48, 57, 67, 77, 87, 97, 100, 101, 111, 121, 131, 140, 150, 160, 170, 176, 186, 187, 197, 200]"
116,24,"[0, 1, 2, 2, 0, 0, 4, 0, 2, 4, 1, 2, 4, 4, 2, 3, 2, 4, 4, 0, 0, 0, 0, 3]","[""turn_left"", ""turn_right"", ""accelerate"", ""accelerate"", ""turn_left"", ""turn_left"", ""cruise"", ""turn_left"", ""accelerate"", ""cruise"", ""turn_right"", ""accelerate"", ""cruise"", ""cruise"", ""accelerate"", ""decelerate"", ""accelerate"", ""cruise"", ""cruise"", ""turn_left"", ""turn_left"", ""turn_left"", ""turn_left"", ""decelerate""]","[0, 3, 13, 23, 28, 36, 44, 54, 62, 70, 80, 88, 98, 108, 118, 128, 138, 148, 158, 168, 174, 181, 188, 195]","[3, 13, 23, 28, 36, 44, 54, 62, 70, 80, 88, 98, 108, 118, 128, 138, 148, 158, 168, 174, 181, 188, 195, 200]"
117,25,"[2, 2, 2, 1, 2, 4, 4, 2, 2, 4, 0, 3, 0, 4, 4, 2, 4, 4, 4, 0, 4, 4, 2, 0, 0]","[""accelerate"", ""accelerate"", ""accelerate"", ""turn_right"", ""accelerate"", ""cruise"", ""cruise"", ""accelerate"", ""accelerate"", ""cruise"", ""turn_left"", ""decelerate"", ""turn_left"", ""cruise"", ""cruise"", ""accelerate"", ""cruise"", ""cruise"", ""cruise"", ""turn_left"", ""cruise"", ""cruise"", ""accelerate"", ""turn_left"", ""turn_left""]","[0, 10, 20, 21, 28, 30, 40, 50, 51, 52, 62, 69, 79, 83, 93, 103, 113, 123, 133, 143, 153, 163, 173, 183, 193]","[10, 20, 21, 28, 30, 40, 50, 51, 52, 62, 69, 79, 83, 93, 103, 113, 123, 133, 143, 153, 163, 173, 183, 193, 200]"
118,29,"[1, 1, 4, 4, 2, 4, 2, 2, 2, 0, 4, 2, 0, 0, 0, 0, 2, 2, 2, 0, 4, 1, 0, 2, 1, 1, 1, 1, 3]","[""turn_right"", ""turn_right"", ""cruise"", ""cruise"", ""accelerate"", ""cruise"", ""accelerate"", ""accelerate"", ""accelerate"", ""turn_left"", ""cruise"", ""accelerate"", ""turn_left"", ""turn_left"", ""turn_left"", ""turn_left"", ""accelerate"", ""accelerate"", ""accelerate"", ""turn_left"", ""cruise"", ""turn_right"", ""turn_left"", ""accelerate"", ""turn_right"", ""turn_right"", ""turn_right"", ""turn_right"", ""decelerate""]","[0, 1, 2, 12, 22, 32, 42, 51, 52, 53, 61, 71, 81, 88, 95, 103, 111, 118, 119, 120, 130, 140, 149, 157, 167, 174, 181, 187, 193]","[1, 2, 12, 22, 32, 42, 51, 52, 53, 61, 71, 81, 88, 95, 103, 111, 118, 119, 120, 130, 140, 149, 157, 167, 174, 181, 187, 193, 200]"
119,14,"[2, 1, 1, 4, 1, 2, 4, 4, 1, 4, 0, 0, 4, 2]","[""accelerate"", ""turn_right"", ""turn_right"", ""cruise"", ""turn_right"", ""accelerate"", ""cruise"", ""cruise"", ""turn_right"", ""cruise"", ""turn_left"", ""turn_left"", ""cruise"", ""accelerate""]","[0, 10, 14, 20, 30, 37, 47, 57, 67, 76, 86, 96, 105, 115]","[10, 14, 20, 30, 37, 47, 57, 67, 76, 86, 96, 105, 115, 117]"
120,24,"[0, 2, 4, 1, 2, 2, 1, 2, 3, 2, 1, 2, 1, 1, 0, 4, 4, 2, 0, 4, 4, 0, 1, 0]","[""turn_left"", ""accelerate"", ""cruise"", ""turn_right"", ""accelerate"", ""accelerate"", ""turn_right"", ""accelerate"", ""decelerate"", ""accelerate"", ""turn_right"", ""accelerate"", ""turn_right"", ""turn_right"", ""turn_left"", ""cruise"", ""cruise"", ""accelerate"", ""turn_left"", ""cruise"", ""cruise"", ""turn_left"", ""turn_right"", ""turn_left""]","[0, 3, 13, 23, 33, 43, 53, 61, 69, 79, 89, 94, 103, 111, 120, 129, 139, 149, 159, 165, 175, 185, 190, 197]","[3, 13, 23, 33, 43, 53, 61, 69, 79, 89, 94, 103, 111, 120, 129, 139, 149, 159, 165, 175, 185, 190, 197, 200]"
121,27,"[1, 1, 1, 0, 2, 0, 0, 2, 2, 2, 2, 0, 4, 4, 2, 0, 0, 3, 4, 2, 0, 0, 0, 1, 1, 1, 1]","[""turn_right"", ""turn_right"", ""turn_right"", ""turn_left"", ""accelerate"", ""turn_left"", ""turn_left"", ""accelerate"", ""accelerate"", ""accelerate"", ""accelerate"", ""turn_left"", ""cruise"", ""cruise"", ""accelerate"", ""turn_left"", ""turn_left"", ""decelerate"", ""cruise"", ""accelerate"", ""turn_left"", ""turn_left"", ""turn_left"", ""turn_right"", ""turn_right"", ""turn_right"", ""turn_right""]","[0, 2, 4, 7, 13, 23, 33, 41, 51, 53, 54, 55, 64, 74, 84, 93, 102, 110, 120, 130, 140, 150, 160, 170, 176, 184, 192]","[2, 4, 7, 13, 23, 33, 41, 51, 53, 54, 55, 64, 74, 84, 93, 102, 110, 120, 130, 140, 150, 160, 170, 176, 184, 192, 200]"
122,26,"[2, 2, 1, 2, 2, 1, 0, 4, 0, 2, 0, 2, 2, 4, 4, 0, 4, 2, 0, 0, 2, 4, 0, 0, 0, 3]","[""accelerate"", ""accelerate"", ""turn_right"", ""accelerate"", ""accelerate"", ""turn_right"", ""turn_left"", ""cruise"", ""turn_left"", ""accelerate"", ""turn_left"", ""accelerate"", ""accelerate"", ""cruise"", ""cruise"", ""turn_left"", ""cruise"", ""accelerate"", ""turn_left"", ""turn_left"", ""accelerate"", ""cruise"", ""turn_left"", ""turn_left"", ""turn_left"", ""decelerate""]","[0, 10, 20, 26, 31, 32, 40, 49, 59, 68, 78, 87, 97, 102, 112, 122, 130, 140, 146, 154, 161, 166, 176, 184, 191, 197]","[10, 20, 26, 31, 32, 40, 49, 59, 68, 78, 87, 97, 102, 112, 122, 130, 140, 146, 154, 161, 166, 176, 184, 191, 197, 200]"
123,24,"[1, 2, 4, 0, 2, 4, 0, 4, 4, 2, 2, 4, 1, 3, 4, 4, 2, 0, 3, 4, 2, 0, 4, 2]","[""turn_right"", ""accelerate"", ""cruise"", ""turn_left"", ""accelerate"", ""cruise"", ""turn_left"", ""cruise"", ""cruise"", ""accelerate"", ""accelerate"", ""cruise"", ""turn_right"", ""decelerate"", ""cruise"", ""cruise"", ""accelerate"", ""turn_left"", ""decelerate"", ""cruise"", ""accelerate"", ""turn_left"", ""cruise"", ""accelerate""]","[0, 1, 11, 21, 29, 39, 49, 58, 68, 78, 86, 87, 97, 107, 117, 127, 137, 147, 153, 162, 172, 182, 188, 198]","[1, 11, 21, 29, 39, 49, 58, 68, 78, 86, 87, 97, 107, 117, 127, 137, 147, 153, 162, 172, 182, 188, 198, 200]"
124,29,"[1, 2, 4, 2, 2, 2, 2, 0, 4, 2, 0, 4, 4, 4, 2, 2, 2, 4, 3, 0, 0, 4, 1, 3, 2, 4, 2, 3, 3]","[""turn_right"", ""accelerate"", ""cruise"", ""accelerate"", ""accelerate"", ""accelerate"", ""accelerate"", ""turn_left"", ""cruise"", ""accelerate"", ""turn_left"", ""cruise"", ""cruise"", ""cruise"", ""accelerate"", ""accelerate"", ""accelerate"", ""cruise"", ""decelerate"", ""turn_left"", ""turn_left"", ""cruise"", ""turn_right"", ""decelerate"", ""accelerate"", ""cruise"", ""accelerate"", ""decelerate"", ""decelerate""]","[0, 1, 11, 21, 29, 30, 31, 32, 42, 52, 59, 68, 78, 88, 98, 103, 104, 105, 115, 125, 128, 132, 142, 150, 158, 168, 178, 188, 198]","[1, 11, 21, 29, 30, 31, 32, 42, 52, 59, 68, 78, 88, 98, 103, 104, 105, 115, 125, 128, 132, 142, 150, 158, 168, 178, 188, 198, 200]"
125,26,"[2, 1, 2, 0, 1, 0, 0, 0, 2, 2, 0, 0, 4, 2, 4, 3, 2, 2, 2, 4, 2, 2, 1, 1, 0, 4]","[""accelerate"", ""turn_right"", ""accelerate"", ""turn_left"", ""turn_right"", ""turn_left"", ""turn_left"", ""turn_left"", ""accelerate"", ""accelerate"", ""turn_left"", ""turn_left"", ""cruise"", ""accelerate"", ""cruise"", ""decelerate"", ""accelerate"", ""accelerate"", ""accelerate"", ""cruise"", ""accelerate"", ""accelerate"", ""turn_right"", ""turn_right"", ""turn_left"", ""cruise""]","[0, 10, 14, 22, 31, 37, 45, 52, 59, 69, 79, 88, 96, 106, 113, 123, 133, 143, 153, 156, 166, 167, 168, 177, 185, 192]","[10, 14, 22, 31, 37, 45, 52, 59, 69, 79, 88, 96, 106, 113, 123, 133, 143, 153, 156, 166, 167, 168, 177, 185, 192, 200]"
126,24,"[0, 1, 2, 1, 2, 0, 4, 1, 0, 4, 0, 2, 4, 4, 2, 0, 4, 4, 2, 0, 4, 0, 2, 3]","[""turn_left"", ""turn_right"", ""accelerate"", ""turn_right"", ""accelerate"", ""turn_left"", ""cruise"", ""turn_right"", ""turn_left"", ""cruise"", ""turn_left"", ""accelerate"", ""cruise"", ""cruise"", ""accelerate"", ""turn_left"", ""cruise"", ""cruise"", ""accelerate"", ""turn_left"", ""cruise"", ""turn_left"", ""accelerate"", ""decelerate""]","[0, 3, 13, 23, 28, 34, 42, 52, 58, 65, 75, 81, 91, 101, 111, 121, 130, 140, 150, 160, 169, 179, 187, 197]","[3, 13, 23, 28, 34, 42, 52, 58, 65, 75, 81, 91, 101, 111, 121, 130, 140, 150, 160, 169, 179, 187, 197, 200]"
127,26,"[0, 2, 1, 1, 4, 4, 1, 2, 2, 2, 2, 4, 2, 0, 1, 2, 4, 0, 1, 0, 4, 4, 4, 4, 4, 3]","[""turn_left"", ""accelerate"", ""turn_right"", ""turn_right"", ""cruise"", ""cruise"", ""turn_right"", ""accelerate"", ""accelerate"", ""accelerate"", ""accelerate"", ""cruise"", ""accelerate"", ""turn_left"", ""turn_right"", ""accelerate"", ""cruise"", ""turn_left"", ""turn_right"", ""turn_left"", ""cruise"", ""cruise"", ""cruise"", ""cruise"", ""cruise"", ""decelerate""]","[0, 3, 13, 23, 33, 43, 53, 63, 73, 75, 76, 77, 87, 88, 97, 104, 114, 124, 133, 140, 148, 158, 168, 178, 188, 198]","[3, 13, 23, 33, 43, 53, 63, 73, 75, 76, 77, 87, 88, 97, 104, 114, 124, 133, 140, 148, 158, 168, 178, 188, 198, 200]"
128,24,"[0, 1, 2, 1, 4, 2, 1, 2, 2, 1, 1, 2, 2, 0, 4, 0, 3, 2, 0, 4, 0, 2, 0, 3]","[""turn_left"", ""turn_right"", ""accelerate"", ""turn_right"", ""cruise"", ""accelerate"", ""turn_right"", ""accelerate"", ""accelerate"", ""turn_right"", ""turn_right"", ""accelerate"", ""accelerate"", ""turn_left"", ""cruise"", ""turn_left"", ""decelerate"", ""accelerate"", ""turn_left"", ""cruise"", ""turn_left"", ""accelerate"", ""turn_left"", ""decelerate""]","[0, 3, 13, 23, 33, 43, 53, 63, 73, 78, 86, 95, 105, 106, 116, 126, 134, 144, 154, 160, 170, 178, 188, 197]","[3, 13, 23, 33, 43, 53, 63, 73, 78, 86, 95, 105, 106, 116, 126, 134, 144, 154, 160, 170, 178, 188, 197, 200]"
129,23,"[2, 4, 4, 0, 0, 2, 0, 4, 2, 0, 0, 0, 4, 0, 4, 0, 0, 1, 0, 1, 1, 1, 1]","[""accelerate"", ""cruise"", ""cruise"", ""turn_left"", ""turn_left"", ""accelerate"", ""turn_left"", ""cruise"", ""accelerate"", ""turn_left"", ""turn_left"", ""turn_left"", ""cruise"", ""turn_left"", ""cruise"", ""turn_left"", ""turn_left"", ""turn_right"", ""turn_left"", ""turn_right"", ""turn_right"", ""turn_right"", ""turn_right""]","[0, 10, 20, 30, 40, 50, 60, 68, 78, 88, 96, 104, 114, 124, 131, 141, 147, 155, 163, 170, 179, 187, 195]","[10, 20, 30, 40, 50, 60, 68, 78, 88, 96, 104, 114, 124, 131, 141, 147, 155, 163, 170, 179, 187, 195, 200]"
130,23,"[2, 0, 0, 1, 0, 3, 4, 2, 0, 1, 0, 4, 3, 2, 0, 2, 0, 4, 2, 3, 2, 3, 2]","[""accelerate"", ""turn_left"", ""turn_left"", ""turn_right"", ""turn_left"", ""decelerate"", ""cruise"", ""accelerate"", ""turn_left"", ""turn_right"", ""turn_left"", ""cruise"", ""decelerate"", ""accelerate"", ""turn_left"", ""accelerate"", ""turn_left"", ""cruise"", ""accelerate"", ""decelerate"", ""accelerate"", ""decelerate"", ""accelerate""]","[0, 10, 20, 30, 35, 42, 52, 62, 72, 81, 88, 95, 105, 115, 125, 131, 141, 149, 159, 169, 179, 189, 194]","[10, 20, 30, 35, 42, 52, 62, 72, 81, 88, 95, 105, 115, 125, 131, 141, 149, 159, 169, 179, 189, 194, 200]"
131,23,"[4, 4, 4, 2, 2, 1, 1, 0, 2, 1, 1, 1, 1, 1, 2, 2, 2, 4, 3, 0, 4, 4, 2]","[""cruise"", ""cruise"", ""cruise"", ""accelerate"", ""accelerate"", ""turn_right"", ""turn_right"", ""turn_left"", ""accelerate"", ""turn_right"", ""turn_right"", ""turn_right"", ""turn_right"", ""turn_right"", ""accelerate"", ""accelerate"", ""accelerate"", ""cruise"", ""decelerate"", ""turn_left"", ""cruise"", ""cruise"", ""accelerate""]","[0, 10, 20, 30, 40, 50, 60, 70, 78, 88, 96, 103, 110, 120, 130, 140, 146, 147, 157, 167, 170, 180, 190]","[10, 20, 30, 40, 50, 60, 70, 78, 88, 96, 103, 110, 120, 130, 140, 146, 147, 157, 167, 170, 180, 190, 200]"
132,18,"[1, 2, 0, 2, 0, 0, 1, 2, 4, 4, 4, 4, 4, 2, 3, 2, 0, 4]","[""turn_right"", ""accelerate"", ""turn_left"", ""accelerate"", ""turn_left"", ""turn_left"", ""turn_right"", ""accelerate"", ""cruise"", ""cruise"", ""cruise"", ""cruise"", ""cruise"", ""accelerate"", ""decelerate"", ""accelerate"", ""turn_left"", ""cruise""]","[0, 2, 12, 21, 31, 40, 48, 57, 67, 77, 87, 97, 107, 117, 118, 128, 138, 144]","[2, 12, 21, 31, 40, 48, 57, 67, 77, 87, 97, 107, 117, 118, 128, 138, 144, 147]"
133,25,"[1, 2, 0, 2, 0, 4, 0, 0, 4, 4, 2, 0, 2, 4, 1, 1, 4, 0, 0, 1, 1, 1, 0, 3, 2]","[""turn_right"", ""accelerate"", ""turn_left"", ""accelerate"", ""turn_left"", ""cruise"", ""turn_left"", ""turn_left"", ""cruise"", ""cruise"", ""accelerate"", ""turn_left"", ""accelerate"", ""cruise"", ""turn_right"", ""turn_right"", ""cruise"", ""turn_left"", ""turn_left"", ""turn_right"", ""turn_right"", ""turn_right"", ""turn_left"", ""decelerate"", ""accelerate""]","[0, 1, 11, 19, 27, 35, 45, 52, 61, 71, 81, 91, 99, 109, 119, 128, 136, 146, 152, 158, 166, 173, 180, 187, 195]","[1, 11, 19, 27, 35, 45, 52, 61, 71, 81, 91, 99, 109, 119, 128, 136, 146, 152, 158, 166, 173, 180, 187, 195, 200]"
134,29,"[2, 0, 1, 0, 2, 2, 2, 4, 4, 0, 4, 2, 2, 0, 2, 2, 2, 0, 2, 3, 0, 0, 0, 0, 4, 0, 2, 0, 3]","[""accelerate"", ""turn_left"", ""turn_right"", ""turn_left"", ""accelerate"", ""accelerate"", ""accelerate"", ""cruise"", ""cruise"", ""turn_left"", ""cruise"", ""accelerate"", ""accelerate"", ""turn_left"", ""accelerate"", ""accelerate"", ""accelerate"", ""turn_left"", ""accelerate"", ""decelerate"", ""turn_left"", ""turn_left"", ""turn_left"", ""turn_left"", ""cruise"", ""turn_left"", ""accelerate"", ""turn_left"", ""decelerate""]","[0, 10, 19, 25, 31, 37, 38, 39, 49, 59, 67, 77, 87, 97, 106, 116, 120, 121, 129, 138, 148, 151, 155, 160, 165, 175, 180, 190, 196]","[10, 19, 25, 31, 37, 38, 39, 49, 59, 67, 77, 87, 97, 106, 116, 120, 121, 129, 138, 148, 151, 155, 160, 165, 175, 180, 190, 196, 200]"
135,24,"[1, 1, 4, 0, 2, 0, 4, 2, 4, 0, 4, 0, 3, 2, 3, 2, 2, 0, 0, 2, 2, 0, 2, 2]","[""turn_right"", ""turn_right"", ""cruise"", ""turn_left"", ""accelerate"", ""turn_left"", ""cruise"", ""accelerate"", ""cruise"", ""turn_left"", ""cruise"", ""turn_left"", ""decelerate"", ""accelerate"", ""decelerate"", ""accelerate"", ""accelerate"", ""turn_left"", ""turn_left"", ""accelerate"", ""accelerate"", ""turn_left"", ""accelerate"", ""accelerate""]","[0, 3, 7, 17, 27, 37, 43, 53, 61, 71, 78, 88, 96, 106, 116, 123, 133, 143, 150, 157, 167, 177, 187, 197]","[3, 7, 17, 27, 37, 43, 53, 61, 71, 78, 88, 96, 106, 116, 123, 133, 143, 150, 157, 167, 177, 187, 197, 200]"
136,16,"[2, 0, 2, 0, 2, 4, 2, 4, 2, 0, 2, 0, 2, 0, 0, 3]","[""accelerate"", ""turn_left"", ""accelerate"", ""turn_left"", ""accelerate"", ""cruise"", ""accelerate"", ""cruise"", ""accelerate"", ""turn_left"", ""accelerate"", ""turn_left"", ""accelerate"", ""turn_left"", ""turn_left"", ""decelerate""]","[0, 10, 18, 27, 34, 38, 48, 49, 59, 60, 68, 78, 87, 97, 105, 112]","[10, 18, 27, 34, 38, 48, 49, 59, 60, 68, 78, 87, 97, 105, 112, 121]"
137,28,"[1, 1, 0, 0, 0, 4, 2, 2, 2, 1, 1, 2, 1, 1, 2, 2, 2, 2, 0, 0, 0, 2, 2, 2, 1, 1, 3, 2]","[""turn_right"", ""turn_right"", ""turn_left"", ""turn_left"", ""turn_left"", ""cruise"", ""accelerate"", ""accelerate"", ""accelerate"", ""turn_right"", ""turn_right"", ""accelerate"", ""turn_right"", ""turn_right"", ""accelerate"", ""accelerate"", ""accelerate"", ""accelerate"", ""turn_left"", ""turn_left"", ""turn_left"", ""accelerate"", ""accelerate"", ""accelerate"", ""turn_right"", ""turn_right"", ""decelerate"", ""accelerate""]","[0, 3, 7, 17, 27, 31, 41, 51, 61, 71, 78, 88, 98, 106, 114, 124, 125, 126, 127, 137, 145, 152, 162, 172, 182, 186, 192, 199]","[3, 7, 17, 27, 31, 41, 51, 61, 71, 78, 88, 98, 106, 114, 124, 125, 126, 127, 137, 145, 152, 162, 172, 182, 186, 192, 199, 200]"
138,26,"[2, 2, 2, 2, 0, 3, 2, 1, 2, 0, 2, 1, 2, 0, 0, 4, 3, 2, 1, 2, 2, 2, 0, 2, 2, 2]","[""accelerate"", ""accelerate"", ""accelerate"", ""accelerate"", ""turn_left"", ""decelerate"", ""accelerate"", ""turn_right"", ""accelerate"", ""turn_left"", ""accelerate"", ""turn_right"", ""accelerate"", ""turn_left"", ""turn_left"", ""cruise"", ""decelerate"", ""accelerate"", ""turn_right"", ""accelerate"", ""accelerate"", ""accelerate"", ""turn_left"", ""accelerate"", ""accelerate"", ""accelerate""]","[0, 10, 14, 15, 16, 25, 35, 45, 49, 59, 67, 77, 85, 95, 104, 112, 122, 130, 140, 147, 157, 162, 163, 172, 182, 192]","[10, 14, 15, 16, 25, 35, 45, 49, 59, 67, 77, 85, 95, 104, 112, 122, 130, 140, 147, 157, 162, 163, 172, 182, 192, 200]"
139,26,"[4, 0, 1, 2, 1, 1, 2, 1, 2, 2, 1, 2, 2, 4, 2, 2, 2, 2, 4, 2, 0, 2, 0, 0, 3, 2]","[""cruise"", ""turn_left"", ""turn_right"", ""accelerate"", ""turn_right"", ""turn_right"", ""accelerate"", ""turn_right"", ""accelerate"", ""accelerate"", ""turn_right"", ""accelerate"", ""accelerate"", ""cruise"", ""accelerate"", ""accelerate"", ""accelerate"", ""accelerate"", ""cruise"", ""accelerate"", ""turn_left"", ""accelerate"", ""turn_left"", ""turn_left"", ""decelerate"", ""accelerate""]","[0, 10, 12, 22, 32, 42, 52, 62, 70, 80, 81, 89, 98, 99, 109, 119, 129, 139, 149, 159, 169, 172, 182, 185, 189, 198]","[10, 12, 22, 32, 42, 52, 62, 70, 80, 81, 89, 98, 99, 109, 119, 129, 139, 149, 159, 169, 172, 182, 185, 189, 198, 200]"
140,27,"[4, 2, 2, 1, 2, 1, 1, 2, 1, 2, 4, 2, 4, 2, 2, 2, 0, 3, 2, 0, 1, 0, 2, 0, 0, 3, 2]","[""cruise"", ""accelerate"", ""accelerate"", ""turn_right"", ""accelerate"", ""turn_right"", ""turn_right"", ""accelerate"", ""turn_right"", ""accelerate"", ""cruise"", ""accelerate"", ""cruise"", ""accelerate"", ""accelerate"", ""accelerate"", ""turn_left"", ""decelerate"", ""accelerate"", ""turn_left"", ""turn_right"", ""turn_left"", ""accelerate"", ""turn_left"", ""turn_left"", ""decelerate"", ""accelerate""]","[0, 10, 20, 27, 37, 45, 53, 63, 72, 82, 87, 97, 98, 108, 109, 110, 111, 121, 131, 141, 147, 157, 165, 175, 181, 185, 195]","[10, 20, 27, 37, 45, 53, 63, 72, 82, 87, 97, 98, 108, 109, 110, 111, 121, 131, 141, 147, 157, 165, 175, 181, 185, 195, 200]"
141,28,"[2, 2, 2, 0, 1, 4, 2, 2, 2, 2, 1, 2, 2, 1, 2, 2, 2, 4, 2, 4, 3, 4, 2, 3, 2, 3, 2, 0]","[""accelerate"", ""accelerate"", ""accelerate"", ""turn_left"", ""turn_right"", ""cruise"", ""accelerate"", ""accelerate"", ""accelerate"", ""accelerate"", ""turn_right"", ""accelerate"", ""accelerate"", ""turn_right"", ""accelerate"", ""accelerate"", ""accelerate"", ""cruise"", ""accelerate"", ""cruise"", ""decelerate"", ""cruise"", ""accelerate"", ""decelerate"", ""accelerate"", ""decelerate"", ""accelerate"", ""turn_left""]","[0, 10, 11, 12, 18, 28, 38, 48, 52, 53, 54, 61, 67, 68, 76, 86, 96, 106, 116, 126, 136, 146, 156, 166, 173, 183, 187, 197]","[10, 11, 12, 18, 28, 38, 48, 52, 53, 54, 61, 67, 68, 76, 86, 96, 106, 116, 126, 136, 146, 156, 166, 173, 183, 187, 197, 200]"
142,26,"[2, 4, 2, 2, 2, 2, 1, 2, 1, 2, 4, 2, 1, 1, 0, 3, 4, 2, 2, 3, 2, 0, 0, 2, 2, 0]","[""accelerate"", ""cruise"", ""accelerate"", ""accelerate"", ""accelerate"", ""accelerate"", ""turn_right"", ""accelerate"", ""turn_right"", ""accelerate"", ""cruise"", ""accelerate"", ""turn_right"", ""turn_right"", ""turn_left"", ""decelerate"", ""cruise"", ""accelerate"", ""accelerate"", ""decelerate"", ""accelerate"", ""turn_left"", ""turn_left"", ""accelerate"", ""accelerate"", ""turn_left""]","[0, 10, 20, 30, 39, 40, 41, 49, 59, 67, 76, 86, 87, 95, 102, 110, 119, 129, 139, 149, 157, 167, 172, 179, 189, 199]","[10, 20, 30, 39, 40, 41, 49, 59, 67, 76, 86, 87, 95, 102, 110, 119, 129, 139, 149, 157, 167, 172, 179, 189, 199, 200]"
143,27,"[2, 4, 2, 2, 2, 0, 2, 0, 1, 1, 4, 0, 2, 3, 2, 2, 2, 1, 1, 1, 0, 1, 4, 1, 2, 2, 1]","[""accelerate"", ""cruise"", ""accelerate"", ""accelerate"", ""accelerate"", ""turn_left"", ""accelerate"", ""turn_left"", ""turn_right"", ""turn_right"", ""cruise"", ""turn_left"", ""accelerate"", ""decelerate"", ""accelerate"", ""accelerate"", ""accelerate"", ""turn_right"", ""turn_right"", ""turn_right"", ""turn_left"", ""turn_right"", ""cruise"", ""turn_right"", ""accelerate"", ""accelerate"", ""turn_right""]","[0, 9, 19, 20, 21, 22, 31, 33, 42, 49, 56, 66, 73, 83, 92, 102, 112, 122, 132, 137, 140, 150, 156, 166, 174, 184, 192]","[9, 19, 20, 21, 22, 31, 33, 42, 49, 56, 66, 73, 83, 92, 102, 112, 122, 132, 137, 140, 150, 156, 166, 174, 184, 192, 200]"
144,26,"[2, 0, 2, 4, 2, 1, 2, 1, 4, 0, 1, 1, 0, 2, 2, 2, 0, 2, 3, 2, 0, 0, 2, 3, 3, 2]","[""accelerate"", ""turn_left"", ""accelerate"", ""cruise"", ""accelerate"", ""turn_right"", ""accelerate"", ""turn_right"", ""cruise"", ""turn_left"", ""turn_right"", ""turn_right"", ""turn_left"", ""accelerate"", ""accelerate"", ""accelerate"", ""turn_left"", ""accelerate"", ""decelerate"", ""accelerate"", ""turn_left"", ""turn_left"", ""accelerate"", ""decelerate"", ""decelerate"", ""accelerate""]","[0, 10, 14, 17, 27, 30, 38, 43, 51, 61, 69, 76, 83, 91, 101, 111, 121, 130, 140, 149, 159, 166, 174, 184, 194, 195]","[10, 14, 17, 27, 30, 38, 43, 51, 61, 69, 76, 83, 91, 101, 111, 121, 130, 140, 149, 159, 166, 174, 184, 194, 195, 200]"
145,6,"[4, 4, 2, 2, 2, 0]","[""cruise"", ""cruise"", ""accelerate"", ""accelerate"", ""accelerate"", ""turn_left""]","[0, 10, 20, 30, 31, 32]","[10, 20, 30, 31, 32, 35]"
146,25,"[1, 2, 2, 2, 0, 2, 0, 2, 3, 4, 0, 0, 2, 3, 0, 1, 2, 3, 2, 2, 4, 2, 2, 2, 1]","[""turn_right"", ""accelerate"", ""accelerate"", ""accelerate"", ""turn_left"", ""accelerate"", ""turn_left"", ""accelerate"", ""decelerate"", ""cruise"", ""turn_left"", ""turn_left"", ""accelerate"", ""decelerate"", ""turn_left"", ""turn_right"", ""accelerate"", ""decelerate"", ""accelerate"", ""accelerate"", ""cruise"", ""accelerate"", ""accelerate"", ""accelerate"", ""turn_right""]","[0, 2, 12, 22, 24, 31, 37, 44, 49, 59, 69, 79, 89, 95, 105, 112, 118, 128, 138, 148, 158, 168, 178, 188, 198]","[2, 12, 22, 24, 31, 37, 44, 49, 59, 69, 79, 89, 95, 105, 112, 118, 128, 138, 148, 158, 168, 178, 188, 198, 200]"
147,28,"[1, 2, 4, 4, 2, 2, 2, 2, 0, 0, 0, 2, 4, 4, 0, 2, 3, 2, 3, 2, 0, 0, 2, 0, 3, 2, 0, 2]","[""turn_right"", ""accelerate"", ""cruise"", ""cruise"", ""accelerate"", ""accelerate"", ""accelerate"", ""accelerate"", ""turn_left"", ""turn_left"", ""turn_left"", ""accelerate"", ""cruise"", ""cruise"", ""turn_left"", ""accelerate"", ""decelerate"", ""accelerate"", ""decelerate"", ""accelerate"", ""turn_left"", ""turn_left"", ""accelerate"", ""turn_left"", ""decelerate"", ""accelerate"", ""turn_left"", ""accelerate""]","[0, 2, 12, 22, 32, 40, 41, 42, 43, 50, 60, 70, 75, 85, 95, 102, 109, 119, 129, 136, 146, 151, 158, 168, 178, 183, 193, 199]","[2, 12, 22, 32, 40, 41, 42, 43, 50, 60, 70, 75, 85, 95, 102, 109, 119, 129, 136, 146, 151, 158, 168, 178, 183, 193, 199, 200]"
148,22,"[2, 1, 0, 2, 0, 0, 2, 2, 2, 2, 0, 0, 4, 3, 2, 2, 2, 0, 3, 2, 2, 3]","[""accelerate"", ""turn_right"", ""turn_left"", ""accelerate"", ""turn_left"", ""turn_left"", ""accelerate"", ""accelerate"", ""accelerate"", ""accelerate"", ""turn_left"", ""turn_left"", ""cruise"", ""decelerate"", ""accelerate"", ""accelerate"", ""accelerate"", ""turn_left"", ""decelerate"", ""accelerate"", ""accelerate"", ""decelerate""]","[0, 10, 14, 24, 34, 41, 49, 53, 54, 55, 56, 66, 74, 84, 93, 103, 113, 123, 130, 139, 149, 159]","[10, 14, 24, 34, 41, 49, 53, 54, 55, 56, 66, 74, 84, 93, 103, 113, 123, 130, 139, 149, 159, 169]"
149,4,"[2, 4, 2, 0]","[""accelerate"", ""cruise"", ""accelerate"", ""turn_left""]","[0, 10, 20, 22]","[10, 20, 22, 26]"
150,24,"[2, 1, 4, 0, 2, 0, 2, 4, 0, 1, 0, 0, 2, 3, 2, 2, 0, 2, 0, 2, 2, 0, 1, 2]","[""accelerate"", ""turn_right"", ""cruise"", ""turn_left"", ""accelerate"", ""turn_left"", ""accelerate"", ""cruise"", ""turn_left"", ""turn_right"", ""turn_left"", ""turn_left"", ""accelerate"", ""decelerate"", ""accelerate"", ""accelerate"", ""turn_left"", ""accelerate"", ""turn_left"", ""accelerate"", ""accelerate"", ""turn_left"", ""turn_right"", ""accelerate""]","[0, 10, 15, 25, 35, 45, 51, 56, 66, 75, 82, 90, 97, 107, 117, 127, 137, 144, 154, 163, 173, 183, 193, 198]","[10, 15, 25, 35, 45, 51, 56, 66, 75, 82, 90, 97, 107, 117, 127, 137, 144, 154, 163, 173, 183, 193, 198, 200]"
151,7,"[2, 2, 2, 2, 2, 2, 0]","[""accelerate"", ""accelerate"", ""accelerate"", ""accelerate"", ""accelerate"", ""accelerate"", ""turn_left""]","[0, 10, 13, 14, 15, 16, 17]","[10, 13, 14, 15, 16, 17, 24]"
152,26,"[2, 0, 2, 1, 1, 4, 2, 2, 2, 2, 1, 2, 0, 2, 0, 2, 0, 3, 2, 0, 2, 3, 2, 0, 2, 2]","[""accelerate"", ""turn_left"", ""accelerate"", ""turn_right"", ""turn_right"", ""cruise"", ""accelerate"", ""accelerate"", ""accelerate"", ""accelerate"", ""turn_right"", ""accelerate"", ""turn_left"", ""accelerate"", ""turn_left"", ""accelerate"", ""turn_left"", ""decelerate"", ""accelerate"", ""turn_left"", ""accelerate"", ""decelerate"", ""accelerate"", ""turn_left"", ""accelerate"", ""accelerate""]","[0, 10, 17, 22, 32, 42, 52, 62, 63, 64, 65, 74, 84, 92, 102, 109, 119, 126, 134, 144, 149, 159, 169, 179, 186, 196]","[10, 17, 22, 32, 42, 52, 62, 63, 64, 65, 74, 84, 92, 102, 109, 119, 126, 134, 144, 149, 159, 169, 179, 186, 196, 200]"
153,7,"[2, 1, 2, 2, 2, 2, 2]","[""accelerate"", ""turn_right"", ""accelerate"", ""accelerate"", ""accelerate"", ""accelerate"", ""accelerate""]","[0, 10, 15, 22, 23, 24, 25]","[10, 15, 22, 23, 24, 25, 26]"
154,7,"[2, 2, 2, 0, 2, 2, 4]","[""accelerate"", ""accelerate"", ""accelerate"", ""turn_left"", ""accelerate"", ""accelerate"", ""cruise""]","[0, 10, 11, 12, 20, 24, 25]","[10, 11, 12, 20, 24, 25, 30]"
155,26,"[2, 2, 0, 1, 4, 2, 2, 2, 1, 2, 0, 1, 1, 1, 2, 0, 0, 1, 0, 2, 3, 2, 2, 1, 1, 2]","[""accelerate"", ""accelerate"", ""turn_left"", ""turn_right"", ""cruise"", ""accelerate"", ""accelerate"", ""accelerate"", ""turn_right"", ""accelerate"", ""turn_left"", ""turn_right"", ""turn_right"", ""turn_right"", ""accelerate"", ""turn_left"", ""turn_left"", ""turn_right"", ""turn_left"", ""accelerate"", ""decelerate"", ""accelerate"", ""accelerate"", ""turn_right"", ""turn_right"", ""accelerate""]","[0, 10, 11, 17, 27, 37, 47, 55, 56, 64, 70, 78, 85, 92, 99, 109, 118, 126, 133, 141, 151, 158, 168, 178, 186, 194]","[10, 11, 17, 27, 37, 47, 55, 56, 64, 70, 78, 85, 92, 99, 109, 118, 126, 133, 141, 151, 158, 168, 178, 186, 194, 200]"
156,27,"[0, 1, 2, 0, 1, 2, 1, 1, 1, 1, 4, 1, 1, 1, 1, 2, 2, 2, 2, 0, 2, 0, 2, 0, 2, 3, 2]","[""turn_left"", ""turn_right"", ""accelerate"", ""turn_left"", ""turn_right"", ""accelerate"", ""turn_right"", ""turn_right"", ""turn_right"", ""turn_right"", ""cruise"", ""turn_right"", ""turn_right"", ""turn_right"", ""turn_right"", ""accelerate"", ""accelerate"", ""accelerate"", ""accelerate"", ""turn_left"", ""accelerate"", ""turn_left"", ""accelerate"", ""turn_left"", ""accelerate"", ""decelerate"", ""accelerate""]","[0, 2, 7, 17, 25, 33, 39, 47, 53, 59, 65, 75, 85, 95, 105, 115, 125, 126, 127, 128, 138, 148, 156, 166, 173, 183, 191]","[2, 7, 17, 25, 33, 39, 47, 53, 59, 65, 75, 85, 95, 105, 115, 125, 126, 127, 128, 138, 148, 156, 166, 173, 183, 191, 200]"
157,26,"[1, 1, 2, 1, 0, 0, 0, 0, 4, 0, 4, 0, 0, 2, 0, 3, 2, 3, 2, 2, 2, 0, 2, 0, 3, 2]","[""turn_right"", ""turn_right"", ""accelerate"", ""turn_right"", ""turn_left"", ""turn_left"", ""turn_left"", ""turn_left"", ""cruise"", ""turn_left"", ""cruise"", ""turn_left"", ""turn_left"", ""accelerate"", ""turn_left"", ""decelerate"", ""accelerate"", ""decelerate"", ""accelerate"", ""accelerate"", ""accelerate"", ""turn_left"", ""accelerate"", ""turn_left"", ""decelerate"", ""accelerate""]","[0, 2, 4, 14, 21, 28, 34, 40, 46, 56, 66, 76, 86, 96, 101, 109, 119, 129, 133, 143, 153, 163, 171, 178, 186, 196]","[2, 4, 14, 21, 28, 34, 40, 46, 56, 66, 76, 86, 96, 101, 109, 119, 129, 133, 143, 153, 163, 171, 178, 186, 196, 200]"
158,28,"[0, 1, 2, 0, 4, 0, 0, 0, 2, 0, 4, 0, 1, 0, 3, 2, 2, 0, 2, 2, 0, 0, 0, 0, 2, 3, 0, 2]","[""turn_left"", ""turn_right"", ""accelerate"", ""turn_left"", ""cruise"", ""turn_left"", ""turn_left"", ""turn_left"", ""accelerate"", ""turn_left"", ""cruise"", ""turn_left"", ""turn_right"", ""turn_left"", ""decelerate"", ""accelerate"", ""accelerate"", ""turn_left"", ""accelerate"", ""accelerate"", ""turn_left"", ""turn_left"", ""turn_left"", ""turn_left"", ""accelerate"", ""decelerate"", ""turn_left"", ""accelerate""]","[0, 2, 6, 16, 26, 36, 46, 56, 66, 76, 84, 94, 102, 108, 115, 124, 134, 144, 152, 157, 158, 165, 171, 177, 183, 186, 196, 199]","[2, 6, 16, 26, 36, 46, 56, 66, 76, 84, 94, 102, 108, 115, 124, 134, 144, 152, 157, 158, 165, 171, 177, 183, 186, 196, 199, 200]"
159,29,"[1, 2, 2, 0, 0, 0, 0, 2, 2, 0, 2, 2, 0, 2, 0, 2, 3, 0, 0, 2, 1, 0, 2, 1, 1, 2, 2, 2, 2]","[""turn_right"", ""accelerate"", ""accelerate"", ""turn_left"", ""turn_left"", ""turn_left"", ""turn_left"", ""accelerate"", ""accelerate"", ""turn_left"", ""accelerate"", ""accelerate"", ""turn_left"", ""accelerate"", ""turn_left"", ""accelerate"", ""decelerate"", ""turn_left"", ""turn_left"", ""accelerate"", ""turn_right"", ""turn_left"", ""accelerate"", ""turn_right"", ""turn_right"", ""accelerate"", ""accelerate"", ""accelerate"", ""accelerate""]","[0, 2, 12, 18, 25, 31, 41, 51, 61, 63, 71, 73, 74, 83, 85, 95, 99, 109, 112, 116, 126, 135, 142, 152, 160, 168, 178, 188, 198]","[2, 12, 18, 25, 31, 41, 51, 61, 63, 71, 73, 74, 83, 85, 95, 99, 109, 112, 116, 126, 135, 142, 152, 160, 168, 178, 188, 198, 200]"
160,27,"[0, 0, 1, 4, 0, 0, 1, 1, 4, 1, 1, 2, 1, 1, 1, 1, 4, 2, 0, 2, 1, 2, 0, 2, 2, 3, 2]","[""turn_left"", ""turn_left"", ""turn_right"", ""cruise"", ""turn_left"", ""turn_left"", ""turn_right"", ""turn_right"", ""cruise"", ""turn_right"", ""turn_right"", ""accelerate"", ""turn_right"", ""turn_right"", ""turn_right"", ""turn_right"", ""cruise"", ""accelerate"", ""turn_left"", ""accelerate"", ""turn_right"", ""accelerate"", ""turn_left"", ""accelerate"", ""accelerate"", ""decelerate"", ""accelerate""]","[0, 2, 4, 14, 24, 29, 35, 44, 51, 61, 68, 74, 84, 91, 98, 106, 112, 122, 132, 137, 147, 154, 159, 168, 178, 188, 198]","[2, 4, 14, 24, 29, 35, 44, 51, 61, 68, 74, 84, 91, 98, 106, 112, 122, 132, 137, 147, 154, 159, 168, 178, 188, 198, 200]"
161,26,"[4, 2, 0, 1, 0, 0, 2, 2, 0, 0, 0, 0, 2, 4, 0, 2, 0, 0, 1, 0, 2, 0, 2, 1, 1, 1]","[""cruise"", ""accelerate"", ""turn_left"", ""turn_right"", ""turn_left"", ""turn_left"", ""accelerate"", ""accelerate"", ""turn_left"", ""turn_left"", ""turn_left"", ""turn_left"", ""accelerate"", ""cruise"", ""turn_left"", ""accelerate"", ""turn_left"", ""turn_left"", ""turn_right"", ""turn_left"", ""accelerate"", ""turn_left"", ""accelerate"", ""turn_right"", ""turn_right"", ""turn_right""]","[0, 10, 20, 30, 36, 43, 49, 55, 56, 63, 70, 80, 90, 97, 107, 115, 121, 129, 136, 144, 151, 161, 167, 177, 186, 195]","[10, 20, 30, 36, 43, 49, 55, 56, 63, 70, 80, 90, 97, 107, 115, 121, 129, 136, 144, 151, 161, 167, 177, 186, 195, 200]"
162,24,"[0, 2, 0, 1, 1, 4, 2, 1, 1, 1, 2, 0, 2, 0, 0, 2, 1, 4, 2, 2, 1, 0, 2, 3]","[""turn_left"", ""accelerate"", ""turn_left"", ""turn_right"", ""turn_right"", ""cruise"", ""accelerate"", ""turn_right"", ""turn_right"", ""turn_right"", ""accelerate"", ""turn_left"", ""accelerate"", ""turn_left"", ""turn_left"", ""accelerate"", ""turn_right"", ""cruise"", ""accelerate"", ""accelerate"", ""turn_right"", ""turn_left"", ""accelerate"", ""decelerate""]","[0, 2, 12, 19, 27, 34, 44, 54, 61, 67, 73, 83, 92, 102, 111, 119, 129, 136, 146, 156, 166, 173, 182, 192]","[2, 12, 19, 27, 34, 44, 54, 61, 67, 73, 83, 92, 102, 111, 119, 129, 136, 146, 156, 166, 173, 182, 192, 200]"
163,31,"[0, 0, 2, 1, 2, 1, 2, 2, 2, 2, 2, 2, 1, 1, 4, 0, 1, 1, 2, 2, 2, 2, 0, 2, 3, 0, 0, 2, 2, 3, 2]","[""turn_left"", ""turn_left"", ""accelerate"", ""turn_right"", ""accelerate"", ""turn_right"", ""accelerate"", ""accelerate"", ""accelerate"", ""accelerate"", ""accelerate"", ""accelerate"", ""turn_right"", ""turn_right"", ""cruise"", ""turn_left"", ""turn_right"", ""turn_right"", ""accelerate"", ""accelerate"", ""accelerate"", ""accelerate"", ""turn_left"", ""accelerate"", ""decelerate"", ""turn_left"", ""turn_left"", ""accelerate"", ""accelerate"", ""decelerate"", ""accelerate""]","[0, 2, 4, 14, 22, 29, 37, 43, 44, 45, 46, 47, 48, 56, 63, 73, 81, 88, 95, 105, 115, 125, 135, 144, 154, 164, 166, 169, 179, 189, 199]","[2, 4, 14, 22, 29, 37, 43, 44, 45, 46, 47, 48, 56, 63, 73, 81, 88, 95, 105, 115, 125, 135, 144, 154, 164, 166, 169, 179, 189, 199, 200]"
164,28,"[0, 0, 2, 2, 2, 0, 1, 1, 1, 1, 1, 1, 1, 2, 2, 0, 2, 2, 0, 1, 1, 3, 2, 2, 2, 2, 2, 2]","[""turn_left"", ""turn_left"", ""accelerate"", ""accelerate"", ""accelerate"", ""turn_left"", ""turn_right"", ""turn_right"", ""turn_right"", ""turn_right"", ""turn_right"", ""turn_right"", ""turn_right"", ""accelerate"", ""accelerate"", ""turn_left"", ""accelerate"", ""accelerate"", ""turn_left"", ""turn_right"", ""turn_right"", ""decelerate"", ""accelerate"", ""accelerate"", ""accelerate"", ""accelerate"", ""accelerate"", ""accelerate""]","[0, 2, 4, 14, 16, 17, 26, 35, 42, 48, 54, 60, 66, 73, 83, 93, 98, 108, 113, 122, 129, 136, 145, 155, 165, 175, 185, 195]","[2, 4, 14, 16, 17, 26, 35, 42, 48, 54, 60, 66, 73, 83, 93, 98, 108, 113, 122, 129, 136, 145, 155, 165, 175, 185, 195, 200]"
165,26,"[0, 4, 2, 2, 1, 1, 1, 2, 2, 1, 1, 0, 2, 2, 2, 3, 2, 0, 2, 3, 2, 2, 2, 2, 0, 2]","[""turn_left"", ""cruise"", ""accelerate"", ""accelerate"", ""turn_right"", ""turn_right"", ""turn_right"", ""accelerate"", ""accelerate"", ""turn_right"", ""turn_right"", ""turn_left"", ""accelerate"", ""accelerate"", ""accelerate"", ""decelerate"", ""accelerate"", ""turn_left"", ""accelerate"", ""decelerate"", ""accelerate"", ""accelerate"", ""accelerate"", ""accelerate"", ""turn_left"", ""accelerate""]","[0, 2, 12, 22, 29, 38, 45, 55, 65, 67, 75, 85, 93, 102, 103, 104, 114, 124, 131, 141, 149, 159, 169, 179, 189, 196]","[2, 12, 22, 29, 38, 45, 55, 65, 67, 75, 85, 93, 102, 103, 104, 114, 124, 131, 141, 149, 159, 169, 179, 189, 196, 200]"
166,30,"[2, 2, 2, 2, 2, 2, 2, 1, 2, 2, 2, 1, 0, 0, 0, 2, 1, 2, 1, 2, 2, 2, 1, 0, 1, 2, 3, 3, 2, 2]","[""accelerate"", ""accelerate"", ""accelerate"", ""accelerate"", ""accelerate"", ""accelerate"", ""accelerate"", ""turn_right"", ""accelerate"", ""accelerate"", ""accelerate"", ""turn_right"", ""turn_left"", ""turn_left"", ""turn_left"", ""accelerate"", ""turn_right"", ""accelerate"", ""turn_right"", ""accelerate"", ""accelerate"", ""accelerate"", ""turn_right"", ""turn_left"", ""turn_right"", ""accelerate"", ""decelerate"", ""decelerate"", ""accelerate"", ""accelerate""]","[0, 10, 12, 13, 14, 15, 16, 17, 27, 37, 38, 39, 47, 55, 62, 69, 79, 87, 97, 104, 114, 124, 134, 142, 151, 158, 168, 178, 180, 190]","[10, 12, 13, 14, 15, 16, 17, 27, 37, 38, 39, 47, 55, 62, 69, 79, 87, 97, 104, 114, 124, 134, 142, 151, 158, 168, 178, 180, 190, 200]"
167,29,"[2, 2, 2, 0, 2, 2, 1, 2, 2, 2, 1, 2, 2, 1, 2, 0, 2, 2, 2, 3, 2, 3, 2, 3, 4, 2, 2, 2, 1]","[""accelerate"", ""accelerate"", ""accelerate"", ""turn_left"", ""accelerate"", ""accelerate"", ""turn_right"", ""accelerate"", ""accelerate"", ""accelerate"", ""turn_right"", ""accelerate"", ""accelerate"", ""turn_right"", ""accelerate"", ""turn_left"", ""accelerate"", ""accelerate"", ""accelerate"", ""decelerate"", ""accelerate"", ""decelerate"", ""accelerate"", ""decelerate"", ""cruise"", ""accelerate"", ""accelerate"", ""accelerate"", ""turn_right""]","[0, 10, 11, 12, 21, 24, 25, 33, 37, 38, 39, 47, 52, 53, 61, 71, 80, 90, 100, 110, 119, 129, 136, 146, 152, 162, 172, 182, 192]","[10, 11, 12, 21, 24, 25, 33, 37, 38, 39, 47, 52, 53, 61, 71, 80, 90, 100, 110, 119, 129, 136, 146, 152, 162, 172, 182, 192, 200]"
168,28,"[2, 2, 2, 0, 0, 1, 2, 2, 1, 2, 1, 2, 2, 0, 0, 2, 4, 2, 0, 3, 2, 3, 2, 4, 2, 0, 2, 2]","[""accelerate"", ""accelerate"", ""accelerate"", ""turn_left"", ""turn_left"", ""turn_right"", ""accelerate"", ""accelerate"", ""turn_right"", ""accelerate"", ""turn_right"", ""accelerate"", ""accelerate"", ""turn_left"", ""turn_left"", ""accelerate"", ""cruise"", ""accelerate"", ""turn_left"", ""decelerate"", ""accelerate"", ""decelerate"", ""accelerate"", ""cruise"", ""accelerate"", ""turn_left"", ""accelerate"", ""accelerate""]","[0, 10, 11, 12, 18, 26, 33, 38, 39, 47, 51, 59, 65, 66, 75, 83, 93, 103, 113, 120, 128, 138, 145, 155, 165, 175, 184, 194]","[10, 11, 12, 18, 26, 33, 38, 39, 47, 51, 59, 65, 66, 75, 83, 93, 103, 113, 120, 128, 138, 145, 155, 165, 175, 184, 194, 200]"
169,9,"[2, 2, 2, 2, 2, 2, 2, 0, 2]","[""accelerate"", ""accelerate"", ""accelerate"", ""accelerate"", ""accelerate"", ""accelerate"", ""accelerate"", ""turn_left"", ""accelerate""]","[0, 10, 11, 12, 13, 14, 15, 16, 25]","[10, 11, 12, 13, 14, 15, 16, 25, 26]"
170,6,"[2, 1, 2, 2, 2, 2]","[""accelerate"", ""turn_right"", ""accelerate"", ""accelerate"", ""accelerate"", ""accelerate""]","[0, 10, 16, 24, 25, 26]","[10, 16, 24, 25, 26, 27]"
171,7,"[2, 2, 2, 2, 0, 2, 0]","[""accelerate"", ""accelerate"", ""accelerate"", ""accelerate"", ""turn_left"", ""accelerate"", ""turn_left""]","[0, 10, 11, 12, 13, 20, 24]","[10, 11, 12, 13, 20, 24, 27]"
172,7,"[2, 2, 2, 0, 2, 2, 1]","[""accelerate"", ""accelerate"", ""accelerate"", ""turn_left"", ""accelerate"", ""accelerate"", ""turn_right""]","[0, 10, 12, 13, 18, 21, 22]","[10, 12, 13, 18, 21, 22, 27]"
173,5,"[2, 1, 2, 1, 2]","[""accelerate"", ""turn_right"", ""accelerate"", ""turn_right"", ""accelerate""]","[0, 10, 15, 23, 29]","[10, 15, 23, 29, 30]"
174,31,"[2, 0, 2, 2, 1, 2, 2, 2, 2, 1, 0, 1, 2, 2, 2, 2, 2, 1, 2, 3, 2, 0, 2, 3, 2, 2, 2, 2, 0, 2, 0]","[""accelerate"", ""turn_left"", ""accelerate"", ""accelerate"", ""turn_right"", ""accelerate"", ""accelerate"", ""accelerate"", ""accelerate"", ""turn_right"", ""turn_left"", ""turn_right"", ""accelerate"", ""accelerate"", ""accelerate"", ""accelerate"", ""accelerate"", ""turn_right"", ""accelerate"", ""decelerate"", ""accelerate"", ""turn_left"", ""accelerate"", ""decelerate"", ""accelerate"", ""accelerate"", ""accelerate"", ""accelerate"", ""turn_left"", ""accelerate"", ""turn_left""]","[0, 10, 17, 22, 23, 33, 39, 40, 41, 42, 50, 58, 64, 74, 79, 80, 81, 82, 90, 100, 110, 120, 126, 136, 146, 156, 166, 176, 183, 193, 198]","[10, 17, 22, 23, 33, 39, 40, 41, 42, 50, 58, 64, 74, 79, 80, 81, 82, 90, 100, 110, 120, 126, 136, 146, 156, 166, 176, 183, 193, 198, 200]"
175,40,"[0, 2, 2, 1, 2, 2, 2, 1, 1, 2, 2, 2, 4, 1, 2, 2, 2, 1, 1, 2, 2, 2, 2, 1, 2, 2, 2, 2, 2, 1, 3, 3, 2, 2, 2, 2, 3, 2, 0, 2]","[""turn_left"", ""accelerate"", ""accelerate"", ""turn_right"", ""accelerate"", ""accelerate"", ""accelerate"", ""turn_right"", ""turn_right"", ""accelerate"", ""accelerate"", ""accelerate"", ""cruise"", ""turn_right"", ""accelerate"", ""accelerate"", ""accelerate"", ""turn_right"", ""turn_right"", ""accelerate"", ""accelerate"", ""accelerate"", ""accelerate"", ""turn_right"", ""accelerate"", ""accelerate"", ""accelerate"", ""accelerate"", ""accelerate"", ""turn_right"", ""decelerate"", ""decelerate"", ""accelerate"", ""accelerate"", ""accelerate"", ""accelerate"", ""decelerate"", ""accelerate"", ""turn_left"", ""accelerate""]","[0, 1, 11, 19, 28, 33, 34, 35, 43, 49, 55, 56, 57, 67, 75, 80, 81, 82, 90, 97, 103, 104, 105, 106, 115, 121, 122, 123, 124, 125, 135, 145, 147, 157, 167, 172, 173, 183, 193, 198]","[1, 11, 19, 28, 33, 34, 35, 43, 49, 55, 56, 57, 67, 75, 80, 81, 82, 90, 97, 103, 104, 105, 106, 115, 121, 122, 123, 124, 125, 135, 145, 147, 157, 167, 172, 173, 183, 193, 198, 200]"
176,5,"[2, 1, 2, 2, 4]","[""accelerate"", ""turn_right"", ""accelerate"", ""accelerate"", ""cruise""]","[0, 9, 17, 25, 26]","[9, 17, 25, 26, 27]"
177,35,"[2, 2, 0, 2, 2, 2, 2, 2, 2, 1, 0, 1, 2, 1, 2, 2, 4, 2, 2, 1, 4, 2, 1, 3, 2, 3, 2, 2, 1, 2, 2, 2, 2, 1, 2]","[""accelerate"", ""accelerate"", ""turn_left"", ""accelerate"", ""accelerate"", ""accelerate"", ""accelerate"", ""accelerate"", ""accelerate"", ""turn_right"", ""turn_left"", ""turn_right"", ""accelerate"", ""turn_right"", ""accelerate"", ""accelerate"", ""cruise"", ""accelerate"", ""accelerate"", ""turn_right"", ""cruise"", ""accelerate"", ""turn_right"", ""decelerate"", ""accelerate"", ""decelerate"", ""accelerate"", ""accelerate"", ""turn_right"", ""accelerate"", ""accelerate"", ""accelerate"", ""accelerate"", ""turn_right"", ""accelerate""]","[0, 10, 11, 18, 21, 22, 23, 24, 25, 26, 34, 41, 48, 54, 62, 66, 67, 77, 78, 79, 87, 97, 107, 115, 125, 135, 142, 152, 162, 172, 182, 184, 185, 186, 196]","[10, 11, 18, 21, 22, 23, 24, 25, 26, 34, 41, 48, 54, 62, 66, 67, 77, 78, 79, 87, 97, 107, 115, 125, 135, 142, 152, 162, 172, 182, 184, 185, 186, 196, 200]"
178,37,"[2, 2, 2, 2, 1, 1, 2, 2, 2, 2, 2, 4, 0, 0, 2, 2, 0, 2, 3, 0, 2, 0, 2, 0, 2, 2, 2, 2, 0, 1, 2, 1, 2, 2, 1, 2, 1]","[""accelerate"", ""accelerate"", ""accelerate"", ""accelerate"", ""turn_right"", ""turn_right"", ""accelerate"", ""accelerate"", ""accelerate"", ""accelerate"", ""accelerate"", ""cruise"", ""turn_left"", ""turn_left"", ""accelerate"", ""accelerate"", ""turn_left"", ""accelerate"", ""decelerate"", ""turn_left"", ""accelerate"", ""turn_left"", ""accelerate"", ""turn_left"", ""accelerate"", ""accelerate"", ""accelerate"", ""accelerate"", ""turn_left"", ""turn_right"", ""accelerate"", ""turn_right"", ""accelerate"", ""accelerate"", ""turn_right"", ""accelerate"", ""turn_right""]","[0, 10, 11, 12, 13, 23, 25, 35, 45, 53, 54, 55, 65, 71, 76, 79, 80, 86, 87, 97, 100, 106, 114, 116, 126, 131, 132, 133, 134, 142, 151, 157, 166, 172, 173, 182, 192]","[10, 11, 12, 13, 23, 25, 35, 45, 53, 54, 55, 65, 71, 76, 79, 80, 86, 87, 97, 100, 106, 114, 116, 126, 131, 132, 133, 134, 142, 151, 157, 166, 172, 173, 182, 192, 200]"
179,5,"[2, 2, 2, 0, 2]","[""accelerate"", ""accelerate"", ""accelerate"", ""turn_left"", ""accelerate""]","[0, 10, 13, 14, 22]","[10, 13, 14, 22, 26]"
180,35,"[0, 0, 2, 1, 1, 2, 1, 2, 2, 1, 2, 1, 0, 2, 1, 1, 2, 2, 1, 4, 2, 2, 1, 4, 2, 2, 2, 2, 3, 3, 2, 2, 3, 0, 2]","[""turn_left"", ""turn_left"", ""accelerate"", ""turn_right"", ""turn_right"", ""accelerate"", ""turn_right"", ""accelerate"", ""accelerate"", ""turn_right"", ""accelerate"", ""turn_right"", ""turn_left"", ""accelerate"", ""turn_right"", ""turn_right"", ""accelerate"", ""accelerate"", ""turn_right"", ""cruise"", ""accelerate"", ""accelerate"", ""turn_right"", ""cruise"", ""accelerate"", ""accelerate"", ""accelerate"", ""accelerate"", ""decelerate"", ""decelerate"", ""accelerate"", ""accelerate"", ""decelerate"", ""turn_left"", ""accelerate""]","[0, 10, 15, 23, 32, 39, 45, 52, 56, 57, 64, 68, 75, 83, 88, 95, 102, 107, 108, 116, 126, 130, 131, 139, 149, 153, 154, 155, 156, 166, 171, 181, 186, 196, 198]","[10, 15, 23, 32, 39, 45, 52, 56, 57, 64, 68, 75, 83, 88, 95, 102, 107, 108, 116, 126, 130, 131, 139, 149, 153, 154, 155, 156, 166, 171, 181, 186, 196, 198, 200]"
181,4,"[2, 2, 4, 3]","[""accelerate"", ""accelerate"", ""cruise"", ""decelerate""]","[0, 10, 12, 22]","[10, 12, 22, 24]"
182,41,"[1, 2, 0, 2, 2, 2, 0, 2, 2, 2, 2, 2, 2, 2, 0, 2, 2, 2, 0, 2, 2, 0, 0, 2, 2, 1, 3, 2, 2, 2, 2, 2, 0, 3, 2, 0, 2, 0, 0, 2, 3]","[""turn_right"", ""accelerate"", ""turn_left"", ""accelerate"", ""accelerate"", ""accelerate"", ""turn_left"", ""accelerate"", ""accelerate"", ""accelerate"", ""accelerate"", ""accelerate"", ""accelerate"", ""accelerate"", ""turn_left"", ""accelerate"", ""accelerate"", ""accelerate"", ""turn_left"", ""accelerate"", ""accelerate"", ""turn_left"", ""turn_left"", ""accelerate"", ""accelerate"", ""turn_right"", ""decelerate"", ""accelerate"", ""accelerate"", ""accelerate"", ""accelerate"", ""accelerate"", ""turn_left"", ""decelerate"", ""accelerate"", ""turn_left"", ""accelerate"", ""turn_left"", ""turn_left"", ""accelerate"", ""decelerate""]","[0, 2, 12, 22, 31, 32, 33, 43, 49, 50, 51, 52, 53, 54, 55, 62, 63, 64, 65, 73, 74, 75, 83, 90, 93, 94, 104, 114, 124, 134, 136, 137, 138, 148, 158, 168, 172, 181, 188, 194, 199]","[2, 12, 22, 31, 32, 33, 43, 49, 50, 51, 52, 53, 54, 55, 62, 63, 64, 65, 73, 74, 75, 83, 90, 93, 94, 104, 114, 124, 134, 136, 137, 138, 148, 158, 168, 172, 181, 188, 194, 199, 200]"
183,42,"[2, 2, 1, 2, 2, 1, 0, 0, 2, 2, 2, 2, 0, 2, 2, 2, 2, 0, 2, 2, 2, 2, 2, 2, 2, 2, 2, 1, 2, 0, 1, 3, 2, 3, 2, 0, 2, 2, 1, 2, 1, 1]","[""accelerate"", ""accelerate"", ""turn_right"", ""accelerate"", ""accelerate"", ""turn_right"", ""turn_left"", ""turn_left"", ""accelerate"", ""accelerate"", ""accelerate"", ""accelerate"", ""turn_left"", ""accelerate"", ""accelerate"", ""accelerate"", ""accelerate"", ""turn_left"", ""accelerate"", ""accelerate"", ""accelerate"", ""accelerate"", ""accelerate"", ""accelerate"", ""accelerate"", ""accelerate"", ""accelerate"", ""turn_right"", ""accelerate"", ""turn_left"", ""turn_right"", ""decelerate"", ""accelerate"", ""decelerate"", ""accelerate"", ""turn_left"", ""accelerate"", ""accelerate"", ""turn_right"", ""accelerate"", ""turn_right"", ""turn_right""]","[0, 10, 12, 17, 22, 23, 30, 38, 45, 49, 50, 51, 52, 61, 63, 64, 65, 66, 75, 78, 79, 80, 81, 82, 83, 84, 85, 86, 96, 106, 113, 120, 130, 140, 145, 155, 160, 170, 171, 181, 187, 197]","[10, 12, 17, 22, 23, 30, 38, 45, 49, 50, 51, 52, 61, 63, 64, 65, 66, 75, 78, 79, 80, 81, 82, 83, 84, 85, 86, 96, 106, 113, 120, 130, 140, 145, 155, 160, 170, 171, 181, 187, 197, 200]"
184,11,"[2, 2, 2, 2, 2, 2, 2, 2, 2, 2, 2]","[""accelerate"", ""accelerate"", ""accelerate"", ""accelerate"", ""accelerate"", ""accelerate"", ""accelerate"", ""accelerate"", ""accelerate"", ""accelerate"", ""accelerate""]","[0, 10, 12, 13, 14, 15, 16, 17, 18, 19, 20]","[10, 12, 13, 14, 15, 16, 17, 18, 19, 20, 21]"
185,10,"[2, 2, 2, 2, 2, 2, 2, 2, 2, 0]","[""accelerate"", ""accelerate"", ""accelerate"", ""accelerate"", ""accelerate"", ""accelerate"", ""accelerate"", ""accelerate"", ""accelerate"", ""turn_left""]","[0, 10, 11, 12, 13, 14, 15, 16, 17, 18]","[10, 11, 12, 13, 14, 15, 16, 17, 18, 22]"
186,41,"[1, 2, 2, 2, 2, 2, 2, 0, 2, 2, 2, 2, 0, 2, 0, 2, 2, 2, 0, 0, 0, 2, 2, 0, 2, 2, 2, 2, 2, 1, 0, 1, 2, 2, 2, 1, 1, 2, 2, 0, 1]","[""turn_right"", ""accelerate"", ""accelerate"", ""accelerate"", ""accelerate"", ""accelerate"", ""accelerate"", ""turn_left"", ""accelerate"", ""accelerate"", ""accelerate"", ""accelerate"", ""turn_left"", ""accelerate"", ""turn_left"", ""accelerate"", ""accelerate"", ""accelerate"", ""turn_left"", ""turn_left"", ""turn_left"", ""accelerate"", ""accelerate"", ""turn_left"", ""accelerate"", ""accelerate"", ""accelerate"", ""accelerate"", ""accelerate"", ""turn_right"", ""turn_left"", ""turn_right"", ""accelerate"", ""accelerate"", ""accelerate"", ""turn_right"", ""turn_right"", ""accelerate"", ""accelerate"", ""turn_left"", ""turn_right""]","[0, 2, 12, 19, 20, 21, 22, 23, 32, 35, 36, 37, 38, 46, 48, 58, 61, 62, 63, 71, 81, 91, 94, 95, 102, 105, 106, 107, 108, 109, 119, 126, 134, 142, 143, 144, 154, 162, 172, 182, 189]","[2, 12, 19, 20, 21, 22, 23, 32, 35, 36, 37, 38, 46, 48, 58, 61, 62, 63, 71, 81, 91, 94, 95, 102, 105, 106, 107, 108, 109, 119, 126, 134, 142, 143, 144, 154, 162, 172, 182, 189, 195]"
187,37,"[2, 2, 1, 2, 2, 2, 2, 2, 2, 2, 2, 2, 0, 2, 2, 2, 2, 2, 1, 4, 0, 3, 2, 3, 2, 3, 2, 0, 0, 3, 2, 3, 2, 0, 3, 2, 3]","[""accelerate"", ""accelerate"", ""turn_right"", ""accelerate"", ""accelerate"", ""accelerate"", ""accelerate"", ""accelerate"", ""accelerate"", ""accelerate"", ""accelerate"", ""accelerate"", ""turn_left"", ""accelerate"", ""accelerate"", ""accelerate"", ""accelerate"", ""accelerate"", ""turn_right"", ""cruise"", ""turn_left"", ""decelerate"", ""accelerate"", ""decelerate"", ""accelerate"", ""decelerate"", ""accelerate"", ""turn_left"", ""turn_left"", ""decelerate"", ""accelerate"", ""decelerate"", ""accelerate"", ""turn_left"", ""decelerate"", ""accelerate"", ""decelerate""]","[0, 10, 13, 18, 23, 24, 25, 26, 27, 28, 29, 30, 31, 41, 44, 45, 46, 47, 48, 57, 67, 74, 83, 93, 99, 109, 117, 127, 132, 137, 145, 155, 161, 171, 178, 187, 197]","[10, 13, 18, 23, 24, 25, 26, 27, 28, 29, 30, 31, 41, 44, 45, 46, 47, 48, 57, 67, 74, 83, 93, 99, 109, 117, 127, 132, 137, 145, 155, 161, 171, 178, 187, 197, 200]"
188,40,"[2, 2, 1, 2, 2, 2, 2, 2, 2, 2, 2, 0, 2, 2, 2, 2, 2, 2, 2, 2, 2, 0, 0, 3, 2, 0, 2, 0, 3, 2, 2, 0, 0, 0, 2, 0, 3, 2, 0, 3]","[""accelerate"", ""accelerate"", ""turn_right"", ""accelerate"", ""accelerate"", ""accelerate"", ""accelerate"", ""accelerate"", ""accelerate"", ""accelerate"", ""accelerate"", ""turn_left"", ""accelerate"", ""accelerate"", ""accelerate"", ""accelerate"", ""accelerate"", ""accelerate"", ""accelerate"", ""accelerate"", ""accelerate"", ""turn_left"", ""turn_left"", ""decelerate"", ""accelerate"", ""turn_left"", ""accelerate"", ""turn_left"", ""decelerate"", ""accelerate"", ""accelerate"", ""turn_left"", ""turn_left"", ""turn_left"", ""accelerate"", ""turn_left"", ""decelerate"", ""accelerate"", ""turn_left"", ""decelerate""]","[0, 10, 13, 18, 23, 24, 25, 26, 27, 28, 29, 30, 39, 42, 43, 44, 45, 46, 47, 48, 49, 50, 59, 66, 75, 85, 92, 102, 112, 122, 132, 139, 147, 153, 158, 163, 170, 180, 190, 196]","[10, 13, 18, 23, 24, 25, 26, 27, 28, 29, 30, 39, 42, 43, 44, 45, 46, 47, 48, 49, 50, 59, 66, 75, 85, 92, 102, 112, 122, 132, 139, 147, 153, 158, 163, 170, 180, 190, 196, 200]"
189,12,"[2, 2, 2, 2, 2, 2, 2, 2, 2, 2, 2, 1]","[""accelerate"", ""accelerate"", ""accelerate"", ""accelerate"", ""accelerate"", ""accelerate"", ""accelerate"", ""accelerate"", ""accelerate"", ""accelerate"", ""accelerate"", ""turn_right""]","[0, 10, 12, 13, 14, 15, 16, 17, 18, 19, 20, 21]","[10, 12, 13, 14, 15, 16, 17, 18, 19, 20, 21, 22]"
190,11,"[2, 2, 2, 2, 2, 2, 2, 2, 2, 2, 2]","[""accelerate"", ""accelerate"", ""accelerate"", ""accelerate"", ""accelerate"", ""accelerate"", ""accelerate"", ""accelerate"", ""accelerate"", ""accelerate"", ""accelerate""]","[0, 10, 12, 13, 14, 15, 16, 17, 18, 19, 20]","[10, 12, 13, 14, 15, 16, 17, 18, 19, 20, 21]"
191,34,"[0, 3, 2, 2, 1, 2, 2, 0, 2, 2, 2, 2, 1, 2, 2, 1, 1, 2, 1, 1, 1, 2, 1, 2, 0, 2, 2, 2, 2, 2, 0, 2, 4, 2]","[""turn_left"", ""decelerate"", ""accelerate"", ""accelerate"", ""turn_right"", ""accelerate"", ""accelerate"", ""turn_left"", ""accelerate"", ""accelerate"", ""accelerate"", ""accelerate"", ""turn_right"", ""accelerate"", ""accelerate"", ""turn_right"", ""turn_right"", ""accelerate"", ""turn_right"", ""turn_right"", ""turn_right"", ""accelerate"", ""turn_right"", ""accelerate"", ""turn_left"", ""accelerate"", ""accelerate"", ""accelerate"", ""accelerate"", ""accelerate"", ""turn_left"", ""accelerate"", ""cruise"", ""accelerate""]","[0, 10, 15, 25, 34, 42, 47, 48, 57, 61, 62, 63, 64, 72, 77, 78, 85, 91, 96, 103, 110, 117, 122, 132, 142, 151, 160, 161, 162, 163, 164, 174, 184, 194]","[10, 15, 25, 34, 42, 47, 48, 57, 61, 62, 63, 64, 72, 77, 78, 85, 91, 96, 103, 110, 117, 122, 132, 142, 151, 160, 161, 162, 163, 164, 174, 184, 194, 200]"
192,13,"[2, 2, 2, 2, 2, 2, 2, 2, 2, 2, 2, 2, 2]","[""accelerate"", ""accelerate"", ""accelerate"", ""accelerate"", ""accelerate"", ""accelerate"", ""accelerate"", ""accelerate"", ""accelerate"", ""accelerate"", ""accelerate"", ""accelerate"", ""accelerate""]","[0, 10, 11, 12, 13, 14, 15, 16, 17, 18, 19, 20, 21]","[10, 11, 12, 13, 14, 15, 16, 17, 18, 19, 20, 21, 22]"
193,4,"[2, 1, 2, 1]","[""accelerate"", ""turn_right"", ""accelerate"", ""turn_right""]","[0, 10, 16, 23]","[10, 16, 23, 28]"
194,9,"[2, 2, 2, 2, 2, 2, 2, 0, 2]","[""accelerate"", ""accelerate"", ""accelerate"", ""accelerate"", ""accelerate"", ""accelerate"", ""accelerate"", ""turn_left"", ""accelerate""]","[0, 10, 11, 12, 13, 14, 15, 16, 22]","[10, 11, 12, 13, 14, 15, 16, 22, 24]"
195,8,"[2, 2, 1, 2, 2, 2, 2, 2]","[""accelerate"", ""accelerate"", ""turn_right"", ""accelerate"", ""accelerate"", ""accelerate"", ""accelerate"", ""accelerate""]","[0, 10, 11, 17, 23, 24, 25, 26]","[10, 11, 17, 23, 24, 25, 26, 27]"
196,34,"[2, 2, 2, 1, 2, 1, 2, 2, 2, 2, 2, 2, 2, 2, 2, 2, 0, 0, 2, 0, 2, 3, 2, 2, 0, 1, 2, 2, 1, 1, 1, 1, 1, 2]","[""accelerate"", ""accelerate"", ""accelerate"", ""turn_right"", ""accelerate"", ""turn_right"", ""accelerate"", ""accelerate"", ""accelerate"", ""accelerate"", ""accelerate"", ""accelerate"", ""accelerate"", ""accelerate"", ""accelerate"", ""accelerate"", ""turn_left"", ""turn_left"", ""accelerate"", ""turn_left"", ""accelerate"", ""decelerate"", ""accelerate"", ""accelerate"", ""turn_left"", ""turn_right"", ""accelerate"", ""accelerate"", ""turn_right"", ""turn_right"", ""turn_right"", ""turn_right"", ""turn_right"", ""accelerate""]","[0, 10, 11, 12, 17, 22, 29, 32, 33, 34, 35, 36, 37, 38, 39, 40, 41, 51, 60, 65, 74, 84, 94, 104, 114, 121, 130, 140, 150, 160, 169, 177, 184, 190]","[10, 11, 12, 17, 22, 29, 32, 33, 34, 35, 36, 37, 38, 39, 40, 41, 51, 60, 65, 74, 84, 94, 104, 114, 121, 130, 140, 150, 160, 169, 177, 184, 190, 200]"
197,45,"[2, 2, 1, 1, 2, 2, 2, 4, 2, 2, 2, 2, 2, 0, 2, 2, 0, 0, 0, 2, 2, 3, 0, 0, 2, 2, 2, 2, 2, 2, 2, 2, 0, 2, 2, 1, 1, 1, 2, 2, 1, 2, 2, 2, 2]","[""accelerate"", ""accelerate"", ""turn_right"", ""turn_right"", ""accelerate"", ""accelerate"", ""accelerate"", ""cruise"", ""accelerate"", ""accelerate"", ""accelerate"", ""accelerate"", ""accelerate"", ""turn_left"", ""accelerate"", ""accelerate"", ""turn_left"", ""turn_left"", ""turn_left"", ""accelerate"", ""accelerate"", ""decelerate"", ""turn_left"", ""turn_left"", ""accelerate"", ""accelerate"", ""accelerate"", ""accelerate"", ""accelerate"", ""accelerate"", ""accelerate"", ""accelerate"", ""turn_left"", ""accelerate"", ""accelerate"", ""turn_right"", ""turn_right"", ""turn_right"", ""accelerate"", ""accelerate"", ""turn_right"", ""accelerate"", ""accelerate"", ""accelerate"", ""accelerate""]","[0, 10, 11, 16, 19, 29, 31, 32, 42, 43, 44, 45, 46, 47, 54, 56, 57, 62, 67, 72, 75, 76, 86, 89, 93, 103, 104, 105, 106, 107, 108, 109, 110, 119, 123, 124, 134, 142, 149, 159, 160, 169, 179, 189, 199]","[10, 11, 16, 19, 29, 31, 32, 42, 43, 44, 45, 46, 47, 54, 56, 57, 62, 67, 72, 75, 76, 86, 89, 93, 103, 104, 105, 106, 107, 108, 109, 110, 119, 123, 124, 134, 142, 149, 159, 160, 169, 179, 189, 199, 200]"
198,7,"[2, 2, 2, 0, 2, 2, 2]","[""accelerate"", ""accelerate"", ""accelerate"", ""turn_left"", ""accelerate"", ""accelerate"", ""accelerate""]","[0, 10, 13, 14, 20, 24, 25]","[10, 13, 14, 20, 24, 25, 26]"
199,8,"[2, 2, 0, 2, 2, 2, 2, 2]","[""accelerate"", ""accelerate"", ""turn_left"", ""accelerate"", ""accelerate"", ""accelerate"", ""accelerate"", ""accelerate""]","[0, 10, 12, 18, 22, 23, 24, 25]","[10, 12, 18, 22, 23, 24, 25, 26]"
200,11,"[2, 2, 2, 2, 2, 2, 2, 2, 2, 2, 2]","[""accelerate"", ""accelerate"", ""accelerate"", ""accelerate"", ""accelerate"", ""accelerate"", ""accelerate"", ""accelerate"", ""accelerate"", ""accelerate"", ""accelerate""]","[0, 10, 12, 13, 14, 15, 16, 17, 18, 19, 20]","[10, 12, 13, 14, 15, 16, 17, 18, 19, 20, 21]"
201,8,"[2, 2, 2, 2, 2, 2, 0, 1]","[""accelerate"", ""accelerate"", ""accelerate"", ""accelerate"", ""accelerate"", ""accelerate"", ""turn_left"", ""turn_right""]","[0, 10, 11, 12, 13, 14, 15, 22]","[10, 11, 12, 13, 14, 15, 22, 25]"
202,12,"[2, 2, 2, 2, 2, 2, 2, 2, 2, 2, 2, 2]","[""accelerate"", ""accelerate"", ""accelerate"", ""accelerate"", ""accelerate"", ""accelerate"", ""accelerate"", ""accelerate"", ""accelerate"", ""accelerate"", ""accelerate"", ""accelerate""]","[0, 10, 11, 12, 13, 14, 15, 16, 17, 18, 19, 20]","[10, 11, 12, 13, 14, 15, 16, 17, 18, 19, 20, 21]"
203,8,"[2, 2, 2, 2, 2, 2, 0, 1]","[""accelerate"", ""accelerate"", ""accelerate"", ""accelerate"", ""accelerate"", ""accelerate"", ""turn_left"", ""turn_right""]","[0, 10, 11, 12, 13, 14, 15, 22]","[10, 11, 12, 13, 14, 15, 22, 25]"
204,9,"[2, 2, 2, 1, 2, 2, 2, 2, 2]","[""accelerate"", ""accelerate"", ""accelerate"", ""turn_right"", ""accelerate"", ""accelerate"", ""accelerate"", ""accelerate"", ""accelerate""]","[0, 10, 11, 12, 18, 23, 24, 25, 26]","[10, 11, 12, 18, 23, 24, 25, 26, 27]"
205,8,"[2, 2, 2, 2, 2, 2, 1, 2]","[""accelerate"", ""accelerate"", ""accelerate"", ""accelerate"", ""accelerate"", ""accelerate"", ""turn_right"", ""accelerate""]","[0, 10, 11, 12, 13, 14, 15, 21]","[10, 11, 12, 13, 14, 15, 21, 25]"
206,42,"[2, 2, 2, 1, 2, 2, 2, 2, 2, 2, 2, 2, 2, 0, 2, 2, 2, 2, 2, 2, 2, 2, 2, 2, 4, 0, 2, 2, 2, 2, 3, 2, 0, 2, 2, 2, 2, 2, 2, 1, 2, 1]","[""accelerate"", ""accelerate"", ""accelerate"", ""turn_right"", ""accelerate"", ""accelerate"", ""accelerate"", ""accelerate"", ""accelerate"", ""accelerate"", ""accelerate"", ""accelerate"", ""accelerate"", ""turn_left"", ""accelerate"", ""accelerate"", ""accelerate"", ""accelerate"", ""accelerate"", ""accelerate"", ""accelerate"", ""accelerate"", ""accelerate"", ""accelerate"", ""cruise"", ""turn_left"", ""accelerate"", ""accelerate"", ""accelerate"", ""accelerate"", ""decelerate"", ""accelerate"", ""turn_left"", ""accelerate"", ""accelerate"", ""accelerate"", ""accelerate"", ""accelerate"", ""accelerate"", ""turn_right"", ""accelerate"", ""turn_right""]","[0, 10, 11, 12, 18, 23, 24, 25, 26, 27, 28, 29, 30, 31, 40, 44, 45, 46, 47, 48, 49, 50, 51, 52, 53, 63, 71, 76, 77, 78, 79, 89, 99, 104, 113, 114, 115, 116, 117, 118, 128, 138]","[10, 11, 12, 18, 23, 24, 25, 26, 27, 28, 29, 30, 31, 40, 44, 45, 46, 47, 48, 49, 50, 51, 52, 53, 63, 71, 76, 77, 78, 79, 89, 99, 104, 113, 114, 115, 116, 117, 118, 128, 138, 141]"
207,10,"[2, 2, 2, 2, 2, 2, 2, 2, 2, 0]","[""accelerate"", ""accelerate"", ""accelerate"", ""accelerate"", ""accelerate"", ""accelerate"", ""accelerate"", ""accelerate"", ""accelerate"", ""turn_left""]","[0, 10, 11, 12, 13, 14, 15, 16, 17, 18]","[10, 11, 12, 13, 14, 15, 16, 17, 18, 21]"
208,12,"[2, 2, 2, 2, 2, 2, 2, 2, 2, 2, 2, 2]","[""accelerate"", ""accelerate"", ""accelerate"", ""accelerate"", ""accelerate"", ""accelerate"", ""accelerate"", ""accelerate"", ""accelerate"", ""accelerate"", ""accelerate"", ""accelerate""]","[0, 10, 11, 12, 13, 14, 15, 16, 17, 18, 19, 20]","[10, 11, 12, 13, 14, 15, 16, 17, 18, 19, 20, 21]"
209,11,"[4, 2, 2, 2, 2, 2, 2, 2, 2, 2, 2]","[""cruise"", ""accelerate"", ""accelerate"", ""accelerate"", ""accelerate"", ""accelerate"", ""accelerate"", ""accelerate"", ""accelerate"", ""accelerate"", ""accelerate""]","[0, 10, 20, 21, 22, 23, 24, 25, 26, 27, 28]","[10, 20, 21, 22, 23, 24, 25, 26, 27, 28, 29]"
210,12,"[2, 2, 2, 2, 2, 2, 2, 2, 2, 2, 2, 2]","[""accelerate"", ""accelerate"", ""accelerate"", ""accelerate"", ""accelerate"", ""accelerate"", ""accelerate"", ""accelerate"", ""accelerate"", ""accelerate"", ""accelerate"", ""accelerate""]","[0, 10, 11, 12, 13, 14, 15, 16, 17, 18, 19, 20]","[10, 11, 12, 13, 14, 15, 16, 17, 18, 19, 20, 21]"
211,9,"[2, 2, 2, 2, 2, 2, 2, 2, 4]","[""accelerate"", ""accelerate"", ""accelerate"", ""accelerate"", ""accelerate"", ""accelerate"", ""accelerate"", ""accelerate"", ""cruise""]","[0, 10, 11, 12, 13, 14, 15, 16, 17]","[10, 11, 12, 13, 14, 15, 16, 17, 21]"
212,12,"[2, 2, 2, 2, 2, 2, 2, 2, 2, 2, 2, 2]","[""accelerate"", ""accelerate"", ""accelerate"", ""accelerate"", ""accelerate"", ""accelerate"", ""accelerate"", ""accelerate"", ""accelerate"", ""accelerate"", ""accelerate"", ""accelerate""]","[0, 10, 11, 12, 13, 14, 15, 16, 17, 18, 19, 20]","[10, 11, 12, 13, 14, 15, 16, 17, 18, 19, 20, 21]"
213,52,"[0, 2, 2, 2, 2, 2, 2, 2, 2, 2, 2, 2, 2, 2, 2, 2, 0, 2, 1, 2, 2, 2, 2, 2, 2, 2, 2, 2, 2, 2, 2, 2, 2, 2, 2, 2, 2, 2, 1, 2, 2, 2, 2, 2, 2, 2, 2, 2, 2, 2, 2, 0]","[""turn_left"", ""accelerate"", ""accelerate"", ""accelerate"", ""accelerate"", ""accelerate"", ""accelerate"", ""accelerate"", ""accelerate"", ""accelerate"", ""accelerate"", ""accelerate"", ""accelerate"", ""accelerate"", ""accelerate"", ""accelerate"", ""turn_left"", ""accelerate"", ""turn_right"", ""accelerate"", ""accelerate"", ""accelerate"", ""accelerate"", ""accelerate"", ""accelerate"", ""accelerate"", ""accelerate"", ""accelerate"", ""accelerate"", ""accelerate"", ""accelerate"", ""accelerate"", ""accelerate"", ""accelerate"", ""accelerate"", ""accelerate"", ""accelerate"", ""accelerate"", ""turn_right"", ""accelerate"", ""accelerate"", ""accelerate"", ""accelerate"", ""accelerate"", ""accelerate"", ""accelerate"", ""accelerate"", ""accelerate"", ""accelerate"", ""accelerate"", ""accelerate"", ""turn_left""]","[0, 1, 11, 14, 15, 16, 17, 18, 19, 20, 21, 22, 23, 24, 25, 26, 27, 35, 36, 44, 48, 49, 50, 51, 52, 53, 54, 55, 56, 57, 58, 59, 60, 61, 62, 63, 64, 65, 66, 76, 78, 79, 80, 81, 82, 83, 84, 85, 86, 87, 88, 89]","[1, 11, 14, 15, 16, 17, 18, 19, 20, 21, 22, 23, 24, 25, 26, 27, 35, 36, 44, 48, 49, 50, 51, 52, 53, 54, 55, 56, 57, 58, 59, 60, 61, 62, 63, 64, 65, 66, 76, 78, 79, 80, 81, 82, 83, 84, 85, 86, 87, 88, 89, 95]"
214,8,"[2, 2, 2, 2, 2, 2, 2, 3]","[""accelerate"", ""accelerate"", ""accelerate"", ""accelerate"", ""accelerate"", ""accelerate"", ""accelerate"", ""decelerate""]","[0, 10, 11, 12, 13, 14, 15, 16]","[10, 11, 12, 13, 14, 15, 16, 21]"
215,63,"[1, 0, 2, 0, 2, 2, 0, 2, 2, 2, 2, 2, 2, 2, 2, 2, 0, 2, 2, 2, 2, 2, 0, 2, 2, 2, 2, 2, 3, 0, 2, 2, 2, 2, 2, 2, 2, 2, 2, 2, 1, 2, 2, 2, 1, 3, 2, 3, 2, 2, 2, 2, 2, 2, 2, 2, 2, 2, 2, 2, 2, 2, 2]","[""turn_right"", ""turn_left"", ""accelerate"", ""turn_left"", ""accelerate"", ""accelerate"", ""turn_left"", ""accelerate"", ""accelerate"", ""accelerate"", ""accelerate"", ""accelerate"", ""accelerate"", ""accelerate"", ""accelerate"", ""accelerate"", ""turn_left"", ""accelerate"", ""accelerate"", ""accelerate"", ""accelerate"", ""accelerate"", ""turn_left"", ""accelerate"", ""accelerate"", ""accelerate"", ""accelerate"", ""accelerate"", ""decelerate"", ""turn_left"", ""accelerate"", ""accelerate"", ""accelerate"", ""accelerate"", ""accelerate"", ""accelerate"", ""accelerate"", ""accelerate"", ""accelerate"", ""accelerate"", ""turn_right"", ""accelerate"", ""accelerate"", ""accelerate"", ""turn_right"", ""decelerate"", ""accelerate"", ""decelerate"", ""accelerate"", ""accelerate"", ""accelerate"", ""accelerate"", ""accelerate"", ""accelerate"", ""accelerate"", ""accelerate"", ""accelerate"", ""accelerate"", ""accelerate"", ""accelerate"", ""accelerate"", ""accelerate"", ""accelerate""]","[0, 2, 12, 22, 32, 42, 43, 53, 60, 61, 62, 63, 64, 65, 66, 67, 68, 74, 75, 76, 77, 78, 79, 85, 86, 87, 88, 89, 90, 100, 104, 108, 109, 110, 111, 112, 113, 114, 115, 116, 117, 127, 128, 129, 130, 139, 149, 159, 166, 176, 186, 188, 189, 190, 191, 192, 193, 194, 195, 196, 197, 198, 199]","[2, 12, 22, 32, 42, 43, 53, 60, 61, 62, 63, 64, 65, 66, 67, 68, 74, 75, 76, 77, 78, 79, 85, 86, 87, 88, 89, 90, 100, 104, 108, 109, 110, 111, 112, 113, 114, 115, 116, 117, 127, 128, 129, 130, 139, 149, 159, 166, 176, 186, 188, 189, 190, 191, 192, 193, 194, 195, 196, 197, 198, 199, 200]"
216,39,"[2, 2, 0, 2, 2, 2, 2, 2, 2, 2, 2, 2, 0, 2, 2, 2, 2, 2, 2, 2, 2, 2, 1, 2, 2, 2, 2, 2, 2, 2, 1, 2, 2, 3, 2, 2, 1, 2, 2]","[""accelerate"", ""accelerate"", ""turn_left"", ""accelerate"", ""accelerate"", ""accelerate"", ""accelerate"", ""accelerate"", ""accelerate"", ""accelerate"", ""accelerate"", ""accelerate"", ""turn_left"", ""accelerate"", ""accelerate"", ""accelerate"", ""accelerate"", ""accelerate"", ""accelerate"", ""accelerate"", ""accelerate"", ""accelerate"", ""turn_right"", ""accelerate"", ""accelerate"", ""accelerate"", ""accelerate"", ""accelerate"", ""accelerate"", ""accelerate"", ""turn_right"", ""accelerate"", ""accelerate"", ""decelerate"", ""accelerate"", ""accelerate"", ""turn_right"", ""accelerate"", ""accelerate""]","[0, 10, 11, 17, 21, 22, 23, 24, 25, 26, 27, 28, 29, 37, 39, 40, 41, 42, 43, 44, 45, 46, 47, 57, 60, 61, 62, 63, 64, 65, 66, 75, 78, 79, 89, 99, 104, 112, 122]","[10, 11, 17, 21, 22, 23, 24, 25, 26, 27, 28, 29, 37, 39, 40, 41, 42, 43, 44, 45, 46, 47, 57, 60, 61, 62, 63, 64, 65, 66, 75, 78, 79, 89, 99, 104, 112, 122, 127]"
217,48,"[2, 2, 2, 2, 0, 2, 2, 0, 2, 2, 1, 2, 2, 2, 2, 2, 2, 0, 2, 2, 2, 2, 2, 1, 2, 0, 2, 2, 2, 2, 1, 3, 2, 2, 2, 1, 4, 2, 2, 1, 2, 2, 2, 2, 1, 0, 2, 1]","[""accelerate"", ""accelerate"", ""accelerate"", ""accelerate"", ""turn_left"", ""accelerate"", ""accelerate"", ""turn_left"", ""accelerate"", ""accelerate"", ""turn_right"", ""accelerate"", ""accelerate"", ""accelerate"", ""accelerate"", ""accelerate"", ""accelerate"", ""turn_left"", ""accelerate"", ""accelerate"", ""accelerate"", ""accelerate"", ""accelerate"", ""turn_right"", ""accelerate"", ""turn_left"", ""accelerate"", ""accelerate"", ""accelerate"", ""accelerate"", ""turn_right"", ""decelerate"", ""accelerate"", ""accelerate"", ""accelerate"", ""turn_right"", ""cruise"", ""accelerate"", ""accelerate"", ""turn_right"", ""accelerate"", ""accelerate"", ""accelerate"", ""accelerate"", ""turn_right"", ""turn_left"", ""accelerate"", ""turn_right""]","[0, 10, 11, 12, 13, 19, 21, 22, 28, 31, 32, 40, 44, 45, 46, 47, 48, 49, 58, 60, 61, 62, 63, 64, 72, 75, 84, 87, 88, 89, 90, 98, 108, 118, 128, 135, 145, 155, 158, 159, 169, 173, 174, 175, 176, 181, 185, 195]","[10, 11, 12, 13, 19, 21, 22, 28, 31, 32, 40, 44, 45, 46, 47, 48, 49, 58, 60, 61, 62, 63, 64, 72, 75, 84, 87, 88, 89, 90, 98, 108, 118, 128, 135, 145, 155, 158, 159, 169, 173, 174, 175, 176, 181, 185, 195, 200]"
218,51,"[0, 2, 2, 2, 0, 2, 2, 2, 1, 0, 1, 2, 1, 2, 2, 1, 2, 1, 1, 2, 2, 2, 2, 0, 2, 1, 2, 2, 2, 2, 2, 2, 2, 2, 2, 2, 2, 2, 2, 2, 2, 2, 2, 2, 2, 2, 2, 3, 2, 0, 2]","[""turn_left"", ""accelerate"", ""accelerate"", ""accelerate"", ""turn_left"", ""accelerate"", ""accelerate"", ""accelerate"", ""turn_right"", ""turn_left"", ""turn_right"", ""accelerate"", ""turn_right"", ""accelerate"", ""accelerate"", ""turn_right"", ""accelerate"", ""turn_right"", ""turn_right"", ""accelerate"", ""accelerate"", ""accelerate"", ""accelerate"", ""turn_left"", ""accelerate"", ""turn_right"", ""accelerate"", ""accelerate"", ""accelerate"", ""accelerate"", ""accelerate"", ""accelerate"", ""accelerate"", ""accelerate"", ""accelerate"", ""accelerate"", ""accelerate"", ""accelerate"", ""accelerate"", ""accelerate"", ""accelerate"", ""accelerate"", ""accelerate"", ""accelerate"", ""accelerate"", ""accelerate"", ""accelerate"", ""decelerate"", ""accelerate"", ""turn_left"", ""accelerate""]","[0, 2, 12, 17, 18, 24, 26, 27, 28, 38, 43, 51, 57, 66, 71, 72, 80, 86, 94, 101, 110, 111, 112, 113, 123, 133, 141, 151, 152, 153, 154, 155, 156, 157, 158, 159, 160, 161, 162, 163, 164, 165, 166, 167, 168, 169, 170, 171, 181, 191, 199]","[2, 12, 17, 18, 24, 26, 27, 28, 38, 43, 51, 57, 66, 71, 72, 80, 86, 94, 101, 110, 111, 112, 113, 123, 133, 141, 151, 152, 153, 154, 155, 156, 157, 158, 159, 160, 161, 162, 163, 164, 165, 166, 167, 168, 169, 170, 171, 181, 191, 199, 200]"
219,35,"[2, 2, 2, 3, 2, 2, 1, 1, 1, 2, 2, 2, 1, 2, 2, 2, 2, 2, 2, 2, 2, 0, 2, 2, 2, 2, 3, 2, 2, 2, 2, 3, 3, 2, 2]","[""accelerate"", ""accelerate"", ""accelerate"", ""decelerate"", ""accelerate"", ""accelerate"", ""turn_right"", ""turn_right"", ""turn_right"", ""accelerate"", ""accelerate"", ""accelerate"", ""turn_right"", ""accelerate"", ""accelerate"", ""accelerate"", ""accelerate"", ""accelerate"", ""accelerate"", ""accelerate"", ""accelerate"", ""turn_left"", ""accelerate"", ""accelerate"", ""accelerate"", ""accelerate"", ""decelerate"", ""accelerate"", ""accelerate"", ""accelerate"", ""accelerate"", ""decelerate"", ""decelerate"", ""accelerate"", ""accelerate""]","[0, 10, 11, 12, 22, 32, 36, 45, 52, 58, 64, 65, 66, 74, 79, 80, 81, 82, 83, 84, 85, 86, 96, 106, 116, 126, 136, 145, 155, 165, 170, 171, 181, 185, 195]","[10, 11, 12, 22, 32, 36, 45, 52, 58, 64, 65, 66, 74, 79, 80, 81, 82, 83, 84, 85, 86, 96, 106, 116, 126, 136, 145, 155, 165, 170, 171, 181, 185, 195, 200]"
220,13,"[2, 2, 2, 2, 2, 2, 2, 2, 2, 2, 2, 2, 2]","[""accelerate"", ""accelerate"", ""accelerate"", ""accelerate"", ""accelerate"", ""accelerate"", ""accelerate"", ""accelerate"", ""accelerate"", ""accelerate"", ""accelerate"", ""accelerate"", ""accelerate""]","[0, 10, 11, 12, 13, 14, 15, 16, 17, 18, 19, 20, 21]","[10, 11, 12, 13, 14, 15, 16, 17, 18, 19, 20, 21, 22]"
221,48,"[2, 2, 2, 0, 2, 2, 2, 2, 2, 2, 2, 2, 2, 2, 2, 2, 0, 2, 2, 2, 1, 2, 1, 2, 2, 1, 2, 2, 2, 1, 2, 2, 2, 2, 2, 2, 2, 1, 2, 2, 0, 2, 2, 3, 2, 2, 3, 2]","[""accelerate"", ""accelerate"", ""accelerate"", ""turn_left"", ""accelerate"", ""accelerate"", ""accelerate"", ""accelerate"", ""accelerate"", ""accelerate"", ""accelerate"", ""accelerate"", ""accelerate"", ""accelerate"", ""accelerate"", ""accelerate"", ""turn_left"", ""accelerate"", ""accelerate"", ""accelerate"", ""turn_right"", ""accelerate"", ""turn_right"", ""accelerate"", ""accelerate"", ""turn_right"", ""accelerate"", ""accelerate"", ""accelerate"", ""turn_right"", ""accelerate"", ""accelerate"", ""accelerate"", ""accelerate"", ""accelerate"", ""accelerate"", ""accelerate"", ""turn_right"", ""accelerate"", ""accelerate"", ""turn_left"", ""accelerate"", ""accelerate"", ""decelerate"", ""accelerate"", ""accelerate"", ""decelerate"", ""accelerate""]","[0, 10, 11, 12, 18, 22, 23, 28, 29, 30, 31, 32, 33, 34, 35, 36, 37, 47, 50, 51, 52, 61, 67, 74, 82, 83, 90, 100, 101, 102, 110, 119, 120, 121, 122, 123, 124, 125, 134, 139, 140, 150, 160, 161, 171, 181, 188, 198]","[10, 11, 12, 18, 22, 23, 28, 29, 30, 31, 32, 33, 34, 35, 36, 37, 47, 50, 51, 52, 61, 67, 74, 82, 83, 90, 100, 101, 102, 110, 119, 120, 121, 122, 123, 124, 125, 134, 139, 140, 150, 160, 161, 171, 181, 188, 198, 200]"
222,53,"[0, 2, 0, 2, 2, 1, 1, 4, 1, 2, 2, 2, 2, 2, 2, 2, 2, 2, 2, 2, 2, 1, 2, 2, 2, 2, 2, 2, 2, 2, 2, 2, 2, 2, 2, 2, 2, 2, 2, 2, 1, 0, 2, 2, 4, 2, 2, 2, 0, 0, 2, 3, 2]","[""turn_left"", ""accelerate"", ""turn_left"", ""accelerate"", ""accelerate"", ""turn_right"", ""turn_right"", ""cruise"", ""turn_right"", ""accelerate"", ""accelerate"", ""accelerate"", ""accelerate"", ""accelerate"", ""accelerate"", ""accelerate"", ""accelerate"", ""accelerate"", ""accelerate"", ""accelerate"", ""accelerate"", ""turn_right"", ""accelerate"", ""accelerate"", ""accelerate"", ""accelerate"", ""accelerate"", ""accelerate"", ""accelerate"", ""accelerate"", ""accelerate"", ""accelerate"", ""accelerate"", ""accelerate"", ""accelerate"", ""accelerate"", ""accelerate"", ""accelerate"", ""accelerate"", ""accelerate"", ""turn_right"", ""turn_left"", ""accelerate"", ""accelerate"", ""cruise"", ""accelerate"", ""accelerate"", ""accelerate"", ""turn_left"", ""turn_left"", ""accelerate"", ""decelerate"", ""accelerate""]","[0, 2, 12, 15, 22, 23, 33, 40, 50, 56, 64, 65, 66, 67, 68, 69, 70, 71, 72, 73, 74, 75, 84, 88, 89, 90, 91, 92, 93, 94, 95, 96, 97, 98, 99, 100, 101, 102, 103, 104, 105, 114, 123, 133, 137, 147, 152, 153, 154, 164, 174, 184, 194]","[2, 12, 15, 22, 23, 33, 40, 50, 56, 64, 65, 66, 67, 68, 69, 70, 71, 72, 73, 74, 75, 84, 88, 89, 90, 91, 92, 93, 94, 95, 96, 97, 98, 99, 100, 101, 102, 103, 104, 105, 114, 123, 133, 137, 147, 152, 153, 154, 164, 174, 184, 194, 200]"
223,47,"[2, 2, 0, 2, 2, 2, 2, 2, 1, 2, 2, 2, 2, 2, 2, 0, 2, 2, 2, 1, 2, 2, 2, 2, 2, 2, 2, 2, 2, 1, 2, 2, 2, 2, 2, 2, 3, 2, 2, 3, 2, 2, 2, 4, 3, 2, 3]","[""accelerate"", ""accelerate"", ""turn_left"", ""accelerate"", ""accelerate"", ""accelerate"", ""accelerate"", ""accelerate"", ""turn_right"", ""accelerate"", ""accelerate"", ""accelerate"", ""accelerate"", ""accelerate"", ""accelerate"", ""turn_left"", ""accelerate"", ""accelerate"", ""accelerate"", ""turn_right"", ""accelerate"", ""accelerate"", ""accelerate"", ""accelerate"", ""accelerate"", ""accelerate"", ""accelerate"", ""accelerate"", ""accelerate"", ""turn_right"", ""accelerate"", ""accelerate"", ""accelerate"", ""accelerate"", ""accelerate"", ""accelerate"", ""decelerate"", ""accelerate"", ""accelerate"", ""decelerate"", ""accelerate"", ""accelerate"", ""accelerate"", ""cruise"", ""decelerate"", ""accelerate"", ""decelerate""]","[0, 10, 13, 17, 20, 21, 22, 23, 24, 32, 36, 37, 38, 39, 40, 41, 48, 58, 62, 63, 71, 81, 86, 87, 88, 89, 90, 91, 92, 93, 101, 109, 110, 111, 112, 113, 114, 124, 134, 140, 150, 160, 165, 166, 176, 186, 196]","[10, 13, 17, 20, 21, 22, 23, 24, 32, 36, 37, 38, 39, 40, 41, 48, 58, 62, 63, 71, 81, 86, 87, 88, 89, 90, 91, 92, 93, 101, 109, 110, 111, 112, 113, 114, 124, 134, 140, 150, 160, 165, 166, 176, 186, 196, 200]"
224,32,"[2, 0, 2, 2, 0, 2, 2, 0, 2, 2, 2, 2, 0, 2, 4, 0, 2, 2, 2, 2, 2, 2, 2, 2, 2, 2, 2, 2, 1, 2, 2, 2]","[""accelerate"", ""turn_left"", ""accelerate"", ""accelerate"", ""turn_left"", ""accelerate"", ""accelerate"", ""turn_left"", ""accelerate"", ""accelerate"", ""accelerate"", ""accelerate"", ""turn_left"", ""accelerate"", ""cruise"", ""turn_left"", ""accelerate"", ""accelerate"", ""accelerate"", ""accelerate"", ""accelerate"", ""accelerate"", ""accelerate"", ""accelerate"", ""accelerate"", ""accelerate"", ""accelerate"", ""accelerate"", ""turn_right"", ""accelerate"", ""accelerate"", ""accelerate""]","[0, 10, 20, 30, 31, 41, 51, 52, 59, 67, 68, 69, 70, 75, 79, 89, 99, 108, 109, 110, 111, 112, 113, 114, 124, 134, 144, 154, 164, 170, 180, 190]","[10, 20, 30, 31, 41, 51, 52, 59, 67, 68, 69, 70, 75, 79, 89, 99, 108, 109, 110, 111, 112, 113, 114, 124, 134, 144, 154, 164, 170, 180, 190, 200]"
225,31,"[2, 2, 2, 0, 2, 0, 0, 0, 2, 2, 2, 2, 0, 2, 2, 2, 2, 2, 0, 0, 2, 0, 3, 2, 2, 0, 2, 2, 2, 2, 2]","[""accelerate"", ""accelerate"", ""accelerate"", ""turn_left"", ""accelerate"", ""turn_left"", ""turn_left"", ""turn_left"", ""accelerate"", ""accelerate"", ""accelerate"", ""accelerate"", ""turn_left"", ""accelerate"", ""accelerate"", ""accelerate"", ""accelerate"", ""accelerate"", ""turn_left"", ""turn_left"", ""accelerate"", ""turn_left"", ""decelerate"", ""accelerate"", ""accelerate"", ""turn_left"", ""accelerate"", ""accelerate"", ""accelerate"", ""accelerate"", ""accelerate""]","[0, 10, 20, 21, 31, 36, 43, 48, 53, 58, 59, 60, 61, 71, 75, 76, 77, 78, 79, 87, 94, 104, 111, 120, 130, 140, 150, 160, 170, 180, 190]","[10, 20, 21, 31, 36, 43, 48, 53, 58, 59, 60, 61, 71, 75, 76, 77, 78, 79, 87, 94, 104, 111, 120, 130, 140, 150, 160, 170, 180, 190, 200]"
226,38,"[2, 0, 2, 2, 2, 2, 2, 0, 2, 2, 2, 0, 2, 2, 2, 0, 2, 3, 0, 0, 2, 2, 0, 2, 2, 0, 2, 2, 1, 2, 2, 2, 2, 2, 2, 2, 2, 2]","[""accelerate"", ""turn_left"", ""accelerate"", ""accelerate"", ""accelerate"", ""accelerate"", ""accelerate"", ""turn_left"", ""accelerate"", ""accelerate"", ""accelerate"", ""turn_left"", ""accelerate"", ""accelerate"", ""accelerate"", ""turn_left"", ""accelerate"", ""decelerate"", ""turn_left"", ""turn_left"", ""accelerate"", ""accelerate"", ""turn_left"", ""accelerate"", ""accelerate"", ""turn_left"", ""accelerate"", ""accelerate"", ""turn_right"", ""accelerate"", ""accelerate"", ""accelerate"", ""accelerate"", ""accelerate"", ""accelerate"", ""accelerate"", ""accelerate"", ""accelerate""]","[0, 10, 20, 26, 27, 28, 29, 30, 40, 44, 45, 46, 53, 56, 57, 58, 64, 66, 76, 78, 81, 88, 89, 99, 105, 106, 113, 123, 133, 140, 150, 160, 170, 180, 190, 197, 198, 199]","[10, 20, 26, 27, 28, 29, 30, 40, 44, 45, 46, 53, 56, 57, 58, 64, 66, 76, 78, 81, 88, 89, 99, 105, 106, 113, 123, 133, 140, 150, 160, 170, 180, 190, 197, 198, 199, 200]"
227,45,"[2, 2, 2, 2, 0, 2, 2, 2, 2, 2, 2, 0, 2, 2, 2, 2, 2, 2, 2, 0, 0, 2, 2, 2, 0, 2, 2, 4, 2, 2, 3, 2, 3, 2, 2, 2, 2, 2, 0, 0, 0, 0, 2, 2, 4]","[""accelerate"", ""accelerate"", ""accelerate"", ""accelerate"", ""turn_left"", ""accelerate"", ""accelerate"", ""accelerate"", ""accelerate"", ""accelerate"", ""accelerate"", ""turn_left"", ""accelerate"", ""accelerate"", ""accelerate"", ""accelerate"", ""accelerate"", ""accelerate"", ""accelerate"", ""turn_left"", ""turn_left"", ""accelerate"", ""accelerate"", ""accelerate"", ""turn_left"", ""accelerate"", ""accelerate"", ""cruise"", ""accelerate"", ""accelerate"", ""decelerate"", ""accelerate"", ""decelerate"", ""accelerate"", ""accelerate"", ""accelerate"", ""accelerate"", ""accelerate"", ""turn_left"", ""turn_left"", ""turn_left"", ""turn_left"", ""accelerate"", ""accelerate"", ""cruise""]","[0, 10, 18, 19, 20, 30, 34, 35, 36, 37, 38, 39, 49, 53, 54, 55, 56, 57, 58, 59, 66, 71, 75, 76, 77, 84, 86, 87, 97, 98, 99, 109, 119, 128, 138, 148, 149, 150, 151, 161, 171, 181, 189, 197, 198]","[10, 18, 19, 20, 30, 34, 35, 36, 37, 38, 39, 49, 53, 54, 55, 56, 57, 58, 59, 66, 71, 75, 76, 77, 84, 86, 87, 97, 98, 99, 109, 119, 128, 138, 148, 149, 150, 151, 161, 171, 181, 189, 197, 198, 200]"
228,26,"[2, 2, 2, 2, 2, 2, 2, 2, 2, 2, 2, 2, 2, 2, 4, 2, 2, 4, 2, 2, 2, 2, 3, 2, 3, 3]","[""accelerate"", ""accelerate"", ""accelerate"", ""accelerate"", ""accelerate"", ""accelerate"", ""accelerate"", ""accelerate"", ""accelerate"", ""accelerate"", ""accelerate"", ""accelerate"", ""accelerate"", ""accelerate"", ""cruise"", ""accelerate"", ""accelerate"", ""cruise"", ""accelerate"", ""accelerate"", ""accelerate"", ""accelerate"", ""decelerate"", ""accelerate"", ""decelerate"", ""decelerate""]","[0, 10, 13, 14, 15, 16, 17, 18, 19, 20, 21, 22, 23, 24, 25, 35, 36, 37, 47, 48, 49, 50, 51, 61, 62, 72]","[10, 13, 14, 15, 16, 17, 18, 19, 20, 21, 22, 23, 24, 25, 35, 36, 37, 47, 48, 49, 50, 51, 61, 62, 72, 78]"
229,37,"[2, 2, 2, 2, 2, 2, 2, 2, 2, 2, 2, 2, 2, 2, 2, 2, 2, 0, 2, 2, 2, 2, 3, 3, 2, 2, 3, 3, 2, 3, 2, 2, 0, 2, 2, 3, 2]","[""accelerate"", ""accelerate"", ""accelerate"", ""accelerate"", ""accelerate"", ""accelerate"", ""accelerate"", ""accelerate"", ""accelerate"", ""accelerate"", ""accelerate"", ""accelerate"", ""accelerate"", ""accelerate"", ""accelerate"", ""accelerate"", ""accelerate"", ""turn_left"", ""accelerate"", ""accelerate"", ""accelerate"", ""accelerate"", ""decelerate"", ""decelerate"", ""accelerate"", ""accelerate"", ""decelerate"", ""decelerate"", ""accelerate"", ""decelerate"", ""accelerate"", ""accelerate"", ""turn_left"", ""accelerate"", ""accelerate"", ""decelerate"", ""accelerate""]","[0, 10, 13, 14, 15, 16, 17, 18, 19, 20, 21, 22, 23, 24, 25, 26, 27, 28, 38, 39, 40, 41, 42, 52, 56, 66, 74, 84, 87, 97, 104, 114, 121, 129, 132, 133, 143]","[10, 13, 14, 15, 16, 17, 18, 19, 20, 21, 22, 23, 24, 25, 26, 27, 28, 38, 39, 40, 41, 42, 52, 56, 66, 74, 84, 87, 97, 104, 114, 121, 129, 132, 133, 143, 149]"
230,25,"[2, 2, 2, 2, 2, 2, 2, 2, 2, 2, 2, 0, 2, 2, 2, 2, 2, 2, 2, 2, 2, 2, 1, 2, 2]","[""accelerate"", ""accelerate"", ""accelerate"", ""accelerate"", ""accelerate"", ""accelerate"", ""accelerate"", ""accelerate"", ""accelerate"", ""accelerate"", ""accelerate"", ""turn_left"", ""accelerate"", ""accelerate"", ""accelerate"", ""accelerate"", ""accelerate"", ""accelerate"", ""accelerate"", ""accelerate"", ""accelerate"", ""accelerate"", ""turn_right"", ""accelerate"", ""accelerate""]","[0, 10, 20, 30, 40, 50, 60, 66, 67, 68, 69, 70, 80, 90, 100, 110, 120, 130, 140, 150, 160, 170, 180, 187, 197]","[10, 20, 30, 40, 50, 60, 66, 67, 68, 69, 70, 80, 90, 100, 110, 120, 130, 140, 150, 160, 170, 180, 187, 197, 200]"
231,29,"[2, 2, 2, 2, 0, 2, 2, 2, 2, 2, 2, 2, 2, 2, 2, 2, 0, 2, 2, 2, 2, 2, 2, 1, 2, 3, 2, 2, 2]","[""accelerate"", ""accelerate"", ""accelerate"", ""accelerate"", ""turn_left"", ""accelerate"", ""accelerate"", ""accelerate"", ""accelerate"", ""accelerate"", ""accelerate"", ""accelerate"", ""accelerate"", ""accelerate"", ""accelerate"", ""accelerate"", ""turn_left"", ""accelerate"", ""accelerate"", ""accelerate"", ""accelerate"", ""accelerate"", ""accelerate"", ""turn_right"", ""accelerate"", ""decelerate"", ""accelerate"", ""accelerate"", ""accelerate""]","[0, 10, 20, 30, 40, 50, 60, 70, 71, 72, 73, 74, 75, 76, 77, 78, 79, 89, 99, 109, 119, 129, 139, 149, 156, 166, 174, 184, 194]","[10, 20, 30, 40, 50, 60, 70, 71, 72, 73, 74, 75, 76, 77, 78, 79, 89, 99, 109, 119, 129, 139, 149, 156, 166, 174, 184, 194, 200]"
232,23,"[2, 2, 2, 2, 2, 2, 2, 2, 2, 1, 2, 2, 2, 2, 2, 2, 2, 2, 1, 2, 2, 2, 2]","[""accelerate"", ""accelerate"", ""accelerate"", ""accelerate"", ""accelerate"", ""accelerate"", ""accelerate"", ""accelerate"", ""accelerate"", ""turn_right"", ""accelerate"", ""accelerate"", ""accelerate"", ""accelerate"", ""accelerate"", ""accelerate"", ""accelerate"", ""accelerate"", ""turn_right"", ""accelerate"", ""accelerate"", ""accelerate"", ""accelerate""]","[0, 10, 20, 30, 40, 50, 60, 66, 67, 68, 76, 86, 96, 106, 116, 126, 136, 146, 156, 165, 175, 185, 195]","[10, 20, 30, 40, 50, 60, 66, 67, 68, 76, 86, 96, 106, 116, 126, 136, 146, 156, 165, 175, 185, 195, 200]"
233,45,"[4, 2, 2, 2, 2, 0, 2, 2, 2, 2, 2, 2, 2, 2, 2, 2, 2, 2, 2, 2, 2, 2, 2, 2, 2, 2, 2, 2, 2, 2, 2, 2, 2, 2, 2, 2, 2, 2, 2, 2, 2, 1, 1, 2, 2]","[""cruise"", ""accelerate"", ""accelerate"", ""accelerate"", ""accelerate"", ""turn_left"", ""accelerate"", ""accelerate"", ""accelerate"", ""accelerate"", ""accelerate"", ""accelerate"", ""accelerate"", ""accelerate"", ""accelerate"", ""accelerate"", ""accelerate"", ""accelerate"", ""accelerate"", ""accelerate"", ""accelerate"", ""accelerate"", ""accelerate"", ""accelerate"", ""accelerate"", ""accelerate"", ""accelerate"", ""accelerate"", ""accelerate"", ""accelerate"", ""accelerate"", ""accelerate"", ""accelerate"", ""accelerate"", ""accelerate"", ""accelerate"", ""accelerate"", ""accelerate"", ""accelerate"", ""accelerate"", ""accelerate"", ""turn_right"", ""turn_right"", ""accelerate"", ""accelerate""]","[0, 10, 20, 30, 40, 50, 60, 70, 75, 76, 77, 78, 79, 80, 81, 82, 83, 84, 85, 86, 87, 88, 89, 90, 91, 92, 93, 94, 95, 96, 97, 98, 99, 100, 101, 111, 121, 131, 141, 151, 161, 171, 180, 189, 199]","[10, 20, 30, 40, 50, 60, 70, 75, 76, 77, 78, 79, 80, 81, 82, 83, 84, 85, 86, 87, 88, 89, 90, 91, 92, 93, 94, 95, 96, 97, 98, 99, 100, 101, 111, 121, 131, 141, 151, 161, 171, 180, 189, 199, 200]"
234,28,"[2, 2, 2, 2, 2, 2, 2, 2, 2, 0, 2, 2, 2, 2, 2, 2, 2, 2, 2, 2, 2, 2, 2, 2, 2, 2, 2, 2]","[""accelerate"", ""accelerate"", ""accelerate"", ""accelerate"", ""accelerate"", ""accelerate"", ""accelerate"", ""accelerate"", ""accelerate"", ""turn_left"", ""accelerate"", ""accelerate"", ""accelerate"", ""accelerate"", ""accelerate"", ""accelerate"", ""accelerate"", ""accelerate"", ""accelerate"", ""accelerate"", ""accelerate"", ""accelerate"", ""accelerate"", ""accelerate"", ""accelerate"", ""accelerate"", ""accelerate"", ""accelerate""]","[0, 10, 20, 30, 40, 50, 60, 66, 67, 68, 77, 87, 88, 89, 90, 91, 92, 93, 103, 113, 123, 133, 143, 153, 163, 173, 183, 193]","[10, 20, 30, 40, 50, 60, 66, 67, 68, 77, 87, 88, 89, 90, 91, 92, 93, 103, 113, 123, 133, 143, 153, 163, 173, 183, 193, 200]"
235,23,"[2, 2, 2, 2, 2, 2, 2, 2, 2, 0, 3, 2, 4, 0, 2, 2, 2, 2, 2, 2, 2, 2, 2]","[""accelerate"", ""accelerate"", ""accelerate"", ""accelerate"", ""accelerate"", ""accelerate"", ""accelerate"", ""accelerate"", ""accelerate"", ""turn_left"", ""decelerate"", ""accelerate"", ""cruise"", ""turn_left"", ""accelerate"", ""accelerate"", ""accelerate"", ""accelerate"", ""accelerate"", ""accelerate"", ""accelerate"", ""accelerate"", ""accelerate""]","[0, 10, 20, 30, 40, 50, 60, 66, 67, 68, 77, 87, 97, 107, 112, 122, 132, 142, 152, 162, 172, 182, 192]","[10, 20, 30, 40, 50, 60, 66, 67, 68, 77, 87, 97, 107, 112, 122, 132, 142, 152, 162, 172, 182, 192, 200]"
236,52,"[2, 0, 2, 2, 2, 2, 2, 2, 2, 2, 2, 2, 2, 2, 2, 2, 2, 2, 2, 2, 2, 2, 2, 2, 2, 2, 2, 2, 2, 2, 2, 2, 2, 2, 2, 2, 2, 2, 2, 2, 2, 2, 2, 2, 3, 2, 3, 2, 0, 2, 1, 2]","[""accelerate"", ""turn_left"", ""accelerate"", ""accelerate"", ""accelerate"", ""accelerate"", ""accelerate"", ""accelerate"", ""accelerate"", ""accelerate"", ""accelerate"", ""accelerate"", ""accelerate"", ""accelerate"", ""accelerate"", ""accelerate"", ""accelerate"", ""accelerate"", ""accelerate"", ""accelerate"", ""accelerate"", ""accelerate"", ""accelerate"", ""accelerate"", ""accelerate"", ""accelerate"", ""accelerate"", ""accelerate"", ""accelerate"", ""accelerate"", ""accelerate"", ""accelerate"", ""accelerate"", ""accelerate"", ""accelerate"", ""accelerate"", ""accelerate"", ""accelerate"", ""accelerate"", ""accelerate"", ""accelerate"", ""accelerate"", ""accelerate"", ""accelerate"", ""decelerate"", ""accelerate"", ""decelerate"", ""accelerate"", ""turn_left"", ""accelerate"", ""turn_right"", ""accelerate""]","[0, 10, 13, 23, 33, 43, 53, 63, 66, 67, 68, 69, 70, 71, 72, 73, 74, 75, 76, 77, 78, 79, 80, 81, 82, 83, 84, 85, 86, 87, 88, 89, 90, 91, 92, 93, 94, 95, 96, 97, 98, 108, 118, 128, 138, 146, 156, 162, 172, 178, 188, 196]","[10, 13, 23, 33, 43, 53, 63, 66, 67, 68, 69, 70, 71, 72, 73, 74, 75, 76, 77, 78, 79, 80, 81, 82, 83, 84, 85, 86, 87, 88, 89, 90, 91, 92, 93, 94, 95, 96, 97, 98, 108, 118, 128, 138, 146, 156, 162, 172, 178, 188, 196, 200]"
237,23,"[2, 2, 2, 2, 0, 0, 2, 2, 2, 2, 0, 3, 2, 2, 2, 2, 3, 2, 2, 2, 2, 2, 2]","[""accelerate"", ""accelerate"", ""accelerate"", ""accelerate"", ""turn_left"", ""turn_left"", ""accelerate"", ""accelerate"", ""accelerate"", ""accelerate"", ""turn_left"", ""decelerate"", ""accelerate"", ""accelerate"", ""accelerate"", ""accelerate"", ""decelerate"", ""accelerate"", ""accelerate"", ""accelerate"", ""accelerate"", ""accelerate"", ""accelerate""]","[0, 10, 20, 30, 40, 50, 60, 70, 77, 78, 79, 88, 98, 108, 118, 128, 138, 145, 155, 165, 175, 185, 195]","[10, 20, 30, 40, 50, 60, 70, 77, 78, 79, 88, 98, 108, 118, 128, 138, 145, 155, 165, 175, 185, 195, 200]"
238,26,"[2, 2, 2, 2, 2, 0, 2, 2, 2, 2, 2, 2, 2, 4, 3, 2, 2, 3, 2, 2, 3, 2, 2, 2, 2, 2]","[""accelerate"", ""accelerate"", ""accelerate"", ""accelerate"", ""accelerate"", ""turn_left"", ""accelerate"", ""accelerate"", ""accelerate"", ""accelerate"", ""accelerate"", ""accelerate"", ""accelerate"", ""cruise"", ""decelerate"", ""accelerate"", ""accelerate"", ""decelerate"", ""accelerate"", ""accelerate"", ""decelerate"", ""accelerate"", ""accelerate"", ""accelerate"", ""accelerate"", ""accelerate""]","[0, 10, 20, 30, 40, 50, 60, 70, 73, 74, 75, 76, 77, 78, 88, 98, 108, 118, 125, 135, 145, 153, 163, 173, 183, 193]","[10, 20, 30, 40, 50, 60, 70, 73, 74, 75, 76, 77, 78, 88, 98, 108, 118, 125, 135, 145, 153, 163, 173, 183, 193, 200]"
239,44,"[2, 2, 0, 2, 0, 4, 2, 0, 2, 0, 2, 2, 2, 2, 2, 2, 2, 2, 2, 2, 2, 2, 2, 2, 2, 2, 2, 2, 2, 2, 2, 2, 2, 2, 2, 2, 2, 3, 2, 2, 3, 2, 2, 2]","[""accelerate"", ""accelerate"", ""turn_left"", ""accelerate"", ""turn_left"", ""cruise"", ""accelerate"", ""turn_left"", ""accelerate"", ""turn_left"", ""accelerate"", ""accelerate"", ""accelerate"", ""accelerate"", ""accelerate"", ""accelerate"", ""accelerate"", ""accelerate"", ""accelerate"", ""accelerate"", ""accelerate"", ""accelerate"", ""accelerate"", ""accelerate"", ""accelerate"", ""accelerate"", ""accelerate"", ""accelerate"", ""accelerate"", ""accelerate"", ""accelerate"", ""accelerate"", ""accelerate"", ""accelerate"", ""accelerate"", ""accelerate"", ""accelerate"", ""decelerate"", ""accelerate"", ""accelerate"", ""decelerate"", ""accelerate"", ""accelerate"", ""accelerate""]","[0, 10, 20, 24, 34, 36, 46, 56, 60, 70, 77, 87, 97, 107, 116, 117, 118, 119, 120, 121, 122, 123, 124, 125, 126, 127, 128, 129, 130, 131, 132, 133, 134, 135, 136, 137, 138, 139, 149, 159, 169, 179, 189, 199]","[10, 20, 24, 34, 36, 46, 56, 60, 70, 77, 87, 97, 107, 116, 117, 118, 119, 120, 121, 122, 123, 124, 125, 126, 127, 128, 129, 130, 131, 132, 133, 134, 135, 136, 137, 138, 139, 149, 159, 169, 179, 189, 199, 200]"
240,39,"[2, 0, 2, 2, 0, 2, 2, 2, 2, 2, 2, 2, 1, 2, 2, 2, 2, 2, 2, 2, 2, 2, 2, 2, 2, 2, 2, 2, 4, 4, 3, 2, 1, 2, 2, 2, 2, 1, 2]","[""accelerate"", ""turn_left"", ""accelerate"", ""accelerate"", ""turn_left"", ""accelerate"", ""accelerate"", ""accelerate"", ""accelerate"", ""accelerate"", ""accelerate"", ""accelerate"", ""turn_right"", ""accelerate"", ""accelerate"", ""accelerate"", ""accelerate"", ""accelerate"", ""accelerate"", ""accelerate"", ""accelerate"", ""accelerate"", ""accelerate"", ""accelerate"", ""accelerate"", ""accelerate"", ""accelerate"", ""accelerate"", ""cruise"", ""cruise"", ""decelerate"", ""accelerate"", ""turn_right"", ""accelerate"", ""accelerate"", ""accelerate"", ""accelerate"", ""turn_right"", ""accelerate""]","[0, 10, 13, 23, 33, 38, 48, 58, 68, 69, 70, 71, 72, 80, 90, 91, 92, 93, 94, 95, 96, 97, 98, 99, 100, 101, 102, 103, 104, 114, 124, 133, 143, 149, 159, 169, 179, 189, 196]","[10, 13, 23, 33, 38, 48, 58, 68, 69, 70, 71, 72, 80, 90, 91, 92, 93, 94, 95, 96, 97, 98, 99, 100, 101, 102, 103, 104, 114, 124, 133, 143, 149, 159, 169, 179, 189, 196, 200]"
241,23,"[2, 2, 0, 2, 2, 2, 2, 2, 2, 0, 2, 2, 1, 2, 2, 3, 2, 1, 2, 2, 2, 1, 2]","[""accelerate"", ""accelerate"", ""turn_left"", ""accelerate"", ""accelerate"", ""accelerate"", ""accelerate"", ""accelerate"", ""accelerate"", ""turn_left"", ""accelerate"", ""accelerate"", ""turn_right"", ""accelerate"", ""accelerate"", ""decelerate"", ""accelerate"", ""turn_right"", ""accelerate"", ""accelerate"", ""accelerate"", ""turn_right"", ""accelerate""]","[0, 10, 20, 24, 34, 44, 54, 64, 74, 79, 88, 98, 100, 108, 118, 128, 135, 145, 151, 161, 171, 181, 190]","[10, 20, 24, 34, 44, 54, 64, 74, 79, 88, 98, 100, 108, 118, 128, 135, 145, 151, 161, 171, 181, 190, 200]"
242,25,"[2, 2, 2, 2, 0, 2, 2, 2, 2, 2, 2, 0, 2, 2, 2, 1, 2, 2, 2, 2, 3, 2, 4, 2, 1]","[""accelerate"", ""accelerate"", ""accelerate"", ""accelerate"", ""turn_left"", ""accelerate"", ""accelerate"", ""accelerate"", ""accelerate"", ""accelerate"", ""accelerate"", ""turn_left"", ""accelerate"", ""accelerate"", ""accelerate"", ""turn_right"", ""accelerate"", ""accelerate"", ""accelerate"", ""accelerate"", ""decelerate"", ""accelerate"", ""cruise"", ""accelerate"", ""turn_right""]","[0, 10, 20, 30, 40, 50, 60, 70, 72, 73, 74, 75, 84, 94, 104, 114, 121, 131, 141, 151, 161, 166, 176, 186, 196]","[10, 20, 30, 40, 50, 60, 70, 72, 73, 74, 75, 84, 94, 104, 114, 121, 131, 141, 151, 161, 166, 176, 186, 196, 200]"
243,26,"[2, 2, 2, 0, 2, 0, 2, 0, 0, 2, 2, 2, 2, 2, 2, 0, 2, 2, 2, 2, 2, 2, 3, 2, 2, 2]","[""accelerate"", ""accelerate"", ""accelerate"", ""turn_left"", ""accelerate"", ""turn_left"", ""accelerate"", ""turn_left"", ""turn_left"", ""accelerate"", ""accelerate"", ""accelerate"", ""accelerate"", ""accelerate"", ""accelerate"", ""turn_left"", ""accelerate"", ""accelerate"", ""accelerate"", ""accelerate"", ""accelerate"", ""accelerate"", ""decelerate"", ""accelerate"", ""accelerate"", ""accelerate""]","[0, 10, 20, 30, 40, 50, 60, 70, 77, 85, 95, 96, 97, 98, 99, 100, 108, 118, 128, 138, 148, 158, 168, 178, 188, 198]","[10, 20, 30, 40, 50, 60, 70, 77, 85, 95, 96, 97, 98, 99, 100, 108, 118, 128, 138, 148, 158, 168, 178, 188, 198, 200]"
244,39,"[0, 2, 2, 2, 0, 4, 2, 2, 2, 2, 2, 1, 2, 2, 2, 2, 2, 2, 2, 2, 2, 2, 2, 2, 2, 2, 2, 2, 2, 0, 2, 3, 2, 2, 1, 2, 1, 2, 2]","[""turn_left"", ""accelerate"", ""accelerate"", ""accelerate"", ""turn_left"", ""cruise"", ""accelerate"", ""accelerate"", ""accelerate"", ""accelerate"", ""accelerate"", ""turn_right"", ""accelerate"", ""accelerate"", ""accelerate"", ""accelerate"", ""accelerate"", ""accelerate"", ""accelerate"", ""accelerate"", ""accelerate"", ""accelerate"", ""accelerate"", ""accelerate"", ""accelerate"", ""accelerate"", ""accelerate"", ""accelerate"", ""accelerate"", ""turn_left"", ""accelerate"", ""decelerate"", ""accelerate"", ""accelerate"", ""turn_right"", ""accelerate"", ""turn_right"", ""accelerate"", ""accelerate""]","[0, 2, 12, 22, 32, 37, 47, 57, 67, 75, 76, 77, 85, 95, 96, 97, 98, 99, 100, 101, 102, 103, 104, 105, 106, 107, 108, 109, 110, 111, 120, 130, 140, 150, 160, 169, 179, 187, 197]","[2, 12, 22, 32, 37, 47, 57, 67, 75, 76, 77, 85, 95, 96, 97, 98, 99, 100, 101, 102, 103, 104, 105, 106, 107, 108, 109, 110, 111, 120, 130, 140, 150, 160, 169, 179, 187, 197, 200]"
245,26,"[0, 2, 2, 2, 2, 1, 2, 0, 2, 2, 2, 2, 2, 2, 4, 2, 2, 3, 2, 3, 2, 2, 2, 3, 2, 2]","[""turn_left"", ""accelerate"", ""accelerate"", ""accelerate"", ""accelerate"", ""turn_right"", ""accelerate"", ""turn_left"", ""accelerate"", ""accelerate"", ""accelerate"", ""accelerate"", ""accelerate"", ""accelerate"", ""cruise"", ""accelerate"", ""accelerate"", ""decelerate"", ""accelerate"", ""decelerate"", ""accelerate"", ""accelerate"", ""accelerate"", ""decelerate"", ""accelerate"", ""accelerate""]","[0, 2, 12, 22, 32, 42, 51, 61, 67, 77, 79, 80, 81, 82, 83, 93, 103, 113, 123, 133, 140, 150, 160, 170, 180, 190]","[2, 12, 22, 32, 42, 51, 61, 67, 77, 79, 80, 81, 82, 83, 93, 103, 113, 123, 133, 140, 150, 160, 170, 180, 190, 200]"
246,37,"[2, 4, 0, 0, 2, 2, 2, 2, 2, 2, 2, 2, 2, 2, 2, 2, 2, 2, 2, 2, 2, 2, 2, 2, 2, 1, 2, 2, 2, 2, 3, 2, 2, 2, 3, 2, 2]","[""accelerate"", ""cruise"", ""turn_left"", ""turn_left"", ""accelerate"", ""accelerate"", ""accelerate"", ""accelerate"", ""accelerate"", ""accelerate"", ""accelerate"", ""accelerate"", ""accelerate"", ""accelerate"", ""accelerate"", ""accelerate"", ""accelerate"", ""accelerate"", ""accelerate"", ""accelerate"", ""accelerate"", ""accelerate"", ""accelerate"", ""accelerate"", ""accelerate"", ""turn_right"", ""accelerate"", ""accelerate"", ""accelerate"", ""accelerate"", ""decelerate"", ""accelerate"", ""accelerate"", ""accelerate"", ""decelerate"", ""accelerate"", ""accelerate""]","[0, 10, 20, 22, 24, 34, 44, 54, 64, 67, 68, 69, 70, 71, 72, 73, 74, 75, 76, 77, 78, 79, 80, 81, 82, 83, 91, 101, 111, 121, 131, 140, 150, 160, 170, 180, 190]","[10, 20, 22, 24, 34, 44, 54, 64, 67, 68, 69, 70, 71, 72, 73, 74, 75, 76, 77, 78, 79, 80, 81, 82, 83, 91, 101, 111, 121, 131, 140, 150, 160, 170, 180, 190, 200]"
247,32,"[2, 0, 2, 2, 2, 2, 0, 2, 2, 2, 2, 2, 2, 2, 2, 2, 2, 2, 2, 2, 1, 2, 2, 2, 0, 2, 3, 2, 2, 2, 2, 2]","[""accelerate"", ""turn_left"", ""accelerate"", ""accelerate"", ""accelerate"", ""accelerate"", ""turn_left"", ""accelerate"", ""accelerate"", ""accelerate"", ""accelerate"", ""accelerate"", ""accelerate"", ""accelerate"", ""accelerate"", ""accelerate"", ""accelerate"", ""accelerate"", ""accelerate"", ""accelerate"", ""turn_right"", ""accelerate"", ""accelerate"", ""accelerate"", ""turn_left"", ""accelerate"", ""decelerate"", ""accelerate"", ""accelerate"", ""accelerate"", ""accelerate"", ""accelerate""]","[0, 10, 12, 22, 32, 42, 52, 59, 69, 79, 84, 85, 86, 87, 88, 89, 90, 91, 92, 93, 94, 102, 112, 122, 132, 140, 150, 158, 168, 178, 188, 198]","[10, 12, 22, 32, 42, 52, 59, 69, 79, 84, 85, 86, 87, 88, 89, 90, 91, 92, 93, 94, 102, 112, 122, 132, 140, 150, 158, 168, 178, 188, 198, 200]"
248,31,"[0, 2, 0, 0, 0, 2, 2, 4, 1, 2, 2, 2, 0, 2, 2, 2, 2, 3, 2, 2, 2, 2, 2, 2, 2, 2, 2, 4, 0, 2, 2]","[""turn_left"", ""accelerate"", ""turn_left"", ""turn_left"", ""turn_left"", ""accelerate"", ""accelerate"", ""cruise"", ""turn_right"", ""accelerate"", ""accelerate"", ""accelerate"", ""turn_left"", ""accelerate"", ""accelerate"", ""accelerate"", ""accelerate"", ""decelerate"", ""accelerate"", ""accelerate"", ""accelerate"", ""accelerate"", ""accelerate"", ""accelerate"", ""accelerate"", ""accelerate"", ""accelerate"", ""cruise"", ""turn_left"", ""accelerate"", ""accelerate""]","[0, 2, 12, 17, 25, 35, 45, 55, 65, 72, 82, 92, 98, 107, 117, 126, 127, 128, 138, 148, 158, 163, 164, 165, 166, 167, 168, 169, 179, 189, 199]","[2, 12, 17, 25, 35, 45, 55, 65, 72, 82, 92, 98, 107, 117, 126, 127, 128, 138, 148, 158, 163, 164, 165, 166, 167, 168, 169, 179, 189, 199, 200]"
249,27,"[0, 2, 2, 2, 2, 2, 2, 2, 2, 0, 0, 2, 2, 1, 2, 2, 2, 2, 2, 2, 3, 2, 2, 3, 2, 2, 2]","[""turn_left"", ""accelerate"", ""accelerate"", ""accelerate"", ""accelerate"", ""accelerate"", ""accelerate"", ""accelerate"", ""accelerate"", ""turn_left"", ""turn_left"", ""accelerate"", ""accelerate"", ""turn_right"", ""accelerate"", ""accelerate"", ""accelerate"", ""accelerate"", ""accelerate"", ""accelerate"", ""decelerate"", ""accelerate"", ""accelerate"", ""decelerate"", ""accelerate"", ""accelerate"", ""accelerate""]","[0, 3, 13, 23, 33, 43, 53, 55, 56, 57, 66, 74, 84, 94, 101, 111, 121, 131, 132, 133, 134, 144, 154, 164, 174, 184, 194]","[3, 13, 23, 33, 43, 53, 55, 56, 57, 66, 74, 84, 94, 101, 111, 121, 131, 132, 133, 134, 144, 154, 164, 174, 184, 194, 200]"
250,39,"[2, 2, 2, 0, 2, 2, 0, 2, 2, 2, 2, 2, 2, 2, 2, 2, 2, 2, 2, 2, 2, 2, 2, 2, 2, 2, 2, 2, 2, 2, 2, 2, 2, 2, 2, 3, 2, 2, 2]","[""accelerate"", ""accelerate"", ""accelerate"", ""turn_left"", ""accelerate"", ""accelerate"", ""turn_left"", ""accelerate"", ""accelerate"", ""accelerate"", ""accelerate"", ""accelerate"", ""accelerate"", ""accelerate"", ""accelerate"", ""accelerate"", ""accelerate"", ""accelerate"", ""accelerate"", ""accelerate"", ""accelerate"", ""accelerate"", ""accelerate"", ""accelerate"", ""accelerate"", ""accelerate"", ""accelerate"", ""accelerate"", ""accelerate"", ""accelerate"", ""accelerate"", ""accelerate"", ""accelerate"", ""accelerate"", ""accelerate"", ""decelerate"", ""accelerate"", ""accelerate"", ""accelerate""]","[0, 10, 20, 30, 40, 50, 60, 68, 78, 80, 81, 82, 83, 84, 85, 86, 87, 88, 89, 90, 91, 92, 93, 94, 95, 96, 97, 98, 99, 109, 119, 129, 139, 149, 159, 169, 179, 189, 199]","[10, 20, 30, 40, 50, 60, 68, 78, 80, 81, 82, 83, 84, 85, 86, 87, 88, 89, 90, 91, 92, 93, 94, 95, 96, 97, 98, 99, 109, 119, 129, 139, 149, 159, 169, 179, 189, 199, 200]"
251,21,"[2, 2, 0, 2, 2, 2, 2, 0, 2, 0, 2, 2, 2, 2, 2, 2, 2, 2, 2, 3, 2]","[""accelerate"", ""accelerate"", ""turn_left"", ""accelerate"", ""accelerate"", ""accelerate"", ""accelerate"", ""turn_left"", ""accelerate"", ""turn_left"", ""accelerate"", ""accelerate"", ""accelerate"", ""accelerate"", ""accelerate"", ""accelerate"", ""accelerate"", ""accelerate"", ""accelerate"", ""decelerate"", ""accelerate""]","[0, 10, 20, 24, 34, 44, 54, 64, 72, 82, 91, 101, 111, 121, 131, 141, 151, 161, 171, 181, 191]","[10, 20, 24, 34, 44, 54, 64, 72, 82, 91, 101, 111, 121, 131, 141, 151, 161, 171, 181, 191, 200]"
252,44,"[0, 2, 2, 0, 2, 2, 4, 2, 2, 2, 2, 2, 2, 2, 2, 2, 2, 2, 2, 2, 2, 2, 2, 2, 2, 2, 2, 2, 2, 2, 2, 2, 2, 1, 2, 2, 3, 2, 2, 2, 2, 2, 2, 2]","[""turn_left"", ""accelerate"", ""accelerate"", ""turn_left"", ""accelerate"", ""accelerate"", ""cruise"", ""accelerate"", ""accelerate"", ""accelerate"", ""accelerate"", ""accelerate"", ""accelerate"", ""accelerate"", ""accelerate"", ""accelerate"", ""accelerate"", ""accelerate"", ""accelerate"", ""accelerate"", ""accelerate"", ""accelerate"", ""accelerate"", ""accelerate"", ""accelerate"", ""accelerate"", ""accelerate"", ""accelerate"", ""accelerate"", ""accelerate"", ""accelerate"", ""accelerate"", ""accelerate"", ""turn_right"", ""accelerate"", ""accelerate"", ""decelerate"", ""accelerate"", ""accelerate"", ""accelerate"", ""accelerate"", ""accelerate"", ""accelerate"", ""accelerate""]","[0, 3, 13, 23, 29, 39, 49, 59, 69, 72, 73, 74, 75, 76, 77, 78, 79, 80, 81, 82, 83, 84, 85, 86, 87, 88, 89, 90, 91, 92, 93, 94, 95, 96, 104, 114, 124, 134, 144, 154, 164, 174, 184, 194]","[3, 13, 23, 29, 39, 49, 59, 69, 72, 73, 74, 75, 76, 77, 78, 79, 80, 81, 82, 83, 84, 85, 86, 87, 88, 89, 90, 91, 92, 93, 94, 95, 96, 104, 114, 124, 134, 144, 154, 164, 174, 184, 194, 200]"
253,31,"[2, 2, 0, 2, 2, 2, 2, 2, 2, 2, 2, 0, 2, 2, 2, 2, 2, 2, 2, 2, 2, 2, 2, 2, 2, 3, 2, 2, 2, 1, 2]","[""accelerate"", ""accelerate"", ""turn_left"", ""accelerate"", ""accelerate"", ""accelerate"", ""accelerate"", ""accelerate"", ""accelerate"", ""accelerate"", ""accelerate"", ""turn_left"", ""accelerate"", ""accelerate"", ""accelerate"", ""accelerate"", ""accelerate"", ""accelerate"", ""accelerate"", ""accelerate"", ""accelerate"", ""accelerate"", ""accelerate"", ""accelerate"", ""accelerate"", ""decelerate"", ""accelerate"", ""accelerate"", ""accelerate"", ""turn_right"", ""accelerate""]","[0, 10, 20, 23, 33, 43, 53, 63, 73, 77, 78, 79, 86, 95, 96, 97, 98, 99, 100, 101, 102, 112, 122, 132, 142, 152, 158, 168, 178, 185, 194]","[10, 20, 23, 33, 43, 53, 63, 73, 77, 78, 79, 86, 95, 96, 97, 98, 99, 100, 101, 102, 112, 122, 132, 142, 152, 158, 168, 178, 185, 194, 200]"
254,34,"[0, 2, 2, 2, 2, 2, 1, 2, 2, 2, 2, 2, 2, 2, 2, 2, 2, 2, 2, 2, 2, 2, 4, 2, 2, 2, 2, 2, 3, 2, 2, 4, 3, 2]","[""turn_left"", ""accelerate"", ""accelerate"", ""accelerate"", ""accelerate"", ""accelerate"", ""turn_right"", ""accelerate"", ""accelerate"", ""accelerate"", ""accelerate"", ""accelerate"", ""accelerate"", ""accelerate"", ""accelerate"", ""accelerate"", ""accelerate"", ""accelerate"", ""accelerate"", ""accelerate"", ""accelerate"", ""accelerate"", ""cruise"", ""accelerate"", ""accelerate"", ""accelerate"", ""accelerate"", ""accelerate"", ""decelerate"", ""accelerate"", ""accelerate"", ""cruise"", ""decelerate"", ""accelerate""]","[0, 2, 12, 22, 32, 42, 52, 60, 69, 70, 71, 72, 73, 74, 75, 76, 77, 78, 79, 80, 81, 82, 83, 93, 103, 113, 123, 133, 143, 153, 163, 173, 183, 192]","[2, 12, 22, 32, 42, 52, 60, 69, 70, 71, 72, 73, 74, 75, 76, 77, 78, 79, 80, 81, 82, 83, 93, 103, 113, 123, 133, 143, 153, 163, 173, 183, 192, 200]"
255,29,"[1, 0, 2, 2, 0, 0, 0, 2, 0, 2, 2, 2, 2, 2, 2, 2, 2, 2, 0, 2, 2, 2, 2, 2, 2, 2, 2, 2, 2]","[""turn_right"", ""turn_left"", ""accelerate"", ""accelerate"", ""turn_left"", ""turn_left"", ""turn_left"", ""accelerate"", ""turn_left"", ""accelerate"", ""accelerate"", ""accelerate"", ""accelerate"", ""accelerate"", ""accelerate"", ""accelerate"", ""accelerate"", ""accelerate"", ""turn_left"", ""accelerate"", ""accelerate"", ""accelerate"", ""accelerate"", ""accelerate"", ""accelerate"", ""accelerate"", ""accelerate"", ""accelerate"", ""accelerate""]","[0, 3, 7, 17, 27, 37, 47, 57, 67, 77, 87, 95, 96, 97, 98, 99, 100, 101, 102, 109, 119, 129, 139, 149, 159, 169, 179, 189, 199]","[3, 7, 17, 27, 37, 47, 57, 67, 77, 87, 95, 96, 97, 98, 99, 100, 101, 102, 109, 119, 129, 139, 149, 159, 169, 179, 189, 199, 200]"
256,29,"[2, 2, 0, 2, 2, 0, 0, 0, 2, 2, 2, 2, 2, 2, 2, 2, 2, 2, 0, 2, 2, 2, 2, 2, 2, 2, 2, 2, 2]","[""accelerate"", ""accelerate"", ""turn_left"", ""accelerate"", ""accelerate"", ""turn_left"", ""turn_left"", ""turn_left"", ""accelerate"", ""accelerate"", ""accelerate"", ""accelerate"", ""accelerate"", ""accelerate"", ""accelerate"", ""accelerate"", ""accelerate"", ""accelerate"", ""turn_left"", ""accelerate"", ""accelerate"", ""accelerate"", ""accelerate"", ""accelerate"", ""accelerate"", ""accelerate"", ""accelerate"", ""accelerate"", ""accelerate""]","[0, 10, 20, 24, 34, 44, 54, 64, 74, 84, 89, 90, 91, 92, 93, 94, 95, 96, 97, 106, 116, 126, 136, 146, 156, 166, 176, 186, 196]","[10, 20, 24, 34, 44, 54, 64, 74, 84, 89, 90, 91, 92, 93, 94, 95, 96, 97, 106, 116, 126, 136, 146, 156, 166, 176, 186, 196, 200]"
257,23,"[2, 2, 0, 2, 0, 2, 2, 0, 2, 2, 2, 2, 0, 2, 2, 2, 2, 2, 2, 2, 2, 2, 2]","[""accelerate"", ""accelerate"", ""turn_left"", ""accelerate"", ""turn_left"", ""accelerate"", ""accelerate"", ""turn_left"", ""accelerate"", ""accelerate"", ""accelerate"", ""accelerate"", ""turn_left"", ""accelerate"", ""accelerate"", ""accelerate"", ""accelerate"", ""accelerate"", ""accelerate"", ""accelerate"", ""accelerate"", ""accelerate"", ""accelerate""]","[0, 10, 20, 24, 34, 38, 48, 58, 68, 78, 88, 91, 92, 101, 111, 121, 131, 141, 151, 161, 171, 181, 191]","[10, 20, 24, 34, 38, 48, 58, 68, 78, 88, 91, 92, 101, 111, 121, 131, 141, 151, 161, 171, 181, 191, 200]"
258,33,"[2, 2, 2, 2, 2, 2, 2, 0, 2, 2, 2, 2, 2, 2, 2, 2, 2, 2, 2, 2, 2, 0, 2, 2, 2, 2, 3, 2, 2, 2, 2, 0, 2]","[""accelerate"", ""accelerate"", ""accelerate"", ""accelerate"", ""accelerate"", ""accelerate"", ""accelerate"", ""turn_left"", ""accelerate"", ""accelerate"", ""accelerate"", ""accelerate"", ""accelerate"", ""accelerate"", ""accelerate"", ""accelerate"", ""accelerate"", ""accelerate"", ""accelerate"", ""accelerate"", ""accelerate"", ""turn_left"", ""accelerate"", ""accelerate"", ""accelerate"", ""accelerate"", ""decelerate"", ""accelerate"", ""accelerate"", ""accelerate"", ""accelerate"", ""turn_left"", ""accelerate""]","[0, 10, 20, 30, 40, 50, 60, 65, 72, 82, 83, 84, 85, 86, 87, 88, 89, 90, 91, 92, 93, 94, 102, 112, 122, 132, 142, 148, 158, 168, 178, 188, 197]","[10, 20, 30, 40, 50, 60, 65, 72, 82, 83, 84, 85, 86, 87, 88, 89, 90, 91, 92, 93, 94, 102, 112, 122, 132, 142, 148, 158, 168, 178, 188, 197, 200]"
259,29,"[2, 2, 2, 2, 0, 2, 0, 2, 2, 2, 2, 2, 2, 2, 2, 2, 2, 2, 3, 2, 2, 2, 2, 2, 2, 2, 2, 2, 2]","[""accelerate"", ""accelerate"", ""accelerate"", ""accelerate"", ""turn_left"", ""accelerate"", ""turn_left"", ""accelerate"", ""accelerate"", ""accelerate"", ""accelerate"", ""accelerate"", ""accelerate"", ""accelerate"", ""accelerate"", ""accelerate"", ""accelerate"", ""accelerate"", ""decelerate"", ""accelerate"", ""accelerate"", ""accelerate"", ""accelerate"", ""accelerate"", ""accelerate"", ""accelerate"", ""accelerate"", ""accelerate"", ""accelerate""]","[0, 10, 20, 30, 40, 50, 60, 70, 80, 86, 87, 88, 89, 90, 91, 92, 93, 94, 95, 105, 115, 125, 135, 145, 155, 165, 175, 185, 195]","[10, 20, 30, 40, 50, 60, 70, 80, 86, 87, 88, 89, 90, 91, 92, 93, 94, 95, 105, 115, 125, 135, 145, 155, 165, 175, 185, 195, 200]"
260,26,"[2, 0, 2, 2, 2, 2, 2, 2, 2, 2, 2, 2, 2, 3, 2, 2, 2, 3, 2, 2, 4, 2, 2, 2, 2, 2]","[""accelerate"", ""turn_left"", ""accelerate"", ""accelerate"", ""accelerate"", ""accelerate"", ""accelerate"", ""accelerate"", ""accelerate"", ""accelerate"", ""accelerate"", ""accelerate"", ""accelerate"", ""decelerate"", ""accelerate"", ""accelerate"", ""accelerate"", ""decelerate"", ""accelerate"", ""accelerate"", ""cruise"", ""accelerate"", ""accelerate"", ""accelerate"", ""accelerate"", ""accelerate""]","[0, 10, 13, 23, 33, 43, 53, 63, 66, 67, 68, 69, 70, 71, 81, 91, 101, 111, 121, 131, 141, 151, 161, 171, 181, 191]","[10, 13, 23, 33, 43, 53, 63, 66, 67, 68, 69, 70, 71, 81, 91, 101, 111, 121, 131, 141, 151, 161, 171, 181, 191, 200]"
261,21,"[2, 2, 2, 2, 0, 1, 2, 0, 2, 3, 2, 2, 3, 2, 2, 2, 2, 3, 2, 2, 2]","[""accelerate"", ""accelerate"", ""accelerate"", ""accelerate"", ""turn_left"", ""turn_right"", ""accelerate"", ""turn_left"", ""accelerate"", ""decelerate"", ""accelerate"", ""accelerate"", ""decelerate"", ""accelerate"", ""accelerate"", ""accelerate"", ""accelerate"", ""decelerate"", ""accelerate"", ""accelerate"", ""accelerate""]","[0, 10, 20, 30, 40, 50, 56, 66, 73, 83, 93, 103, 113, 123, 133, 143, 153, 163, 171, 181, 191]","[10, 20, 30, 40, 50, 56, 66, 73, 83, 93, 103, 113, 123, 133, 143, 153, 163, 171, 181, 191, 200]"
262,41,"[2, 2, 0, 2, 0, 2, 2, 0, 2, 2, 2, 2, 2, 2, 2, 2, 2, 2, 2, 2, 2, 2, 2, 2, 4, 2, 2, 2, 2, 2, 2, 2, 2, 3, 2, 2, 2, 2, 2, 0, 2]","[""accelerate"", ""accelerate"", ""turn_left"", ""accelerate"", ""turn_left"", ""accelerate"", ""accelerate"", ""turn_left"", ""accelerate"", ""accelerate"", ""accelerate"", ""accelerate"", ""accelerate"", ""accelerate"", ""accelerate"", ""accelerate"", ""accelerate"", ""accelerate"", ""accelerate"", ""accelerate"", ""accelerate"", ""accelerate"", ""accelerate"", ""accelerate"", ""cruise"", ""accelerate"", ""accelerate"", ""accelerate"", ""accelerate"", ""accelerate"", ""accelerate"", ""accelerate"", ""accelerate"", ""decelerate"", ""accelerate"", ""accelerate"", ""accelerate"", ""accelerate"", ""accelerate"", ""turn_left"", ""accelerate""]","[0, 10, 20, 23, 33, 35, 45, 55, 62, 72, 82, 92, 97, 98, 99, 100, 101, 102, 103, 104, 105, 106, 107, 108, 109, 119, 120, 121, 122, 123, 124, 125, 126, 127, 137, 147, 157, 167, 177, 187, 196]","[10, 20, 23, 33, 35, 45, 55, 62, 72, 82, 92, 97, 98, 99, 100, 101, 102, 103, 104, 105, 106, 107, 108, 109, 119, 120, 121, 122, 123, 124, 125, 126, 127, 137, 147, 157, 167, 177, 187, 196, 200]"
263,32,"[2, 2, 0, 0, 0, 2, 2, 2, 2, 2, 2, 2, 2, 2, 2, 2, 2, 2, 2, 3, 2, 2, 3, 2, 2, 3, 3, 2, 2, 2, 4, 2]","[""accelerate"", ""accelerate"", ""turn_left"", ""turn_left"", ""turn_left"", ""accelerate"", ""accelerate"", ""accelerate"", ""accelerate"", ""accelerate"", ""accelerate"", ""accelerate"", ""accelerate"", ""accelerate"", ""accelerate"", ""accelerate"", ""accelerate"", ""accelerate"", ""accelerate"", ""decelerate"", ""accelerate"", ""accelerate"", ""decelerate"", ""accelerate"", ""accelerate"", ""decelerate"", ""decelerate"", ""accelerate"", ""accelerate"", ""accelerate"", ""cruise"", ""accelerate""]","[0, 10, 20, 22, 26, 31, 41, 51, 61, 71, 77, 78, 79, 80, 81, 82, 83, 84, 85, 86, 96, 106, 116, 126, 136, 146, 156, 157, 167, 177, 187, 197]","[10, 20, 22, 26, 31, 41, 51, 61, 71, 77, 78, 79, 80, 81, 82, 83, 84, 85, 86, 96, 106, 116, 126, 136, 146, 156, 157, 167, 177, 187, 197, 200]"
264,29,"[2, 2, 2, 2, 2, 2, 2, 2, 2, 2, 1, 0, 2, 2, 2, 2, 2, 3, 2, 2, 3, 3, 2, 2, 3, 2, 2, 2, 2]","[""accelerate"", ""accelerate"", ""accelerate"", ""accelerate"", ""accelerate"", ""accelerate"", ""accelerate"", ""accelerate"", ""accelerate"", ""accelerate"", ""turn_right"", ""turn_left"", ""accelerate"", ""accelerate"", ""accelerate"", ""accelerate"", ""accelerate"", ""decelerate"", ""accelerate"", ""accelerate"", ""decelerate"", ""decelerate"", ""accelerate"", ""accelerate"", ""decelerate"", ""accelerate"", ""accelerate"", ""accelerate"", ""accelerate""]","[0, 10, 20, 30, 40, 41, 42, 43, 44, 45, 46, 55, 63, 73, 83, 91, 92, 93, 103, 113, 123, 133, 134, 144, 154, 164, 174, 184, 194]","[10, 20, 30, 40, 41, 42, 43, 44, 45, 46, 55, 63, 73, 83, 91, 92, 93, 103, 113, 123, 133, 134, 144, 154, 164, 174, 184, 194, 200]"
265,35,"[0, 0, 0, 4, 2, 0, 2, 2, 2, 2, 1, 2, 2, 2, 2, 2, 2, 2, 2, 2, 2, 2, 2, 2, 2, 2, 3, 2, 3, 2, 2, 3, 2, 2, 2]","[""turn_left"", ""turn_left"", ""turn_left"", ""cruise"", ""accelerate"", ""turn_left"", ""accelerate"", ""accelerate"", ""accelerate"", ""accelerate"", ""turn_right"", ""accelerate"", ""accelerate"", ""accelerate"", ""accelerate"", ""accelerate"", ""accelerate"", ""accelerate"", ""accelerate"", ""accelerate"", ""accelerate"", ""accelerate"", ""accelerate"", ""accelerate"", ""accelerate"", ""accelerate"", ""decelerate"", ""accelerate"", ""decelerate"", ""accelerate"", ""accelerate"", ""decelerate"", ""accelerate"", ""accelerate"", ""accelerate""]","[0, 2, 4, 12, 22, 32, 41, 51, 61, 71, 81, 89, 99, 104, 105, 106, 107, 108, 109, 110, 111, 112, 113, 114, 115, 116, 117, 127, 137, 147, 157, 167, 177, 187, 197]","[2, 4, 12, 22, 32, 41, 51, 61, 71, 81, 89, 99, 104, 105, 106, 107, 108, 109, 110, 111, 112, 113, 114, 115, 116, 117, 127, 137, 147, 157, 167, 177, 187, 197, 200]"
266,27,"[1, 0, 0, 4, 2, 2, 0, 0, 0, 2, 2, 0, 0, 0, 0, 2, 0, 2, 0, 0, 0, 0, 2, 2, 0, 0, 2]","[""turn_right"", ""turn_left"", ""turn_left"", ""cruise"", ""accelerate"", ""accelerate"", ""turn_left"", ""turn_left"", ""turn_left"", ""accelerate"", ""accelerate"", ""turn_left"", ""turn_left"", ""turn_left"", ""turn_left"", ""accelerate"", ""turn_left"", ""accelerate"", ""turn_left"", ""turn_left"", ""turn_left"", ""turn_left"", ""accelerate"", ""accelerate"", ""turn_left"", ""turn_left"", ""accelerate""]","[0, 3, 8, 9, 19, 29, 39, 45, 51, 58, 68, 78, 85, 92, 100, 109, 119, 128, 138, 145, 151, 156, 162, 172, 182, 188, 192]","[3, 8, 9, 19, 29, 39, 45, 51, 58, 68, 78, 85, 92, 100, 109, 119, 128, 138, 145, 151, 156, 162, 172, 182, 188, 192, 200]"
267,30,"[2, 2, 2, 2, 2, 2, 2, 2, 2, 2, 1, 2, 4, 2, 2, 2, 2, 2, 0, 2, 2, 2, 2, 3, 3, 2, 2, 2, 1, 2]","[""accelerate"", ""accelerate"", ""accelerate"", ""accelerate"", ""accelerate"", ""accelerate"", ""accelerate"", ""accelerate"", ""accelerate"", ""accelerate"", ""turn_right"", ""accelerate"", ""cruise"", ""accelerate"", ""accelerate"", ""accelerate"", ""accelerate"", ""accelerate"", ""turn_left"", ""accelerate"", ""accelerate"", ""accelerate"", ""accelerate"", ""decelerate"", ""decelerate"", ""accelerate"", ""accelerate"", ""accelerate"", ""turn_right"", ""accelerate""]","[0, 10, 20, 30, 40, 42, 43, 44, 45, 46, 47, 56, 66, 76, 86, 89, 90, 91, 92, 101, 111, 121, 131, 141, 151, 154, 164, 174, 184, 193]","[10, 20, 30, 40, 42, 43, 44, 45, 46, 47, 56, 66, 76, 86, 89, 90, 91, 92, 101, 111, 121, 131, 141, 151, 154, 164, 174, 184, 193, 200]"
268,35,"[1, 2, 2, 0, 0, 2, 2, 2, 0, 2, 0, 2, 2, 2, 0, 0, 2, 2, 2, 2, 2, 2, 2, 2, 2, 3, 3, 2, 0, 1, 2, 2, 2, 2, 2]","[""turn_right"", ""accelerate"", ""accelerate"", ""turn_left"", ""turn_left"", ""accelerate"", ""accelerate"", ""accelerate"", ""turn_left"", ""accelerate"", ""turn_left"", ""accelerate"", ""accelerate"", ""accelerate"", ""turn_left"", ""turn_left"", ""accelerate"", ""accelerate"", ""accelerate"", ""accelerate"", ""accelerate"", ""accelerate"", ""accelerate"", ""accelerate"", ""accelerate"", ""decelerate"", ""decelerate"", ""accelerate"", ""turn_left"", ""turn_right"", ""accelerate"", ""accelerate"", ""accelerate"", ""accelerate"", ""accelerate""]","[0, 3, 13, 23, 33, 43, 53, 57, 58, 68, 72, 82, 84, 85, 86, 96, 106, 109, 110, 111, 112, 113, 114, 115, 116, 117, 127, 133, 143, 149, 159, 169, 179, 189, 199]","[3, 13, 23, 33, 43, 53, 57, 58, 68, 72, 82, 84, 85, 86, 96, 106, 109, 110, 111, 112, 113, 114, 115, 116, 117, 127, 133, 143, 149, 159, 169, 179, 189, 199, 200]"
269,25,"[2, 2, 2, 2, 2, 2, 1, 2, 2, 2, 2, 2, 0, 2, 3, 3, 2, 3, 2, 2, 2, 3, 2, 2, 2]","[""accelerate"", ""accelerate"", ""accelerate"", ""accelerate"", ""accelerate"", ""accelerate"", ""turn_right"", ""accelerate"", ""accelerate"", ""accelerate"", ""accelerate"", ""accelerate"", ""turn_left"", ""accelerate"", ""decelerate"", ""decelerate"", ""accelerate"", ""decelerate"", ""accelerate"", ""accelerate"", ""accelerate"", ""decelerate"", ""accelerate"", ""accelerate"", ""accelerate""]","[0, 10, 20, 30, 40, 50, 57, 66, 76, 83, 84, 85, 86, 95, 105, 115, 116, 126, 133, 143, 153, 163, 173, 183, 193]","[10, 20, 30, 40, 50, 57, 66, 76, 83, 84, 85, 86, 95, 105, 115, 116, 126, 133, 143, 153, 163, 173, 183, 193, 200]"
270,25,"[1, 2, 2, 4, 2, 0, 2, 2, 2, 0, 0, 2, 2, 2, 0, 3, 2, 2, 2, 0, 2, 2, 2, 2, 3]","[""turn_right"", ""accelerate"", ""accelerate"", ""cruise"", ""accelerate"", ""turn_left"", ""accelerate"", ""accelerate"", ""accelerate"", ""turn_left"", ""turn_left"", ""accelerate"", ""accelerate"", ""accelerate"", ""turn_left"", ""decelerate"", ""accelerate"", ""accelerate"", ""accelerate"", ""turn_left"", ""accelerate"", ""accelerate"", ""accelerate"", ""accelerate"", ""decelerate""]","[0, 3, 13, 23, 33, 43, 53, 63, 66, 67, 77, 87, 97, 98, 99, 109, 119, 129, 139, 149, 152, 162, 172, 182, 192]","[3, 13, 23, 33, 43, 53, 63, 66, 67, 77, 87, 97, 98, 99, 109, 119, 129, 139, 149, 152, 162, 172, 182, 192, 200]"
271,30,"[2, 2, 2, 2, 4, 2, 2, 1, 2, 2, 2, 2, 2, 4, 2, 2, 2, 2, 1, 3, 2, 2, 0, 3, 2, 2, 3, 2, 2, 2]","[""accelerate"", ""accelerate"", ""accelerate"", ""accelerate"", ""cruise"", ""accelerate"", ""accelerate"", ""turn_right"", ""accelerate"", ""accelerate"", ""accelerate"", ""accelerate"", ""accelerate"", ""cruise"", ""accelerate"", ""accelerate"", ""accelerate"", ""accelerate"", ""turn_right"", ""decelerate"", ""accelerate"", ""accelerate"", ""turn_left"", ""decelerate"", ""accelerate"", ""accelerate"", ""decelerate"", ""accelerate"", ""accelerate"", ""accelerate""]","[0, 10, 20, 30, 31, 41, 42, 43, 52, 62, 72, 75, 76, 77, 87, 89, 90, 91, 92, 100, 110, 120, 130, 139, 149, 159, 169, 176, 186, 196]","[10, 20, 30, 31, 41, 42, 43, 52, 62, 72, 75, 76, 77, 87, 89, 90, 91, 92, 100, 110, 120, 130, 139, 149, 159, 169, 176, 186, 196, 200]"
272,38,"[2, 2, 2, 2, 2, 2, 2, 2, 2, 2, 2, 2, 2, 2, 2, 2, 2, 0, 2, 2, 2, 2, 1, 2, 2, 1, 2, 3, 2, 2, 3, 3, 2, 3, 2, 2, 1, 2]","[""accelerate"", ""accelerate"", ""accelerate"", ""accelerate"", ""accelerate"", ""accelerate"", ""accelerate"", ""accelerate"", ""accelerate"", ""accelerate"", ""accelerate"", ""accelerate"", ""accelerate"", ""accelerate"", ""accelerate"", ""accelerate"", ""accelerate"", ""turn_left"", ""accelerate"", ""accelerate"", ""accelerate"", ""accelerate"", ""turn_right"", ""accelerate"", ""accelerate"", ""turn_right"", ""accelerate"", ""decelerate"", ""accelerate"", ""accelerate"", ""decelerate"", ""decelerate"", ""accelerate"", ""decelerate"", ""accelerate"", ""accelerate"", ""turn_right"", ""accelerate""]","[0, 10, 20, 22, 23, 24, 25, 26, 27, 28, 29, 30, 31, 32, 33, 34, 35, 36, 45, 50, 51, 52, 53, 62, 72, 82, 90, 100, 110, 120, 130, 140, 146, 156, 162, 172, 182, 190]","[10, 20, 22, 23, 24, 25, 26, 27, 28, 29, 30, 31, 32, 33, 34, 35, 36, 45, 50, 51, 52, 53, 62, 72, 82, 90, 100, 110, 120, 130, 140, 146, 156, 162, 172, 182, 190, 200]"
273,33,"[2, 2, 0, 2, 2, 2, 2, 3, 2, 2, 2, 2, 2, 2, 2, 0, 2, 2, 3, 3, 2, 2, 3, 2, 3, 2, 3, 2, 3, 2, 3, 2, 2]","[""accelerate"", ""accelerate"", ""turn_left"", ""accelerate"", ""accelerate"", ""accelerate"", ""accelerate"", ""decelerate"", ""accelerate"", ""accelerate"", ""accelerate"", ""accelerate"", ""accelerate"", ""accelerate"", ""accelerate"", ""turn_left"", ""accelerate"", ""accelerate"", ""decelerate"", ""decelerate"", ""accelerate"", ""accelerate"", ""decelerate"", ""accelerate"", ""decelerate"", ""accelerate"", ""decelerate"", ""accelerate"", ""decelerate"", ""accelerate"", ""decelerate"", ""accelerate"", ""accelerate""]","[0, 10, 12, 18, 21, 22, 23, 24, 34, 44, 48, 49, 50, 51, 52, 53, 60, 70, 80, 90, 91, 101, 111, 121, 131, 138, 148, 155, 165, 172, 182, 185, 195]","[10, 12, 18, 21, 22, 23, 24, 34, 44, 48, 49, 50, 51, 52, 53, 60, 70, 80, 90, 91, 101, 111, 121, 131, 138, 148, 155, 165, 172, 182, 185, 195, 200]"
274,33,"[2, 2, 2, 0, 2, 2, 0, 2, 4, 2, 2, 2, 2, 1, 2, 2, 2, 2, 3, 2, 3, 2, 4, 3, 2, 3, 2, 2, 3, 2, 2, 3, 2]","[""accelerate"", ""accelerate"", ""accelerate"", ""turn_left"", ""accelerate"", ""accelerate"", ""turn_left"", ""accelerate"", ""cruise"", ""accelerate"", ""accelerate"", ""accelerate"", ""accelerate"", ""turn_right"", ""accelerate"", ""accelerate"", ""accelerate"", ""accelerate"", ""decelerate"", ""accelerate"", ""decelerate"", ""accelerate"", ""cruise"", ""decelerate"", ""accelerate"", ""decelerate"", ""accelerate"", ""accelerate"", ""decelerate"", ""accelerate"", ""accelerate"", ""decelerate"", ""accelerate""]","[0, 10, 11, 12, 18, 21, 22, 28, 31, 41, 42, 43, 44, 45, 55, 62, 63, 64, 65, 75, 85, 93, 103, 113, 120, 130, 137, 147, 157, 167, 177, 187, 196]","[10, 11, 12, 18, 21, 22, 28, 31, 41, 42, 43, 44, 45, 55, 62, 63, 64, 65, 75, 85, 93, 103, 113, 120, 130, 137, 147, 157, 167, 177, 187, 196, 200]"
275,17,"[0, 2, 2, 2, 0, 2, 0, 2, 4, 2, 2, 2, 1, 2, 2, 2, 1]","[""turn_left"", ""accelerate"", ""accelerate"", ""accelerate"", ""turn_left"", ""accelerate"", ""turn_left"", ""accelerate"", ""cruise"", ""accelerate"", ""accelerate"", ""accelerate"", ""turn_right"", ""accelerate"", ""accelerate"", ""accelerate"", ""turn_right""]","[0, 2, 12, 19, 20, 26, 28, 35, 38, 48, 49, 50, 51, 61, 71, 81, 91]","[2, 12, 19, 20, 26, 28, 35, 38, 48, 49, 50, 51, 61, 71, 81, 91, 92]"
276,24,"[2, 2, 2, 2, 2, 2, 2, 2, 2, 0, 1, 2, 2, 2, 2, 2, 2, 2, 2, 3, 2, 2, 2, 2]","[""accelerate"", ""accelerate"", ""accelerate"", ""accelerate"", ""accelerate"", ""accelerate"", ""accelerate"", ""accelerate"", ""accelerate"", ""turn_left"", ""turn_right"", ""accelerate"", ""accelerate"", ""accelerate"", ""accelerate"", ""accelerate"", ""accelerate"", ""accelerate"", ""accelerate"", ""decelerate"", ""accelerate"", ""accelerate"", ""accelerate"", ""accelerate""]","[0, 10, 20, 21, 22, 23, 24, 25, 26, 27, 35, 45, 50, 51, 52, 53, 54, 55, 56, 57, 67, 77, 87, 97]","[10, 20, 21, 22, 23, 24, 25, 26, 27, 35, 45, 50, 51, 52, 53, 54, 55, 56, 57, 67, 77, 87, 97, 103]"
277,19,"[4, 2, 2, 2, 2, 0, 2, 2, 2, 0, 1, 2, 0, 1, 2, 0, 1, 1, 0]","[""cruise"", ""accelerate"", ""accelerate"", ""accelerate"", ""accelerate"", ""turn_left"", ""accelerate"", ""accelerate"", ""accelerate"", ""turn_left"", ""turn_right"", ""accelerate"", ""turn_left"", ""turn_right"", ""accelerate"", ""turn_left"", ""turn_right"", ""turn_right"", ""turn_left""]","[0, 10, 20, 22, 23, 24, 30, 32, 33, 34, 41, 51, 55, 61, 71, 75, 81, 90, 98]","[10, 20, 22, 23, 24, 30, 32, 33, 34, 41, 51, 55, 61, 71, 75, 81, 90, 98, 99]"
278,27,"[2, 0, 2, 2, 2, 2, 2, 2, 2, 2, 2, 2, 0, 2, 2, 2, 3, 2, 1, 2, 2, 2, 2, 2, 2, 2, 1]","[""accelerate"", ""turn_left"", ""accelerate"", ""accelerate"", ""accelerate"", ""accelerate"", ""accelerate"", ""accelerate"", ""accelerate"", ""accelerate"", ""accelerate"", ""accelerate"", ""turn_left"", ""accelerate"", ""accelerate"", ""accelerate"", ""decelerate"", ""accelerate"", ""turn_right"", ""accelerate"", ""accelerate"", ""accelerate"", ""accelerate"", ""accelerate"", ""accelerate"", ""accelerate"", ""turn_right""]","[0, 10, 13, 18, 19, 20, 21, 22, 23, 24, 25, 26, 27, 34, 35, 36, 37, 47, 57, 67, 71, 72, 73, 74, 75, 76, 77]","[10, 13, 18, 19, 20, 21, 22, 23, 24, 25, 26, 27, 34, 35, 36, 37, 47, 57, 67, 71, 72, 73, 74, 75, 76, 77, 86]"
279,30,"[2, 2, 1, 2, 2, 2, 2, 2, 2, 0, 1, 2, 2, 2, 2, 2, 2, 2, 2, 2, 2, 2, 2, 2, 2, 1, 2, 2, 1, 2]","[""accelerate"", ""accelerate"", ""turn_right"", ""accelerate"", ""accelerate"", ""accelerate"", ""accelerate"", ""accelerate"", ""accelerate"", ""turn_left"", ""turn_right"", ""accelerate"", ""accelerate"", ""accelerate"", ""accelerate"", ""accelerate"", ""accelerate"", ""accelerate"", ""accelerate"", ""accelerate"", ""accelerate"", ""accelerate"", ""accelerate"", ""accelerate"", ""accelerate"", ""turn_right"", ""accelerate"", ""accelerate"", ""turn_right"", ""accelerate""]","[0, 10, 12, 22, 32, 33, 34, 35, 36, 37, 44, 54, 58, 59, 60, 61, 62, 63, 64, 65, 66, 67, 68, 69, 70, 71, 81, 84, 85, 94]","[10, 12, 22, 32, 33, 34, 35, 36, 37, 44, 54, 58, 59, 60, 61, 62, 63, 64, 65, 66, 67, 68, 69, 70, 71, 81, 84, 85, 94, 96]"
280,12,"[1, 2, 2, 2, 2, 2, 2, 2, 2, 2, 2, 2]","[""turn_right"", ""accelerate"", ""accelerate"", ""accelerate"", ""accelerate"", ""accelerate"", ""accelerate"", ""accelerate"", ""accelerate"", ""accelerate"", ""accelerate"", ""accelerate""]","[0, 2, 12, 15, 16, 17, 18, 19, 20, 21, 22, 23]","[2, 12, 15, 16, 17, 18, 19, 20, 21, 22, 23, 24]"
281,28,"[2, 4, 2, 2, 2, 2, 2, 2, 2, 2, 2, 2, 2, 2, 2, 2, 2, 2, 2, 2, 2, 4, 2, 4, 2, 2, 2, 1]","[""accelerate"", ""cruise"", ""accelerate"", ""accelerate"", ""accelerate"", ""accelerate"", ""accelerate"", ""accelerate"", ""accelerate"", ""accelerate"", ""accelerate"", ""accelerate"", ""accelerate"", ""accelerate"", ""accelerate"", ""accelerate"", ""accelerate"", ""accelerate"", ""accelerate"", ""accelerate"", ""accelerate"", ""cruise"", ""accelerate"", ""cruise"", ""accelerate"", ""accelerate"", ""accelerate"", ""turn_right""]","[0, 10, 20, 28, 29, 30, 31, 32, 33, 34, 35, 36, 37, 38, 39, 40, 41, 42, 43, 44, 45, 46, 56, 57, 67, 68, 69, 70]","[10, 20, 28, 29, 30, 31, 32, 33, 34, 35, 36, 37, 38, 39, 40, 41, 42, 43, 44, 45, 46, 56, 57, 67, 68, 69, 70, 71]"
282,58,"[2, 0, 2, 2, 2, 2, 2, 2, 0, 2, 2, 2, 2, 2, 2, 2, 2, 2, 2, 2, 2, 2, 2, 2, 2, 2, 2, 2, 2, 2, 2, 2, 1, 1, 2, 3, 2, 1, 2, 1, 2, 2, 2, 2, 2, 2, 2, 2, 2, 2, 2, 3, 3, 2, 2, 2, 2, 2]","[""accelerate"", ""turn_left"", ""accelerate"", ""accelerate"", ""accelerate"", ""accelerate"", ""accelerate"", ""accelerate"", ""turn_left"", ""accelerate"", ""accelerate"", ""accelerate"", ""accelerate"", ""accelerate"", ""accelerate"", ""accelerate"", ""accelerate"", ""accelerate"", ""accelerate"", ""accelerate"", ""accelerate"", ""accelerate"", ""accelerate"", ""accelerate"", ""accelerate"", ""accelerate"", ""accelerate"", ""accelerate"", ""accelerate"", ""accelerate"", ""accelerate"", ""accelerate"", ""turn_right"", ""turn_right"", ""accelerate"", ""decelerate"", ""accelerate"", ""turn_right"", ""accelerate"", ""turn_right"", ""accelerate"", ""accelerate"", ""accelerate"", ""accelerate"", ""accelerate"", ""accelerate"", ""accelerate"", ""accelerate"", ""accelerate"", ""accelerate"", ""accelerate"", ""decelerate"", ""decelerate"", ""accelerate"", ""accelerate"", ""accelerate"", ""accelerate"", ""accelerate""]","[0, 10, 14, 19, 20, 21, 22, 23, 24, 31, 33, 34, 35, 36, 37, 38, 39, 40, 41, 42, 43, 44, 45, 46, 47, 48, 49, 50, 51, 52, 53, 54, 55, 65, 73, 83, 93, 103, 108, 118, 126, 133, 134, 135, 136, 137, 138, 139, 140, 141, 142, 143, 153, 158, 168, 178, 188, 198]","[10, 14, 19, 20, 21, 22, 23, 24, 31, 33, 34, 35, 36, 37, 38, 39, 40, 41, 42, 43, 44, 45, 46, 47, 48, 49, 50, 51, 52, 53, 54, 55, 65, 73, 83, 93, 103, 108, 118, 126, 133, 134, 135, 136, 137, 138, 139, 140, 141, 142, 143, 153, 158, 168, 178, 188, 198, 200]"
283,37,"[2, 2, 2, 2, 2, 2, 2, 2, 2, 2, 2, 2, 2, 1, 2, 2, 2, 2, 2, 4, 2, 3, 2, 2, 3, 2, 2, 0, 1, 4, 2, 0, 2, 2, 2, 2, 2]","[""accelerate"", ""accelerate"", ""accelerate"", ""accelerate"", ""accelerate"", ""accelerate"", ""accelerate"", ""accelerate"", ""accelerate"", ""accelerate"", ""accelerate"", ""accelerate"", ""accelerate"", ""turn_right"", ""accelerate"", ""accelerate"", ""accelerate"", ""accelerate"", ""accelerate"", ""cruise"", ""accelerate"", ""decelerate"", ""accelerate"", ""accelerate"", ""decelerate"", ""accelerate"", ""accelerate"", ""turn_left"", ""turn_right"", ""cruise"", ""accelerate"", ""turn_left"", ""accelerate"", ""accelerate"", ""accelerate"", ""accelerate"", ""accelerate""]","[0, 10, 11, 12, 13, 14, 15, 16, 17, 18, 19, 20, 21, 22, 32, 34, 35, 36, 37, 38, 48, 49, 59, 69, 79, 89, 99, 109, 118, 127, 137, 147, 153, 163, 173, 183, 193]","[10, 11, 12, 13, 14, 15, 16, 17, 18, 19, 20, 21, 22, 32, 34, 35, 36, 37, 38, 48, 49, 59, 69, 79, 89, 99, 109, 118, 127, 137, 147, 153, 163, 173, 183, 193, 200]"
284,13,"[2, 2, 2, 2, 2, 2, 2, 2, 2, 2, 2, 2, 4]","[""accelerate"", ""accelerate"", ""accelerate"", ""accelerate"", ""accelerate"", ""accelerate"", ""accelerate"", ""accelerate"", ""accelerate"", ""accelerate"", ""accelerate"", ""accelerate"", ""cruise""]","[0, 10, 11, 12, 13, 14, 15, 16, 17, 18, 19, 20, 21]","[10, 11, 12, 13, 14, 15, 16, 17, 18, 19, 20, 21, 22]"
285,35,"[4, 2, 2, 2, 2, 2, 2, 0, 2, 2, 2, 4, 2, 2, 2, 1, 2, 1, 2, 2, 2, 2, 2, 1, 2, 2, 3, 2, 0, 2, 3, 3, 2, 2, 3]","[""cruise"", ""accelerate"", ""accelerate"", ""accelerate"", ""accelerate"", ""accelerate"", ""accelerate"", ""turn_left"", ""accelerate"", ""accelerate"", ""accelerate"", ""cruise"", ""accelerate"", ""accelerate"", ""accelerate"", ""turn_right"", ""accelerate"", ""turn_right"", ""accelerate"", ""accelerate"", ""accelerate"", ""accelerate"", ""accelerate"", ""turn_right"", ""accelerate"", ""accelerate"", ""decelerate"", ""accelerate"", ""turn_left"", ""accelerate"", ""decelerate"", ""decelerate"", ""accelerate"", ""accelerate"", ""decelerate""]","[0, 10, 20, 28, 29, 30, 31, 32, 39, 42, 43, 44, 54, 55, 56, 57, 67, 72, 81, 91, 92, 93, 94, 95, 104, 114, 116, 126, 136, 144, 154, 164, 174, 184, 194]","[10, 20, 28, 29, 30, 31, 32, 39, 42, 43, 44, 54, 55, 56, 57, 67, 72, 81, 91, 92, 93, 94, 95, 104, 114, 116, 126, 136, 144, 154, 164, 174, 184, 194, 200]"
286,13,"[2, 2, 2, 2, 2, 2, 2, 2, 2, 2, 2, 2, 2]","[""accelerate"", ""accelerate"", ""accelerate"", ""accelerate"", ""accelerate"", ""accelerate"", ""accelerate"", ""accelerate"", ""accelerate"", ""accelerate"", ""accelerate"", ""accelerate"", ""accelerate""]","[0, 10, 12, 13, 14, 15, 16, 17, 18, 19, 20, 21, 22]","[10, 12, 13, 14, 15, 16, 17, 18, 19, 20, 21, 22, 23]"
287,13,"[2, 2, 2, 2, 2, 2, 2, 2, 2, 2, 2, 2, 2]","[""accelerate"", ""accelerate"", ""accelerate"", ""accelerate"", ""accelerate"", ""accelerate"", ""accelerate"", ""accelerate"", ""accelerate"", ""accelerate"", ""accelerate"", ""accelerate"", ""accelerate""]","[0, 10, 11, 12, 13, 14, 15, 16, 17, 18, 19, 20, 21]","[10, 11, 12, 13, 14, 15, 16, 17, 18, 19, 20, 21, 22]"
288,28,"[1, 2, 2, 0, 2, 2, 0, 2, 2, 2, 2, 0, 2, 2, 2, 3, 2, 2, 2, 2, 3, 2, 1, 2, 2, 2, 2, 0]","[""turn_right"", ""accelerate"", ""accelerate"", ""turn_left"", ""accelerate"", ""accelerate"", ""turn_left"", ""accelerate"", ""accelerate"", ""accelerate"", ""accelerate"", ""turn_left"", ""accelerate"", ""accelerate"", ""accelerate"", ""decelerate"", ""accelerate"", ""accelerate"", ""accelerate"", ""accelerate"", ""decelerate"", ""accelerate"", ""turn_right"", ""accelerate"", ""accelerate"", ""accelerate"", ""accelerate"", ""turn_left""]","[0, 2, 12, 22, 32, 42, 43, 53, 63, 64, 65, 66, 75, 85, 86, 87, 97, 107, 117, 127, 137, 143, 153, 159, 169, 179, 189, 199]","[2, 12, 22, 32, 42, 43, 53, 63, 64, 65, 66, 75, 85, 86, 87, 97, 107, 117, 127, 137, 143, 153, 159, 169, 179, 189, 199, 200]"
289,11,"[2, 2, 2, 2, 2, 2, 2, 2, 2, 2, 2]","[""accelerate"", ""accelerate"", ""accelerate"", ""accelerate"", ""accelerate"", ""accelerate"", ""accelerate"", ""accelerate"", ""accelerate"", ""accelerate"", ""accelerate""]","[0, 10, 11, 12, 13, 14, 15, 16, 17, 18, 19]","[10, 11, 12, 13, 14, 15, 16, 17, 18, 19, 20]"
290,25,"[2, 0, 2, 2, 2, 0, 0, 2, 2, 2, 2, 0, 3, 2, 2, 3, 2, 2, 2, 2, 2, 4, 3, 2, 2]","[""accelerate"", ""turn_left"", ""accelerate"", ""accelerate"", ""accelerate"", ""turn_left"", ""turn_left"", ""accelerate"", ""accelerate"", ""accelerate"", ""accelerate"", ""turn_left"", ""decelerate"", ""accelerate"", ""accelerate"", ""decelerate"", ""accelerate"", ""accelerate"", ""accelerate"", ""accelerate"", ""accelerate"", ""cruise"", ""decelerate"", ""accelerate"", ""accelerate""]","[0, 10, 20, 30, 40, 43, 53, 62, 70, 71, 72, 73, 82, 92, 102, 112, 114, 124, 134, 144, 154, 164, 174, 181, 191]","[10, 20, 30, 40, 43, 53, 62, 70, 71, 72, 73, 82, 92, 102, 112, 114, 124, 134, 144, 154, 164, 174, 181, 191, 200]"
291,32,"[2, 0, 0, 2, 2, 2, 2, 2, 2, 2, 2, 2, 4, 1, 2, 2, 3, 3, 2, 3, 2, 1, 3, 2, 3, 2, 2, 2, 2, 2, 2, 2]","[""accelerate"", ""turn_left"", ""turn_left"", ""accelerate"", ""accelerate"", ""accelerate"", ""accelerate"", ""accelerate"", ""accelerate"", ""accelerate"", ""accelerate"", ""accelerate"", ""cruise"", ""turn_right"", ""accelerate"", ""accelerate"", ""decelerate"", ""decelerate"", ""accelerate"", ""decelerate"", ""accelerate"", ""turn_right"", ""decelerate"", ""accelerate"", ""decelerate"", ""accelerate"", ""accelerate"", ""accelerate"", ""accelerate"", ""accelerate"", ""accelerate"", ""accelerate""]","[0, 10, 18, 22, 30, 31, 32, 33, 34, 35, 36, 37, 38, 48, 58, 64, 65, 75, 77, 87, 93, 103, 109, 118, 128, 134, 144, 154, 164, 174, 184, 194]","[10, 18, 22, 30, 31, 32, 33, 34, 35, 36, 37, 38, 48, 58, 64, 65, 75, 77, 87, 93, 103, 109, 118, 128, 134, 144, 154, 164, 174, 184, 194, 200]"
292,31,"[2, 4, 2, 2, 0, 0, 2, 0, 2, 2, 2, 2, 2, 2, 2, 2, 2, 2, 2, 0, 2, 2, 2, 2, 3, 2, 3, 2, 3, 2, 2]","[""accelerate"", ""cruise"", ""accelerate"", ""accelerate"", ""turn_left"", ""turn_left"", ""accelerate"", ""turn_left"", ""accelerate"", ""accelerate"", ""accelerate"", ""accelerate"", ""accelerate"", ""accelerate"", ""accelerate"", ""accelerate"", ""accelerate"", ""accelerate"", ""accelerate"", ""turn_left"", ""accelerate"", ""accelerate"", ""accelerate"", ""accelerate"", ""decelerate"", ""accelerate"", ""decelerate"", ""accelerate"", ""decelerate"", ""accelerate"", ""accelerate""]","[0, 10, 20, 30, 40, 49, 59, 69, 78, 84, 85, 86, 87, 88, 89, 90, 91, 92, 93, 94, 104, 114, 124, 134, 144, 153, 163, 169, 179, 186, 196]","[10, 20, 30, 40, 49, 59, 69, 78, 84, 85, 86, 87, 88, 89, 90, 91, 92, 93, 94, 104, 114, 124, 134, 144, 153, 163, 169, 179, 186, 196, 200]"
293,51,"[0, 0, 2, 0, 2, 2, 2, 2, 1, 1, 1, 2, 2, 2, 2, 2, 2, 2, 2, 2, 2, 2, 2, 2, 2, 2, 2, 2, 2, 2, 2, 2, 2, 2, 2, 2, 2, 2, 2, 2, 1, 2, 2, 3, 2, 2, 2, 0, 4, 0, 2]","[""turn_left"", ""turn_left"", ""accelerate"", ""turn_left"", ""accelerate"", ""accelerate"", ""accelerate"", ""accelerate"", ""turn_right"", ""turn_right"", ""turn_right"", ""accelerate"", ""accelerate"", ""accelerate"", ""accelerate"", ""accelerate"", ""accelerate"", ""accelerate"", ""accelerate"", ""accelerate"", ""accelerate"", ""accelerate"", ""accelerate"", ""accelerate"", ""accelerate"", ""accelerate"", ""accelerate"", ""accelerate"", ""accelerate"", ""accelerate"", ""accelerate"", ""accelerate"", ""accelerate"", ""accelerate"", ""accelerate"", ""accelerate"", ""accelerate"", ""accelerate"", ""accelerate"", ""accelerate"", ""turn_right"", ""accelerate"", ""accelerate"", ""decelerate"", ""accelerate"", ""accelerate"", ""accelerate"", ""turn_left"", ""cruise"", ""turn_left"", ""accelerate""]","[0, 3, 7, 17, 24, 34, 44, 47, 48, 57, 65, 72, 81, 82, 83, 84, 85, 86, 87, 88, 89, 90, 91, 92, 93, 94, 95, 96, 97, 98, 99, 100, 101, 102, 103, 104, 105, 106, 107, 108, 109, 118, 128, 138, 148, 158, 168, 178, 181, 191, 195]","[3, 7, 17, 24, 34, 44, 47, 48, 57, 65, 72, 81, 82, 83, 84, 85, 86, 87, 88, 89, 90, 91, 92, 93, 94, 95, 96, 97, 98, 99, 100, 101, 102, 103, 104, 105, 106, 107, 108, 109, 118, 128, 138, 148, 158, 168, 178, 181, 191, 195, 200]"
294,15,"[0, 2, 2, 2, 2, 0, 0, 2, 0, 2, 2, 2, 2, 0, 2]","[""turn_left"", ""accelerate"", ""accelerate"", ""accelerate"", ""accelerate"", ""turn_left"", ""turn_left"", ""accelerate"", ""turn_left"", ""accelerate"", ""accelerate"", ""accelerate"", ""accelerate"", ""turn_left"", ""accelerate""]","[0, 3, 13, 22, 23, 24, 32, 39, 49, 56, 66, 76, 81, 82, 91]","[3, 13, 22, 23, 24, 32, 39, 49, 56, 66, 76, 81, 82, 91, 97]"
295,21,"[0, 2, 0, 1, 2, 2, 2, 2, 2, 2, 2, 2, 2, 2, 2, 1, 0, 1, 2, 2, 2]","[""turn_left"", ""accelerate"", ""turn_left"", ""turn_right"", ""accelerate"", ""accelerate"", ""accelerate"", ""accelerate"", ""accelerate"", ""accelerate"", ""accelerate"", ""accelerate"", ""accelerate"", ""accelerate"", ""accelerate"", ""turn_right"", ""turn_left"", ""turn_right"", ""accelerate"", ""accelerate"", ""accelerate""]","[0, 2, 12, 17, 25, 32, 33, 34, 35, 36, 37, 38, 39, 40, 41, 42, 52, 59, 67, 77, 87]","[2, 12, 17, 25, 32, 33, 34, 35, 36, 37, 38, 39, 40, 41, 42, 52, 59, 67, 77, 87, 90]"
296,22,"[2, 2, 2, 0, 2, 2, 2, 2, 2, 2, 2, 2, 2, 2, 2, 2, 0, 2, 2, 2, 2, 2]","[""accelerate"", ""accelerate"", ""accelerate"", ""turn_left"", ""accelerate"", ""accelerate"", ""accelerate"", ""accelerate"", ""accelerate"", ""accelerate"", ""accelerate"", ""accelerate"", ""accelerate"", ""accelerate"", ""accelerate"", ""accelerate"", ""turn_left"", ""accelerate"", ""accelerate"", ""accelerate"", ""accelerate"", ""accelerate""]","[0, 10, 16, 17, 25, 29, 30, 31, 32, 33, 34, 35, 36, 37, 38, 39, 40, 50, 60, 70, 80, 90]","[10, 16, 17, 25, 29, 30, 31, 32, 33, 34, 35, 36, 37, 38, 39, 40, 50, 60, 70, 80, 90, 95]"
297,27,"[0, 2, 0, 2, 0, 2, 4, 2, 2, 2, 2, 2, 1, 2, 2, 2, 2, 2, 2, 2, 2, 2, 2, 2, 2, 2, 1]","[""turn_left"", ""accelerate"", ""turn_left"", ""accelerate"", ""turn_left"", ""accelerate"", ""cruise"", ""accelerate"", ""accelerate"", ""accelerate"", ""accelerate"", ""accelerate"", ""turn_right"", ""accelerate"", ""accelerate"", ""accelerate"", ""accelerate"", ""accelerate"", ""accelerate"", ""accelerate"", ""accelerate"", ""accelerate"", ""accelerate"", ""accelerate"", ""accelerate"", ""accelerate"", ""turn_right""]","[0, 2, 12, 18, 22, 30, 33, 43, 44, 45, 46, 47, 48, 58, 60, 61, 62, 63, 64, 65, 66, 67, 68, 69, 70, 71, 72]","[2, 12, 18, 22, 30, 33, 43, 44, 45, 46, 47, 48, 58, 60, 61, 62, 63, 64, 65, 66, 67, 68, 69, 70, 71, 72, 81]"
298,42,"[2, 2, 2, 2, 2, 2, 2, 2, 2, 2, 2, 0, 2, 2, 2, 1, 2, 2, 2, 2, 2, 2, 2, 2, 2, 2, 3, 2, 2, 3, 2, 2, 3, 3, 2, 3, 2, 2, 3, 2, 1, 3]","[""accelerate"", ""accelerate"", ""accelerate"", ""accelerate"", ""accelerate"", ""accelerate"", ""accelerate"", ""accelerate"", ""accelerate"", ""accelerate"", ""accelerate"", ""turn_left"", ""accelerate"", ""accelerate"", ""accelerate"", ""turn_right"", ""accelerate"", ""accelerate"", ""accelerate"", ""accelerate"", ""accelerate"", ""accelerate"", ""accelerate"", ""accelerate"", ""accelerate"", ""accelerate"", ""decelerate"", ""accelerate"", ""accelerate"", ""decelerate"", ""accelerate"", ""accelerate"", ""decelerate"", ""decelerate"", ""accelerate"", ""decelerate"", ""accelerate"", ""accelerate"", ""decelerate"", ""accelerate"", ""turn_right"", ""decelerate""]","[0, 10, 13, 14, 15, 16, 17, 18, 19, 20, 21, 22, 32, 34, 35, 36, 45, 51, 52, 53, 54, 55, 56, 57, 58, 59, 60, 70, 80, 90, 100, 110, 120, 130, 134, 144, 150, 160, 170, 180, 190, 195]","[10, 13, 14, 15, 16, 17, 18, 19, 20, 21, 22, 32, 34, 35, 36, 45, 51, 52, 53, 54, 55, 56, 57, 58, 59, 60, 70, 80, 90, 100, 110, 120, 130, 134, 144, 150, 160, 170, 180, 190, 195, 200]"
299,6,"[2, 4, 2, 2, 2, 2]","[""accelerate"", ""cruise"", ""accelerate"", ""accelerate"", ""accelerate"", ""accelerate""]","[0, 10, 20, 21, 22, 23]","[10, 20, 21, 22, 23, 24]"
300,32,"[0, 2, 2, 2, 2, 0, 2, 2, 2, 2, 2, 2, 2, 2, 2, 2, 2, 2, 2, 2, 2, 2, 3, 2, 2, 2, 2, 2, 2, 2, 2, 1]","[""turn_left"", ""accelerate"", ""accelerate"", ""accelerate"", ""accelerate"", ""turn_left"", ""accelerate"", ""accelerate"", ""accelerate"", ""accelerate"", ""accelerate"", ""accelerate"", ""accelerate"", ""accelerate"", ""accelerate"", ""accelerate"", ""accelerate"", ""accelerate"", ""accelerate"", ""accelerate"", ""accelerate"", ""accelerate"", ""decelerate"", ""accelerate"", ""accelerate"", ""accelerate"", ""accelerate"", ""accelerate"", ""accelerate"", ""accelerate"", ""accelerate"", ""turn_right""]","[0, 2, 12, 20, 21, 22, 29, 32, 33, 34, 35, 36, 37, 38, 39, 40, 41, 42, 43, 44, 45, 46, 47, 57, 67, 68, 69, 70, 71, 72, 73, 74]","[2, 12, 20, 21, 22, 29, 32, 33, 34, 35, 36, 37, 38, 39, 40, 41, 42, 43, 44, 45, 46, 47, 57, 67, 68, 69, 70, 71, 72, 73, 74, 77]"
301,40,"[0, 0, 2, 2, 2, 2, 2, 2, 2, 2, 2, 2, 2, 2, 2, 2, 2, 2, 2, 2, 2, 2, 2, 2, 2, 2, 2, 2, 2, 2, 4, 2, 2, 2, 2, 2, 2, 2, 2, 2]","[""turn_left"", ""turn_left"", ""accelerate"", ""accelerate"", ""accelerate"", ""accelerate"", ""accelerate"", ""accelerate"", ""accelerate"", ""accelerate"", ""accelerate"", ""accelerate"", ""accelerate"", ""accelerate"", ""accelerate"", ""accelerate"", ""accelerate"", ""accelerate"", ""accelerate"", ""accelerate"", ""accelerate"", ""accelerate"", ""accelerate"", ""accelerate"", ""accelerate"", ""accelerate"", ""accelerate"", ""accelerate"", ""accelerate"", ""accelerate"", ""cruise"", ""accelerate"", ""accelerate"", ""accelerate"", ""accelerate"", ""accelerate"", ""accelerate"", ""accelerate"", ""accelerate"", ""accelerate""]","[0, 2, 4, 14, 16, 17, 18, 19, 20, 21, 22, 23, 24, 25, 26, 27, 28, 29, 30, 31, 32, 33, 34, 35, 36, 37, 38, 39, 40, 41, 42, 52, 53, 54, 55, 56, 57, 58, 59, 60]","[2, 4, 14, 16, 17, 18, 19, 20, 21, 22, 23, 24, 25, 26, 27, 28, 29, 30, 31, 32, 33, 34, 35, 36, 37, 38, 39, 40, 41, 42, 52, 53, 54, 55, 56, 57, 58, 59, 60, 61]"
302,47,"[2, 2, 2, 2, 2, 2, 2, 2, 2, 2, 2, 2, 2, 2, 2, 2, 2, 2, 2, 2, 2, 2, 2, 2, 2, 2, 2, 2, 2, 2, 2, 2, 2, 2, 2, 2, 2, 2, 2, 2, 2, 2, 2, 2, 2, 2, 2]","[""accelerate"", ""accelerate"", ""accelerate"", ""accelerate"", ""accelerate"", ""accelerate"", ""accelerate"", ""accelerate"", ""accelerate"", ""accelerate"", ""accelerate"", ""accelerate"", ""accelerate"", ""accelerate"", ""accelerate"", ""accelerate"", ""accelerate"", ""accelerate"", ""accelerate"", ""accelerate"", ""accelerate"", ""accelerate"", ""accelerate"", ""accelerate"", ""accelerate"", ""accelerate"", ""accelerate"", ""accelerate"", ""accelerate"", ""accelerate"", ""accelerate"", ""accelerate"", ""accelerate"", ""accelerate"", ""accelerate"", ""accelerate"", ""accelerate"", ""accelerate"", ""accelerate"", ""accelerate"", ""accelerate"", ""accelerate"", ""accelerate"", ""accelerate"", ""accelerate"", ""accelerate"", ""accelerate""]","[0, 10, 17, 18, 19, 20, 21, 22, 23, 24, 25, 26, 27, 28, 29, 30, 31, 32, 33, 34, 35, 36, 37, 38, 39, 40, 41, 42, 43, 44, 45, 46, 47, 48, 49, 50, 51, 52, 53, 54, 55, 56, 57, 58, 59, 60, 61]","[10, 17, 18, 19, 20, 21, 22, 23, 24, 25, 26, 27, 28, 29, 30, 31, 32, 33, 34, 35, 36, 37, 38, 39, 40, 41, 42, 43, 44, 45, 46, 47, 48, 49, 50, 51, 52, 53, 54, 55, 56, 57, 58, 59, 60, 61, 62]"
303,29,"[2, 2, 2, 2, 4, 2, 2, 2, 2, 2, 2, 2, 2, 2, 2, 2, 2, 2, 0, 2, 2, 2, 2, 2, 2, 2, 2, 2, 4]","[""accelerate"", ""accelerate"", ""accelerate"", ""accelerate"", ""cruise"", ""accelerate"", ""accelerate"", ""accelerate"", ""accelerate"", ""accelerate"", ""accelerate"", ""accelerate"", ""accelerate"", ""accelerate"", ""accelerate"", ""accelerate"", ""accelerate"", ""accelerate"", ""turn_left"", ""accelerate"", ""accelerate"", ""accelerate"", ""accelerate"", ""accelerate"", ""accelerate"", ""accelerate"", ""accelerate"", ""accelerate"", ""cruise""]","[0, 10, 17, 18, 19, 29, 30, 31, 32, 33, 34, 35, 36, 37, 38, 39, 40, 41, 42, 51, 52, 53, 54, 55, 56, 57, 58, 59, 60]","[10, 17, 18, 19, 29, 30, 31, 32, 33, 34, 35, 36, 37, 38, 39, 40, 41, 42, 51, 52, 53, 54, 55, 56, 57, 58, 59, 60, 67]"
304,45,"[2, 2, 4, 2, 2, 2, 1, 2, 2, 2, 2, 2, 1, 2, 2, 2, 2, 2, 2, 1, 2, 2, 2, 2, 2, 2, 2, 2, 2, 2, 2, 1, 2, 2, 2, 2, 1, 3, 2, 3, 2, 2, 3, 2, 2]","[""accelerate"", ""accelerate"", ""cruise"", ""accelerate"", ""accelerate"", ""accelerate"", ""turn_right"", ""accelerate"", ""accelerate"", ""accelerate"", ""accelerate"", ""accelerate"", ""turn_right"", ""accelerate"", ""accelerate"", ""accelerate"", ""accelerate"", ""accelerate"", ""accelerate"", ""turn_right"", ""accelerate"", ""accelerate"", ""accelerate"", ""accelerate"", ""accelerate"", ""accelerate"", ""accelerate"", ""accelerate"", ""accelerate"", ""accelerate"", ""accelerate"", ""turn_right"", ""accelerate"", ""accelerate"", ""accelerate"", ""accelerate"", ""turn_right"", ""decelerate"", ""accelerate"", ""decelerate"", ""accelerate"", ""accelerate"", ""decelerate"", ""accelerate"", ""accelerate""]","[0, 10, 17, 27, 28, 29, 30, 40, 43, 44, 45, 46, 47, 57, 60, 61, 62, 63, 64, 65, 75, 78, 79, 80, 81, 82, 83, 84, 85, 86, 87, 88, 98, 108, 114, 115, 116, 124, 134, 144, 151, 161, 171, 181, 191]","[10, 17, 27, 28, 29, 30, 40, 43, 44, 45, 46, 47, 57, 60, 61, 62, 63, 64, 65, 75, 78, 79, 80, 81, 82, 83, 84, 85, 86, 87, 88, 98, 108, 114, 115, 116, 124, 134, 144, 151, 161, 171, 181, 191, 200]"
305,26,"[2, 2, 2, 2, 4, 2, 2, 2, 2, 2, 1, 2, 2, 2, 2, 0, 2, 2, 2, 2, 2, 2, 2, 2, 2, 1]","[""accelerate"", ""accelerate"", ""accelerate"", ""accelerate"", ""cruise"", ""accelerate"", ""accelerate"", ""accelerate"", ""accelerate"", ""accelerate"", ""turn_right"", ""accelerate"", ""accelerate"", ""accelerate"", ""accelerate"", ""turn_left"", ""accelerate"", ""accelerate"", ""accelerate"", ""accelerate"", ""accelerate"", ""accelerate"", ""accelerate"", ""accelerate"", ""accelerate"", ""turn_right""]","[0, 10, 17, 18, 19, 29, 30, 31, 32, 33, 34, 44, 46, 47, 48, 49, 57, 60, 61, 62, 63, 64, 65, 66, 67, 68]","[10, 17, 18, 19, 29, 30, 31, 32, 33, 34, 44, 46, 47, 48, 49, 57, 60, 61, 62, 63, 64, 65, 66, 67, 68, 77]"
306,27,"[2, 2, 2, 2, 2, 2, 2, 2, 0, 2, 2, 2, 2, 2, 2, 1, 2, 2, 2, 2, 2, 1, 2, 1, 2, 2, 4]","[""accelerate"", ""accelerate"", ""accelerate"", ""accelerate"", ""accelerate"", ""accelerate"", ""accelerate"", ""accelerate"", ""turn_left"", ""accelerate"", ""accelerate"", ""accelerate"", ""accelerate"", ""accelerate"", ""accelerate"", ""turn_right"", ""accelerate"", ""accelerate"", ""accelerate"", ""accelerate"", ""accelerate"", ""turn_right"", ""accelerate"", ""turn_right"", ""accelerate"", ""accelerate"", ""cruise""]","[0, 10, 17, 18, 19, 20, 21, 22, 23, 30, 31, 32, 33, 34, 35, 36, 46, 48, 49, 50, 51, 52, 62, 65, 74, 77, 78]","[10, 17, 18, 19, 20, 21, 22, 23, 30, 31, 32, 33, 34, 35, 36, 46, 48, 49, 50, 51, 52, 62, 65, 74, 77, 78, 85]"
307,25,"[2, 2, 2, 2, 4, 2, 1, 2, 2, 0, 2, 2, 2, 2, 2, 2, 2, 1, 1, 2, 2, 2, 2, 2, 1]","[""accelerate"", ""accelerate"", ""accelerate"", ""accelerate"", ""cruise"", ""accelerate"", ""turn_right"", ""accelerate"", ""accelerate"", ""turn_left"", ""accelerate"", ""accelerate"", ""accelerate"", ""accelerate"", ""accelerate"", ""accelerate"", ""accelerate"", ""turn_right"", ""turn_right"", ""accelerate"", ""accelerate"", ""accelerate"", ""accelerate"", ""accelerate"", ""turn_right""]","[0, 10, 17, 18, 19, 29, 30, 40, 43, 44, 50, 53, 54, 55, 56, 57, 58, 59, 69, 77, 81, 82, 83, 84, 85]","[10, 17, 18, 19, 29, 30, 40, 43, 44, 50, 53, 54, 55, 56, 57, 58, 59, 69, 77, 81, 82, 83, 84, 85, 86]"
308,33,"[2, 0, 2, 2, 2, 2, 2, 2, 2, 2, 2, 2, 2, 2, 0, 2, 2, 2, 2, 2, 2, 2, 2, 2, 2, 2, 2, 2, 1, 2, 1, 2, 2]","[""accelerate"", ""turn_left"", ""accelerate"", ""accelerate"", ""accelerate"", ""accelerate"", ""accelerate"", ""accelerate"", ""accelerate"", ""accelerate"", ""accelerate"", ""accelerate"", ""accelerate"", ""accelerate"", ""turn_left"", ""accelerate"", ""accelerate"", ""accelerate"", ""accelerate"", ""accelerate"", ""accelerate"", ""accelerate"", ""accelerate"", ""accelerate"", ""accelerate"", ""accelerate"", ""accelerate"", ""accelerate"", ""turn_right"", ""accelerate"", ""turn_right"", ""accelerate"", ""accelerate""]","[0, 10, 14, 20, 21, 22, 23, 24, 25, 26, 27, 28, 29, 30, 31, 38, 39, 40, 41, 42, 43, 44, 45, 46, 47, 48, 49, 50, 51, 61, 62, 72, 75]","[10, 14, 20, 21, 22, 23, 24, 25, 26, 27, 28, 29, 30, 31, 38, 39, 40, 41, 42, 43, 44, 45, 46, 47, 48, 49, 50, 51, 61, 62, 72, 75, 76]"
309,32,"[2, 2, 2, 2, 2, 2, 2, 2, 2, 2, 4, 2, 2, 2, 2, 2, 2, 2, 2, 2, 2, 2, 2, 2, 1, 2, 2, 2, 2, 2, 2, 2]","[""accelerate"", ""accelerate"", ""accelerate"", ""accelerate"", ""accelerate"", ""accelerate"", ""accelerate"", ""accelerate"", ""accelerate"", ""accelerate"", ""cruise"", ""accelerate"", ""accelerate"", ""accelerate"", ""accelerate"", ""accelerate"", ""accelerate"", ""accelerate"", ""accelerate"", ""accelerate"", ""accelerate"", ""accelerate"", ""accelerate"", ""accelerate"", ""turn_right"", ""accelerate"", ""accelerate"", ""accelerate"", ""accelerate"", ""accelerate"", ""accelerate"", ""accelerate""]","[0, 10, 18, 19, 20, 21, 22, 23, 24, 25, 26, 36, 37, 38, 39, 40, 41, 42, 43, 44, 45, 46, 47, 48, 49, 59, 61, 62, 63, 64, 65, 66]","[10, 18, 19, 20, 21, 22, 23, 24, 25, 26, 36, 37, 38, 39, 40, 41, 42, 43, 44, 45, 46, 47, 48, 49, 59, 61, 62, 63, 64, 65, 66, 67]"
310,41,"[0, 2, 2, 0, 2, 2, 2, 2, 2, 2, 2, 2, 2, 2, 0, 2, 2, 2, 2, 2, 2, 2, 2, 2, 2, 2, 2, 2, 2, 2, 2, 2, 2, 2, 2, 2, 2, 2, 2, 2, 2]","[""turn_left"", ""accelerate"", ""accelerate"", ""turn_left"", ""accelerate"", ""accelerate"", ""accelerate"", ""accelerate"", ""accelerate"", ""accelerate"", ""accelerate"", ""accelerate"", ""accelerate"", ""accelerate"", ""turn_left"", ""accelerate"", ""accelerate"", ""accelerate"", ""accelerate"", ""accelerate"", ""accelerate"", ""accelerate"", ""accelerate"", ""accelerate"", ""accelerate"", ""accelerate"", ""accelerate"", ""accelerate"", ""accelerate"", ""accelerate"", ""accelerate"", ""accelerate"", ""accelerate"", ""accelerate"", ""accelerate"", ""accelerate"", ""accelerate"", ""accelerate"", ""accelerate"", ""accelerate"", ""accelerate""]","[0, 3, 13, 16, 21, 24, 25, 26, 27, 28, 29, 30, 31, 32, 33, 41, 42, 43, 44, 45, 46, 47, 48, 49, 50, 51, 52, 53, 54, 55, 56, 57, 58, 59, 60, 61, 62, 63, 64, 65, 66]","[3, 13, 16, 21, 24, 25, 26, 27, 28, 29, 30, 31, 32, 33, 41, 42, 43, 44, 45, 46, 47, 48, 49, 50, 51, 52, 53, 54, 55, 56, 57, 58, 59, 60, 61, 62, 63, 64, 65, 66, 67]"
311,34,"[2, 2, 2, 2, 2, 2, 2, 2, 2, 2, 2, 2, 2, 2, 2, 2, 2, 2, 2, 2, 2, 2, 2, 2, 2, 2, 2, 2, 4, 2, 2, 2, 2, 1]","[""accelerate"", ""accelerate"", ""accelerate"", ""accelerate"", ""accelerate"", ""accelerate"", ""accelerate"", ""accelerate"", ""accelerate"", ""accelerate"", ""accelerate"", ""accelerate"", ""accelerate"", ""accelerate"", ""accelerate"", ""accelerate"", ""accelerate"", ""accelerate"", ""accelerate"", ""accelerate"", ""accelerate"", ""accelerate"", ""accelerate"", ""accelerate"", ""accelerate"", ""accelerate"", ""accelerate"", ""accelerate"", ""cruise"", ""accelerate"", ""accelerate"", ""accelerate"", ""accelerate"", ""turn_right""]","[0, 10, 19, 20, 21, 22, 23, 24, 25, 26, 27, 28, 29, 30, 31, 32, 33, 34, 35, 36, 37, 38, 39, 40, 41, 42, 43, 44, 45, 55, 56, 57, 58, 59]","[10, 19, 20, 21, 22, 23, 24, 25, 26, 27, 28, 29, 30, 31, 32, 33, 34, 35, 36, 37, 38, 39, 40, 41, 42, 43, 44, 45, 55, 56, 57, 58, 59, 65]"
312,32,"[2, 2, 1, 2, 2, 2, 2, 2, 2, 2, 2, 2, 2, 2, 2, 2, 2, 2, 2, 4, 2, 2, 2, 2, 2, 2, 2, 2, 2, 2, 2, 2]","[""accelerate"", ""accelerate"", ""turn_right"", ""accelerate"", ""accelerate"", ""accelerate"", ""accelerate"", ""accelerate"", ""accelerate"", ""accelerate"", ""accelerate"", ""accelerate"", ""accelerate"", ""accelerate"", ""accelerate"", ""accelerate"", ""accelerate"", ""accelerate"", ""accelerate"", ""cruise"", ""accelerate"", ""accelerate"", ""accelerate"", ""accelerate"", ""accelerate"", ""accelerate"", ""accelerate"", ""accelerate"", ""accelerate"", ""accelerate"", ""accelerate"", ""accelerate""]","[0, 10, 18, 28, 32, 33, 34, 35, 36, 37, 38, 39, 40, 41, 42, 43, 44, 45, 46, 47, 57, 58, 59, 60, 61, 62, 63, 64, 65, 66, 67, 68]","[10, 18, 28, 32, 33, 34, 35, 36, 37, 38, 39, 40, 41, 42, 43, 44, 45, 46, 47, 57, 58, 59, 60, 61, 62, 63, 64, 65, 66, 67, 68, 69]"
313,48,"[2, 2, 2, 2, 2, 2, 2, 2, 2, 2, 2, 2, 0, 2, 2, 2, 2, 2, 2, 2, 2, 2, 2, 2, 2, 2, 2, 2, 2, 2, 2, 2, 2, 2, 2, 2, 3, 2, 2, 2, 2, 2, 2, 2, 2, 2, 2, 0]","[""accelerate"", ""accelerate"", ""accelerate"", ""accelerate"", ""accelerate"", ""accelerate"", ""accelerate"", ""accelerate"", ""accelerate"", ""accelerate"", ""accelerate"", ""accelerate"", ""turn_left"", ""accelerate"", ""accelerate"", ""accelerate"", ""accelerate"", ""accelerate"", ""accelerate"", ""accelerate"", ""accelerate"", ""accelerate"", ""accelerate"", ""accelerate"", ""accelerate"", ""accelerate"", ""accelerate"", ""accelerate"", ""accelerate"", ""accelerate"", ""accelerate"", ""accelerate"", ""accelerate"", ""accelerate"", ""accelerate"", ""accelerate"", ""decelerate"", ""accelerate"", ""accelerate"", ""accelerate"", ""accelerate"", ""accelerate"", ""accelerate"", ""accelerate"", ""accelerate"", ""accelerate"", ""accelerate"", ""turn_left""]","[0, 10, 13, 14, 15, 16, 17, 18, 19, 20, 21, 22, 23, 31, 33, 34, 35, 36, 37, 38, 39, 40, 41, 42, 43, 44, 45, 46, 47, 48, 49, 50, 51, 52, 53, 54, 55, 65, 70, 71, 72, 73, 74, 75, 76, 77, 78, 79]","[10, 13, 14, 15, 16, 17, 18, 19, 20, 21, 22, 23, 31, 33, 34, 35, 36, 37, 38, 39, 40, 41, 42, 43, 44, 45, 46, 47, 48, 49, 50, 51, 52, 53, 54, 55, 65, 70, 71, 72, 73, 74, 75, 76, 77, 78, 79, 85]"
314,42,"[2, 2, 2, 2, 2, 2, 2, 2, 0, 2, 2, 2, 1, 2, 2, 2, 2, 2, 2, 2, 2, 2, 2, 2, 2, 3, 2, 2, 2, 2, 1, 3, 2, 3, 2, 2, 3, 3, 2, 1, 2, 2]","[""accelerate"", ""accelerate"", ""accelerate"", ""accelerate"", ""accelerate"", ""accelerate"", ""accelerate"", ""accelerate"", ""turn_left"", ""accelerate"", ""accelerate"", ""accelerate"", ""turn_right"", ""accelerate"", ""accelerate"", ""accelerate"", ""accelerate"", ""accelerate"", ""accelerate"", ""accelerate"", ""accelerate"", ""accelerate"", ""accelerate"", ""accelerate"", ""accelerate"", ""decelerate"", ""accelerate"", ""accelerate"", ""accelerate"", ""accelerate"", ""turn_right"", ""decelerate"", ""accelerate"", ""decelerate"", ""accelerate"", ""accelerate"", ""decelerate"", ""decelerate"", ""accelerate"", ""turn_right"", ""accelerate"", ""accelerate""]","[0, 10, 11, 12, 13, 14, 15, 16, 17, 24, 27, 28, 29, 39, 42, 43, 44, 45, 46, 47, 48, 49, 50, 51, 52, 53, 63, 73, 83, 93, 103, 111, 121, 131, 138, 148, 158, 168, 170, 180, 186, 196]","[10, 11, 12, 13, 14, 15, 16, 17, 24, 27, 28, 29, 39, 42, 43, 44, 45, 46, 47, 48, 49, 50, 51, 52, 53, 63, 73, 83, 93, 103, 111, 121, 131, 138, 148, 158, 168, 170, 180, 186, 196, 200]"
315,41,"[0, 2, 0, 0, 2, 2, 2, 2, 2, 2, 2, 2, 2, 2, 2, 2, 2, 2, 2, 2, 2, 2, 2, 2, 2, 2, 2, 2, 2, 2, 2, 2, 2, 2, 2, 2, 2, 2, 2, 2, 0]","[""turn_left"", ""accelerate"", ""turn_left"", ""turn_left"", ""accelerate"", ""accelerate"", ""accelerate"", ""accelerate"", ""accelerate"", ""accelerate"", ""accelerate"", ""accelerate"", ""accelerate"", ""accelerate"", ""accelerate"", ""accelerate"", ""accelerate"", ""accelerate"", ""accelerate"", ""accelerate"", ""accelerate"", ""accelerate"", ""accelerate"", ""accelerate"", ""accelerate"", ""accelerate"", ""accelerate"", ""accelerate"", ""accelerate"", ""accelerate"", ""accelerate"", ""accelerate"", ""accelerate"", ""accelerate"", ""accelerate"", ""accelerate"", ""accelerate"", ""accelerate"", ""accelerate"", ""accelerate"", ""turn_left""]","[0, 2, 12, 17, 22, 27, 28, 29, 30, 31, 32, 33, 34, 35, 36, 37, 38, 39, 40, 41, 42, 43, 44, 45, 46, 47, 48, 49, 50, 51, 52, 53, 54, 55, 56, 57, 58, 59, 60, 61, 62]","[2, 12, 17, 22, 27, 28, 29, 30, 31, 32, 33, 34, 35, 36, 37, 38, 39, 40, 41, 42, 43, 44, 45, 46, 47, 48, 49, 50, 51, 52, 53, 54, 55, 56, 57, 58, 59, 60, 61, 62, 70]"
316,45,"[2, 2, 2, 2, 2, 2, 2, 2, 2, 2, 2, 2, 2, 2, 2, 2, 2, 2, 2, 2, 2, 2, 2, 2, 3, 2, 2, 1, 2, 2, 2, 3, 2, 4, 2, 3, 3, 2, 3, 2, 3, 2, 3, 2, 2]","[""accelerate"", ""accelerate"", ""accelerate"", ""accelerate"", ""accelerate"", ""accelerate"", ""accelerate"", ""accelerate"", ""accelerate"", ""accelerate"", ""accelerate"", ""accelerate"", ""accelerate"", ""accelerate"", ""accelerate"", ""accelerate"", ""accelerate"", ""accelerate"", ""accelerate"", ""accelerate"", ""accelerate"", ""accelerate"", ""accelerate"", ""accelerate"", ""decelerate"", ""accelerate"", ""accelerate"", ""turn_right"", ""accelerate"", ""accelerate"", ""accelerate"", ""decelerate"", ""accelerate"", ""cruise"", ""accelerate"", ""decelerate"", ""decelerate"", ""accelerate"", ""decelerate"", ""accelerate"", ""decelerate"", ""accelerate"", ""decelerate"", ""accelerate"", ""accelerate""]","[0, 10, 13, 14, 15, 16, 17, 18, 19, 20, 21, 22, 23, 24, 25, 26, 27, 28, 29, 30, 31, 32, 33, 34, 35, 45, 46, 47, 57, 67, 77, 87, 97, 107, 117, 127, 137, 139, 149, 155, 165, 171, 181, 188, 198]","[10, 13, 14, 15, 16, 17, 18, 19, 20, 21, 22, 23, 24, 25, 26, 27, 28, 29, 30, 31, 32, 33, 34, 35, 45, 46, 47, 57, 67, 77, 87, 97, 107, 117, 127, 137, 139, 149, 155, 165, 171, 181, 188, 198, 200]"
317,8,"[2, 2, 2, 2, 2, 2, 2, 4]","[""accelerate"", ""accelerate"", ""accelerate"", ""accelerate"", ""accelerate"", ""accelerate"", ""accelerate"", ""cruise""]","[0, 10, 11, 12, 13, 14, 15, 16]","[10, 11, 12, 13, 14, 15, 16, 21]"
318,12,"[2, 2, 2, 2, 2, 2, 2, 2, 2, 2, 2, 2]","[""accelerate"", ""accelerate"", ""accelerate"", ""accelerate"", ""accelerate"", ""accelerate"", ""accelerate"", ""accelerate"", ""accelerate"", ""accelerate"", ""accelerate"", ""accelerate""]","[0, 10, 11, 12, 13, 14, 15, 16, 17, 18, 19, 20]","[10, 11, 12, 13, 14, 15, 16, 17, 18, 19, 20, 21]"
319,5,"[2, 2, 2, 2, 4]","[""accelerate"", ""accelerate"", ""accelerate"", ""accelerate"", ""cruise""]","[0, 10, 11, 12, 13]","[10, 11, 12, 13, 23]"
320,5,"[2, 2, 2, 4, 2]","[""accelerate"", ""accelerate"", ""accelerate"", ""cruise"", ""accelerate""]","[0, 10, 11, 12, 22]","[10, 11, 12, 22, 25]"
321,12,"[2, 2, 2, 2, 2, 2, 2, 2, 2, 2, 2, 2]","[""accelerate"", ""accelerate"", ""accelerate"", ""accelerate"", ""accelerate"", ""accelerate"", ""accelerate"", ""accelerate"", ""accelerate"", ""accelerate"", ""accelerate"", ""accelerate""]","[0, 10, 11, 12, 13, 14, 15, 16, 17, 18, 19, 20]","[10, 11, 12, 13, 14, 15, 16, 17, 18, 19, 20, 21]"
322,8,"[2, 2, 2, 2, 2, 2, 2, 0]","[""accelerate"", ""accelerate"", ""accelerate"", ""accelerate"", ""accelerate"", ""accelerate"", ""accelerate"", ""turn_left""]","[0, 10, 11, 12, 13, 14, 15, 16]","[10, 11, 12, 13, 14, 15, 16, 23]"
323,5,"[2, 2, 2, 4, 2]","[""accelerate"", ""accelerate"", ""accelerate"", ""cruise"", ""accelerate""]","[0, 10, 11, 12, 22]","[10, 11, 12, 22, 25]"
324,9,"[2, 2, 2, 2, 2, 2, 2, 2, 0]","[""accelerate"", ""accelerate"", ""accelerate"", ""accelerate"", ""accelerate"", ""accelerate"", ""accelerate"", ""accelerate"", ""turn_left""]","[0, 10, 11, 12, 13, 14, 15, 16, 17]","[10, 11, 12, 13, 14, 15, 16, 17, 22]"
325,8,"[2, 2, 2, 2, 2, 2, 0, 2]","[""accelerate"", ""accelerate"", ""accelerate"", ""accelerate"", ""accelerate"", ""accelerate"", ""turn_left"", ""accelerate""]","[0, 10, 11, 12, 13, 14, 15, 22]","[10, 11, 12, 13, 14, 15, 22, 24]"
326,10,"[2, 2, 0, 2, 2, 2, 2, 2, 2, 2]","[""accelerate"", ""accelerate"", ""turn_left"", ""accelerate"", ""accelerate"", ""accelerate"", ""accelerate"", ""accelerate"", ""accelerate"", ""accelerate""]","[0, 10, 11, 17, 22, 23, 24, 25, 26, 27]","[10, 11, 17, 22, 23, 24, 25, 26, 27, 28]"
327,50,"[2, 2, 0, 2, 2, 0, 2, 2, 2, 2, 2, 2, 2, 2, 2, 2, 2, 2, 2, 2, 2, 2, 2, 2, 2, 2, 2, 2, 2, 2, 2, 2, 3, 2, 2, 3, 2, 2, 2, 3, 2, 3, 2, 3, 2, 3, 2, 1, 1, 2]","[""accelerate"", ""accelerate"", ""turn_left"", ""accelerate"", ""accelerate"", ""turn_left"", ""accelerate"", ""accelerate"", ""accelerate"", ""accelerate"", ""accelerate"", ""accelerate"", ""accelerate"", ""accelerate"", ""accelerate"", ""accelerate"", ""accelerate"", ""accelerate"", ""accelerate"", ""accelerate"", ""accelerate"", ""accelerate"", ""accelerate"", ""accelerate"", ""accelerate"", ""accelerate"", ""accelerate"", ""accelerate"", ""accelerate"", ""accelerate"", ""accelerate"", ""accelerate"", ""decelerate"", ""accelerate"", ""accelerate"", ""decelerate"", ""accelerate"", ""accelerate"", ""accelerate"", ""decelerate"", ""accelerate"", ""decelerate"", ""accelerate"", ""decelerate"", ""accelerate"", ""decelerate"", ""accelerate"", ""turn_right"", ""turn_right"", ""accelerate""]","[0, 10, 11, 17, 22, 23, 29, 32, 33, 34, 35, 36, 37, 38, 39, 40, 41, 42, 43, 44, 45, 46, 47, 48, 49, 50, 51, 52, 53, 54, 55, 56, 57, 67, 68, 69, 79, 89, 99, 109, 119, 129, 135, 145, 152, 162, 169, 179, 184, 190]","[10, 11, 17, 22, 23, 29, 32, 33, 34, 35, 36, 37, 38, 39, 40, 41, 42, 43, 44, 45, 46, 47, 48, 49, 50, 51, 52, 53, 54, 55, 56, 57, 67, 68, 69, 79, 89, 99, 109, 119, 129, 135, 145, 152, 162, 169, 179, 184, 190, 200]"
328,44,"[2, 2, 0, 2, 2, 2, 4, 2, 2, 2, 2, 2, 2, 2, 2, 2, 2, 2, 2, 2, 2, 2, 2, 2, 2, 2, 2, 2, 2, 2, 2, 2, 2, 3, 3, 2, 2, 3, 2, 2, 3, 2, 0, 4]","[""accelerate"", ""accelerate"", ""turn_left"", ""accelerate"", ""accelerate"", ""accelerate"", ""cruise"", ""accelerate"", ""accelerate"", ""accelerate"", ""accelerate"", ""accelerate"", ""accelerate"", ""accelerate"", ""accelerate"", ""accelerate"", ""accelerate"", ""accelerate"", ""accelerate"", ""accelerate"", ""accelerate"", ""accelerate"", ""accelerate"", ""accelerate"", ""accelerate"", ""accelerate"", ""accelerate"", ""accelerate"", ""accelerate"", ""accelerate"", ""accelerate"", ""accelerate"", ""accelerate"", ""decelerate"", ""decelerate"", ""accelerate"", ""accelerate"", ""decelerate"", ""accelerate"", ""accelerate"", ""decelerate"", ""accelerate"", ""turn_left"", ""cruise""]","[0, 10, 20, 23, 33, 43, 53, 63, 73, 83, 84, 85, 86, 87, 88, 89, 90, 91, 92, 93, 94, 95, 96, 97, 98, 99, 100, 101, 102, 103, 104, 105, 106, 107, 117, 120, 130, 140, 148, 158, 168, 174, 184, 194]","[10, 20, 23, 33, 43, 53, 63, 73, 83, 84, 85, 86, 87, 88, 89, 90, 91, 92, 93, 94, 95, 96, 97, 98, 99, 100, 101, 102, 103, 104, 105, 106, 107, 117, 120, 130, 140, 148, 158, 168, 174, 184, 194, 200]"
329,25,"[2, 2, 2, 2, 2, 0, 2, 3, 0, 2, 2, 2, 2, 2, 2, 0, 3, 2, 2, 3, 2, 2, 3, 2, 2]","[""accelerate"", ""accelerate"", ""accelerate"", ""accelerate"", ""accelerate"", ""turn_left"", ""accelerate"", ""decelerate"", ""turn_left"", ""accelerate"", ""accelerate"", ""accelerate"", ""accelerate"", ""accelerate"", ""accelerate"", ""turn_left"", ""decelerate"", ""accelerate"", ""accelerate"", ""decelerate"", ""accelerate"", ""accelerate"", ""decelerate"", ""accelerate"", ""accelerate""]","[0, 10, 20, 30, 40, 50, 59, 69, 79, 82, 92, 102, 105, 106, 107, 108, 116, 126, 136, 146, 154, 164, 174, 181, 191]","[10, 20, 30, 40, 50, 59, 69, 79, 82, 92, 102, 105, 106, 107, 108, 116, 126, 136, 146, 154, 164, 174, 181, 191, 200]"
330,24,"[2, 2, 2, 2, 2, 2, 2, 0, 0, 0, 0, 0, 2, 2, 2, 4, 2, 2, 2, 2, 1, 3, 2, 2]","[""accelerate"", ""accelerate"", ""accelerate"", ""accelerate"", ""accelerate"", ""accelerate"", ""accelerate"", ""turn_left"", ""turn_left"", ""turn_left"", ""turn_left"", ""turn_left"", ""accelerate"", ""accelerate"", ""accelerate"", ""cruise"", ""accelerate"", ""accelerate"", ""accelerate"", ""accelerate"", ""turn_right"", ""decelerate"", ""accelerate"", ""accelerate""]","[0, 10, 20, 30, 37, 38, 39, 40, 50, 58, 66, 75, 85, 95, 105, 115, 125, 135, 145, 155, 165, 173, 183, 193]","[10, 20, 30, 37, 38, 39, 40, 50, 58, 66, 75, 85, 95, 105, 115, 125, 135, 145, 155, 165, 173, 183, 193, 200]"
331,27,"[2, 2, 0, 2, 4, 2, 2, 2, 2, 2, 0, 2, 0, 2, 2, 2, 1, 2, 3, 2, 3, 2, 2, 2, 3, 2, 2]","[""accelerate"", ""accelerate"", ""turn_left"", ""accelerate"", ""cruise"", ""accelerate"", ""accelerate"", ""accelerate"", ""accelerate"", ""accelerate"", ""turn_left"", ""accelerate"", ""turn_left"", ""accelerate"", ""accelerate"", ""accelerate"", ""turn_right"", ""accelerate"", ""decelerate"", ""accelerate"", ""decelerate"", ""accelerate"", ""accelerate"", ""accelerate"", ""decelerate"", ""accelerate"", ""accelerate""]","[0, 10, 20, 30, 40, 50, 54, 55, 56, 57, 58, 68, 78, 87, 97, 103, 104, 113, 123, 133, 143, 149, 159, 169, 179, 189, 199]","[10, 20, 30, 40, 50, 54, 55, 56, 57, 58, 68, 78, 87, 97, 103, 104, 113, 123, 133, 143, 149, 159, 169, 179, 189, 199, 200]"
332,31,"[2, 2, 0, 0, 0, 2, 2, 2, 2, 2, 2, 2, 2, 2, 2, 4, 2, 2, 3, 2, 2, 3, 2, 3, 2, 2, 2, 2, 2, 2, 2]","[""accelerate"", ""accelerate"", ""turn_left"", ""turn_left"", ""turn_left"", ""accelerate"", ""accelerate"", ""accelerate"", ""accelerate"", ""accelerate"", ""accelerate"", ""accelerate"", ""accelerate"", ""accelerate"", ""accelerate"", ""cruise"", ""accelerate"", ""accelerate"", ""decelerate"", ""accelerate"", ""accelerate"", ""decelerate"", ""accelerate"", ""decelerate"", ""accelerate"", ""accelerate"", ""accelerate"", ""accelerate"", ""accelerate"", ""accelerate"", ""accelerate""]","[0, 10, 20, 30, 40, 50, 60, 66, 67, 68, 69, 70, 71, 72, 73, 74, 84, 85, 86, 96, 106, 116, 124, 134, 139, 149, 159, 169, 179, 189, 199]","[10, 20, 30, 40, 50, 60, 66, 67, 68, 69, 70, 71, 72, 73, 74, 84, 85, 86, 96, 106, 116, 124, 134, 139, 149, 159, 169, 179, 189, 199, 200]"
333,25,"[2, 0, 2, 2, 2, 2, 0, 2, 2, 2, 2, 4, 0, 3, 2, 2, 0, 2, 4, 2, 2, 2, 2, 2, 2]","[""accelerate"", ""turn_left"", ""accelerate"", ""accelerate"", ""accelerate"", ""accelerate"", ""turn_left"", ""accelerate"", ""accelerate"", ""accelerate"", ""accelerate"", ""cruise"", ""turn_left"", ""decelerate"", ""accelerate"", ""accelerate"", ""turn_left"", ""accelerate"", ""cruise"", ""accelerate"", ""accelerate"", ""accelerate"", ""accelerate"", ""accelerate"", ""accelerate""]","[0, 10, 14, 24, 34, 44, 45, 55, 65, 71, 72, 73, 83, 92, 102, 112, 122, 128, 138, 148, 158, 168, 178, 188, 198]","[10, 14, 24, 34, 44, 45, 55, 65, 71, 72, 73, 83, 92, 102, 112, 122, 128, 138, 148, 158, 168, 178, 188, 198, 200]"
334,31,"[2, 2, 2, 4, 2, 2, 2, 2, 2, 2, 2, 2, 2, 2, 4, 2, 0, 4, 2, 2, 1, 2, 3, 2, 3, 2, 3, 2, 2, 2, 2]","[""accelerate"", ""accelerate"", ""accelerate"", ""cruise"", ""accelerate"", ""accelerate"", ""accelerate"", ""accelerate"", ""accelerate"", ""accelerate"", ""accelerate"", ""accelerate"", ""accelerate"", ""accelerate"", ""cruise"", ""accelerate"", ""turn_left"", ""cruise"", ""accelerate"", ""accelerate"", ""turn_right"", ""accelerate"", ""decelerate"", ""accelerate"", ""decelerate"", ""accelerate"", ""decelerate"", ""accelerate"", ""accelerate"", ""accelerate"", ""accelerate""]","[0, 10, 20, 30, 40, 43, 44, 45, 46, 47, 48, 49, 50, 51, 52, 62, 63, 72, 82, 92, 102, 111, 121, 131, 141, 148, 158, 164, 174, 184, 194]","[10, 20, 30, 40, 43, 44, 45, 46, 47, 48, 49, 50, 51, 52, 62, 63, 72, 82, 92, 102, 111, 121, 131, 141, 148, 158, 164, 174, 184, 194, 200]"
335,29,"[2, 2, 4, 2, 2, 2, 0, 2, 2, 4, 2, 2, 2, 2, 2, 2, 4, 2, 4, 1, 2, 2, 3, 2, 1, 2, 3, 2, 2]","[""accelerate"", ""accelerate"", ""cruise"", ""accelerate"", ""accelerate"", ""accelerate"", ""turn_left"", ""accelerate"", ""accelerate"", ""cruise"", ""accelerate"", ""accelerate"", ""accelerate"", ""accelerate"", ""accelerate"", ""accelerate"", ""cruise"", ""accelerate"", ""cruise"", ""turn_right"", ""accelerate"", ""accelerate"", ""decelerate"", ""accelerate"", ""turn_right"", ""accelerate"", ""decelerate"", ""accelerate"", ""accelerate""]","[0, 10, 20, 30, 40, 44, 45, 54, 64, 66, 76, 79, 80, 81, 82, 83, 84, 94, 104, 114, 122, 132, 142, 149, 159, 165, 175, 185, 195]","[10, 20, 30, 40, 44, 45, 54, 64, 66, 76, 79, 80, 81, 82, 83, 84, 94, 104, 114, 122, 132, 142, 149, 159, 165, 175, 185, 195, 200]"
336,43,"[0, 2, 2, 2, 2, 2, 2, 2, 2, 2, 2, 2, 2, 2, 2, 2, 2, 2, 2, 2, 2, 2, 2, 2, 2, 2, 2, 2, 2, 1, 2, 2, 3, 2, 1, 2, 2, 2, 2, 2, 2, 2, 2]","[""turn_left"", ""accelerate"", ""accelerate"", ""accelerate"", ""accelerate"", ""accelerate"", ""accelerate"", ""accelerate"", ""accelerate"", ""accelerate"", ""accelerate"", ""accelerate"", ""accelerate"", ""accelerate"", ""accelerate"", ""accelerate"", ""accelerate"", ""accelerate"", ""accelerate"", ""accelerate"", ""accelerate"", ""accelerate"", ""accelerate"", ""accelerate"", ""accelerate"", ""accelerate"", ""accelerate"", ""accelerate"", ""accelerate"", ""turn_right"", ""accelerate"", ""accelerate"", ""decelerate"", ""accelerate"", ""turn_right"", ""accelerate"", ""accelerate"", ""accelerate"", ""accelerate"", ""accelerate"", ""accelerate"", ""accelerate"", ""accelerate""]","[0, 3, 13, 23, 33, 43, 51, 52, 53, 54, 55, 56, 57, 58, 59, 60, 61, 62, 63, 64, 65, 66, 67, 68, 69, 70, 71, 72, 73, 74, 83, 93, 103, 112, 122, 128, 138, 148, 158, 168, 178, 188, 198]","[3, 13, 23, 33, 43, 51, 52, 53, 54, 55, 56, 57, 58, 59, 60, 61, 62, 63, 64, 65, 66, 67, 68, 69, 70, 71, 72, 73, 74, 83, 93, 103, 112, 122, 128, 138, 148, 158, 168, 178, 188, 198, 200]"
337,34,"[2, 2, 0, 2, 2, 2, 2, 0, 2, 2, 2, 0, 2, 2, 2, 2, 2, 2, 2, 2, 2, 2, 2, 2, 3, 2, 2, 1, 2, 2, 2, 2, 0, 2]","[""accelerate"", ""accelerate"", ""turn_left"", ""accelerate"", ""accelerate"", ""accelerate"", ""accelerate"", ""turn_left"", ""accelerate"", ""accelerate"", ""accelerate"", ""turn_left"", ""accelerate"", ""accelerate"", ""accelerate"", ""accelerate"", ""accelerate"", ""accelerate"", ""accelerate"", ""accelerate"", ""accelerate"", ""accelerate"", ""accelerate"", ""accelerate"", ""decelerate"", ""accelerate"", ""accelerate"", ""turn_right"", ""accelerate"", ""accelerate"", ""accelerate"", ""accelerate"", ""turn_left"", ""accelerate""]","[0, 10, 20, 30, 39, 40, 41, 42, 52, 62, 66, 67, 76, 86, 87, 88, 89, 90, 91, 92, 93, 94, 95, 105, 115, 124, 134, 144, 152, 162, 172, 182, 184, 193]","[10, 20, 30, 39, 40, 41, 42, 52, 62, 66, 67, 76, 86, 87, 88, 89, 90, 91, 92, 93, 94, 95, 105, 115, 124, 134, 144, 152, 162, 172, 182, 184, 193, 200]"
338,24,"[2, 2, 2, 2, 0, 0, 0, 0, 2, 2, 2, 0, 2, 2, 0, 2, 2, 2, 2, 2, 2, 2, 2, 2]","[""accelerate"", ""accelerate"", ""accelerate"", ""accelerate"", ""turn_left"", ""turn_left"", ""turn_left"", ""turn_left"", ""accelerate"", ""accelerate"", ""accelerate"", ""turn_left"", ""accelerate"", ""accelerate"", ""turn_left"", ""accelerate"", ""accelerate"", ""accelerate"", ""accelerate"", ""accelerate"", ""accelerate"", ""accelerate"", ""accelerate"", ""accelerate""]","[0, 10, 20, 30, 31, 41, 49, 59, 69, 79, 81, 82, 90, 100, 110, 117, 127, 137, 147, 157, 167, 177, 187, 197]","[10, 20, 30, 31, 41, 49, 59, 69, 79, 81, 82, 90, 100, 110, 117, 127, 137, 147, 157, 167, 177, 187, 197, 200]"
339,38,"[0, 2, 2, 2, 2, 1, 2, 2, 2, 2, 2, 2, 2, 2, 2, 2, 2, 2, 2, 2, 2, 2, 2, 2, 2, 2, 3, 2, 2, 2, 2, 2, 3, 2, 2, 2, 2, 4]","[""turn_left"", ""accelerate"", ""accelerate"", ""accelerate"", ""accelerate"", ""turn_right"", ""accelerate"", ""accelerate"", ""accelerate"", ""accelerate"", ""accelerate"", ""accelerate"", ""accelerate"", ""accelerate"", ""accelerate"", ""accelerate"", ""accelerate"", ""accelerate"", ""accelerate"", ""accelerate"", ""accelerate"", ""accelerate"", ""accelerate"", ""accelerate"", ""accelerate"", ""accelerate"", ""decelerate"", ""accelerate"", ""accelerate"", ""accelerate"", ""accelerate"", ""accelerate"", ""decelerate"", ""accelerate"", ""accelerate"", ""accelerate"", ""accelerate"", ""cruise""]","[0, 3, 13, 23, 33, 43, 52, 62, 63, 64, 65, 66, 67, 68, 69, 70, 71, 72, 73, 74, 75, 76, 77, 78, 79, 80, 81, 91, 101, 111, 121, 131, 141, 150, 160, 170, 180, 190]","[3, 13, 23, 33, 43, 52, 62, 63, 64, 65, 66, 67, 68, 69, 70, 71, 72, 73, 74, 75, 76, 77, 78, 79, 80, 81, 91, 101, 111, 121, 131, 141, 150, 160, 170, 180, 190, 200]"
340,30,"[2, 2, 2, 2, 0, 2, 2, 2, 2, 2, 2, 2, 2, 2, 0, 2, 2, 2, 0, 2, 2, 2, 2, 2, 2, 2, 2, 2, 2, 2]","[""accelerate"", ""accelerate"", ""accelerate"", ""accelerate"", ""turn_left"", ""accelerate"", ""accelerate"", ""accelerate"", ""accelerate"", ""accelerate"", ""accelerate"", ""accelerate"", ""accelerate"", ""accelerate"", ""turn_left"", ""accelerate"", ""accelerate"", ""accelerate"", ""turn_left"", ""accelerate"", ""accelerate"", ""accelerate"", ""accelerate"", ""accelerate"", ""accelerate"", ""accelerate"", ""accelerate"", ""accelerate"", ""accelerate"", ""accelerate""]","[0, 10, 20, 29, 30, 40, 50, 54, 55, 56, 57, 58, 59, 60, 61, 70, 80, 81, 82, 91, 101, 111, 121, 131, 141, 151, 161, 171, 181, 191]","[10, 20, 29, 30, 40, 50, 54, 55, 56, 57, 58, 59, 60, 61, 70, 80, 81, 82, 91, 101, 111, 121, 131, 141, 151, 161, 171, 181, 191, 200]"
341,32,"[2, 2, 2, 2, 2, 0, 2, 2, 0, 0, 2, 2, 2, 2, 2, 2, 2, 2, 2, 0, 2, 2, 2, 1, 2, 3, 2, 2, 1, 2, 2, 2]","[""accelerate"", ""accelerate"", ""accelerate"", ""accelerate"", ""accelerate"", ""turn_left"", ""accelerate"", ""accelerate"", ""turn_left"", ""turn_left"", ""accelerate"", ""accelerate"", ""accelerate"", ""accelerate"", ""accelerate"", ""accelerate"", ""accelerate"", ""accelerate"", ""accelerate"", ""turn_left"", ""accelerate"", ""accelerate"", ""accelerate"", ""turn_right"", ""accelerate"", ""decelerate"", ""accelerate"", ""accelerate"", ""turn_right"", ""accelerate"", ""accelerate"", ""accelerate""]","[0, 10, 20, 27, 28, 29, 39, 44, 45, 55, 63, 68, 69, 70, 71, 72, 73, 74, 75, 76, 86, 96, 106, 116, 124, 134, 144, 154, 164, 172, 182, 192]","[10, 20, 27, 28, 29, 39, 44, 45, 55, 63, 68, 69, 70, 71, 72, 73, 74, 75, 76, 86, 96, 106, 116, 124, 134, 144, 154, 164, 172, 182, 192, 200]"
342,40,"[2, 2, 2, 2, 2, 2, 2, 2, 2, 0, 0, 2, 2, 2, 2, 0, 2, 0, 2, 2, 2, 0, 2, 2, 2, 2, 2, 2, 2, 0, 3, 2, 2, 2, 2, 2, 2, 2, 2, 2]","[""accelerate"", ""accelerate"", ""accelerate"", ""accelerate"", ""accelerate"", ""accelerate"", ""accelerate"", ""accelerate"", ""accelerate"", ""turn_left"", ""turn_left"", ""accelerate"", ""accelerate"", ""accelerate"", ""accelerate"", ""turn_left"", ""accelerate"", ""turn_left"", ""accelerate"", ""accelerate"", ""accelerate"", ""turn_left"", ""accelerate"", ""accelerate"", ""accelerate"", ""accelerate"", ""accelerate"", ""accelerate"", ""accelerate"", ""turn_left"", ""decelerate"", ""accelerate"", ""accelerate"", ""accelerate"", ""accelerate"", ""accelerate"", ""accelerate"", ""accelerate"", ""accelerate"", ""accelerate""]","[0, 10, 20, 21, 22, 23, 24, 25, 26, 27, 37, 46, 49, 50, 51, 52, 62, 64, 73, 76, 77, 78, 87, 90, 91, 92, 93, 94, 95, 96, 106, 116, 126, 136, 146, 156, 166, 176, 186, 196]","[10, 20, 21, 22, 23, 24, 25, 26, 27, 37, 46, 49, 50, 51, 52, 62, 64, 73, 76, 77, 78, 87, 90, 91, 92, 93, 94, 95, 96, 106, 116, 126, 136, 146, 156, 166, 176, 186, 196, 200]"
343,33,"[2, 2, 2, 2, 2, 0, 2, 2, 2, 2, 2, 2, 0, 2, 4, 0, 2, 2, 0, 1, 2, 3, 2, 3, 2, 3, 2, 1, 2, 3, 2, 3, 2]","[""accelerate"", ""accelerate"", ""accelerate"", ""accelerate"", ""accelerate"", ""turn_left"", ""accelerate"", ""accelerate"", ""accelerate"", ""accelerate"", ""accelerate"", ""accelerate"", ""turn_left"", ""accelerate"", ""cruise"", ""turn_left"", ""accelerate"", ""accelerate"", ""turn_left"", ""turn_right"", ""accelerate"", ""decelerate"", ""accelerate"", ""decelerate"", ""accelerate"", ""decelerate"", ""accelerate"", ""turn_right"", ""accelerate"", ""decelerate"", ""accelerate"", ""decelerate"", ""accelerate""]","[0, 10, 20, 21, 22, 23, 33, 35, 36, 37, 38, 39, 40, 50, 52, 62, 71, 74, 75, 85, 93, 97, 107, 117, 126, 136, 142, 152, 158, 168, 178, 188, 195]","[10, 20, 21, 22, 23, 33, 35, 36, 37, 38, 39, 40, 50, 52, 62, 71, 74, 75, 85, 93, 97, 107, 117, 126, 136, 142, 152, 158, 168, 178, 188, 195, 200]"
344,32,"[2, 2, 2, 0, 0, 2, 0, 2, 2, 2, 2, 2, 2, 2, 2, 4, 4, 4, 2, 3, 3, 2, 3, 2, 2, 3, 3, 2, 2, 3, 2, 1]","[""accelerate"", ""accelerate"", ""accelerate"", ""turn_left"", ""turn_left"", ""accelerate"", ""turn_left"", ""accelerate"", ""accelerate"", ""accelerate"", ""accelerate"", ""accelerate"", ""accelerate"", ""accelerate"", ""accelerate"", ""cruise"", ""cruise"", ""cruise"", ""accelerate"", ""decelerate"", ""decelerate"", ""accelerate"", ""decelerate"", ""accelerate"", ""accelerate"", ""decelerate"", ""decelerate"", ""accelerate"", ""accelerate"", ""decelerate"", ""accelerate"", ""turn_right""]","[0, 10, 19, 20, 30, 39, 43, 53, 56, 57, 58, 59, 60, 61, 62, 63, 73, 83, 93, 94, 104, 110, 120, 126, 136, 146, 156, 158, 168, 178, 188, 198]","[10, 19, 20, 30, 39, 43, 53, 56, 57, 58, 59, 60, 61, 62, 63, 73, 83, 93, 94, 104, 110, 120, 126, 136, 146, 156, 158, 168, 178, 188, 198, 200]"
345,34,"[2, 2, 2, 2, 2, 1, 2, 0, 0, 2, 2, 2, 2, 0, 0, 2, 3, 0, 2, 0, 2, 2, 0, 1, 2, 2, 2, 3, 3, 2, 2, 3, 2, 3]","[""accelerate"", ""accelerate"", ""accelerate"", ""accelerate"", ""accelerate"", ""turn_right"", ""accelerate"", ""turn_left"", ""turn_left"", ""accelerate"", ""accelerate"", ""accelerate"", ""accelerate"", ""turn_left"", ""turn_left"", ""accelerate"", ""decelerate"", ""turn_left"", ""accelerate"", ""turn_left"", ""accelerate"", ""accelerate"", ""turn_left"", ""turn_right"", ""accelerate"", ""accelerate"", ""accelerate"", ""decelerate"", ""decelerate"", ""accelerate"", ""accelerate"", ""decelerate"", ""accelerate"", ""decelerate""]","[0, 10, 20, 21, 22, 23, 33, 34, 44, 53, 57, 58, 59, 60, 70, 78, 81, 91, 95, 102, 111, 114, 115, 124, 132, 137, 138, 139, 149, 154, 164, 174, 184, 194]","[10, 20, 21, 22, 23, 33, 34, 44, 53, 57, 58, 59, 60, 70, 78, 81, 91, 95, 102, 111, 114, 115, 124, 132, 137, 138, 139, 149, 154, 164, 174, 184, 194, 200]"
346,30,"[2, 2, 4, 2, 2, 2, 2, 2, 0, 0, 2, 0, 2, 0, 2, 2, 2, 4, 3, 2, 0, 0, 3, 2, 3, 2, 2, 3, 4, 2]","[""accelerate"", ""accelerate"", ""cruise"", ""accelerate"", ""accelerate"", ""accelerate"", ""accelerate"", ""accelerate"", ""turn_left"", ""turn_left"", ""accelerate"", ""turn_left"", ""accelerate"", ""turn_left"", ""accelerate"", ""accelerate"", ""accelerate"", ""cruise"", ""decelerate"", ""accelerate"", ""turn_left"", ""turn_left"", ""decelerate"", ""accelerate"", ""decelerate"", ""accelerate"", ""accelerate"", ""decelerate"", ""cruise"", ""accelerate""]","[0, 10, 20, 30, 33, 34, 35, 36, 37, 47, 56, 60, 69, 72, 81, 85, 86, 87, 97, 107, 117, 124, 131, 140, 150, 156, 166, 176, 182, 192]","[10, 20, 30, 33, 34, 35, 36, 37, 47, 56, 60, 69, 72, 81, 85, 86, 87, 97, 107, 117, 124, 131, 140, 150, 156, 166, 176, 182, 192, 200]"
347,24,"[2, 2, 2, 2, 1, 2, 4, 2, 2, 2, 2, 0, 0, 0, 2, 0, 1, 0, 3, 2, 0, 0, 0, 0]","[""accelerate"", ""accelerate"", ""accelerate"", ""accelerate"", ""turn_right"", ""accelerate"", ""cruise"", ""accelerate"", ""accelerate"", ""accelerate"", ""accelerate"", ""turn_left"", ""turn_left"", ""turn_left"", ""accelerate"", ""turn_left"", ""turn_right"", ""turn_left"", ""decelerate"", ""accelerate"", ""turn_left"", ""turn_left"", ""turn_left"", ""turn_left""]","[0, 10, 20, 23, 24, 33, 34, 44, 45, 46, 47, 48, 58, 66, 73, 76, 85, 92, 100, 110, 120, 124, 130, 137]","[10, 20, 23, 24, 33, 34, 44, 45, 46, 47, 48, 58, 66, 73, 76, 85, 92, 100, 110, 120, 124, 130, 137, 142]"
348,23,"[2, 0, 0, 4, 0, 2, 0, 4, 2, 2, 0, 2, 3, 2, 2, 1, 2, 3, 4, 2, 3, 2, 2]","[""accelerate"", ""turn_left"", ""turn_left"", ""cruise"", ""turn_left"", ""accelerate"", ""turn_left"", ""cruise"", ""accelerate"", ""accelerate"", ""turn_left"", ""accelerate"", ""decelerate"", ""accelerate"", ""accelerate"", ""turn_right"", ""accelerate"", ""decelerate"", ""cruise"", ""accelerate"", ""decelerate"", ""accelerate"", ""accelerate""]","[0, 10, 20, 30, 40, 50, 57, 67, 77, 82, 83, 93, 103, 113, 123, 133, 138, 148, 154, 164, 174, 182, 192]","[10, 20, 30, 40, 50, 57, 67, 77, 82, 83, 93, 103, 113, 123, 133, 138, 148, 154, 164, 174, 182, 192, 200]"
349,43,"[0, 2, 4, 1, 2, 2, 2, 2, 2, 2, 2, 2, 2, 2, 2, 2, 2, 2, 2, 2, 2, 2, 2, 2, 2, 2, 4, 2, 2, 2, 3, 3, 2, 2, 2, 2, 3, 2, 0, 4, 0, 2, 0]","[""turn_left"", ""accelerate"", ""cruise"", ""turn_right"", ""accelerate"", ""accelerate"", ""accelerate"", ""accelerate"", ""accelerate"", ""accelerate"", ""accelerate"", ""accelerate"", ""accelerate"", ""accelerate"", ""accelerate"", ""accelerate"", ""accelerate"", ""accelerate"", ""accelerate"", ""accelerate"", ""accelerate"", ""accelerate"", ""accelerate"", ""accelerate"", ""accelerate"", ""accelerate"", ""cruise"", ""accelerate"", ""accelerate"", ""accelerate"", ""decelerate"", ""decelerate"", ""accelerate"", ""accelerate"", ""accelerate"", ""accelerate"", ""decelerate"", ""accelerate"", ""turn_left"", ""cruise"", ""turn_left"", ""accelerate"", ""turn_left""]","[0, 3, 13, 23, 33, 43, 53, 58, 59, 60, 61, 62, 63, 64, 65, 66, 67, 68, 69, 70, 71, 72, 73, 74, 75, 76, 77, 87, 88, 89, 90, 100, 103, 113, 123, 133, 143, 153, 163, 169, 179, 186, 191]","[3, 13, 23, 33, 43, 53, 58, 59, 60, 61, 62, 63, 64, 65, 66, 67, 68, 69, 70, 71, 72, 73, 74, 75, 76, 77, 87, 88, 89, 90, 100, 103, 113, 123, 133, 143, 153, 163, 169, 179, 186, 191, 200]"
350,25,"[2, 2, 0, 2, 0, 2, 0, 0, 0, 2, 2, 0, 2, 3, 2, 2, 3, 2, 3, 2, 3, 2, 2, 3, 2]","[""accelerate"", ""accelerate"", ""turn_left"", ""accelerate"", ""turn_left"", ""accelerate"", ""turn_left"", ""turn_left"", ""turn_left"", ""accelerate"", ""accelerate"", ""turn_left"", ""accelerate"", ""decelerate"", ""accelerate"", ""accelerate"", ""decelerate"", ""accelerate"", ""decelerate"", ""accelerate"", ""decelerate"", ""accelerate"", ""accelerate"", ""decelerate"", ""accelerate""]","[0, 10, 20, 28, 31, 39, 42, 51, 61, 71, 76, 77, 87, 97, 107, 117, 127, 133, 143, 149, 159, 164, 174, 184, 193]","[10, 20, 28, 31, 39, 42, 51, 61, 71, 76, 77, 87, 97, 107, 117, 127, 133, 143, 149, 159, 164, 174, 184, 193, 200]"
351,25,"[2, 2, 2, 4, 4, 4, 0, 0, 0, 0, 4, 0, 2, 0, 3, 2, 3, 2, 0, 0, 0, 0, 2, 1, 3]","[""accelerate"", ""accelerate"", ""accelerate"", ""cruise"", ""cruise"", ""cruise"", ""turn_left"", ""turn_left"", ""turn_left"", ""turn_left"", ""cruise"", ""turn_left"", ""accelerate"", ""turn_left"", ""decelerate"", ""accelerate"", ""decelerate"", ""accelerate"", ""turn_left"", ""turn_left"", ""turn_left"", ""turn_left"", ""accelerate"", ""turn_right"", ""decelerate""]","[0, 10, 20, 21, 31, 41, 51, 61, 69, 76, 83, 93, 100, 105, 114, 124, 134, 139, 149, 156, 163, 170, 177, 182, 190]","[10, 20, 21, 31, 41, 51, 61, 69, 76, 83, 93, 100, 105, 114, 124, 134, 139, 149, 156, 163, 170, 177, 182, 190, 200]"
352,25,"[4, 2, 0, 2, 2, 2, 4, 0, 4, 0, 0, 0, 4, 0, 0, 3, 2, 0, 4, 0, 4, 3, 2, 0, 0]","[""cruise"", ""accelerate"", ""turn_left"", ""accelerate"", ""accelerate"", ""accelerate"", ""cruise"", ""turn_left"", ""cruise"", ""turn_left"", ""turn_left"", ""turn_left"", ""cruise"", ""turn_left"", ""turn_left"", ""decelerate"", ""accelerate"", ""turn_left"", ""cruise"", ""turn_left"", ""cruise"", ""decelerate"", ""accelerate"", ""turn_left"", ""turn_left""]","[0, 10, 20, 29, 34, 35, 36, 46, 56, 66, 75, 83, 90, 100, 107, 114, 123, 133, 141, 151, 159, 169, 178, 188, 196]","[10, 20, 29, 34, 35, 36, 46, 56, 66, 75, 83, 90, 100, 107, 114, 123, 133, 141, 151, 159, 169, 178, 188, 196, 200]"
353,26,"[2, 0, 0, 0, 0, 0, 0, 2, 2, 0, 2, 3, 2, 2, 1, 2, 3, 2, 2, 2, 2, 2, 2, 2, 0, 0]","[""accelerate"", ""turn_left"", ""turn_left"", ""turn_left"", ""turn_left"", ""turn_left"", ""turn_left"", ""accelerate"", ""accelerate"", ""turn_left"", ""accelerate"", ""decelerate"", ""accelerate"", ""accelerate"", ""turn_right"", ""accelerate"", ""decelerate"", ""accelerate"", ""accelerate"", ""accelerate"", ""accelerate"", ""accelerate"", ""accelerate"", ""accelerate"", ""turn_left"", ""turn_left""]","[0, 10, 19, 29, 39, 49, 59, 69, 77, 78, 87, 94, 104, 114, 124, 130, 140, 146, 156, 166, 171, 181, 187, 188, 189, 199]","[10, 19, 29, 39, 49, 59, 69, 77, 78, 87, 94, 104, 114, 124, 130, 140, 146, 156, 166, 171, 181, 187, 188, 189, 199, 200]"
354,30,"[0, 2, 2, 2, 2, 0, 2, 2, 2, 2, 2, 0, 2, 2, 2, 2, 2, 2, 2, 2, 2, 2, 2, 2, 2, 2, 2, 2, 2, 2]","[""turn_left"", ""accelerate"", ""accelerate"", ""accelerate"", ""accelerate"", ""turn_left"", ""accelerate"", ""accelerate"", ""accelerate"", ""accelerate"", ""accelerate"", ""turn_left"", ""accelerate"", ""accelerate"", ""accelerate"", ""accelerate"", ""accelerate"", ""accelerate"", ""accelerate"", ""accelerate"", ""accelerate"", ""accelerate"", ""accelerate"", ""accelerate"", ""accelerate"", ""accelerate"", ""accelerate"", ""accelerate"", ""accelerate"", ""accelerate""]","[0, 3, 13, 23, 24, 25, 33, 43, 45, 46, 47, 48, 56, 66, 67, 68, 69, 70, 71, 72, 73, 74, 75, 76, 77, 78, 79, 80, 81, 82]","[3, 13, 23, 24, 25, 33, 43, 45, 46, 47, 48, 56, 66, 67, 68, 69, 70, 71, 72, 73, 74, 75, 76, 77, 78, 79, 80, 81, 82, 83]"
355,59,"[0, 0, 2, 2, 2, 2, 2, 2, 2, 2, 2, 2, 2, 2, 2, 2, 2, 2, 2, 2, 2, 2, 2, 2, 2, 2, 2, 2, 2, 2, 2, 2, 2, 2, 2, 2, 2, 2, 2, 3, 2, 2, 1, 2, 2, 3, 2, 2, 2, 2, 2, 2, 2, 3, 2, 3, 2, 2, 2]","[""turn_left"", ""turn_left"", ""accelerate"", ""accelerate"", ""accelerate"", ""accelerate"", ""accelerate"", ""accelerate"", ""accelerate"", ""accelerate"", ""accelerate"", ""accelerate"", ""accelerate"", ""accelerate"", ""accelerate"", ""accelerate"", ""accelerate"", ""accelerate"", ""accelerate"", ""accelerate"", ""accelerate"", ""accelerate"", ""accelerate"", ""accelerate"", ""accelerate"", ""accelerate"", ""accelerate"", ""accelerate"", ""accelerate"", ""accelerate"", ""accelerate"", ""accelerate"", ""accelerate"", ""accelerate"", ""accelerate"", ""accelerate"", ""accelerate"", ""accelerate"", ""accelerate"", ""decelerate"", ""accelerate"", ""accelerate"", ""turn_right"", ""accelerate"", ""accelerate"", ""decelerate"", ""accelerate"", ""accelerate"", ""accelerate"", ""accelerate"", ""accelerate"", ""accelerate"", ""accelerate"", ""decelerate"", ""accelerate"", ""decelerate"", ""accelerate"", ""accelerate"", ""accelerate""]","[0, 2, 5, 15, 19, 20, 21, 22, 23, 24, 25, 26, 27, 28, 29, 30, 31, 32, 33, 34, 35, 36, 37, 38, 39, 40, 41, 42, 43, 44, 45, 46, 47, 48, 49, 50, 51, 52, 53, 54, 64, 74, 84, 91, 101, 106, 116, 126, 136, 138, 139, 140, 141, 142, 152, 162, 172, 182, 192]","[2, 5, 15, 19, 20, 21, 22, 23, 24, 25, 26, 27, 28, 29, 30, 31, 32, 33, 34, 35, 36, 37, 38, 39, 40, 41, 42, 43, 44, 45, 46, 47, 48, 49, 50, 51, 52, 53, 54, 64, 74, 84, 91, 101, 106, 116, 126, 136, 138, 139, 140, 141, 142, 152, 162, 172, 182, 192, 200]"
356,54,"[0, 2, 2, 2, 2, 2, 2, 2, 2, 4, 2, 2, 2, 2, 2, 2, 2, 2, 2, 2, 2, 2, 2, 2, 2, 2, 2, 1, 2, 2, 2, 2, 2, 2, 2, 2, 2, 2, 2, 1, 2, 2, 2, 0, 2, 3, 2, 3, 2, 3, 2, 3, 2, 3]","[""turn_left"", ""accelerate"", ""accelerate"", ""accelerate"", ""accelerate"", ""accelerate"", ""accelerate"", ""accelerate"", ""accelerate"", ""cruise"", ""accelerate"", ""accelerate"", ""accelerate"", ""accelerate"", ""accelerate"", ""accelerate"", ""accelerate"", ""accelerate"", ""accelerate"", ""accelerate"", ""accelerate"", ""accelerate"", ""accelerate"", ""accelerate"", ""accelerate"", ""accelerate"", ""accelerate"", ""turn_right"", ""accelerate"", ""accelerate"", ""accelerate"", ""accelerate"", ""accelerate"", ""accelerate"", ""accelerate"", ""accelerate"", ""accelerate"", ""accelerate"", ""accelerate"", ""turn_right"", ""accelerate"", ""accelerate"", ""accelerate"", ""turn_left"", ""accelerate"", ""decelerate"", ""accelerate"", ""decelerate"", ""accelerate"", ""decelerate"", ""accelerate"", ""decelerate"", ""accelerate"", ""decelerate""]","[0, 2, 12, 20, 21, 22, 23, 24, 25, 26, 36, 37, 38, 39, 40, 41, 42, 43, 44, 45, 46, 47, 48, 49, 50, 51, 52, 53, 63, 64, 65, 66, 67, 68, 69, 70, 71, 72, 73, 74, 84, 94, 104, 107, 115, 125, 135, 145, 155, 165, 172, 182, 188, 198]","[2, 12, 20, 21, 22, 23, 24, 25, 26, 36, 37, 38, 39, 40, 41, 42, 43, 44, 45, 46, 47, 48, 49, 50, 51, 52, 53, 63, 64, 65, 66, 67, 68, 69, 70, 71, 72, 73, 74, 84, 94, 104, 107, 115, 125, 135, 145, 155, 165, 172, 182, 188, 198, 200]"
357,31,"[2, 0, 4, 0, 0, 0, 0, 4, 2, 2, 2, 0, 2, 2, 2, 2, 4, 3, 4, 3, 2, 2, 2, 2, 2, 2, 2, 2, 2, 2, 2]","[""accelerate"", ""turn_left"", ""cruise"", ""turn_left"", ""turn_left"", ""turn_left"", ""turn_left"", ""cruise"", ""accelerate"", ""accelerate"", ""accelerate"", ""turn_left"", ""accelerate"", ""accelerate"", ""accelerate"", ""accelerate"", ""cruise"", ""decelerate"", ""cruise"", ""decelerate"", ""accelerate"", ""accelerate"", ""accelerate"", ""accelerate"", ""accelerate"", ""accelerate"", ""accelerate"", ""accelerate"", ""accelerate"", ""accelerate"", ""accelerate""]","[0, 10, 20, 30, 40, 50, 60, 70, 80, 88, 89, 90, 98, 101, 102, 103, 104, 114, 124, 134, 137, 147, 157, 167, 177, 187, 195, 196, 197, 198, 199]","[10, 20, 30, 40, 50, 60, 70, 80, 88, 89, 90, 98, 101, 102, 103, 104, 114, 124, 134, 137, 147, 157, 167, 177, 187, 195, 196, 197, 198, 199, 200]"
358,40,"[0, 0, 4, 0, 0, 2, 2, 2, 2, 4, 2, 2, 2, 2, 2, 2, 2, 2, 2, 2, 2, 2, 2, 2, 2, 2, 2, 2, 2, 2, 2, 2, 2, 2, 2, 2, 2, 2, 2, 2]","[""turn_left"", ""turn_left"", ""cruise"", ""turn_left"", ""turn_left"", ""accelerate"", ""accelerate"", ""accelerate"", ""accelerate"", ""cruise"", ""accelerate"", ""accelerate"", ""accelerate"", ""accelerate"", ""accelerate"", ""accelerate"", ""accelerate"", ""accelerate"", ""accelerate"", ""accelerate"", ""accelerate"", ""accelerate"", ""accelerate"", ""accelerate"", ""accelerate"", ""accelerate"", ""accelerate"", ""accelerate"", ""accelerate"", ""accelerate"", ""accelerate"", ""accelerate"", ""accelerate"", ""accelerate"", ""accelerate"", ""accelerate"", ""accelerate"", ""accelerate"", ""accelerate"", ""accelerate""]","[0, 3, 7, 17, 22, 28, 35, 36, 37, 38, 48, 49, 50, 51, 52, 53, 54, 55, 56, 57, 58, 59, 60, 61, 62, 63, 64, 65, 66, 67, 68, 69, 70, 71, 72, 73, 74, 75, 76, 77]","[3, 7, 17, 22, 28, 35, 36, 37, 38, 48, 49, 50, 51, 52, 53, 54, 55, 56, 57, 58, 59, 60, 61, 62, 63, 64, 65, 66, 67, 68, 69, 70, 71, 72, 73, 74, 75, 76, 77, 78]"
359,37,"[2, 4, 0, 0, 4, 0, 0, 2, 0, 0, 0, 2, 2, 2, 0, 2, 2, 2, 2, 2, 2, 2, 2, 3, 2, 2, 2, 2, 2, 2, 2, 2, 2, 2, 3, 2, 2]","[""accelerate"", ""cruise"", ""turn_left"", ""turn_left"", ""cruise"", ""turn_left"", ""turn_left"", ""accelerate"", ""turn_left"", ""turn_left"", ""turn_left"", ""accelerate"", ""accelerate"", ""accelerate"", ""turn_left"", ""accelerate"", ""accelerate"", ""accelerate"", ""accelerate"", ""accelerate"", ""accelerate"", ""accelerate"", ""accelerate"", ""decelerate"", ""accelerate"", ""accelerate"", ""accelerate"", ""accelerate"", ""accelerate"", ""accelerate"", ""accelerate"", ""accelerate"", ""accelerate"", ""accelerate"", ""decelerate"", ""accelerate"", ""accelerate""]","[0, 10, 20, 30, 40, 50, 60, 70, 76, 85, 93, 101, 106, 107, 108, 117, 122, 123, 124, 125, 126, 127, 128, 129, 139, 149, 159, 166, 167, 168, 169, 170, 171, 172, 173, 183, 193]","[10, 20, 30, 40, 50, 60, 70, 76, 85, 93, 101, 106, 107, 108, 117, 122, 123, 124, 125, 126, 127, 128, 129, 139, 149, 159, 166, 167, 168, 169, 170, 171, 172, 173, 183, 193, 200]"
360,48,"[2, 2, 0, 0, 2, 2, 2, 4, 2, 2, 2, 2, 2, 2, 2, 2, 2, 2, 2, 2, 2, 2, 2, 2, 2, 1, 2, 2, 3, 3, 2, 2, 3, 2, 2, 1, 3, 2, 2, 2, 2, 2, 2, 2, 2, 2, 2, 2]","[""accelerate"", ""accelerate"", ""turn_left"", ""turn_left"", ""accelerate"", ""accelerate"", ""accelerate"", ""cruise"", ""accelerate"", ""accelerate"", ""accelerate"", ""accelerate"", ""accelerate"", ""accelerate"", ""accelerate"", ""accelerate"", ""accelerate"", ""accelerate"", ""accelerate"", ""accelerate"", ""accelerate"", ""accelerate"", ""accelerate"", ""accelerate"", ""accelerate"", ""turn_right"", ""accelerate"", ""accelerate"", ""decelerate"", ""decelerate"", ""accelerate"", ""accelerate"", ""decelerate"", ""accelerate"", ""accelerate"", ""turn_right"", ""decelerate"", ""accelerate"", ""accelerate"", ""accelerate"", ""accelerate"", ""accelerate"", ""accelerate"", ""accelerate"", ""accelerate"", ""accelerate"", ""accelerate"", ""accelerate""]","[0, 10, 11, 20, 28, 32, 33, 34, 44, 45, 46, 47, 48, 49, 50, 51, 52, 53, 54, 55, 56, 57, 58, 59, 60, 61, 71, 72, 73, 83, 87, 97, 107, 117, 127, 137, 145, 155, 165, 175, 179, 180, 181, 182, 183, 184, 185, 186]","[10, 11, 20, 28, 32, 33, 34, 44, 45, 46, 47, 48, 49, 50, 51, 52, 53, 54, 55, 56, 57, 58, 59, 60, 61, 71, 72, 73, 83, 87, 97, 107, 117, 127, 137, 145, 155, 165, 175, 179, 180, 181, 182, 183, 184, 185, 186, 187]"
361,57,"[2, 2, 2, 2, 0, 0, 2, 2, 4, 2, 2, 2, 2, 2, 2, 2, 2, 2, 3, 3, 2, 2, 3, 2, 2, 2, 4, 2, 2, 2, 2, 2, 1, 2, 2, 2, 2, 2, 2, 2, 2, 2, 2, 2, 2, 2, 2, 2, 0, 2, 2, 2, 2, 2, 2, 2, 2]","[""accelerate"", ""accelerate"", ""accelerate"", ""accelerate"", ""turn_left"", ""turn_left"", ""accelerate"", ""accelerate"", ""cruise"", ""accelerate"", ""accelerate"", ""accelerate"", ""accelerate"", ""accelerate"", ""accelerate"", ""accelerate"", ""accelerate"", ""accelerate"", ""decelerate"", ""decelerate"", ""accelerate"", ""accelerate"", ""decelerate"", ""accelerate"", ""accelerate"", ""accelerate"", ""cruise"", ""accelerate"", ""accelerate"", ""accelerate"", ""accelerate"", ""accelerate"", ""turn_right"", ""accelerate"", ""accelerate"", ""accelerate"", ""accelerate"", ""accelerate"", ""accelerate"", ""accelerate"", ""accelerate"", ""accelerate"", ""accelerate"", ""accelerate"", ""accelerate"", ""accelerate"", ""accelerate"", ""accelerate"", ""turn_left"", ""accelerate"", ""accelerate"", ""accelerate"", ""accelerate"", ""accelerate"", ""accelerate"", ""accelerate"", ""accelerate""]","[0, 10, 11, 12, 13, 22, 29, 33, 34, 44, 45, 46, 47, 48, 49, 50, 51, 52, 53, 63, 73, 83, 93, 103, 113, 123, 128, 138, 144, 145, 146, 147, 148, 158, 162, 163, 164, 165, 166, 167, 168, 169, 170, 171, 172, 173, 174, 175, 176, 186, 187, 188, 189, 190, 191, 192, 193]","[10, 11, 12, 13, 22, 29, 33, 34, 44, 45, 46, 47, 48, 49, 50, 51, 52, 53, 63, 73, 83, 93, 103, 113, 123, 128, 138, 144, 145, 146, 147, 148, 158, 162, 163, 164, 165, 166, 167, 168, 169, 170, 171, 172, 173, 174, 175, 176, 186, 187, 188, 189, 190, 191, 192, 193, 194]"
362,56,"[0, 0, 2, 2, 4, 2, 2, 2, 2, 2, 2, 4, 2, 2, 2, 2, 2, 2, 2, 2, 2, 2, 2, 2, 2, 2, 2, 2, 2, 2, 2, 3, 2, 2, 2, 3, 2, 1, 2, 2, 2, 2, 2, 2, 1, 2, 2, 2, 2, 2, 2, 2, 2, 2, 1, 2]","[""turn_left"", ""turn_left"", ""accelerate"", ""accelerate"", ""cruise"", ""accelerate"", ""accelerate"", ""accelerate"", ""accelerate"", ""accelerate"", ""accelerate"", ""cruise"", ""accelerate"", ""accelerate"", ""accelerate"", ""accelerate"", ""accelerate"", ""accelerate"", ""accelerate"", ""accelerate"", ""accelerate"", ""accelerate"", ""accelerate"", ""accelerate"", ""accelerate"", ""accelerate"", ""accelerate"", ""accelerate"", ""accelerate"", ""accelerate"", ""accelerate"", ""decelerate"", ""accelerate"", ""accelerate"", ""accelerate"", ""decelerate"", ""accelerate"", ""turn_right"", ""accelerate"", ""accelerate"", ""accelerate"", ""accelerate"", ""accelerate"", ""accelerate"", ""turn_right"", ""accelerate"", ""accelerate"", ""accelerate"", ""accelerate"", ""accelerate"", ""accelerate"", ""accelerate"", ""accelerate"", ""accelerate"", ""turn_right"", ""accelerate""]","[0, 3, 7, 17, 18, 28, 29, 30, 31, 32, 33, 34, 44, 45, 46, 47, 48, 49, 50, 51, 52, 53, 54, 55, 56, 57, 58, 59, 60, 61, 62, 63, 73, 83, 93, 103, 113, 123, 129, 139, 148, 149, 150, 151, 152, 161, 171, 181, 182, 183, 184, 185, 186, 187, 188, 197]","[3, 7, 17, 18, 28, 29, 30, 31, 32, 33, 34, 44, 45, 46, 47, 48, 49, 50, 51, 52, 53, 54, 55, 56, 57, 58, 59, 60, 61, 62, 63, 73, 83, 93, 103, 113, 123, 129, 139, 148, 149, 150, 151, 152, 161, 171, 181, 182, 183, 184, 185, 186, 187, 188, 197, 200]"
363,35,"[2, 0, 0, 2, 2, 2, 4, 2, 4, 2, 2, 2, 2, 2, 2, 2, 2, 2, 2, 2, 2, 2, 2, 2, 2, 2, 2, 2, 2, 2, 2, 2, 2, 2, 2]","[""accelerate"", ""turn_left"", ""turn_left"", ""accelerate"", ""accelerate"", ""accelerate"", ""cruise"", ""accelerate"", ""cruise"", ""accelerate"", ""accelerate"", ""accelerate"", ""accelerate"", ""accelerate"", ""accelerate"", ""accelerate"", ""accelerate"", ""accelerate"", ""accelerate"", ""accelerate"", ""accelerate"", ""accelerate"", ""accelerate"", ""accelerate"", ""accelerate"", ""accelerate"", ""accelerate"", ""accelerate"", ""accelerate"", ""accelerate"", ""accelerate"", ""accelerate"", ""accelerate"", ""accelerate"", ""accelerate""]","[0, 10, 14, 20, 27, 28, 29, 39, 41, 51, 54, 55, 56, 57, 58, 59, 60, 61, 62, 63, 64, 65, 66, 67, 68, 69, 70, 71, 72, 73, 74, 75, 76, 77, 78]","[10, 14, 20, 27, 28, 29, 39, 41, 51, 54, 55, 56, 57, 58, 59, 60, 61, 62, 63, 64, 65, 66, 67, 68, 69, 70, 71, 72, 73, 74, 75, 76, 77, 78, 79]"
364,33,"[0, 0, 2, 2, 2, 2, 2, 2, 1, 1, 2, 2, 2, 2, 2, 2, 3, 2, 2, 3, 2, 3, 2, 2, 3, 4, 2, 2, 2, 2, 0, 3, 2]","[""turn_left"", ""turn_left"", ""accelerate"", ""accelerate"", ""accelerate"", ""accelerate"", ""accelerate"", ""accelerate"", ""turn_right"", ""turn_right"", ""accelerate"", ""accelerate"", ""accelerate"", ""accelerate"", ""accelerate"", ""accelerate"", ""decelerate"", ""accelerate"", ""accelerate"", ""decelerate"", ""accelerate"", ""decelerate"", ""accelerate"", ""accelerate"", ""decelerate"", ""cruise"", ""accelerate"", ""accelerate"", ""accelerate"", ""accelerate"", ""turn_left"", ""decelerate"", ""accelerate""]","[0, 3, 7, 17, 18, 19, 20, 21, 22, 32, 41, 46, 47, 48, 49, 50, 51, 61, 71, 81, 91, 101, 108, 118, 128, 138, 148, 158, 168, 174, 175, 184, 194]","[3, 7, 17, 18, 19, 20, 21, 22, 32, 41, 46, 47, 48, 49, 50, 51, 61, 71, 81, 91, 101, 108, 118, 128, 138, 148, 158, 168, 174, 175, 184, 194, 200]"
365,26,"[2, 0, 2, 2, 1, 2, 2, 2, 2, 2, 2, 2, 2, 2, 4, 2, 2, 2, 2, 2, 2, 2, 2, 2, 4, 4]","[""accelerate"", ""turn_left"", ""accelerate"", ""accelerate"", ""turn_right"", ""accelerate"", ""accelerate"", ""accelerate"", ""accelerate"", ""accelerate"", ""accelerate"", ""accelerate"", ""accelerate"", ""accelerate"", ""cruise"", ""accelerate"", ""accelerate"", ""accelerate"", ""accelerate"", ""accelerate"", ""accelerate"", ""accelerate"", ""accelerate"", ""accelerate"", ""cruise"", ""cruise""]","[0, 10, 14, 23, 24, 34, 37, 38, 39, 40, 41, 42, 43, 44, 45, 55, 56, 57, 58, 59, 60, 61, 62, 63, 64, 74]","[10, 14, 23, 24, 34, 37, 38, 39, 40, 41, 42, 43, 44, 45, 55, 56, 57, 58, 59, 60, 61, 62, 63, 64, 74, 78]"
366,34,"[2, 2, 2, 2, 2, 0, 2, 2, 2, 2, 2, 2, 2, 2, 2, 2, 2, 2, 2, 2, 2, 2, 2, 2, 2, 2, 2, 2, 2, 2, 2, 1, 2, 1]","[""accelerate"", ""accelerate"", ""accelerate"", ""accelerate"", ""accelerate"", ""turn_left"", ""accelerate"", ""accelerate"", ""accelerate"", ""accelerate"", ""accelerate"", ""accelerate"", ""accelerate"", ""accelerate"", ""accelerate"", ""accelerate"", ""accelerate"", ""accelerate"", ""accelerate"", ""accelerate"", ""accelerate"", ""accelerate"", ""accelerate"", ""accelerate"", ""accelerate"", ""accelerate"", ""accelerate"", ""accelerate"", ""accelerate"", ""accelerate"", ""accelerate"", ""turn_right"", ""accelerate"", ""turn_right""]","[0, 10, 20, 21, 22, 23, 32, 35, 36, 37, 38, 39, 40, 41, 42, 43, 44, 45, 46, 47, 48, 49, 50, 51, 52, 53, 54, 55, 56, 57, 58, 59, 69, 71]","[10, 20, 21, 22, 23, 32, 35, 36, 37, 38, 39, 40, 41, 42, 43, 44, 45, 46, 47, 48, 49, 50, 51, 52, 53, 54, 55, 56, 57, 58, 59, 69, 71, 76]"
367,34,"[2, 0, 0, 4, 2, 2, 2, 2, 2, 2, 2, 2, 2, 2, 2, 2, 2, 2, 1, 2, 2, 2, 2, 2, 2, 2, 2, 2, 2, 2, 2, 2, 2, 1]","[""accelerate"", ""turn_left"", ""turn_left"", ""cruise"", ""accelerate"", ""accelerate"", ""accelerate"", ""accelerate"", ""accelerate"", ""accelerate"", ""accelerate"", ""accelerate"", ""accelerate"", ""accelerate"", ""accelerate"", ""accelerate"", ""accelerate"", ""accelerate"", ""turn_right"", ""accelerate"", ""accelerate"", ""accelerate"", ""accelerate"", ""accelerate"", ""accelerate"", ""accelerate"", ""accelerate"", ""accelerate"", ""accelerate"", ""accelerate"", ""accelerate"", ""accelerate"", ""accelerate"", ""turn_right""]","[0, 10, 15, 21, 31, 38, 39, 40, 41, 42, 43, 44, 45, 46, 47, 48, 49, 50, 51, 61, 63, 64, 65, 66, 67, 68, 69, 70, 71, 72, 73, 74, 75, 76]","[10, 15, 21, 31, 38, 39, 40, 41, 42, 43, 44, 45, 46, 47, 48, 49, 50, 51, 61, 63, 64, 65, 66, 67, 68, 69, 70, 71, 72, 73, 74, 75, 76, 81]"
368,33,"[0, 0, 0, 0, 2, 2, 1, 2, 2, 2, 2, 2, 2, 2, 2, 2, 2, 2, 2, 2, 2, 2, 2, 2, 2, 2, 1, 2, 2, 2, 2, 4, 2]","[""turn_left"", ""turn_left"", ""turn_left"", ""turn_left"", ""accelerate"", ""accelerate"", ""turn_right"", ""accelerate"", ""accelerate"", ""accelerate"", ""accelerate"", ""accelerate"", ""accelerate"", ""accelerate"", ""accelerate"", ""accelerate"", ""accelerate"", ""accelerate"", ""accelerate"", ""accelerate"", ""accelerate"", ""accelerate"", ""accelerate"", ""accelerate"", ""accelerate"", ""accelerate"", ""turn_right"", ""accelerate"", ""accelerate"", ""accelerate"", ""accelerate"", ""cruise"", ""accelerate""]","[0, 3, 7, 13, 20, 25, 26, 36, 39, 40, 41, 42, 43, 44, 45, 46, 47, 48, 49, 50, 51, 52, 53, 54, 55, 56, 57, 67, 68, 69, 70, 71, 81]","[3, 7, 13, 20, 25, 26, 36, 39, 40, 41, 42, 43, 44, 45, 46, 47, 48, 49, 50, 51, 52, 53, 54, 55, 56, 57, 67, 68, 69, 70, 71, 81, 82]"
369,31,"[2, 4, 0, 2, 2, 2, 2, 2, 2, 4, 2, 2, 2, 2, 2, 2, 2, 1, 2, 2, 2, 2, 2, 2, 2, 2, 2, 2, 4, 2, 2]","[""accelerate"", ""cruise"", ""turn_left"", ""accelerate"", ""accelerate"", ""accelerate"", ""accelerate"", ""accelerate"", ""accelerate"", ""cruise"", ""accelerate"", ""accelerate"", ""accelerate"", ""accelerate"", ""accelerate"", ""accelerate"", ""accelerate"", ""turn_right"", ""accelerate"", ""accelerate"", ""accelerate"", ""accelerate"", ""accelerate"", ""accelerate"", ""accelerate"", ""accelerate"", ""accelerate"", ""accelerate"", ""cruise"", ""accelerate"", ""accelerate""]","[0, 10, 20, 25, 32, 33, 34, 35, 36, 37, 47, 48, 49, 50, 51, 52, 53, 54, 64, 65, 66, 67, 68, 69, 70, 71, 72, 73, 74, 84, 85]","[10, 20, 25, 32, 33, 34, 35, 36, 37, 47, 48, 49, 50, 51, 52, 53, 54, 64, 65, 66, 67, 68, 69, 70, 71, 72, 73, 74, 84, 85, 86]"
370,39,"[0, 0, 0, 0, 0, 2, 2, 2, 2, 2, 2, 2, 2, 2, 2, 2, 2, 2, 2, 2, 2, 2, 2, 2, 2, 2, 2, 2, 2, 2, 2, 2, 1, 2, 2, 2, 2, 2, 1]","[""turn_left"", ""turn_left"", ""turn_left"", ""turn_left"", ""turn_left"", ""accelerate"", ""accelerate"", ""accelerate"", ""accelerate"", ""accelerate"", ""accelerate"", ""accelerate"", ""accelerate"", ""accelerate"", ""accelerate"", ""accelerate"", ""accelerate"", ""accelerate"", ""accelerate"", ""accelerate"", ""accelerate"", ""accelerate"", ""accelerate"", ""accelerate"", ""accelerate"", ""accelerate"", ""accelerate"", ""accelerate"", ""accelerate"", ""accelerate"", ""accelerate"", ""accelerate"", ""turn_right"", ""accelerate"", ""accelerate"", ""accelerate"", ""accelerate"", ""accelerate"", ""turn_right""]","[0, 3, 7, 13, 20, 27, 32, 33, 34, 35, 36, 37, 38, 39, 40, 41, 42, 43, 44, 45, 46, 47, 48, 49, 50, 51, 52, 53, 54, 55, 56, 57, 58, 68, 69, 70, 71, 72, 73]","[3, 7, 13, 20, 27, 32, 33, 34, 35, 36, 37, 38, 39, 40, 41, 42, 43, 44, 45, 46, 47, 48, 49, 50, 51, 52, 53, 54, 55, 56, 57, 58, 68, 69, 70, 71, 72, 73, 75]"
371,33,"[0, 0, 4, 2, 2, 2, 1, 1, 2, 1, 2, 2, 2, 2, 2, 2, 2, 2, 2, 3, 2, 2, 3, 2, 3, 2, 3, 2, 3, 2, 2, 4, 3]","[""turn_left"", ""turn_left"", ""cruise"", ""accelerate"", ""accelerate"", ""accelerate"", ""turn_right"", ""turn_right"", ""accelerate"", ""turn_right"", ""accelerate"", ""accelerate"", ""accelerate"", ""accelerate"", ""accelerate"", ""accelerate"", ""accelerate"", ""accelerate"", ""accelerate"", ""decelerate"", ""accelerate"", ""accelerate"", ""decelerate"", ""accelerate"", ""decelerate"", ""accelerate"", ""decelerate"", ""accelerate"", ""decelerate"", ""accelerate"", ""accelerate"", ""cruise"", ""decelerate""]","[0, 3, 7, 17, 26, 27, 28, 38, 47, 53, 62, 70, 71, 72, 73, 74, 75, 76, 77, 78, 88, 98, 108, 118, 128, 135, 145, 150, 160, 166, 176, 186, 196]","[3, 7, 17, 26, 27, 28, 38, 47, 53, 62, 70, 71, 72, 73, 74, 75, 76, 77, 78, 88, 98, 108, 118, 128, 135, 145, 150, 160, 166, 176, 186, 196, 200]"
372,41,"[2, 2, 2, 2, 2, 2, 1, 2, 2, 2, 2, 2, 2, 2, 2, 2, 2, 2, 2, 2, 2, 2, 2, 2, 2, 2, 2, 2, 2, 2, 2, 2, 2, 2, 2, 2, 2, 2, 2, 2, 1]","[""accelerate"", ""accelerate"", ""accelerate"", ""accelerate"", ""accelerate"", ""accelerate"", ""turn_right"", ""accelerate"", ""accelerate"", ""accelerate"", ""accelerate"", ""accelerate"", ""accelerate"", ""accelerate"", ""accelerate"", ""accelerate"", ""accelerate"", ""accelerate"", ""accelerate"", ""accelerate"", ""accelerate"", ""accelerate"", ""accelerate"", ""accelerate"", ""accelerate"", ""accelerate"", ""accelerate"", ""accelerate"", ""accelerate"", ""accelerate"", ""accelerate"", ""accelerate"", ""accelerate"", ""accelerate"", ""accelerate"", ""accelerate"", ""accelerate"", ""accelerate"", ""accelerate"", ""accelerate"", ""turn_right""]","[0, 10, 19, 20, 21, 22, 23, 33, 36, 37, 38, 39, 40, 41, 42, 43, 44, 45, 46, 47, 48, 49, 50, 51, 52, 53, 54, 55, 56, 57, 58, 59, 60, 61, 62, 63, 64, 65, 66, 67, 68]","[10, 19, 20, 21, 22, 23, 33, 36, 37, 38, 39, 40, 41, 42, 43, 44, 45, 46, 47, 48, 49, 50, 51, 52, 53, 54, 55, 56, 57, 58, 59, 60, 61, 62, 63, 64, 65, 66, 67, 68, 73]"
373,43,"[2, 2, 2, 2, 2, 2, 2, 2, 2, 2, 2, 2, 2, 2, 2, 2, 2, 2, 2, 2, 2, 2, 2, 2, 2, 2, 2, 2, 2, 2, 2, 2, 2, 2, 2, 2, 2, 2, 2, 2, 2, 2, 3]","[""accelerate"", ""accelerate"", ""accelerate"", ""accelerate"", ""accelerate"", ""accelerate"", ""accelerate"", ""accelerate"", ""accelerate"", ""accelerate"", ""accelerate"", ""accelerate"", ""accelerate"", ""accelerate"", ""accelerate"", ""accelerate"", ""accelerate"", ""accelerate"", ""accelerate"", ""accelerate"", ""accelerate"", ""accelerate"", ""accelerate"", ""accelerate"", ""accelerate"", ""accelerate"", ""accelerate"", ""accelerate"", ""accelerate"", ""accelerate"", ""accelerate"", ""accelerate"", ""accelerate"", ""accelerate"", ""accelerate"", ""accelerate"", ""accelerate"", ""accelerate"", ""accelerate"", ""accelerate"", ""accelerate"", ""accelerate"", ""decelerate""]","[0, 10, 19, 20, 21, 22, 23, 24, 25, 26, 27, 28, 29, 30, 31, 32, 33, 34, 35, 36, 37, 38, 39, 40, 41, 42, 43, 44, 45, 46, 47, 48, 49, 50, 51, 52, 53, 54, 55, 56, 57, 58, 59]","[10, 19, 20, 21, 22, 23, 24, 25, 26, 27, 28, 29, 30, 31, 32, 33, 34, 35, 36, 37, 38, 39, 40, 41, 42, 43, 44, 45, 46, 47, 48, 49, 50, 51, 52, 53, 54, 55, 56, 57, 58, 59, 65]"
374,48,"[0, 2, 2, 2, 1, 2, 2, 2, 2, 2, 2, 2, 2, 2, 1, 2, 2, 2, 2, 2, 2, 2, 2, 2, 2, 2, 2, 2, 2, 2, 2, 1, 1, 2, 1, 2, 2, 3, 3, 2, 3, 2, 3, 2, 3, 2, 3, 2]","[""turn_left"", ""accelerate"", ""accelerate"", ""accelerate"", ""turn_right"", ""accelerate"", ""accelerate"", ""accelerate"", ""accelerate"", ""accelerate"", ""accelerate"", ""accelerate"", ""accelerate"", ""accelerate"", ""turn_right"", ""accelerate"", ""accelerate"", ""accelerate"", ""accelerate"", ""accelerate"", ""accelerate"", ""accelerate"", ""accelerate"", ""accelerate"", ""accelerate"", ""accelerate"", ""accelerate"", ""accelerate"", ""accelerate"", ""accelerate"", ""accelerate"", ""turn_right"", ""turn_right"", ""accelerate"", ""turn_right"", ""accelerate"", ""accelerate"", ""decelerate"", ""decelerate"", ""accelerate"", ""decelerate"", ""accelerate"", ""decelerate"", ""accelerate"", ""decelerate"", ""accelerate"", ""decelerate"", ""accelerate""]","[0, 3, 13, 17, 18, 28, 31, 32, 33, 34, 35, 36, 37, 38, 39, 49, 51, 52, 53, 54, 55, 56, 57, 58, 59, 60, 61, 62, 63, 64, 65, 66, 76, 85, 95, 103, 113, 117, 127, 129, 139, 146, 156, 161, 171, 177, 187, 194]","[3, 13, 17, 18, 28, 31, 32, 33, 34, 35, 36, 37, 38, 39, 49, 51, 52, 53, 54, 55, 56, 57, 58, 59, 60, 61, 62, 63, 64, 65, 66, 76, 85, 95, 103, 113, 117, 127, 129, 139, 146, 156, 161, 171, 177, 187, 194, 200]"
375,34,"[2, 0, 2, 2, 2, 2, 2, 1, 2, 2, 3, 2, 2, 2, 2, 2, 2, 2, 2, 2, 2, 2, 2, 2, 2, 2, 2, 2, 2, 2, 2, 2, 2, 2]","[""accelerate"", ""turn_left"", ""accelerate"", ""accelerate"", ""accelerate"", ""accelerate"", ""accelerate"", ""turn_right"", ""accelerate"", ""accelerate"", ""decelerate"", ""accelerate"", ""accelerate"", ""accelerate"", ""accelerate"", ""accelerate"", ""accelerate"", ""accelerate"", ""accelerate"", ""accelerate"", ""accelerate"", ""accelerate"", ""accelerate"", ""accelerate"", ""accelerate"", ""accelerate"", ""accelerate"", ""accelerate"", ""accelerate"", ""accelerate"", ""accelerate"", ""accelerate"", ""accelerate"", ""accelerate""]","[0, 10, 15, 22, 23, 24, 25, 26, 36, 38, 39, 49, 59, 60, 61, 62, 63, 64, 65, 66, 67, 68, 69, 70, 71, 72, 73, 74, 75, 76, 77, 78, 79, 80]","[10, 15, 22, 23, 24, 25, 26, 36, 38, 39, 49, 59, 60, 61, 62, 63, 64, 65, 66, 67, 68, 69, 70, 71, 72, 73, 74, 75, 76, 77, 78, 79, 80, 81]"
376,47,"[2, 2, 2, 2, 2, 2, 2, 2, 2, 2, 2, 2, 2, 2, 2, 2, 2, 2, 2, 2, 2, 2, 2, 2, 2, 2, 2, 2, 2, 2, 2, 2, 2, 2, 2, 2, 2, 2, 2, 2, 2, 2, 2, 2, 2, 2, 2]","[""accelerate"", ""accelerate"", ""accelerate"", ""accelerate"", ""accelerate"", ""accelerate"", ""accelerate"", ""accelerate"", ""accelerate"", ""accelerate"", ""accelerate"", ""accelerate"", ""accelerate"", ""accelerate"", ""accelerate"", ""accelerate"", ""accelerate"", ""accelerate"", ""accelerate"", ""accelerate"", ""accelerate"", ""accelerate"", ""accelerate"", ""accelerate"", ""accelerate"", ""accelerate"", ""accelerate"", ""accelerate"", ""accelerate"", ""accelerate"", ""accelerate"", ""accelerate"", ""accelerate"", ""accelerate"", ""accelerate"", ""accelerate"", ""accelerate"", ""accelerate"", ""accelerate"", ""accelerate"", ""accelerate"", ""accelerate"", ""accelerate"", ""accelerate"", ""accelerate"", ""accelerate"", ""accelerate""]","[0, 10, 19, 20, 21, 22, 23, 24, 25, 26, 27, 28, 29, 30, 31, 32, 33, 34, 35, 36, 37, 38, 39, 40, 41, 42, 43, 44, 45, 46, 47, 48, 49, 50, 51, 52, 53, 54, 55, 56, 57, 58, 59, 60, 61, 62, 63]","[10, 19, 20, 21, 22, 23, 24, 25, 26, 27, 28, 29, 30, 31, 32, 33, 34, 35, 36, 37, 38, 39, 40, 41, 42, 43, 44, 45, 46, 47, 48, 49, 50, 51, 52, 53, 54, 55, 56, 57, 58, 59, 60, 61, 62, 63, 64]"
377,50,"[2, 2, 2, 2, 2, 2, 2, 2, 2, 2, 2, 2, 2, 2, 2, 2, 2, 2, 2, 2, 2, 2, 2, 2, 2, 1, 2, 2, 1, 2, 2, 2, 2, 2, 2, 2, 2, 2, 2, 2, 2, 2, 2, 2, 2, 2, 2, 2, 2, 4]","[""accelerate"", ""accelerate"", ""accelerate"", ""accelerate"", ""accelerate"", ""accelerate"", ""accelerate"", ""accelerate"", ""accelerate"", ""accelerate"", ""accelerate"", ""accelerate"", ""accelerate"", ""accelerate"", ""accelerate"", ""accelerate"", ""accelerate"", ""accelerate"", ""accelerate"", ""accelerate"", ""accelerate"", ""accelerate"", ""accelerate"", ""accelerate"", ""accelerate"", ""turn_right"", ""accelerate"", ""accelerate"", ""turn_right"", ""accelerate"", ""accelerate"", ""accelerate"", ""accelerate"", ""accelerate"", ""accelerate"", ""accelerate"", ""accelerate"", ""accelerate"", ""accelerate"", ""accelerate"", ""accelerate"", ""accelerate"", ""accelerate"", ""accelerate"", ""accelerate"", ""accelerate"", ""accelerate"", ""accelerate"", ""accelerate"", ""cruise""]","[0, 10, 19, 20, 21, 22, 23, 24, 25, 26, 27, 28, 29, 30, 31, 32, 33, 34, 35, 36, 37, 38, 39, 40, 41, 42, 52, 53, 54, 64, 68, 69, 70, 71, 72, 73, 74, 75, 76, 77, 78, 79, 80, 81, 82, 83, 84, 85, 86, 87]","[10, 19, 20, 21, 22, 23, 24, 25, 26, 27, 28, 29, 30, 31, 32, 33, 34, 35, 36, 37, 38, 39, 40, 41, 42, 52, 53, 54, 64, 68, 69, 70, 71, 72, 73, 74, 75, 76, 77, 78, 79, 80, 81, 82, 83, 84, 85, 86, 87, 88]"
378,35,"[2, 2, 2, 2, 0, 2, 2, 2, 2, 2, 2, 2, 2, 2, 2, 2, 2, 2, 2, 2, 2, 2, 2, 2, 2, 2, 2, 2, 2, 2, 2, 2, 2, 3, 2]","[""accelerate"", ""accelerate"", ""accelerate"", ""accelerate"", ""turn_left"", ""accelerate"", ""accelerate"", ""accelerate"", ""accelerate"", ""accelerate"", ""accelerate"", ""accelerate"", ""accelerate"", ""accelerate"", ""accelerate"", ""accelerate"", ""accelerate"", ""accelerate"", ""accelerate"", ""accelerate"", ""accelerate"", ""accelerate"", ""accelerate"", ""accelerate"", ""accelerate"", ""accelerate"", ""accelerate"", ""accelerate"", ""accelerate"", ""accelerate"", ""accelerate"", ""accelerate"", ""accelerate"", ""decelerate"", ""accelerate""]","[0, 10, 19, 20, 21, 30, 33, 34, 35, 36, 37, 38, 39, 40, 41, 42, 43, 44, 45, 46, 47, 48, 49, 50, 51, 52, 53, 54, 55, 56, 57, 58, 59, 60, 70]","[10, 19, 20, 21, 30, 33, 34, 35, 36, 37, 38, 39, 40, 41, 42, 43, 44, 45, 46, 47, 48, 49, 50, 51, 52, 53, 54, 55, 56, 57, 58, 59, 60, 70, 72]"
379,45,"[0, 2, 2, 2, 2, 2, 2, 2, 2, 2, 2, 2, 2, 2, 2, 2, 2, 2, 2, 2, 2, 2, 2, 2, 2, 2, 2, 2, 2, 2, 2, 2, 2, 2, 2, 2, 2, 2, 2, 2, 2, 2, 2, 2, 1]","[""turn_left"", ""accelerate"", ""accelerate"", ""accelerate"", ""accelerate"", ""accelerate"", ""accelerate"", ""accelerate"", ""accelerate"", ""accelerate"", ""accelerate"", ""accelerate"", ""accelerate"", ""accelerate"", ""accelerate"", ""accelerate"", ""accelerate"", ""accelerate"", ""accelerate"", ""accelerate"", ""accelerate"", ""accelerate"", ""accelerate"", ""accelerate"", ""accelerate"", ""accelerate"", ""accelerate"", ""accelerate"", ""accelerate"", ""accelerate"", ""accelerate"", ""accelerate"", ""accelerate"", ""accelerate"", ""accelerate"", ""accelerate"", ""accelerate"", ""accelerate"", ""accelerate"", ""accelerate"", ""accelerate"", ""accelerate"", ""accelerate"", ""accelerate"", ""turn_right""]","[0, 3, 13, 16, 17, 18, 19, 20, 21, 22, 23, 24, 25, 26, 27, 28, 29, 30, 31, 32, 33, 34, 35, 36, 37, 38, 39, 40, 41, 42, 43, 44, 45, 46, 47, 48, 49, 50, 51, 52, 53, 54, 55, 56, 57]","[3, 13, 16, 17, 18, 19, 20, 21, 22, 23, 24, 25, 26, 27, 28, 29, 30, 31, 32, 33, 34, 35, 36, 37, 38, 39, 40, 41, 42, 43, 44, 45, 46, 47, 48, 49, 50, 51, 52, 53, 54, 55, 56, 57, 63]"
380,53,"[0, 2, 2, 2, 2, 2, 2, 2, 2, 2, 2, 2, 2, 2, 2, 2, 2, 2, 2, 1, 2, 2, 2, 4, 2, 2, 2, 2, 2, 2, 2, 2, 2, 2, 2, 1, 2, 2, 2, 2, 2, 2, 2, 2, 2, 2, 2, 2, 2, 2, 2, 2, 2]","[""turn_left"", ""accelerate"", ""accelerate"", ""accelerate"", ""accelerate"", ""accelerate"", ""accelerate"", ""accelerate"", ""accelerate"", ""accelerate"", ""accelerate"", ""accelerate"", ""accelerate"", ""accelerate"", ""accelerate"", ""accelerate"", ""accelerate"", ""accelerate"", ""accelerate"", ""turn_right"", ""accelerate"", ""accelerate"", ""accelerate"", ""cruise"", ""accelerate"", ""accelerate"", ""accelerate"", ""accelerate"", ""accelerate"", ""accelerate"", ""accelerate"", ""accelerate"", ""accelerate"", ""accelerate"", ""accelerate"", ""turn_right"", ""accelerate"", ""accelerate"", ""accelerate"", ""accelerate"", ""accelerate"", ""accelerate"", ""accelerate"", ""accelerate"", ""accelerate"", ""accelerate"", ""accelerate"", ""accelerate"", ""accelerate"", ""accelerate"", ""accelerate"", ""accelerate"", ""accelerate""]","[0, 3, 13, 16, 17, 18, 19, 20, 21, 22, 23, 24, 25, 26, 27, 28, 29, 30, 31, 32, 42, 43, 44, 45, 55, 56, 57, 58, 59, 60, 61, 62, 63, 64, 65, 66, 76, 77, 78, 79, 80, 81, 82, 83, 84, 85, 86, 87, 88, 89, 90, 91, 92]","[3, 13, 16, 17, 18, 19, 20, 21, 22, 23, 24, 25, 26, 27, 28, 29, 30, 31, 32, 42, 43, 44, 45, 55, 56, 57, 58, 59, 60, 61, 62, 63, 64, 65, 66, 76, 77, 78, 79, 80, 81, 82, 83, 84, 85, 86, 87, 88, 89, 90, 91, 92, 93]"
381,48,"[2, 2, 2, 2, 2, 2, 2, 2, 2, 2, 2, 2, 2, 2, 2, 2, 2, 2, 2, 2, 2, 2, 2, 2, 2, 2, 2, 2, 2, 2, 2, 2, 2, 2, 2, 2, 2, 2, 2, 2, 2, 2, 2, 2, 2, 2, 2, 2]","[""accelerate"", ""accelerate"", ""accelerate"", ""accelerate"", ""accelerate"", ""accelerate"", ""accelerate"", ""accelerate"", ""accelerate"", ""accelerate"", ""accelerate"", ""accelerate"", ""accelerate"", ""accelerate"", ""accelerate"", ""accelerate"", ""accelerate"", ""accelerate"", ""accelerate"", ""accelerate"", ""accelerate"", ""accelerate"", ""accelerate"", ""accelerate"", ""accelerate"", ""accelerate"", ""accelerate"", ""accelerate"", ""accelerate"", ""accelerate"", ""accelerate"", ""accelerate"", ""accelerate"", ""accelerate"", ""accelerate"", ""accelerate"", ""accelerate"", ""accelerate"", ""accelerate"", ""accelerate"", ""accelerate"", ""accelerate"", ""accelerate"", ""accelerate"", ""accelerate"", ""accelerate"", ""accelerate"", ""accelerate""]","[0, 10, 18, 19, 20, 21, 22, 23, 24, 25, 26, 27, 28, 29, 30, 31, 32, 33, 34, 35, 36, 37, 38, 39, 40, 41, 42, 43, 44, 45, 46, 47, 48, 49, 50, 51, 52, 53, 54, 55, 56, 57, 58, 59, 60, 61, 62, 63]","[10, 18, 19, 20, 21, 22, 23, 24, 25, 26, 27, 28, 29, 30, 31, 32, 33, 34, 35, 36, 37, 38, 39, 40, 41, 42, 43, 44, 45, 46, 47, 48, 49, 50, 51, 52, 53, 54, 55, 56, 57, 58, 59, 60, 61, 62, 63, 64]"
382,40,"[0, 4, 4, 2, 2, 2, 4, 2, 2, 2, 2, 2, 2, 2, 2, 2, 2, 1, 2, 2, 2, 2, 2, 2, 2, 2, 2, 2, 2, 2, 2, 2, 2, 2, 2, 2, 2, 2, 2, 4]","[""turn_left"", ""cruise"", ""cruise"", ""accelerate"", ""accelerate"", ""accelerate"", ""cruise"", ""accelerate"", ""accelerate"", ""accelerate"", ""accelerate"", ""accelerate"", ""accelerate"", ""accelerate"", ""accelerate"", ""accelerate"", ""accelerate"", ""turn_right"", ""accelerate"", ""accelerate"", ""accelerate"", ""accelerate"", ""accelerate"", ""accelerate"", ""accelerate"", ""accelerate"", ""accelerate"", ""accelerate"", ""accelerate"", ""accelerate"", ""accelerate"", ""accelerate"", ""accelerate"", ""accelerate"", ""accelerate"", ""accelerate"", ""accelerate"", ""accelerate"", ""accelerate"", ""cruise""]","[0, 3, 13, 23, 33, 37, 38, 48, 49, 50, 51, 52, 53, 54, 55, 56, 57, 58, 68, 69, 70, 71, 72, 73, 74, 75, 76, 77, 78, 79, 80, 81, 82, 83, 84, 85, 86, 87, 88, 89]","[3, 13, 23, 33, 37, 38, 48, 49, 50, 51, 52, 53, 54, 55, 56, 57, 58, 68, 69, 70, 71, 72, 73, 74, 75, 76, 77, 78, 79, 80, 81, 82, 83, 84, 85, 86, 87, 88, 89, 98]"
383,33,"[2, 2, 2, 2, 2, 2, 2, 2, 2, 4, 2, 2, 2, 2, 4, 2, 2, 2, 2, 2, 2, 2, 2, 2, 2, 2, 2, 2, 2, 2, 2, 2, 2]","[""accelerate"", ""accelerate"", ""accelerate"", ""accelerate"", ""accelerate"", ""accelerate"", ""accelerate"", ""accelerate"", ""accelerate"", ""cruise"", ""accelerate"", ""accelerate"", ""accelerate"", ""accelerate"", ""cruise"", ""accelerate"", ""accelerate"", ""accelerate"", ""accelerate"", ""accelerate"", ""accelerate"", ""accelerate"", ""accelerate"", ""accelerate"", ""accelerate"", ""accelerate"", ""accelerate"", ""accelerate"", ""accelerate"", ""accelerate"", ""accelerate"", ""accelerate"", ""accelerate""]","[0, 10, 19, 20, 21, 22, 23, 24, 25, 26, 36, 37, 38, 39, 40, 50, 51, 52, 53, 54, 55, 56, 57, 58, 59, 60, 61, 62, 63, 64, 65, 66, 67]","[10, 19, 20, 21, 22, 23, 24, 25, 26, 36, 37, 38, 39, 40, 50, 51, 52, 53, 54, 55, 56, 57, 58, 59, 60, 61, 62, 63, 64, 65, 66, 67, 68]"
384,53,"[4, 2, 2, 2, 2, 2, 2, 1, 2, 2, 2, 2, 2, 2, 2, 2, 2, 2, 2, 2, 2, 2, 2, 2, 2, 2, 2, 2, 2, 2, 2, 1, 2, 2, 2, 2, 2, 1, 1, 1, 1, 3, 2, 2, 1, 2, 1, 2, 2, 3, 2, 2, 2]","[""cruise"", ""accelerate"", ""accelerate"", ""accelerate"", ""accelerate"", ""accelerate"", ""accelerate"", ""turn_right"", ""accelerate"", ""accelerate"", ""accelerate"", ""accelerate"", ""accelerate"", ""accelerate"", ""accelerate"", ""accelerate"", ""accelerate"", ""accelerate"", ""accelerate"", ""accelerate"", ""accelerate"", ""accelerate"", ""accelerate"", ""accelerate"", ""accelerate"", ""accelerate"", ""accelerate"", ""accelerate"", ""accelerate"", ""accelerate"", ""accelerate"", ""turn_right"", ""accelerate"", ""accelerate"", ""accelerate"", ""accelerate"", ""accelerate"", ""turn_right"", ""turn_right"", ""turn_right"", ""turn_right"", ""decelerate"", ""accelerate"", ""accelerate"", ""turn_right"", ""accelerate"", ""turn_right"", ""accelerate"", ""accelerate"", ""decelerate"", ""accelerate"", ""accelerate"", ""accelerate""]","[0, 10, 20, 28, 29, 30, 31, 32, 42, 44, 45, 46, 47, 48, 49, 50, 51, 52, 53, 54, 55, 56, 57, 58, 59, 60, 61, 62, 63, 64, 65, 66, 76, 77, 78, 79, 80, 81, 91, 100, 108, 115, 124, 134, 144, 151, 161, 169, 173, 174, 184, 194, 199]","[10, 20, 28, 29, 30, 31, 32, 42, 44, 45, 46, 47, 48, 49, 50, 51, 52, 53, 54, 55, 56, 57, 58, 59, 60, 61, 62, 63, 64, 65, 66, 76, 77, 78, 79, 80, 81, 91, 100, 108, 115, 124, 134, 144, 151, 161, 169, 173, 174, 184, 194, 199, 200]"
385,35,"[2, 4, 2, 2, 2, 2, 4, 2, 4, 2, 2, 3, 2, 2, 2, 2, 2, 1, 2, 1, 2, 2, 2, 2, 2, 2, 1, 3, 2, 3, 2, 3, 2, 1, 3]","[""accelerate"", ""cruise"", ""accelerate"", ""accelerate"", ""accelerate"", ""accelerate"", ""cruise"", ""accelerate"", ""cruise"", ""accelerate"", ""accelerate"", ""decelerate"", ""accelerate"", ""accelerate"", ""accelerate"", ""accelerate"", ""accelerate"", ""turn_right"", ""accelerate"", ""turn_right"", ""accelerate"", ""accelerate"", ""accelerate"", ""accelerate"", ""accelerate"", ""accelerate"", ""turn_right"", ""decelerate"", ""accelerate"", ""decelerate"", ""accelerate"", ""decelerate"", ""accelerate"", ""turn_right"", ""decelerate""]","[0, 10, 20, 29, 30, 31, 32, 42, 43, 53, 54, 55, 65, 75, 76, 77, 78, 79, 89, 93, 103, 113, 121, 122, 123, 124, 125, 134, 143, 153, 159, 169, 178, 188, 193]","[10, 20, 29, 30, 31, 32, 42, 43, 53, 54, 55, 65, 75, 76, 77, 78, 79, 89, 93, 103, 113, 121, 122, 123, 124, 125, 134, 143, 153, 159, 169, 178, 188, 193, 200]"
386,45,"[0, 2, 2, 1, 2, 4, 2, 1, 2, 2, 2, 2, 2, 2, 2, 2, 2, 2, 1, 2, 2, 2, 2, 2, 2, 2, 2, 2, 2, 2, 2, 2, 3, 3, 2, 2, 3, 2, 3, 2, 3, 2, 3, 2, 3]","[""turn_left"", ""accelerate"", ""accelerate"", ""turn_right"", ""accelerate"", ""cruise"", ""accelerate"", ""turn_right"", ""accelerate"", ""accelerate"", ""accelerate"", ""accelerate"", ""accelerate"", ""accelerate"", ""accelerate"", ""accelerate"", ""accelerate"", ""accelerate"", ""turn_right"", ""accelerate"", ""accelerate"", ""accelerate"", ""accelerate"", ""accelerate"", ""accelerate"", ""accelerate"", ""accelerate"", ""accelerate"", ""accelerate"", ""accelerate"", ""accelerate"", ""accelerate"", ""decelerate"", ""decelerate"", ""accelerate"", ""accelerate"", ""decelerate"", ""accelerate"", ""decelerate"", ""accelerate"", ""decelerate"", ""accelerate"", ""decelerate"", ""accelerate"", ""decelerate""]","[0, 3, 13, 16, 26, 29, 39, 40, 50, 54, 55, 56, 57, 58, 59, 60, 61, 62, 63, 73, 77, 78, 79, 80, 81, 82, 83, 84, 85, 86, 87, 88, 89, 99, 104, 114, 124, 134, 144, 150, 160, 167, 177, 185, 195]","[3, 13, 16, 26, 29, 39, 40, 50, 54, 55, 56, 57, 58, 59, 60, 61, 62, 63, 73, 77, 78, 79, 80, 81, 82, 83, 84, 85, 86, 87, 88, 89, 99, 104, 114, 124, 134, 144, 150, 160, 167, 177, 185, 195, 200]"
387,41,"[2, 2, 2, 2, 2, 2, 2, 2, 2, 2, 2, 2, 2, 2, 2, 2, 2, 2, 2, 2, 2, 2, 2, 2, 2, 2, 2, 4, 2, 2, 2, 2, 2, 2, 2, 2, 2, 2, 2, 2, 2]","[""accelerate"", ""accelerate"", ""accelerate"", ""accelerate"", ""accelerate"", ""accelerate"", ""accelerate"", ""accelerate"", ""accelerate"", ""accelerate"", ""accelerate"", ""accelerate"", ""accelerate"", ""accelerate"", ""accelerate"", ""accelerate"", ""accelerate"", ""accelerate"", ""accelerate"", ""accelerate"", ""accelerate"", ""accelerate"", ""accelerate"", ""accelerate"", ""accelerate"", ""accelerate"", ""accelerate"", ""cruise"", ""accelerate"", ""accelerate"", ""accelerate"", ""accelerate"", ""accelerate"", ""accelerate"", ""accelerate"", ""accelerate"", ""accelerate"", ""accelerate"", ""accelerate"", ""accelerate"", ""accelerate""]","[0, 10, 19, 20, 21, 22, 23, 24, 25, 26, 27, 28, 29, 30, 31, 32, 33, 34, 35, 36, 37, 38, 39, 40, 41, 42, 43, 44, 54, 55, 56, 57, 58, 59, 60, 61, 62, 63, 64, 65, 66]","[10, 19, 20, 21, 22, 23, 24, 25, 26, 27, 28, 29, 30, 31, 32, 33, 34, 35, 36, 37, 38, 39, 40, 41, 42, 43, 44, 54, 55, 56, 57, 58, 59, 60, 61, 62, 63, 64, 65, 66, 67]"
388,42,"[0, 2, 4, 2, 2, 2, 2, 2, 2, 1, 2, 2, 2, 2, 2, 2, 2, 1, 2, 2, 3, 1, 2, 2, 2, 1, 2, 2, 2, 2, 1, 2, 2, 1, 2, 3, 3, 2, 3, 2, 3, 2]","[""turn_left"", ""accelerate"", ""cruise"", ""accelerate"", ""accelerate"", ""accelerate"", ""accelerate"", ""accelerate"", ""accelerate"", ""turn_right"", ""accelerate"", ""accelerate"", ""accelerate"", ""accelerate"", ""accelerate"", ""accelerate"", ""accelerate"", ""turn_right"", ""accelerate"", ""accelerate"", ""decelerate"", ""turn_right"", ""accelerate"", ""accelerate"", ""accelerate"", ""turn_right"", ""accelerate"", ""accelerate"", ""accelerate"", ""accelerate"", ""turn_right"", ""accelerate"", ""accelerate"", ""turn_right"", ""accelerate"", ""decelerate"", ""decelerate"", ""accelerate"", ""decelerate"", ""accelerate"", ""decelerate"", ""accelerate""]","[0, 3, 13, 23, 27, 28, 29, 30, 31, 32, 42, 44, 45, 46, 47, 48, 49, 50, 60, 62, 63, 73, 77, 87, 88, 89, 99, 108, 109, 110, 111, 120, 130, 132, 140, 149, 159, 161, 171, 177, 187, 194]","[3, 13, 23, 27, 28, 29, 30, 31, 32, 42, 44, 45, 46, 47, 48, 49, 50, 60, 62, 63, 73, 77, 87, 88, 89, 99, 108, 109, 110, 111, 120, 130, 132, 140, 149, 159, 161, 171, 177, 187, 194, 200]"
389,44,"[1, 0, 2, 2, 2, 2, 2, 2, 2, 2, 2, 2, 2, 2, 2, 2, 2, 1, 2, 1, 2, 2, 2, 2, 2, 1, 2, 2, 1, 1, 2, 2, 2, 3, 2, 3, 2, 2, 2, 2, 3, 2, 2, 3]","[""turn_right"", ""turn_left"", ""accelerate"", ""accelerate"", ""accelerate"", ""accelerate"", ""accelerate"", ""accelerate"", ""accelerate"", ""accelerate"", ""accelerate"", ""accelerate"", ""accelerate"", ""accelerate"", ""accelerate"", ""accelerate"", ""accelerate"", ""turn_right"", ""accelerate"", ""turn_right"", ""accelerate"", ""accelerate"", ""accelerate"", ""accelerate"", ""accelerate"", ""turn_right"", ""accelerate"", ""accelerate"", ""turn_right"", ""turn_right"", ""accelerate"", ""accelerate"", ""accelerate"", ""decelerate"", ""accelerate"", ""decelerate"", ""accelerate"", ""accelerate"", ""accelerate"", ""accelerate"", ""decelerate"", ""accelerate"", ""accelerate"", ""decelerate""]","[0, 3, 8, 18, 28, 29, 30, 31, 32, 33, 34, 35, 36, 37, 38, 39, 40, 41, 51, 53, 63, 66, 67, 68, 69, 70, 80, 83, 84, 94, 102, 108, 109, 110, 120, 130, 138, 148, 158, 163, 164, 174, 184, 194]","[3, 8, 18, 28, 29, 30, 31, 32, 33, 34, 35, 36, 37, 38, 39, 40, 41, 51, 53, 63, 66, 67, 68, 69, 70, 80, 83, 84, 94, 102, 108, 109, 110, 120, 130, 138, 148, 158, 163, 164, 174, 184, 194, 200]"
390,41,"[0, 2, 2, 2, 4, 2, 2, 2, 2, 1, 2, 2, 2, 2, 2, 2, 2, 2, 2, 2, 2, 2, 2, 2, 2, 2, 2, 2, 2, 2, 2, 2, 2, 2, 2, 2, 2, 2, 2, 2, 3]","[""turn_left"", ""accelerate"", ""accelerate"", ""accelerate"", ""cruise"", ""accelerate"", ""accelerate"", ""accelerate"", ""accelerate"", ""turn_right"", ""accelerate"", ""accelerate"", ""accelerate"", ""accelerate"", ""accelerate"", ""accelerate"", ""accelerate"", ""accelerate"", ""accelerate"", ""accelerate"", ""accelerate"", ""accelerate"", ""accelerate"", ""accelerate"", ""accelerate"", ""accelerate"", ""accelerate"", ""accelerate"", ""accelerate"", ""accelerate"", ""accelerate"", ""accelerate"", ""accelerate"", ""accelerate"", ""accelerate"", ""accelerate"", ""accelerate"", ""accelerate"", ""accelerate"", ""accelerate"", ""decelerate""]","[0, 3, 13, 17, 18, 28, 29, 30, 31, 32, 42, 44, 45, 46, 47, 48, 49, 50, 51, 52, 53, 54, 55, 56, 57, 58, 59, 60, 61, 62, 63, 64, 65, 66, 67, 68, 69, 70, 71, 72, 73]","[3, 13, 17, 18, 28, 29, 30, 31, 32, 42, 44, 45, 46, 47, 48, 49, 50, 51, 52, 53, 54, 55, 56, 57, 58, 59, 60, 61, 62, 63, 64, 65, 66, 67, 68, 69, 70, 71, 72, 73, 77]"
391,32,"[0, 0, 0, 2, 1, 2, 2, 2, 2, 1, 2, 2, 1, 2, 2, 2, 1, 2, 3, 2, 1, 1, 1, 3, 2, 2, 3, 2, 3, 2, 2, 2]","[""turn_left"", ""turn_left"", ""turn_left"", ""accelerate"", ""turn_right"", ""accelerate"", ""accelerate"", ""accelerate"", ""accelerate"", ""turn_right"", ""accelerate"", ""accelerate"", ""turn_right"", ""accelerate"", ""accelerate"", ""accelerate"", ""turn_right"", ""accelerate"", ""decelerate"", ""accelerate"", ""turn_right"", ""turn_right"", ""turn_right"", ""decelerate"", ""accelerate"", ""accelerate"", ""decelerate"", ""accelerate"", ""decelerate"", ""accelerate"", ""accelerate"", ""accelerate""]","[0, 3, 7, 13, 19, 29, 32, 33, 34, 35, 45, 48, 49, 59, 62, 63, 64, 74, 78, 88, 98, 105, 112, 119, 128, 138, 148, 158, 168, 174, 184, 194]","[3, 7, 13, 19, 29, 32, 33, 34, 35, 45, 48, 49, 59, 62, 63, 64, 74, 78, 88, 98, 105, 112, 119, 128, 138, 148, 158, 168, 174, 184, 194, 200]"
392,39,"[0, 0, 4, 4, 2, 2, 2, 4, 2, 2, 2, 2, 2, 2, 1, 2, 1, 2, 2, 1, 3, 2, 1, 1, 2, 1, 2, 2, 2, 2, 2, 2, 2, 2, 2, 2, 2, 1, 1]","[""turn_left"", ""turn_left"", ""cruise"", ""cruise"", ""accelerate"", ""accelerate"", ""accelerate"", ""cruise"", ""accelerate"", ""accelerate"", ""accelerate"", ""accelerate"", ""accelerate"", ""accelerate"", ""turn_right"", ""accelerate"", ""turn_right"", ""accelerate"", ""accelerate"", ""turn_right"", ""decelerate"", ""accelerate"", ""turn_right"", ""turn_right"", ""accelerate"", ""turn_right"", ""accelerate"", ""accelerate"", ""accelerate"", ""accelerate"", ""accelerate"", ""accelerate"", ""accelerate"", ""accelerate"", ""accelerate"", ""accelerate"", ""accelerate"", ""turn_right"", ""turn_right""]","[0, 3, 7, 17, 27, 35, 36, 37, 47, 48, 49, 50, 51, 52, 53, 63, 65, 75, 79, 80, 90, 100, 110, 116, 123, 130, 139, 142, 143, 144, 145, 146, 147, 148, 149, 150, 151, 152, 162]","[3, 7, 17, 27, 35, 36, 37, 47, 48, 49, 50, 51, 52, 53, 63, 65, 75, 79, 80, 90, 100, 110, 116, 123, 130, 139, 142, 143, 144, 145, 146, 147, 148, 149, 150, 151, 152, 162, 166]"
393,31,"[0, 4, 2, 2, 0, 2, 2, 2, 2, 2, 2, 2, 0, 2, 2, 2, 2, 2, 2, 2, 2, 2, 2, 2, 4, 2, 2, 2, 2, 2, 2]","[""turn_left"", ""cruise"", ""accelerate"", ""accelerate"", ""turn_left"", ""accelerate"", ""accelerate"", ""accelerate"", ""accelerate"", ""accelerate"", ""accelerate"", ""accelerate"", ""turn_left"", ""accelerate"", ""accelerate"", ""accelerate"", ""accelerate"", ""accelerate"", ""accelerate"", ""accelerate"", ""accelerate"", ""accelerate"", ""accelerate"", ""accelerate"", ""cruise"", ""accelerate"", ""accelerate"", ""accelerate"", ""accelerate"", ""accelerate"", ""accelerate""]","[0, 2, 12, 22, 27, 36, 39, 40, 41, 42, 43, 44, 45, 55, 57, 58, 59, 60, 61, 62, 63, 64, 65, 66, 67, 77, 78, 79, 80, 81, 82]","[2, 12, 22, 27, 36, 39, 40, 41, 42, 43, 44, 45, 55, 57, 58, 59, 60, 61, 62, 63, 64, 65, 66, 67, 77, 78, 79, 80, 81, 82, 83]"
394,42,"[2, 4, 4, 4, 2, 2, 2, 2, 2, 2, 2, 2, 2, 2, 1, 2, 1, 2, 2, 3, 3, 2, 2, 2, 1, 2, 1, 1, 2, 4, 2, 2, 2, 2, 1, 2, 2, 2, 2, 2, 2, 2]","[""accelerate"", ""cruise"", ""cruise"", ""cruise"", ""accelerate"", ""accelerate"", ""accelerate"", ""accelerate"", ""accelerate"", ""accelerate"", ""accelerate"", ""accelerate"", ""accelerate"", ""accelerate"", ""turn_right"", ""accelerate"", ""turn_right"", ""accelerate"", ""accelerate"", ""decelerate"", ""decelerate"", ""accelerate"", ""accelerate"", ""accelerate"", ""turn_right"", ""accelerate"", ""turn_right"", ""turn_right"", ""accelerate"", ""cruise"", ""accelerate"", ""accelerate"", ""accelerate"", ""accelerate"", ""turn_right"", ""accelerate"", ""accelerate"", ""accelerate"", ""accelerate"", ""accelerate"", ""accelerate"", ""accelerate""]","[0, 10, 20, 30, 40, 49, 50, 51, 52, 53, 54, 55, 56, 57, 58, 68, 69, 79, 84, 85, 95, 105, 115, 125, 128, 136, 143, 151, 158, 162, 172, 179, 180, 181, 182, 192, 194, 195, 196, 197, 198, 199]","[10, 20, 30, 40, 49, 50, 51, 52, 53, 54, 55, 56, 57, 58, 68, 69, 79, 84, 85, 95, 105, 115, 125, 128, 136, 143, 151, 158, 162, 172, 179, 180, 181, 182, 192, 194, 195, 196, 197, 198, 199, 200]"
395,30,"[2, 2, 2, 2, 0, 2, 2, 2, 2, 2, 2, 2, 2, 2, 2, 2, 2, 2, 2, 1, 4, 2, 2, 2, 2, 2, 2, 2, 2, 1]","[""accelerate"", ""accelerate"", ""accelerate"", ""accelerate"", ""turn_left"", ""accelerate"", ""accelerate"", ""accelerate"", ""accelerate"", ""accelerate"", ""accelerate"", ""accelerate"", ""accelerate"", ""accelerate"", ""accelerate"", ""accelerate"", ""accelerate"", ""accelerate"", ""accelerate"", ""turn_right"", ""cruise"", ""accelerate"", ""accelerate"", ""accelerate"", ""accelerate"", ""accelerate"", ""accelerate"", ""accelerate"", ""accelerate"", ""turn_right""]","[0, 10, 20, 21, 22, 31, 34, 35, 36, 37, 38, 39, 40, 41, 42, 43, 44, 45, 46, 47, 57, 67, 72, 73, 74, 75, 76, 77, 78, 79]","[10, 20, 21, 22, 31, 34, 35, 36, 37, 38, 39, 40, 41, 42, 43, 44, 45, 46, 47, 57, 67, 72, 73, 74, 75, 76, 77, 78, 79, 81]"
396,28,"[0, 2, 2, 4, 2, 2, 2, 2, 2, 2, 4, 2, 2, 2, 2, 2, 2, 2, 2, 2, 1, 2, 2, 3, 2, 3, 2, 2]","[""turn_left"", ""accelerate"", ""accelerate"", ""cruise"", ""accelerate"", ""accelerate"", ""accelerate"", ""accelerate"", ""accelerate"", ""accelerate"", ""cruise"", ""accelerate"", ""accelerate"", ""accelerate"", ""accelerate"", ""accelerate"", ""accelerate"", ""accelerate"", ""accelerate"", ""accelerate"", ""turn_right"", ""accelerate"", ""accelerate"", ""decelerate"", ""accelerate"", ""decelerate"", ""accelerate"", ""accelerate""]","[0, 2, 12, 16, 26, 28, 29, 30, 31, 32, 33, 43, 44, 45, 46, 47, 48, 49, 50, 51, 52, 62, 63, 64, 74, 84, 94, 104]","[2, 12, 16, 26, 28, 29, 30, 31, 32, 33, 43, 44, 45, 46, 47, 48, 49, 50, 51, 52, 62, 63, 64, 74, 84, 94, 104, 110]"
397,30,"[0, 2, 0, 2, 2, 2, 2, 2, 2, 1, 2, 2, 4, 2, 2, 2, 1, 2, 2, 2, 2, 1, 2, 2, 3, 2, 2, 2, 2, 2]","[""turn_left"", ""accelerate"", ""turn_left"", ""accelerate"", ""accelerate"", ""accelerate"", ""accelerate"", ""accelerate"", ""accelerate"", ""turn_right"", ""accelerate"", ""accelerate"", ""cruise"", ""accelerate"", ""accelerate"", ""accelerate"", ""turn_right"", ""accelerate"", ""accelerate"", ""accelerate"", ""accelerate"", ""turn_right"", ""accelerate"", ""accelerate"", ""decelerate"", ""accelerate"", ""accelerate"", ""accelerate"", ""accelerate"", ""accelerate""]","[0, 2, 12, 19, 23, 24, 25, 26, 27, 28, 38, 40, 41, 51, 52, 53, 54, 64, 67, 68, 69, 70, 80, 83, 84, 94, 104, 105, 106, 107]","[2, 12, 19, 23, 24, 25, 26, 27, 28, 38, 40, 41, 51, 52, 53, 54, 64, 67, 68, 69, 70, 80, 83, 84, 94, 104, 105, 106, 107, 108]"
398,36,"[2, 4, 2, 4, 1, 2, 2, 2, 2, 2, 2, 1, 2, 2, 1, 2, 2, 2, 2, 2, 2, 2, 2, 2, 1, 3, 2, 3, 2, 3, 2, 2, 3, 2, 3, 2]","[""accelerate"", ""cruise"", ""accelerate"", ""cruise"", ""turn_right"", ""accelerate"", ""accelerate"", ""accelerate"", ""accelerate"", ""accelerate"", ""accelerate"", ""turn_right"", ""accelerate"", ""accelerate"", ""turn_right"", ""accelerate"", ""accelerate"", ""accelerate"", ""accelerate"", ""accelerate"", ""accelerate"", ""accelerate"", ""accelerate"", ""accelerate"", ""turn_right"", ""decelerate"", ""accelerate"", ""decelerate"", ""accelerate"", ""decelerate"", ""accelerate"", ""accelerate"", ""decelerate"", ""accelerate"", ""decelerate"", ""accelerate""]","[0, 10, 20, 28, 38, 48, 52, 53, 54, 55, 56, 57, 67, 70, 71, 81, 86, 87, 88, 89, 90, 91, 92, 93, 94, 104, 114, 124, 128, 138, 145, 155, 165, 175, 185, 192]","[10, 20, 28, 38, 48, 52, 53, 54, 55, 56, 57, 67, 70, 71, 81, 86, 87, 88, 89, 90, 91, 92, 93, 94, 104, 114, 124, 128, 138, 145, 155, 165, 175, 185, 192, 200]"
399,41,"[4, 2, 2, 2, 2, 2, 2, 2, 2, 1, 2, 1, 2, 2, 2, 2, 1, 2, 2, 2, 2, 2, 2, 2, 2, 1, 2, 1, 2, 3, 1, 3, 2, 3, 2, 3, 2, 3, 2, 3, 2]","[""cruise"", ""accelerate"", ""accelerate"", ""accelerate"", ""accelerate"", ""accelerate"", ""accelerate"", ""accelerate"", ""accelerate"", ""turn_right"", ""accelerate"", ""turn_right"", ""accelerate"", ""accelerate"", ""accelerate"", ""accelerate"", ""turn_right"", ""accelerate"", ""accelerate"", ""accelerate"", ""accelerate"", ""accelerate"", ""accelerate"", ""accelerate"", ""accelerate"", ""turn_right"", ""accelerate"", ""turn_right"", ""accelerate"", ""decelerate"", ""turn_right"", ""decelerate"", ""accelerate"", ""decelerate"", ""accelerate"", ""decelerate"", ""accelerate"", ""decelerate"", ""accelerate"", ""decelerate"", ""accelerate""]","[0, 10, 20, 28, 29, 30, 31, 32, 33, 34, 44, 46, 56, 59, 60, 61, 62, 72, 75, 76, 77, 78, 79, 80, 81, 82, 92, 95, 105, 110, 120, 123, 127, 137, 146, 156, 162, 172, 178, 188, 195]","[10, 20, 28, 29, 30, 31, 32, 33, 34, 44, 46, 56, 59, 60, 61, 62, 72, 75, 76, 77, 78, 79, 80, 81, 82, 92, 95, 105, 110, 120, 123, 127, 137, 146, 156, 162, 172, 178, 188, 195, 200]"
400,28,"[1, 2, 0, 2, 0, 0, 0, 4, 0, 2, 0, 2, 2, 2, 2, 3, 2, 2, 1, 3, 2, 3, 2, 1, 1, 1, 1, 3]","[""turn_right"", ""accelerate"", ""turn_left"", ""accelerate"", ""turn_left"", ""turn_left"", ""turn_left"", ""cruise"", ""turn_left"", ""accelerate"", ""turn_left"", ""accelerate"", ""accelerate"", ""accelerate"", ""accelerate"", ""decelerate"", ""accelerate"", ""accelerate"", ""turn_right"", ""decelerate"", ""accelerate"", ""decelerate"", ""accelerate"", ""turn_right"", ""turn_right"", ""turn_right"", ""turn_right"", ""decelerate""]","[0, 3, 13, 23, 31, 40, 49, 59, 69, 78, 84, 92, 97, 98, 99, 100, 110, 120, 130, 139, 148, 158, 162, 172, 177, 184, 191, 198]","[3, 13, 23, 31, 40, 49, 59, 69, 78, 84, 92, 97, 98, 99, 100, 110, 120, 130, 139, 148, 158, 162, 172, 177, 184, 191, 198, 200]"
401,39,"[2, 2, 2, 2, 2, 2, 2, 2, 2, 2, 1, 2, 2, 2, 2, 1, 2, 2, 2, 2, 2, 1, 1, 2, 2, 2, 1, 1, 1, 3, 2, 1, 3, 2, 2, 3, 2, 3, 2]","[""accelerate"", ""accelerate"", ""accelerate"", ""accelerate"", ""accelerate"", ""accelerate"", ""accelerate"", ""accelerate"", ""accelerate"", ""accelerate"", ""turn_right"", ""accelerate"", ""accelerate"", ""accelerate"", ""accelerate"", ""turn_right"", ""accelerate"", ""accelerate"", ""accelerate"", ""accelerate"", ""accelerate"", ""turn_right"", ""turn_right"", ""accelerate"", ""accelerate"", ""accelerate"", ""turn_right"", ""turn_right"", ""turn_right"", ""decelerate"", ""accelerate"", ""turn_right"", ""decelerate"", ""accelerate"", ""accelerate"", ""decelerate"", ""accelerate"", ""decelerate"", ""accelerate""]","[0, 10, 20, 23, 24, 25, 26, 27, 28, 29, 30, 40, 42, 43, 44, 45, 55, 58, 59, 60, 61, 62, 72, 81, 86, 87, 88, 98, 106, 113, 122, 132, 137, 145, 155, 165, 175, 185, 192]","[10, 20, 23, 24, 25, 26, 27, 28, 29, 30, 40, 42, 43, 44, 45, 55, 58, 59, 60, 61, 62, 72, 81, 86, 87, 88, 98, 106, 113, 122, 132, 137, 145, 155, 165, 175, 185, 192, 200]"
402,37,"[4, 0, 2, 4, 1, 2, 1, 2, 1, 2, 2, 2, 4, 2, 2, 3, 1, 3, 2, 2, 1, 2, 2, 2, 1, 1, 2, 2, 2, 2, 2, 2, 2, 2, 1, 1, 2]","[""cruise"", ""turn_left"", ""accelerate"", ""cruise"", ""turn_right"", ""accelerate"", ""turn_right"", ""accelerate"", ""turn_right"", ""accelerate"", ""accelerate"", ""accelerate"", ""cruise"", ""accelerate"", ""accelerate"", ""decelerate"", ""turn_right"", ""decelerate"", ""accelerate"", ""accelerate"", ""turn_right"", ""accelerate"", ""accelerate"", ""accelerate"", ""turn_right"", ""turn_right"", ""accelerate"", ""accelerate"", ""accelerate"", ""accelerate"", ""accelerate"", ""accelerate"", ""accelerate"", ""accelerate"", ""turn_right"", ""turn_right"", ""accelerate""]","[0, 10, 12, 22, 32, 42, 47, 57, 61, 71, 75, 76, 77, 87, 88, 89, 99, 103, 109, 119, 129, 137, 147, 149, 150, 159, 167, 171, 172, 173, 174, 175, 176, 177, 178, 188, 197]","[10, 12, 22, 32, 42, 47, 57, 61, 71, 75, 76, 77, 87, 88, 89, 99, 103, 109, 119, 129, 137, 147, 149, 150, 159, 167, 171, 172, 173, 174, 175, 176, 177, 178, 188, 197, 200]"
403,34,"[2, 2, 2, 2, 2, 2, 2, 2, 1, 2, 1, 2, 2, 2, 1, 1, 2, 2, 1, 1, 3, 2, 1, 2, 1, 2, 2, 1, 2, 2, 2, 2, 1, 1]","[""accelerate"", ""accelerate"", ""accelerate"", ""accelerate"", ""accelerate"", ""accelerate"", ""accelerate"", ""accelerate"", ""turn_right"", ""accelerate"", ""turn_right"", ""accelerate"", ""accelerate"", ""accelerate"", ""turn_right"", ""turn_right"", ""accelerate"", ""accelerate"", ""turn_right"", ""turn_right"", ""decelerate"", ""accelerate"", ""turn_right"", ""accelerate"", ""turn_right"", ""accelerate"", ""accelerate"", ""turn_right"", ""accelerate"", ""accelerate"", ""accelerate"", ""accelerate"", ""turn_right"", ""turn_right""]","[0, 10, 20, 21, 22, 23, 24, 25, 26, 36, 38, 48, 51, 52, 53, 63, 72, 77, 78, 88, 96, 105, 115, 120, 128, 137, 140, 141, 151, 154, 155, 156, 157, 167]","[10, 20, 21, 22, 23, 24, 25, 26, 36, 38, 48, 51, 52, 53, 63, 72, 77, 78, 88, 96, 105, 115, 120, 128, 137, 140, 141, 151, 154, 155, 156, 157, 167, 174]"
404,39,"[0, 0, 2, 2, 2, 2, 1, 2, 2, 2, 2, 2, 1, 2, 2, 2, 1, 2, 2, 1, 2, 2, 1, 1, 2, 2, 3, 3, 2, 3, 2, 3, 2, 3, 2, 3, 2, 3, 2]","[""turn_left"", ""turn_left"", ""accelerate"", ""accelerate"", ""accelerate"", ""accelerate"", ""turn_right"", ""accelerate"", ""accelerate"", ""accelerate"", ""accelerate"", ""accelerate"", ""turn_right"", ""accelerate"", ""accelerate"", ""accelerate"", ""turn_right"", ""accelerate"", ""accelerate"", ""turn_right"", ""accelerate"", ""accelerate"", ""turn_right"", ""turn_right"", ""accelerate"", ""accelerate"", ""decelerate"", ""decelerate"", ""accelerate"", ""decelerate"", ""accelerate"", ""decelerate"", ""accelerate"", ""decelerate"", ""accelerate"", ""decelerate"", ""accelerate"", ""decelerate"", ""accelerate""]","[0, 2, 5, 15, 16, 17, 18, 28, 30, 31, 32, 33, 34, 44, 46, 47, 48, 58, 61, 62, 72, 76, 77, 87, 95, 103, 104, 114, 116, 126, 133, 143, 149, 159, 166, 176, 182, 192, 199]","[2, 5, 15, 16, 17, 18, 28, 30, 31, 32, 33, 34, 44, 46, 47, 48, 58, 61, 62, 72, 76, 77, 87, 95, 103, 104, 114, 116, 126, 133, 143, 149, 159, 166, 176, 182, 192, 199, 200]"
405,26,"[1, 4, 1, 2, 4, 2, 0, 0, 4, 2, 1, 4, 2, 3, 3, 2, 3, 2, 1, 3, 2, 3, 2, 3, 2, 3]","[""turn_right"", ""cruise"", ""turn_right"", ""accelerate"", ""cruise"", ""accelerate"", ""turn_left"", ""turn_left"", ""cruise"", ""accelerate"", ""turn_right"", ""cruise"", ""accelerate"", ""decelerate"", ""decelerate"", ""accelerate"", ""decelerate"", ""accelerate"", ""turn_right"", ""decelerate"", ""accelerate"", ""decelerate"", ""accelerate"", ""decelerate"", ""accelerate"", ""decelerate""]","[0, 3, 13, 16, 26, 36, 44, 52, 60, 70, 75, 85, 95, 101, 111, 114, 124, 131, 141, 148, 156, 166, 173, 183, 189, 199]","[3, 13, 16, 26, 36, 44, 52, 60, 70, 75, 85, 95, 101, 111, 114, 124, 131, 141, 148, 156, 166, 173, 183, 189, 199, 200]"
406,35,"[4, 4, 2, 2, 2, 2, 2, 2, 1, 2, 2, 2, 2, 2, 1, 2, 1, 3, 2, 1, 2, 2, 2, 2, 2, 2, 3, 1, 3, 2, 2, 3, 4, 3, 2]","[""cruise"", ""cruise"", ""accelerate"", ""accelerate"", ""accelerate"", ""accelerate"", ""accelerate"", ""accelerate"", ""turn_right"", ""accelerate"", ""accelerate"", ""accelerate"", ""accelerate"", ""accelerate"", ""turn_right"", ""accelerate"", ""turn_right"", ""decelerate"", ""accelerate"", ""turn_right"", ""accelerate"", ""accelerate"", ""accelerate"", ""accelerate"", ""accelerate"", ""accelerate"", ""decelerate"", ""turn_right"", ""decelerate"", ""accelerate"", ""accelerate"", ""decelerate"", ""cruise"", ""decelerate"", ""accelerate""]","[0, 10, 20, 30, 40, 42, 43, 44, 45, 55, 58, 59, 60, 61, 62, 72, 75, 84, 94, 104, 111, 117, 118, 119, 120, 121, 122, 132, 138, 146, 156, 166, 176, 186, 196]","[10, 20, 30, 40, 42, 43, 44, 45, 55, 58, 59, 60, 61, 62, 72, 75, 84, 94, 104, 111, 117, 118, 119, 120, 121, 122, 132, 138, 146, 156, 166, 176, 186, 196, 200]"
407,35,"[2, 2, 1, 2, 2, 2, 2, 2, 2, 2, 2, 2, 2, 2, 1, 2, 1, 1, 2, 2, 1, 1, 3, 2, 1, 3, 2, 3, 2, 3, 2, 3, 2, 1, 4]","[""accelerate"", ""accelerate"", ""turn_right"", ""accelerate"", ""accelerate"", ""accelerate"", ""accelerate"", ""accelerate"", ""accelerate"", ""accelerate"", ""accelerate"", ""accelerate"", ""accelerate"", ""accelerate"", ""turn_right"", ""accelerate"", ""turn_right"", ""turn_right"", ""accelerate"", ""accelerate"", ""turn_right"", ""turn_right"", ""decelerate"", ""accelerate"", ""turn_right"", ""decelerate"", ""accelerate"", ""decelerate"", ""accelerate"", ""decelerate"", ""accelerate"", ""decelerate"", ""accelerate"", ""turn_right"", ""cruise""]","[0, 10, 20, 29, 32, 33, 34, 35, 36, 37, 38, 39, 40, 41, 42, 52, 53, 63, 71, 76, 77, 87, 95, 104, 114, 120, 130, 140, 145, 155, 161, 171, 177, 187, 193]","[10, 20, 29, 32, 33, 34, 35, 36, 37, 38, 39, 40, 41, 42, 52, 53, 63, 71, 76, 77, 87, 95, 104, 114, 120, 130, 140, 145, 155, 161, 171, 177, 187, 193, 200]"
408,33,"[0, 2, 2, 1, 2, 2, 2, 2, 1, 2, 2, 2, 2, 3, 2, 2, 1, 2, 2, 1, 1, 1, 1, 0, 3, 2, 3, 2, 3, 2, 3, 2, 1]","[""turn_left"", ""accelerate"", ""accelerate"", ""turn_right"", ""accelerate"", ""accelerate"", ""accelerate"", ""accelerate"", ""turn_right"", ""accelerate"", ""accelerate"", ""accelerate"", ""accelerate"", ""decelerate"", ""accelerate"", ""accelerate"", ""turn_right"", ""accelerate"", ""accelerate"", ""turn_right"", ""turn_right"", ""turn_right"", ""turn_right"", ""turn_left"", ""decelerate"", ""accelerate"", ""decelerate"", ""accelerate"", ""decelerate"", ""accelerate"", ""decelerate"", ""accelerate"", ""turn_right""]","[0, 3, 13, 17, 26, 29, 30, 31, 32, 42, 45, 46, 47, 48, 58, 66, 67, 77, 80, 81, 91, 99, 107, 114, 121, 130, 140, 146, 156, 166, 176, 183, 193]","[3, 13, 17, 26, 29, 30, 31, 32, 42, 45, 46, 47, 48, 58, 66, 67, 77, 80, 81, 91, 99, 107, 114, 121, 130, 140, 146, 156, 166, 176, 183, 193, 200]"
409,30,"[2, 4, 1, 2, 2, 1, 2, 2, 2, 2, 1, 2, 2, 1, 2, 1, 1, 1, 3, 2, 1, 1, 3, 2, 2, 2, 3, 2, 1, 1]","[""accelerate"", ""cruise"", ""turn_right"", ""accelerate"", ""accelerate"", ""turn_right"", ""accelerate"", ""accelerate"", ""accelerate"", ""accelerate"", ""turn_right"", ""accelerate"", ""accelerate"", ""turn_right"", ""accelerate"", ""turn_right"", ""turn_right"", ""turn_right"", ""decelerate"", ""accelerate"", ""turn_right"", ""turn_right"", ""decelerate"", ""accelerate"", ""accelerate"", ""accelerate"", ""decelerate"", ""accelerate"", ""turn_right"", ""turn_right""]","[0, 10, 20, 30, 36, 37, 47, 50, 51, 52, 53, 63, 66, 67, 77, 80, 89, 97, 104, 113, 123, 128, 135, 144, 154, 162, 163, 173, 183, 192]","[10, 20, 30, 36, 37, 47, 50, 51, 52, 53, 63, 66, 67, 77, 80, 89, 97, 104, 113, 123, 128, 135, 144, 154, 162, 163, 173, 183, 192, 200]"
410,31,"[4, 2, 2, 2, 1, 2, 1, 1, 2, 2, 2, 2, 2, 1, 2, 2, 2, 2, 1, 3, 2, 3, 2, 2, 1, 3, 2, 1, 2, 1, 1]","[""cruise"", ""accelerate"", ""accelerate"", ""accelerate"", ""turn_right"", ""accelerate"", ""turn_right"", ""turn_right"", ""accelerate"", ""accelerate"", ""accelerate"", ""accelerate"", ""accelerate"", ""turn_right"", ""accelerate"", ""accelerate"", ""accelerate"", ""accelerate"", ""turn_right"", ""decelerate"", ""accelerate"", ""decelerate"", ""accelerate"", ""accelerate"", ""turn_right"", ""decelerate"", ""accelerate"", ""turn_right"", ""accelerate"", ""turn_right"", ""turn_right""]","[0, 10, 20, 26, 27, 37, 40, 50, 59, 63, 64, 65, 66, 67, 77, 80, 81, 82, 83, 93, 103, 113, 121, 131, 141, 149, 159, 169, 177, 181, 191]","[10, 20, 26, 27, 37, 40, 50, 59, 63, 64, 65, 66, 67, 77, 80, 81, 82, 83, 93, 103, 113, 121, 131, 141, 149, 159, 169, 177, 181, 191, 200]"
411,31,"[2, 1, 1, 2, 2, 2, 4, 2, 2, 2, 1, 2, 2, 2, 1, 1, 2, 1, 1, 2, 3, 3, 2, 3, 2, 3, 2, 3, 2, 3, 2]","[""accelerate"", ""turn_right"", ""turn_right"", ""accelerate"", ""accelerate"", ""accelerate"", ""cruise"", ""accelerate"", ""accelerate"", ""accelerate"", ""turn_right"", ""accelerate"", ""accelerate"", ""accelerate"", ""turn_right"", ""turn_right"", ""accelerate"", ""turn_right"", ""turn_right"", ""accelerate"", ""decelerate"", ""decelerate"", ""accelerate"", ""decelerate"", ""accelerate"", ""decelerate"", ""accelerate"", ""decelerate"", ""accelerate"", ""decelerate"", ""accelerate""]","[0, 10, 19, 29, 33, 34, 35, 45, 46, 47, 48, 58, 61, 62, 63, 73, 81, 86, 95, 103, 111, 121, 123, 133, 142, 152, 158, 168, 174, 184, 190]","[10, 19, 29, 33, 34, 35, 45, 46, 47, 48, 58, 61, 62, 63, 73, 81, 86, 95, 103, 111, 121, 123, 133, 142, 152, 158, 168, 174, 184, 190, 200]"
412,31,"[2, 2, 2, 2, 1, 4, 2, 1, 2, 2, 2, 1, 2, 1, 2, 1, 3, 2, 2, 2, 2, 2, 3, 2, 3, 2, 1, 1, 2, 4, 1]","[""accelerate"", ""accelerate"", ""accelerate"", ""accelerate"", ""turn_right"", ""cruise"", ""accelerate"", ""turn_right"", ""accelerate"", ""accelerate"", ""accelerate"", ""turn_right"", ""accelerate"", ""turn_right"", ""accelerate"", ""turn_right"", ""decelerate"", ""accelerate"", ""accelerate"", ""accelerate"", ""accelerate"", ""accelerate"", ""decelerate"", ""accelerate"", ""decelerate"", ""accelerate"", ""turn_right"", ""turn_right"", ""accelerate"", ""cruise"", ""turn_right""]","[0, 10, 19, 20, 21, 31, 41, 45, 55, 58, 59, 60, 70, 73, 82, 86, 95, 105, 115, 125, 126, 127, 128, 138, 148, 158, 168, 176, 184, 188, 198]","[10, 19, 20, 21, 31, 41, 45, 55, 58, 59, 60, 70, 73, 82, 86, 95, 105, 115, 125, 126, 127, 128, 138, 148, 158, 168, 176, 184, 188, 198, 200]"
413,32,"[1, 0, 2, 0, 2, 1, 2, 2, 2, 2, 2, 1, 1, 2, 1, 1, 1, 1, 2, 2, 2, 1, 2, 0, 2, 2, 1, 3, 2, 1, 3, 2]","[""turn_right"", ""turn_left"", ""accelerate"", ""turn_left"", ""accelerate"", ""turn_right"", ""accelerate"", ""accelerate"", ""accelerate"", ""accelerate"", ""accelerate"", ""turn_right"", ""turn_right"", ""accelerate"", ""turn_right"", ""turn_right"", ""turn_right"", ""turn_right"", ""accelerate"", ""accelerate"", ""accelerate"", ""turn_right"", ""accelerate"", ""turn_left"", ""accelerate"", ""accelerate"", ""turn_right"", ""decelerate"", ""accelerate"", ""turn_right"", ""decelerate"", ""accelerate""]","[0, 3, 8, 18, 23, 29, 38, 41, 42, 43, 44, 45, 55, 64, 68, 78, 86, 94, 102, 109, 110, 111, 121, 128, 137, 145, 146, 155, 165, 175, 181, 190]","[3, 8, 18, 23, 29, 38, 41, 42, 43, 44, 45, 55, 64, 68, 78, 86, 94, 102, 109, 110, 111, 121, 128, 137, 145, 146, 155, 165, 175, 181, 190, 200]"
414,29,"[2, 1, 2, 2, 2, 4, 2, 2, 2, 1, 1, 2, 1, 1, 1, 2, 3, 1, 2, 0, 3, 2, 0, 0, 3, 2, 3, 2, 3]","[""accelerate"", ""turn_right"", ""accelerate"", ""accelerate"", ""accelerate"", ""cruise"", ""accelerate"", ""accelerate"", ""accelerate"", ""turn_right"", ""turn_right"", ""accelerate"", ""turn_right"", ""turn_right"", ""turn_right"", ""accelerate"", ""decelerate"", ""turn_right"", ""accelerate"", ""turn_left"", ""decelerate"", ""accelerate"", ""turn_left"", ""turn_left"", ""decelerate"", ""accelerate"", ""decelerate"", ""accelerate"", ""decelerate""]","[0, 10, 20, 27, 28, 29, 39, 40, 41, 42, 52, 60, 65, 74, 82, 89, 96, 106, 114, 124, 132, 141, 151, 156, 162, 170, 180, 186, 196]","[10, 20, 27, 28, 29, 39, 40, 41, 42, 52, 60, 65, 74, 82, 89, 96, 106, 114, 124, 132, 141, 151, 156, 162, 170, 180, 186, 196, 200]"
415,24,"[1, 0, 2, 0, 2, 0, 0, 0, 0, 4, 0, 1, 3, 2, 0, 3, 2, 4, 3, 2, 3, 2, 4, 4]","[""turn_right"", ""turn_left"", ""accelerate"", ""turn_left"", ""accelerate"", ""turn_left"", ""turn_left"", ""turn_left"", ""turn_left"", ""cruise"", ""turn_left"", ""turn_right"", ""decelerate"", ""accelerate"", ""turn_left"", ""decelerate"", ""accelerate"", ""cruise"", ""decelerate"", ""accelerate"", ""decelerate"", ""accelerate"", ""cruise"", ""cruise""]","[0, 3, 8, 18, 28, 38, 47, 55, 65, 75, 85, 93, 101, 111, 121, 126, 134, 144, 154, 158, 168, 177, 187, 197]","[3, 8, 18, 28, 38, 47, 55, 65, 75, 85, 93, 101, 111, 121, 126, 134, 144, 154, 158, 168, 177, 187, 197, 200]"
416,26,"[1, 2, 4, 4, 0, 2, 0, 0, 0, 0, 2, 3, 4, 1, 1, 0, 2, 3, 3, 2, 3, 2, 1, 3, 2, 1]","[""turn_right"", ""accelerate"", ""cruise"", ""cruise"", ""turn_left"", ""accelerate"", ""turn_left"", ""turn_left"", ""turn_left"", ""turn_left"", ""accelerate"", ""decelerate"", ""cruise"", ""turn_right"", ""turn_right"", ""turn_left"", ""accelerate"", ""decelerate"", ""decelerate"", ""accelerate"", ""decelerate"", ""accelerate"", ""turn_right"", ""decelerate"", ""accelerate"", ""turn_right""]","[0, 3, 13, 23, 33, 43, 50, 59, 68, 77, 87, 93, 103, 113, 116, 121, 127, 137, 147, 148, 158, 163, 173, 179, 187, 197]","[3, 13, 23, 33, 43, 50, 59, 68, 77, 87, 93, 103, 113, 116, 121, 127, 137, 147, 148, 158, 163, 173, 179, 187, 197, 200]"
417,28,"[0, 2, 4, 1, 2, 1, 2, 2, 1, 2, 2, 2, 4, 1, 1, 2, 3, 2, 1, 2, 3, 2, 0, 0, 0, 3, 4, 2]","[""turn_left"", ""accelerate"", ""cruise"", ""turn_right"", ""accelerate"", ""turn_right"", ""accelerate"", ""accelerate"", ""turn_right"", ""accelerate"", ""accelerate"", ""accelerate"", ""cruise"", ""turn_right"", ""turn_right"", ""accelerate"", ""decelerate"", ""accelerate"", ""turn_right"", ""accelerate"", ""decelerate"", ""accelerate"", ""turn_left"", ""turn_left"", ""turn_left"", ""decelerate"", ""cruise"", ""accelerate""]","[0, 3, 13, 23, 33, 39, 48, 52, 53, 62, 65, 66, 67, 77, 86, 94, 102, 112, 122, 128, 138, 148, 158, 164, 171, 179, 188, 198]","[3, 13, 23, 33, 39, 48, 52, 53, 62, 65, 66, 67, 77, 86, 94, 102, 112, 122, 128, 138, 148, 158, 164, 171, 179, 188, 198, 200]"
418,24,"[4, 4, 2, 0, 4, 4, 0, 4, 0, 0, 4, 2, 1, 3, 2, 3, 2, 1, 1, 1, 1, 1, 1, 1]","[""cruise"", ""cruise"", ""accelerate"", ""turn_left"", ""cruise"", ""cruise"", ""turn_left"", ""cruise"", ""turn_left"", ""turn_left"", ""cruise"", ""accelerate"", ""turn_right"", ""decelerate"", ""accelerate"", ""decelerate"", ""accelerate"", ""turn_right"", ""turn_right"", ""turn_right"", ""turn_right"", ""turn_right"", ""turn_right"", ""turn_right""]","[0, 10, 20, 30, 40, 50, 60, 70, 80, 88, 96, 106, 113, 121, 131, 141, 147, 157, 162, 168, 175, 182, 189, 196]","[10, 20, 30, 40, 50, 60, 70, 80, 88, 96, 106, 113, 121, 131, 141, 147, 157, 162, 168, 175, 182, 189, 196, 200]"
419,23,"[2, 0, 4, 0, 0, 4, 0, 4, 0, 4, 2, 4, 1, 1, 1, 4, 1, 3, 2, 1, 3, 2, 3]","[""accelerate"", ""turn_left"", ""cruise"", ""turn_left"", ""turn_left"", ""cruise"", ""turn_left"", ""cruise"", ""turn_left"", ""cruise"", ""accelerate"", ""cruise"", ""turn_right"", ""turn_right"", ""turn_right"", ""cruise"", ""turn_right"", ""decelerate"", ""accelerate"", ""turn_right"", ""decelerate"", ""accelerate"", ""decelerate""]","[0, 10, 20, 30, 40, 50, 60, 70, 80, 88, 98, 104, 114, 122, 129, 136, 146, 152, 160, 170, 176, 184, 194]","[10, 20, 30, 40, 50, 60, 70, 80, 88, 98, 104, 114, 122, 129, 136, 146, 152, 160, 170, 176, 184, 194, 200]"
420,25,"[2, 1, 0, 0, 2, 0, 0, 0, 0, 0, 2, 0, 1, 0, 4, 2, 1, 3, 2, 3, 2, 3, 2, 3, 2]","[""accelerate"", ""turn_right"", ""turn_left"", ""turn_left"", ""accelerate"", ""turn_left"", ""turn_left"", ""turn_left"", ""turn_left"", ""turn_left"", ""accelerate"", ""turn_left"", ""turn_right"", ""turn_left"", ""cruise"", ""accelerate"", ""turn_right"", ""decelerate"", ""accelerate"", ""decelerate"", ""accelerate"", ""decelerate"", ""accelerate"", ""decelerate"", ""accelerate""]","[0, 10, 15, 21, 28, 33, 42, 50, 60, 70, 80, 87, 96, 103, 111, 121, 131, 140, 150, 160, 165, 175, 181, 191, 198]","[10, 15, 21, 28, 33, 42, 50, 60, 70, 80, 87, 96, 103, 111, 121, 131, 140, 150, 160, 165, 175, 181, 191, 198, 200]"
421,23,"[2, 4, 0, 0, 0, 4, 2, 0, 4, 4, 4, 0, 1, 3, 2, 1, 3, 2, 3, 4, 2, 3, 2]","[""accelerate"", ""cruise"", ""turn_left"", ""turn_left"", ""turn_left"", ""cruise"", ""accelerate"", ""turn_left"", ""cruise"", ""cruise"", ""cruise"", ""turn_left"", ""turn_right"", ""decelerate"", ""accelerate"", ""turn_right"", ""decelerate"", ""accelerate"", ""decelerate"", ""cruise"", ""accelerate"", ""decelerate"", ""accelerate""]","[0, 10, 20, 30, 40, 50, 60, 66, 75, 85, 95, 105, 113, 120, 129, 139, 145, 153, 163, 170, 180, 190, 196]","[10, 20, 30, 40, 50, 60, 66, 75, 85, 95, 105, 113, 120, 129, 139, 145, 153, 163, 170, 180, 190, 196, 200]"
422,25,"[2, 0, 0, 0, 2, 0, 0, 2, 0, 0, 2, 2, 4, 1, 3, 2, 3, 2, 3, 2, 0, 2, 0, 4, 4]","[""accelerate"", ""turn_left"", ""turn_left"", ""turn_left"", ""accelerate"", ""turn_left"", ""turn_left"", ""accelerate"", ""turn_left"", ""turn_left"", ""accelerate"", ""accelerate"", ""cruise"", ""turn_right"", ""decelerate"", ""accelerate"", ""decelerate"", ""accelerate"", ""decelerate"", ""accelerate"", ""turn_left"", ""accelerate"", ""turn_left"", ""cruise"", ""cruise""]","[0, 10, 18, 28, 38, 43, 52, 61, 65, 74, 82, 87, 88, 98, 106, 116, 126, 132, 142, 148, 158, 164, 174, 183, 193]","[10, 18, 28, 38, 43, 52, 61, 65, 74, 82, 87, 88, 98, 106, 116, 126, 132, 142, 148, 158, 164, 174, 183, 193, 200]"
423,28,"[0, 0, 2, 2, 1, 1, 1, 1, 2, 0, 1, 2, 1, 2, 2, 2, 1, 3, 2, 3, 2, 3, 4, 2, 3, 2, 2, 1]","[""turn_left"", ""turn_left"", ""accelerate"", ""accelerate"", ""turn_right"", ""turn_right"", ""turn_right"", ""turn_right"", ""accelerate"", ""turn_left"", ""turn_right"", ""accelerate"", ""turn_right"", ""accelerate"", ""accelerate"", ""accelerate"", ""turn_right"", ""decelerate"", ""accelerate"", ""decelerate"", ""accelerate"", ""decelerate"", ""cruise"", ""accelerate"", ""decelerate"", ""accelerate"", ""accelerate"", ""turn_right""]","[0, 3, 7, 17, 18, 27, 36, 46, 56, 62, 72, 79, 83, 92, 96, 97, 98, 107, 117, 127, 134, 144, 150, 160, 170, 177, 187, 197]","[3, 7, 17, 18, 27, 36, 46, 56, 62, 72, 79, 83, 92, 96, 97, 98, 107, 117, 127, 134, 144, 150, 160, 170, 177, 187, 197, 200]"
424,27,"[4, 0, 0, 2, 2, 0, 2, 1, 1, 1, 1, 1, 1, 2, 2, 1, 1, 1, 2, 3, 3, 2, 2, 1, 3, 2, 3]","[""cruise"", ""turn_left"", ""turn_left"", ""accelerate"", ""accelerate"", ""turn_left"", ""accelerate"", ""turn_right"", ""turn_right"", ""turn_right"", ""turn_right"", ""turn_right"", ""turn_right"", ""accelerate"", ""accelerate"", ""turn_right"", ""turn_right"", ""turn_right"", ""accelerate"", ""decelerate"", ""decelerate"", ""accelerate"", ""accelerate"", ""turn_right"", ""decelerate"", ""accelerate"", ""decelerate""]","[0, 10, 13, 17, 27, 28, 37, 41, 50, 58, 65, 72, 79, 87, 95, 96, 105, 114, 124, 130, 140, 143, 153, 163, 172, 182, 192]","[10, 13, 17, 27, 28, 37, 41, 50, 58, 65, 72, 79, 87, 95, 96, 105, 114, 124, 130, 140, 143, 153, 163, 172, 182, 192, 200]"
425,27,"[0, 2, 4, 2, 2, 2, 1, 1, 1, 1, 1, 1, 1, 2, 2, 0, 3, 4, 2, 2, 2, 1, 3, 2, 3, 2, 3]","[""turn_left"", ""accelerate"", ""cruise"", ""accelerate"", ""accelerate"", ""accelerate"", ""turn_right"", ""turn_right"", ""turn_right"", ""turn_right"", ""turn_right"", ""turn_right"", ""turn_right"", ""accelerate"", ""accelerate"", ""turn_left"", ""decelerate"", ""cruise"", ""accelerate"", ""accelerate"", ""accelerate"", ""turn_right"", ""decelerate"", ""accelerate"", ""decelerate"", ""accelerate"", ""decelerate""]","[0, 3, 13, 23, 27, 28, 29, 39, 47, 57, 67, 77, 87, 97, 105, 106, 115, 125, 135, 145, 152, 153, 162, 172, 182, 187, 197]","[3, 13, 23, 27, 28, 29, 39, 47, 57, 67, 77, 87, 97, 105, 106, 115, 125, 135, 145, 152, 153, 162, 172, 182, 187, 197, 200]"
426,25,"[1, 0, 4, 1, 2, 0, 0, 0, 4, 2, 0, 4, 0, 3, 4, 4, 2, 3, 2, 3, 2, 3, 2, 1, 1]","[""turn_right"", ""turn_left"", ""cruise"", ""turn_right"", ""accelerate"", ""turn_left"", ""turn_left"", ""turn_left"", ""cruise"", ""accelerate"", ""turn_left"", ""cruise"", ""turn_left"", ""decelerate"", ""cruise"", ""cruise"", ""accelerate"", ""decelerate"", ""accelerate"", ""decelerate"", ""accelerate"", ""decelerate"", ""accelerate"", ""turn_right"", ""turn_right""]","[0, 2, 8, 18, 20, 30, 38, 47, 57, 67, 72, 81, 91, 99, 108, 118, 128, 138, 146, 156, 163, 173, 181, 191, 197]","[2, 8, 18, 20, 30, 38, 47, 57, 67, 72, 81, 91, 99, 108, 118, 128, 138, 146, 156, 163, 173, 181, 191, 197, 200]"
427,28,"[0, 0, 2, 2, 1, 1, 1, 2, 1, 1, 1, 4, 2, 2, 1, 1, 2, 3, 3, 4, 4, 2, 3, 2, 4, 0, 0, 4]","[""turn_left"", ""turn_left"", ""accelerate"", ""accelerate"", ""turn_right"", ""turn_right"", ""turn_right"", ""accelerate"", ""turn_right"", ""turn_right"", ""turn_right"", ""cruise"", ""accelerate"", ""accelerate"", ""turn_right"", ""turn_right"", ""accelerate"", ""decelerate"", ""decelerate"", ""cruise"", ""cruise"", ""accelerate"", ""decelerate"", ""accelerate"", ""cruise"", ""turn_left"", ""turn_left"", ""cruise""]","[0, 3, 7, 15, 16, 25, 34, 44, 49, 58, 66, 76, 86, 92, 93, 100, 107, 111, 121, 124, 134, 144, 154, 161, 171, 181, 185, 191]","[3, 7, 15, 16, 25, 34, 44, 49, 58, 66, 76, 86, 92, 93, 100, 107, 111, 121, 124, 134, 144, 154, 161, 171, 181, 185, 191, 200]"
428,23,"[0, 4, 2, 4, 4, 4, 2, 1, 1, 1, 1, 1, 1, 0, 4, 0, 4, 4, 3, 2, 4, 2, 2]","[""turn_left"", ""cruise"", ""accelerate"", ""cruise"", ""cruise"", ""cruise"", ""accelerate"", ""turn_right"", ""turn_right"", ""turn_right"", ""turn_right"", ""turn_right"", ""turn_right"", ""turn_left"", ""cruise"", ""turn_left"", ""cruise"", ""cruise"", ""decelerate"", ""accelerate"", ""cruise"", ""accelerate"", ""accelerate""]","[0, 3, 13, 23, 33, 43, 53, 61, 70, 78, 87, 97, 107, 117, 125, 135, 142, 152, 162, 168, 178, 188, 198]","[3, 13, 23, 33, 43, 53, 61, 70, 78, 87, 97, 107, 117, 125, 135, 142, 152, 162, 168, 178, 188, 198, 200]"
429,26,"[1, 2, 0, 2, 0, 0, 0, 0, 0, 4, 0, 0, 2, 2, 1, 1, 1, 1, 1, 1, 3, 2, 3, 2, 1, 1]","[""turn_right"", ""accelerate"", ""turn_left"", ""accelerate"", ""turn_left"", ""turn_left"", ""turn_left"", ""turn_left"", ""turn_left"", ""cruise"", ""turn_left"", ""turn_left"", ""accelerate"", ""accelerate"", ""turn_right"", ""turn_right"", ""turn_right"", ""turn_right"", ""turn_right"", ""turn_right"", ""decelerate"", ""accelerate"", ""decelerate"", ""accelerate"", ""turn_right"", ""turn_right""]","[0, 2, 12, 20, 25, 34, 43, 53, 63, 73, 83, 92, 102, 108, 109, 119, 127, 134, 141, 147, 153, 162, 172, 181, 191, 197]","[2, 12, 20, 25, 34, 43, 53, 63, 73, 83, 92, 102, 108, 109, 119, 127, 134, 141, 147, 153, 162, 172, 181, 191, 197, 200]"
430,29,"[4, 4, 0, 0, 4, 0, 2, 0, 1, 1, 2, 4, 1, 1, 1, 1, 4, 2, 2, 2, 4, 2, 1, 0, 4, 3, 2, 4, 1]","[""cruise"", ""cruise"", ""turn_left"", ""turn_left"", ""cruise"", ""turn_left"", ""accelerate"", ""turn_left"", ""turn_right"", ""turn_right"", ""accelerate"", ""cruise"", ""turn_right"", ""turn_right"", ""turn_right"", ""turn_right"", ""cruise"", ""accelerate"", ""accelerate"", ""accelerate"", ""cruise"", ""accelerate"", ""turn_right"", ""turn_left"", ""cruise"", ""decelerate"", ""accelerate"", ""cruise"", ""turn_right""]","[0, 10, 20, 22, 25, 35, 39, 47, 56, 64, 72, 77, 87, 95, 102, 109, 116, 126, 134, 135, 136, 146, 147, 156, 164, 174, 179, 189, 199]","[10, 20, 22, 25, 35, 39, 47, 56, 64, 72, 77, 87, 95, 102, 109, 116, 126, 134, 135, 136, 146, 147, 156, 164, 174, 179, 189, 199, 200]"
431,28,"[0, 2, 1, 1, 0, 2, 0, 1, 1, 1, 1, 1, 1, 1, 1, 1, 1, 1, 2, 1, 1, 1, 1, 1, 1, 1, 2, 1]","[""turn_left"", ""accelerate"", ""turn_right"", ""turn_right"", ""turn_left"", ""accelerate"", ""turn_left"", ""turn_right"", ""turn_right"", ""turn_right"", ""turn_right"", ""turn_right"", ""turn_right"", ""turn_right"", ""turn_right"", ""turn_right"", ""turn_right"", ""turn_right"", ""accelerate"", ""turn_right"", ""turn_right"", ""turn_right"", ""turn_right"", ""turn_right"", ""turn_right"", ""turn_right"", ""accelerate"", ""turn_right""]","[0, 3, 13, 21, 31, 38, 43, 52, 60, 68, 75, 82, 89, 96, 103, 111, 116, 121, 128, 136, 145, 153, 161, 169, 177, 184, 191, 196]","[3, 13, 21, 31, 38, 43, 52, 60, 68, 75, 82, 89, 96, 103, 111, 116, 121, 128, 136, 145, 153, 161, 169, 177, 184, 191, 196, 200]"
432,26,"[0, 2, 2, 2, 2, 4, 1, 1, 1, 1, 1, 1, 2, 1, 1, 4, 0, 4, 0, 4, 1, 4, 2, 3, 2, 0]","[""turn_left"", ""accelerate"", ""accelerate"", ""accelerate"", ""accelerate"", ""cruise"", ""turn_right"", ""turn_right"", ""turn_right"", ""turn_right"", ""turn_right"", ""turn_right"", ""accelerate"", ""turn_right"", ""turn_right"", ""cruise"", ""turn_left"", ""cruise"", ""turn_left"", ""cruise"", ""turn_right"", ""cruise"", ""accelerate"", ""decelerate"", ""accelerate"", ""turn_left""]","[0, 3, 13, 18, 19, 20, 30, 39, 47, 55, 65, 75, 85, 95, 103, 111, 121, 128, 138, 144, 154, 160, 170, 180, 189, 199]","[3, 13, 18, 19, 20, 30, 39, 47, 55, 65, 75, 85, 95, 103, 111, 121, 128, 138, 144, 154, 160, 170, 180, 189, 199, 200]"
433,28,"[4, 1, 0, 4, 0, 4, 0, 0, 4, 1, 0, 4, 1, 1, 1, 1, 2, 2, 4, 4, 0, 1, 3, 2, 3, 2, 3, 2]","[""cruise"", ""turn_right"", ""turn_left"", ""cruise"", ""turn_left"", ""cruise"", ""turn_left"", ""turn_left"", ""cruise"", ""turn_right"", ""turn_left"", ""cruise"", ""turn_right"", ""turn_right"", ""turn_right"", ""turn_right"", ""accelerate"", ""accelerate"", ""cruise"", ""cruise"", ""turn_left"", ""turn_right"", ""decelerate"", ""accelerate"", ""decelerate"", ""accelerate"", ""decelerate"", ""accelerate""]","[0, 10, 12, 16, 26, 28, 38, 40, 44, 54, 64, 71, 81, 88, 95, 103, 112, 118, 119, 129, 139, 146, 153, 162, 172, 179, 189, 193]","[10, 12, 16, 26, 28, 38, 40, 44, 54, 64, 71, 81, 88, 95, 103, 112, 118, 119, 129, 139, 146, 153, 162, 172, 179, 189, 193, 200]"
434,26,"[4, 4, 2, 0, 4, 1, 1, 1, 1, 1, 1, 0, 1, 1, 1, 1, 2, 2, 0, 0, 4, 0, 2, 3, 3, 4]","[""cruise"", ""cruise"", ""accelerate"", ""turn_left"", ""cruise"", ""turn_right"", ""turn_right"", ""turn_right"", ""turn_right"", ""turn_right"", ""turn_right"", ""turn_left"", ""turn_right"", ""turn_right"", ""turn_right"", ""turn_right"", ""accelerate"", ""accelerate"", ""turn_left"", ""turn_left"", ""cruise"", ""turn_left"", ""accelerate"", ""decelerate"", ""decelerate"", ""cruise""]","[0, 10, 20, 30, 35, 45, 51, 60, 70, 80, 90, 100, 107, 114, 121, 128, 136, 143, 144, 153, 161, 171, 177, 184, 194, 197]","[10, 20, 30, 35, 45, 51, 60, 70, 80, 90, 100, 107, 114, 121, 128, 136, 143, 144, 153, 161, 171, 177, 184, 194, 197, 200]"
435,28,"[0, 4, 0, 2, 0, 2, 2, 1, 1, 1, 4, 1, 2, 1, 1, 1, 1, 1, 2, 2, 1, 1, 1, 2, 1, 1, 2, 2]","[""turn_left"", ""cruise"", ""turn_left"", ""accelerate"", ""turn_left"", ""accelerate"", ""accelerate"", ""turn_right"", ""turn_right"", ""turn_right"", ""cruise"", ""turn_right"", ""accelerate"", ""turn_right"", ""turn_right"", ""turn_right"", ""turn_right"", ""turn_right"", ""accelerate"", ""accelerate"", ""turn_right"", ""turn_right"", ""turn_right"", ""accelerate"", ""turn_right"", ""turn_right"", ""accelerate"", ""accelerate""]","[0, 3, 13, 16, 26, 35, 39, 40, 49, 57, 65, 75, 82, 87, 96, 104, 113, 123, 127, 137, 147, 156, 164, 172, 177, 186, 194, 199]","[3, 13, 16, 26, 35, 39, 40, 49, 57, 65, 75, 82, 87, 96, 104, 113, 123, 127, 137, 147, 156, 164, 172, 177, 186, 194, 199, 200]"
436,28,"[1, 0, 2, 2, 1, 2, 2, 2, 1, 1, 1, 2, 1, 2, 1, 1, 1, 1, 2, 2, 0, 2, 4, 0, 4, 4, 3, 2]","[""turn_right"", ""turn_left"", ""accelerate"", ""accelerate"", ""turn_right"", ""accelerate"", ""accelerate"", ""accelerate"", ""turn_right"", ""turn_right"", ""turn_right"", ""accelerate"", ""turn_right"", ""accelerate"", ""turn_right"", ""turn_right"", ""turn_right"", ""turn_right"", ""accelerate"", ""accelerate"", ""turn_left"", ""accelerate"", ""cruise"", ""turn_left"", ""cruise"", ""cruise"", ""decelerate"", ""accelerate""]","[0, 2, 6, 16, 26, 35, 39, 40, 41, 51, 59, 67, 73, 82, 87, 96, 103, 113, 123, 133, 135, 144, 149, 159, 166, 176, 186, 191]","[2, 6, 16, 26, 35, 39, 40, 41, 51, 59, 67, 73, 82, 87, 96, 103, 113, 123, 133, 135, 144, 149, 159, 166, 176, 186, 191, 200]"
437,25,"[4, 2, 4, 1, 2, 4, 1, 1, 2, 1, 1, 1, 2, 2, 2, 3, 4, 3, 2, 2, 4, 1, 3, 2, 2]","[""cruise"", ""accelerate"", ""cruise"", ""turn_right"", ""accelerate"", ""cruise"", ""turn_right"", ""turn_right"", ""accelerate"", ""turn_right"", ""turn_right"", ""turn_right"", ""accelerate"", ""accelerate"", ""accelerate"", ""decelerate"", ""cruise"", ""decelerate"", ""accelerate"", ""accelerate"", ""cruise"", ""turn_right"", ""decelerate"", ""accelerate"", ""accelerate""]","[0, 10, 20, 30, 40, 47, 57, 65, 73, 78, 87, 95, 105, 111, 112, 113, 123, 133, 139, 149, 159, 169, 176, 185, 195]","[10, 20, 30, 40, 47, 57, 65, 73, 78, 87, 95, 105, 111, 112, 113, 123, 133, 139, 149, 159, 169, 176, 185, 195, 200]"
438,26,"[4, 0, 2, 1, 0, 2, 2, 4, 1, 1, 1, 2, 2, 1, 1, 1, 2, 4, 3, 2, 3, 2, 1, 1, 3, 2]","[""cruise"", ""turn_left"", ""accelerate"", ""turn_right"", ""turn_left"", ""accelerate"", ""accelerate"", ""cruise"", ""turn_right"", ""turn_right"", ""turn_right"", ""accelerate"", ""accelerate"", ""turn_right"", ""turn_right"", ""turn_right"", ""accelerate"", ""cruise"", ""decelerate"", ""accelerate"", ""decelerate"", ""accelerate"", ""turn_right"", ""turn_right"", ""decelerate"", ""accelerate""]","[0, 10, 12, 22, 30, 37, 42, 43, 53, 61, 68, 75, 80, 81, 90, 100, 110, 120, 130, 140, 150, 158, 168, 174, 181, 190]","[10, 12, 22, 30, 37, 42, 43, 53, 61, 68, 75, 80, 81, 90, 100, 110, 120, 130, 140, 150, 158, 168, 174, 181, 190, 200]"
439,27,"[2, 1, 2, 2, 4, 0, 0, 2, 0, 4, 2, 2, 4, 0, 2, 4, 4, 4, 3, 4, 4, 3, 4, 2, 1, 4, 1]","[""accelerate"", ""turn_right"", ""accelerate"", ""accelerate"", ""cruise"", ""turn_left"", ""turn_left"", ""accelerate"", ""turn_left"", ""cruise"", ""accelerate"", ""accelerate"", ""cruise"", ""turn_left"", ""accelerate"", ""cruise"", ""cruise"", ""cruise"", ""decelerate"", ""cruise"", ""cruise"", ""decelerate"", ""cruise"", ""accelerate"", ""turn_right"", ""cruise"", ""turn_right""]","[0, 10, 14, 18, 19, 29, 39, 47, 50, 59, 69, 70, 71, 81, 91, 93, 103, 113, 123, 133, 143, 153, 157, 167, 177, 183, 193]","[10, 14, 18, 19, 29, 39, 47, 50, 59, 69, 70, 71, 81, 91, 93, 103, 113, 123, 133, 143, 153, 157, 167, 177, 183, 193, 200]"
440,27,"[1, 0, 2, 0, 4, 4, 0, 2, 2, 4, 4, 1, 2, 2, 4, 4, 3, 2, 4, 0, 3, 4, 2, 3, 2, 2, 4]","[""turn_right"", ""turn_left"", ""accelerate"", ""turn_left"", ""cruise"", ""cruise"", ""turn_left"", ""accelerate"", ""accelerate"", ""cruise"", ""cruise"", ""turn_right"", ""accelerate"", ""accelerate"", ""cruise"", ""cruise"", ""decelerate"", ""accelerate"", ""cruise"", ""turn_left"", ""decelerate"", ""cruise"", ""accelerate"", ""decelerate"", ""accelerate"", ""accelerate"", ""cruise""]","[0, 2, 6, 16, 25, 35, 45, 53, 58, 59, 69, 79, 85, 88, 89, 99, 109, 117, 127, 137, 143, 151, 161, 171, 177, 187, 195]","[2, 6, 16, 25, 35, 45, 53, 58, 59, 69, 79, 85, 88, 89, 99, 109, 117, 127, 137, 143, 151, 161, 171, 177, 187, 195, 200]"
441,29,"[0, 4, 4, 0, 2, 1, 2, 2, 1, 1, 1, 2, 2, 1, 2, 3, 1, 1, 1, 2, 1, 2, 4, 4, 0, 4, 4, 2, 0]","[""turn_left"", ""cruise"", ""cruise"", ""turn_left"", ""accelerate"", ""turn_right"", ""accelerate"", ""accelerate"", ""turn_right"", ""turn_right"", ""turn_right"", ""accelerate"", ""accelerate"", ""turn_right"", ""accelerate"", ""decelerate"", ""turn_right"", ""turn_right"", ""turn_right"", ""accelerate"", ""turn_right"", ""accelerate"", ""cruise"", ""cruise"", ""turn_left"", ""cruise"", ""cruise"", ""accelerate"", ""turn_left""]","[0, 3, 13, 23, 25, 35, 43, 47, 48, 57, 65, 74, 79, 80, 88, 91, 101, 104, 114, 124, 128, 137, 138, 148, 158, 164, 174, 184, 193]","[3, 13, 23, 25, 35, 43, 47, 48, 57, 65, 74, 79, 80, 88, 91, 101, 104, 114, 124, 128, 137, 138, 148, 158, 164, 174, 184, 193, 200]"
442,33,"[0, 2, 2, 2, 2, 2, 2, 1, 2, 1, 1, 1, 1, 4, 2, 2, 1, 4, 2, 1, 2, 2, 1, 2, 1, 4, 4, 0, 0, 0, 4, 0, 4]","[""turn_left"", ""accelerate"", ""accelerate"", ""accelerate"", ""accelerate"", ""accelerate"", ""accelerate"", ""turn_right"", ""accelerate"", ""turn_right"", ""turn_right"", ""turn_right"", ""turn_right"", ""cruise"", ""accelerate"", ""accelerate"", ""turn_right"", ""cruise"", ""accelerate"", ""turn_right"", ""accelerate"", ""accelerate"", ""turn_right"", ""accelerate"", ""turn_right"", ""cruise"", ""cruise"", ""turn_left"", ""turn_left"", ""turn_left"", ""cruise"", ""turn_left"", ""cruise""]","[0, 3, 13, 20, 21, 22, 23, 24, 34, 38, 47, 54, 61, 71, 81, 89, 90, 98, 108, 112, 119, 122, 123, 130, 132, 140, 150, 160, 165, 172, 180, 190, 196]","[3, 13, 20, 21, 22, 23, 24, 34, 38, 47, 54, 61, 71, 81, 89, 90, 98, 108, 112, 119, 122, 123, 130, 132, 140, 150, 160, 165, 172, 180, 190, 196, 200]"
443,24,"[4, 4, 2, 4, 4, 2, 0, 2, 0, 2, 0, 4, 4, 4, 1, 3, 2, 4, 4, 4, 3, 2, 2, 4]","[""cruise"", ""cruise"", ""accelerate"", ""cruise"", ""cruise"", ""accelerate"", ""turn_left"", ""accelerate"", ""turn_left"", ""accelerate"", ""turn_left"", ""cruise"", ""cruise"", ""cruise"", ""turn_right"", ""decelerate"", ""accelerate"", ""cruise"", ""cruise"", ""cruise"", ""decelerate"", ""accelerate"", ""accelerate"", ""cruise""]","[0, 10, 20, 30, 40, 50, 56, 66, 70, 80, 84, 93, 103, 113, 123, 129, 137, 147, 157, 167, 177, 181, 191, 199]","[10, 20, 30, 40, 50, 56, 66, 70, 80, 84, 93, 103, 113, 123, 129, 137, 147, 157, 167, 177, 181, 191, 199, 200]"
444,21,"[4, 2, 4, 4, 2, 0, 2, 2, 2, 2, 0, 0, 4, 3, 2, 4, 2, 4, 0, 0, 4]","[""cruise"", ""accelerate"", ""cruise"", ""cruise"", ""accelerate"", ""turn_left"", ""accelerate"", ""accelerate"", ""accelerate"", ""accelerate"", ""turn_left"", ""turn_left"", ""cruise"", ""decelerate"", ""accelerate"", ""cruise"", ""accelerate"", ""cruise"", ""turn_left"", ""turn_left"", ""cruise""]","[0, 10, 20, 30, 40, 43, 53, 56, 57, 58, 59, 69, 78, 88, 97, 107, 117, 124, 134, 142, 150]","[10, 20, 30, 40, 43, 53, 56, 57, 58, 59, 69, 78, 88, 97, 107, 117, 124, 134, 142, 150, 160]"
445,28,"[0, 0, 4, 4, 4, 1, 2, 2, 2, 1, 2, 1, 1, 1, 3, 2, 1, 1, 1, 1, 1, 1, 1, 1, 3, 2, 1, 1]","[""turn_left"", ""turn_left"", ""cruise"", ""cruise"", ""cruise"", ""turn_right"", ""accelerate"", ""accelerate"", ""accelerate"", ""turn_right"", ""accelerate"", ""turn_right"", ""turn_right"", ""turn_right"", ""decelerate"", ""accelerate"", ""turn_right"", ""turn_right"", ""turn_right"", ""turn_right"", ""turn_right"", ""turn_right"", ""turn_right"", ""turn_right"", ""decelerate"", ""accelerate"", ""turn_right"", ""turn_right""]","[0, 3, 7, 17, 27, 37, 47, 55, 56, 57, 66, 70, 78, 85, 93, 103, 113, 119, 126, 133, 140, 147, 154, 161, 168, 178, 188, 196]","[3, 7, 17, 27, 37, 47, 55, 56, 57, 66, 70, 78, 85, 93, 103, 113, 119, 126, 133, 140, 147, 154, 161, 168, 178, 188, 196, 200]"
446,26,"[4, 4, 3, 4, 4, 4, 2, 4, 4, 2, 4, 2, 4, 2, 1, 1, 1, 1, 0, 1, 1, 3, 2, 1, 1, 1]","[""cruise"", ""cruise"", ""decelerate"", ""cruise"", ""cruise"", ""cruise"", ""accelerate"", ""cruise"", ""cruise"", ""accelerate"", ""cruise"", ""accelerate"", ""cruise"", ""accelerate"", ""turn_right"", ""turn_right"", ""turn_right"", ""turn_right"", ""turn_left"", ""turn_right"", ""turn_right"", ""decelerate"", ""accelerate"", ""turn_right"", ""turn_right"", ""turn_right""]","[0, 10, 20, 21, 31, 41, 51, 61, 71, 81, 89, 99, 100, 110, 111, 120, 128, 135, 142, 150, 157, 164, 173, 183, 189, 199]","[10, 20, 21, 31, 41, 51, 61, 71, 81, 89, 99, 100, 110, 111, 120, 128, 135, 142, 150, 157, 164, 173, 183, 189, 199, 200]"
447,28,"[2, 0, 2, 2, 2, 2, 1, 1, 1, 2, 4, 1, 1, 2, 2, 1, 1, 2, 1, 1, 1, 1, 1, 1, 1, 2, 3, 4]","[""accelerate"", ""turn_left"", ""accelerate"", ""accelerate"", ""accelerate"", ""accelerate"", ""turn_right"", ""turn_right"", ""turn_right"", ""accelerate"", ""cruise"", ""turn_right"", ""turn_right"", ""accelerate"", ""accelerate"", ""turn_right"", ""turn_right"", ""accelerate"", ""turn_right"", ""turn_right"", ""turn_right"", ""turn_right"", ""turn_right"", ""turn_right"", ""turn_right"", ""accelerate"", ""decelerate"", ""cruise""]","[0, 10, 14, 23, 24, 25, 26, 36, 44, 52, 57, 67, 76, 83, 88, 89, 97, 104, 109, 119, 129, 139, 149, 159, 169, 178, 182, 192]","[10, 14, 23, 24, 25, 26, 36, 44, 52, 57, 67, 76, 83, 88, 89, 97, 104, 109, 119, 129, 139, 149, 159, 169, 178, 182, 192, 200]"
448,26,"[0, 4, 2, 1, 0, 1, 0, 1, 0, 2, 1, 1, 2, 1, 1, 1, 1, 1, 1, 1, 4, 2, 1, 2, 1, 4]","[""turn_left"", ""cruise"", ""accelerate"", ""turn_right"", ""turn_left"", ""turn_right"", ""turn_left"", ""turn_right"", ""turn_left"", ""accelerate"", ""turn_right"", ""turn_right"", ""accelerate"", ""turn_right"", ""turn_right"", ""turn_right"", ""turn_right"", ""turn_right"", ""turn_right"", ""turn_right"", ""cruise"", ""accelerate"", ""turn_right"", ""accelerate"", ""turn_right"", ""cruise""]","[0, 3, 13, 23, 31, 38, 46, 53, 61, 68, 74, 84, 92, 97, 106, 113, 120, 127, 134, 141, 148, 158, 164, 173, 181, 190]","[3, 13, 23, 31, 38, 46, 53, 61, 68, 74, 84, 92, 97, 106, 113, 120, 127, 134, 141, 148, 158, 164, 173, 181, 190, 200]"
449,25,"[2, 0, 4, 2, 4, 4, 1, 1, 1, 1, 1, 4, 1, 2, 4, 1, 4, 1, 0, 1, 1, 1, 1, 2, 0]","[""accelerate"", ""turn_left"", ""cruise"", ""accelerate"", ""cruise"", ""cruise"", ""turn_right"", ""turn_right"", ""turn_right"", ""turn_right"", ""turn_right"", ""cruise"", ""turn_right"", ""accelerate"", ""cruise"", ""turn_right"", ""cruise"", ""turn_right"", ""turn_left"", ""turn_right"", ""turn_right"", ""turn_right"", ""turn_right"", ""accelerate"", ""turn_left""]","[0, 10, 15, 25, 32, 42, 52, 60, 68, 75, 82, 89, 99, 105, 115, 125, 135, 145, 155, 162, 168, 174, 181, 190, 193]","[10, 15, 25, 32, 42, 52, 60, 68, 75, 82, 89, 99, 105, 115, 125, 135, 145, 155, 162, 168, 174, 181, 190, 193, 200]"
450,24,"[4, 2, 0, 1, 1, 0, 4, 4, 1, 1, 2, 1, 1, 2, 2, 1, 1, 1, 1, 1, 1, 1, 4, 4]","[""cruise"", ""accelerate"", ""turn_left"", ""turn_right"", ""turn_right"", ""turn_left"", ""cruise"", ""cruise"", ""turn_right"", ""turn_right"", ""accelerate"", ""turn_right"", ""turn_right"", ""accelerate"", ""accelerate"", ""turn_right"", ""turn_right"", ""turn_right"", ""turn_right"", ""turn_right"", ""turn_right"", ""turn_right"", ""cruise"", ""cruise""]","[0, 10, 20, 26, 34, 42, 49, 59, 69, 75, 82, 89, 97, 107, 117, 120, 128, 136, 146, 156, 166, 176, 186, 196]","[10, 20, 26, 34, 42, 49, 59, 69, 75, 82, 89, 97, 107, 117, 120, 128, 136, 146, 156, 166, 176, 186, 196, 200]"
451,24,"[2, 1, 1, 2, 4, 1, 2, 1, 1, 1, 1, 1, 2, 4, 1, 4, 1, 4, 3, 4, 2, 4, 2, 3]","[""accelerate"", ""turn_right"", ""turn_right"", ""accelerate"", ""cruise"", ""turn_right"", ""accelerate"", ""turn_right"", ""turn_right"", ""turn_right"", ""turn_right"", ""turn_right"", ""accelerate"", ""cruise"", ""turn_right"", ""cruise"", ""turn_right"", ""cruise"", ""decelerate"", ""cruise"", ""accelerate"", ""cruise"", ""accelerate"", ""decelerate""]","[0, 10, 18, 28, 33, 43, 52, 57, 66, 74, 84, 94, 104, 113, 123, 128, 138, 142, 152, 158, 168, 178, 188, 198]","[10, 18, 28, 33, 43, 52, 57, 66, 74, 84, 94, 104, 113, 123, 128, 138, 142, 152, 158, 168, 178, 188, 198, 200]"
452,23,"[4, 4, 4, 2, 2, 4, 4, 1, 4, 1, 1, 1, 2, 1, 2, 1, 3, 4, 2, 4, 3, 4, 4]","[""cruise"", ""cruise"", ""cruise"", ""accelerate"", ""accelerate"", ""cruise"", ""cruise"", ""turn_right"", ""cruise"", ""turn_right"", ""turn_right"", ""turn_right"", ""accelerate"", ""turn_right"", ""accelerate"", ""turn_right"", ""decelerate"", ""cruise"", ""accelerate"", ""cruise"", ""decelerate"", ""cruise"", ""cruise""]","[0, 10, 20, 30, 40, 45, 55, 65, 73, 83, 93, 103, 113, 122, 130, 134, 141, 151, 161, 171, 181, 187, 197]","[10, 20, 30, 40, 45, 55, 65, 73, 83, 93, 103, 113, 122, 130, 134, 141, 151, 161, 171, 181, 187, 197, 200]"
453,23,"[2, 4, 2, 1, 2, 1, 1, 2, 1, 1, 1, 1, 1, 1, 4, 4, 4, 2, 4, 1, 1, 3, 2]","[""accelerate"", ""cruise"", ""accelerate"", ""turn_right"", ""accelerate"", ""turn_right"", ""turn_right"", ""accelerate"", ""turn_right"", ""turn_right"", ""turn_right"", ""turn_right"", ""turn_right"", ""turn_right"", ""cruise"", ""cruise"", ""cruise"", ""accelerate"", ""cruise"", ""turn_right"", ""turn_right"", ""decelerate"", ""accelerate""]","[0, 10, 20, 29, 38, 42, 51, 59, 64, 72, 82, 92, 102, 112, 122, 132, 142, 152, 162, 172, 179, 185, 194]","[10, 20, 29, 38, 42, 51, 59, 64, 72, 82, 92, 102, 112, 122, 132, 142, 152, 162, 172, 179, 185, 194, 200]"
454,27,"[1, 4, 4, 2, 0, 2, 2, 2, 2, 4, 4, 0, 2, 4, 4, 3, 2, 1, 3, 2, 3, 2, 3, 2, 0, 3, 2]","[""turn_right"", ""cruise"", ""cruise"", ""accelerate"", ""turn_left"", ""accelerate"", ""accelerate"", ""accelerate"", ""accelerate"", ""cruise"", ""cruise"", ""turn_left"", ""accelerate"", ""cruise"", ""cruise"", ""decelerate"", ""accelerate"", ""turn_right"", ""decelerate"", ""accelerate"", ""decelerate"", ""accelerate"", ""decelerate"", ""accelerate"", ""turn_left"", ""decelerate"", ""accelerate""]","[0, 2, 12, 22, 32, 41, 45, 46, 47, 48, 58, 68, 78, 81, 91, 101, 111, 121, 126, 134, 144, 151, 161, 168, 178, 185, 193]","[2, 12, 22, 32, 41, 45, 46, 47, 48, 58, 68, 78, 81, 91, 101, 111, 121, 126, 134, 144, 151, 161, 168, 178, 185, 193, 200]"
455,27,"[2, 0, 2, 1, 4, 4, 1, 1, 2, 2, 2, 1, 4, 1, 1, 2, 2, 0, 4, 3, 2, 3, 2, 4, 4, 1, 3]","[""accelerate"", ""turn_left"", ""accelerate"", ""turn_right"", ""cruise"", ""cruise"", ""turn_right"", ""turn_right"", ""accelerate"", ""accelerate"", ""accelerate"", ""turn_right"", ""cruise"", ""turn_right"", ""turn_right"", ""accelerate"", ""accelerate"", ""turn_left"", ""cruise"", ""decelerate"", ""accelerate"", ""decelerate"", ""accelerate"", ""cruise"", ""cruise"", ""turn_right"", ""decelerate""]","[0, 10, 17, 23, 32, 42, 52, 58, 64, 70, 71, 72, 82, 92, 102, 112, 119, 120, 130, 140, 148, 158, 164, 174, 184, 194, 198]","[10, 17, 23, 32, 42, 52, 58, 64, 70, 71, 72, 82, 92, 102, 112, 119, 120, 130, 140, 148, 158, 164, 174, 184, 194, 198, 200]"
456,25,"[4, 0, 2, 2, 4, 2, 4, 1, 2, 1, 4, 4, 3, 2, 3, 2, 1, 3, 2, 4, 1, 4, 1, 4, 1]","[""cruise"", ""turn_left"", ""accelerate"", ""accelerate"", ""cruise"", ""accelerate"", ""cruise"", ""turn_right"", ""accelerate"", ""turn_right"", ""cruise"", ""cruise"", ""decelerate"", ""accelerate"", ""decelerate"", ""accelerate"", ""turn_right"", ""decelerate"", ""accelerate"", ""cruise"", ""turn_right"", ""cruise"", ""turn_right"", ""cruise"", ""turn_right""]","[0, 10, 13, 23, 33, 43, 50, 60, 68, 73, 81, 91, 101, 110, 120, 126, 136, 141, 148, 158, 168, 172, 182, 189, 199]","[10, 13, 23, 33, 43, 50, 60, 68, 73, 81, 91, 101, 110, 120, 126, 136, 141, 148, 158, 168, 172, 182, 189, 199, 200]"
457,24,"[4, 4, 2, 4, 2, 0, 4, 2, 2, 4, 4, 2, 4, 2, 3, 3, 4, 2, 3, 4, 2, 3, 2, 3]","[""cruise"", ""cruise"", ""accelerate"", ""cruise"", ""accelerate"", ""turn_left"", ""cruise"", ""accelerate"", ""accelerate"", ""cruise"", ""cruise"", ""accelerate"", ""cruise"", ""accelerate"", ""decelerate"", ""decelerate"", ""cruise"", ""accelerate"", ""decelerate"", ""cruise"", ""accelerate"", ""decelerate"", ""accelerate"", ""decelerate""]","[0, 10, 20, 30, 40, 50, 60, 70, 80, 84, 94, 104, 107, 117, 120, 130, 132, 142, 152, 159, 169, 179, 185, 195]","[10, 20, 30, 40, 50, 60, 70, 80, 84, 94, 104, 107, 117, 120, 130, 132, 142, 152, 159, 169, 179, 185, 195, 200]"
458,23,"[0, 2, 4, 4, 4, 2, 4, 1, 4, 0, 2, 1, 1, 4, 4, 4, 3, 4, 4, 2, 3, 2, 1]","[""turn_left"", ""accelerate"", ""cruise"", ""cruise"", ""cruise"", ""accelerate"", ""cruise"", ""turn_right"", ""cruise"", ""turn_left"", ""accelerate"", ""turn_right"", ""turn_right"", ""cruise"", ""cruise"", ""cruise"", ""decelerate"", ""cruise"", ""cruise"", ""accelerate"", ""decelerate"", ""accelerate"", ""turn_right""]","[0, 3, 13, 23, 33, 43, 53, 63, 71, 81, 89, 97, 106, 114, 124, 134, 144, 149, 159, 169, 179, 185, 195]","[3, 13, 23, 33, 43, 53, 63, 71, 81, 89, 97, 106, 114, 124, 134, 144, 149, 159, 169, 179, 185, 195, 200]"
459,22,"[4, 2, 4, 4, 1, 4, 2, 4, 4, 1, 4, 4, 4, 4, 4, 3, 4, 4, 4, 2, 4, 4]","[""cruise"", ""accelerate"", ""cruise"", ""cruise"", ""turn_right"", ""cruise"", ""accelerate"", ""cruise"", ""cruise"", ""turn_right"", ""cruise"", ""cruise"", ""cruise"", ""cruise"", ""cruise"", ""decelerate"", ""cruise"", ""cruise"", ""cruise"", ""accelerate"", ""cruise"", ""cruise""]","[0, 10, 20, 30, 40, 42, 52, 62, 72, 82, 87, 97, 107, 117, 127, 137, 144, 154, 164, 174, 184, 194]","[10, 20, 30, 40, 42, 52, 62, 72, 82, 87, 97, 107, 117, 127, 137, 144, 154, 164, 174, 184, 194, 200]"
460,23,"[4, 4, 4, 4, 2, 2, 0, 4, 4, 4, 0, 1, 2, 3, 3, 4, 2, 4, 4, 3, 2, 1, 3]","[""cruise"", ""cruise"", ""cruise"", ""cruise"", ""accelerate"", ""accelerate"", ""turn_left"", ""cruise"", ""cruise"", ""cruise"", ""turn_left"", ""turn_right"", ""accelerate"", ""decelerate"", ""decelerate"", ""cruise"", ""accelerate"", ""cruise"", ""cruise"", ""decelerate"", ""accelerate"", ""turn_right"", ""decelerate""]","[0, 10, 20, 30, 40, 50, 60, 70, 80, 90, 100, 107, 114, 122, 132, 135, 145, 155, 165, 175, 179, 189, 194]","[10, 20, 30, 40, 50, 60, 70, 80, 90, 100, 107, 114, 122, 132, 135, 145, 155, 165, 175, 179, 189, 194, 200]"
461,23,"[2, 1, 4, 2, 4, 4, 4, 0, 4, 0, 4, 1, 4, 1, 4, 1, 1, 3, 2, 3, 2, 3, 2]","[""accelerate"", ""turn_right"", ""cruise"", ""accelerate"", ""cruise"", ""cruise"", ""cruise"", ""turn_left"", ""cruise"", ""turn_left"", ""cruise"", ""turn_right"", ""cruise"", ""turn_right"", ""cruise"", ""turn_right"", ""turn_right"", ""decelerate"", ""accelerate"", ""decelerate"", ""accelerate"", ""decelerate"", ""accelerate""]","[0, 10, 13, 23, 33, 43, 53, 63, 73, 83, 90, 100, 107, 117, 123, 133, 139, 146, 155, 165, 175, 185, 192]","[10, 13, 23, 33, 43, 53, 63, 73, 83, 90, 100, 107, 117, 123, 133, 139, 146, 155, 165, 175, 185, 192, 200]"
462,23,"[4, 2, 4, 4, 4, 4, 0, 2, 1, 1, 1, 4, 1, 1, 2, 4, 3, 4, 4, 3, 4, 2, 4]","[""cruise"", ""accelerate"", ""cruise"", ""cruise"", ""cruise"", ""cruise"", ""turn_left"", ""accelerate"", ""turn_right"", ""turn_right"", ""turn_right"", ""cruise"", ""turn_right"", ""turn_right"", ""accelerate"", ""cruise"", ""decelerate"", ""cruise"", ""cruise"", ""decelerate"", ""cruise"", ""accelerate"", ""cruise""]","[0, 10, 20, 30, 40, 50, 60, 62, 72, 82, 91, 99, 109, 116, 123, 129, 139, 149, 159, 169, 170, 180, 190]","[10, 20, 30, 40, 50, 60, 62, 72, 82, 91, 99, 109, 116, 123, 129, 139, 149, 159, 169, 170, 180, 190, 200]"
463,22,"[4, 4, 4, 2, 0, 2, 0, 4, 4, 4, 4, 2, 4, 0, 1, 2, 1, 3, 2, 4, 3, 2]","[""cruise"", ""cruise"", ""cruise"", ""accelerate"", ""turn_left"", ""accelerate"", ""turn_left"", ""cruise"", ""cruise"", ""cruise"", ""cruise"", ""accelerate"", ""cruise"", ""turn_left"", ""turn_right"", ""accelerate"", ""turn_right"", ""decelerate"", ""accelerate"", ""cruise"", ""decelerate"", ""accelerate""]","[0, 10, 20, 30, 40, 46, 56, 66, 76, 86, 96, 106, 116, 126, 134, 141, 149, 158, 168, 178, 188, 190]","[10, 20, 30, 40, 46, 56, 66, 76, 86, 96, 106, 116, 126, 134, 141, 149, 158, 168, 178, 188, 190, 200]"
464,24,"[4, 2, 4, 0, 4, 1, 0, 4, 4, 4, 2, 4, 4, 4, 2, 4, 4, 0, 1, 4, 1, 1, 1, 3]","[""cruise"", ""accelerate"", ""cruise"", ""turn_left"", ""cruise"", ""turn_right"", ""turn_left"", ""cruise"", ""cruise"", ""cruise"", ""accelerate"", ""cruise"", ""cruise"", ""cruise"", ""accelerate"", ""cruise"", ""cruise"", ""turn_left"", ""turn_right"", ""cruise"", ""turn_right"", ""turn_right"", ""turn_right"", ""decelerate""]","[0, 10, 20, 30, 33, 43, 45, 48, 58, 68, 78, 88, 98, 108, 118, 128, 138, 148, 156, 163, 173, 179, 186, 193]","[10, 20, 30, 33, 43, 45, 48, 58, 68, 78, 88, 98, 108, 118, 128, 138, 148, 156, 163, 173, 179, 186, 193, 200]"
465,27,"[2, 4, 0, 0, 4, 4, 0, 1, 1, 2, 2, 2, 1, 1, 0, 4, 1, 1, 1, 1, 1, 0, 4, 1, 3, 4, 2]","[""accelerate"", ""cruise"", ""turn_left"", ""turn_left"", ""cruise"", ""cruise"", ""turn_left"", ""turn_right"", ""turn_right"", ""accelerate"", ""accelerate"", ""accelerate"", ""turn_right"", ""turn_right"", ""turn_left"", ""cruise"", ""turn_right"", ""turn_right"", ""turn_right"", ""turn_right"", ""turn_right"", ""turn_left"", ""cruise"", ""turn_right"", ""decelerate"", ""cruise"", ""accelerate""]","[0, 10, 20, 23, 26, 36, 46, 49, 59, 69, 78, 79, 80, 89, 97, 105, 115, 122, 129, 136, 143, 151, 158, 168, 174, 182, 192]","[10, 20, 23, 26, 36, 46, 49, 59, 69, 78, 79, 80, 89, 97, 105, 115, 122, 129, 136, 143, 151, 158, 168, 174, 182, 192, 200]"
466,23,"[2, 2, 1, 0, 4, 4, 0, 4, 4, 2, 3, 4, 4, 2, 3, 2, 1, 1, 3, 2, 1, 3, 2]","[""accelerate"", ""accelerate"", ""turn_right"", ""turn_left"", ""cruise"", ""cruise"", ""turn_left"", ""cruise"", ""cruise"", ""accelerate"", ""decelerate"", ""cruise"", ""cruise"", ""accelerate"", ""decelerate"", ""accelerate"", ""turn_right"", ""turn_right"", ""decelerate"", ""accelerate"", ""turn_right"", ""decelerate"", ""accelerate""]","[0, 10, 20, 24, 34, 44, 54, 64, 74, 84, 94, 104, 114, 124, 134, 142, 152, 157, 163, 171, 181, 186, 193]","[10, 20, 24, 34, 44, 54, 64, 74, 84, 94, 104, 114, 124, 134, 142, 152, 157, 163, 171, 181, 186, 193, 200]"
467,24,"[4, 2, 4, 2, 4, 2, 4, 4, 0, 2, 4, 3, 1, 3, 2, 1, 1, 2, 1, 3, 2, 1, 4, 1]","[""cruise"", ""accelerate"", ""cruise"", ""accelerate"", ""cruise"", ""accelerate"", ""cruise"", ""cruise"", ""turn_left"", ""accelerate"", ""cruise"", ""decelerate"", ""turn_right"", ""decelerate"", ""accelerate"", ""turn_right"", ""turn_right"", ""accelerate"", ""turn_right"", ""decelerate"", ""accelerate"", ""turn_right"", ""cruise"", ""turn_right""]","[0, 10, 20, 30, 40, 50, 60, 70, 80, 88, 94, 104, 114, 117, 122, 132, 137, 143, 153, 161, 171, 181, 187, 197]","[10, 20, 30, 40, 50, 60, 70, 80, 88, 94, 104, 114, 117, 122, 132, 137, 143, 153, 161, 171, 181, 187, 197, 200]"
468,23,"[2, 4, 2, 2, 4, 2, 2, 4, 0, 3, 4, 4, 2, 4, 1, 4, 3, 2, 1, 2, 3, 2, 3]","[""accelerate"", ""cruise"", ""accelerate"", ""accelerate"", ""cruise"", ""accelerate"", ""accelerate"", ""cruise"", ""turn_left"", ""decelerate"", ""cruise"", ""cruise"", ""accelerate"", ""cruise"", ""turn_right"", ""cruise"", ""decelerate"", ""accelerate"", ""turn_right"", ""accelerate"", ""decelerate"", ""accelerate"", ""decelerate""]","[0, 10, 20, 30, 40, 50, 59, 60, 70, 79, 89, 99, 109, 119, 129, 135, 145, 152, 162, 167, 177, 187, 197]","[10, 20, 30, 40, 50, 59, 60, 70, 79, 89, 99, 109, 119, 129, 135, 145, 152, 162, 167, 177, 187, 197, 200]"
469,24,"[2, 4, 4, 0, 2, 4, 2, 2, 1, 1, 4, 3, 2, 4, 3, 2, 1, 1, 1, 2, 1, 2, 1, 1]","[""accelerate"", ""cruise"", ""cruise"", ""turn_left"", ""accelerate"", ""cruise"", ""accelerate"", ""accelerate"", ""turn_right"", ""turn_right"", ""cruise"", ""decelerate"", ""accelerate"", ""cruise"", ""decelerate"", ""accelerate"", ""turn_right"", ""turn_right"", ""turn_right"", ""accelerate"", ""turn_right"", ""accelerate"", ""turn_right"", ""turn_right""]","[0, 10, 20, 30, 33, 43, 53, 63, 70, 79, 86, 96, 106, 116, 126, 132, 142, 145, 150, 157, 167, 175, 185, 194]","[10, 20, 30, 33, 43, 53, 63, 70, 79, 86, 96, 106, 116, 126, 132, 142, 145, 150, 157, 167, 175, 185, 194, 200]"
470,23,"[2, 1, 4, 2, 2, 4, 4, 2, 3, 4, 4, 4, 2, 4, 3, 2, 4, 3, 2, 3, 2, 3, 2]","[""accelerate"", ""turn_right"", ""cruise"", ""accelerate"", ""accelerate"", ""cruise"", ""cruise"", ""accelerate"", ""decelerate"", ""cruise"", ""cruise"", ""cruise"", ""accelerate"", ""cruise"", ""decelerate"", ""accelerate"", ""cruise"", ""decelerate"", ""accelerate"", ""decelerate"", ""accelerate"", ""decelerate"", ""accelerate""]","[0, 10, 13, 23, 33, 43, 53, 63, 71, 81, 91, 101, 111, 121, 131, 140, 150, 160, 165, 175, 181, 191, 197]","[10, 13, 23, 33, 43, 53, 63, 71, 81, 91, 101, 111, 121, 131, 140, 150, 160, 165, 175, 181, 191, 197, 200]"
471,23,"[2, 4, 0, 2, 4, 4, 2, 2, 4, 1, 1, 3, 2, 3, 2, 3, 4, 2, 2, 3, 4, 3, 2]","[""accelerate"", ""cruise"", ""turn_left"", ""accelerate"", ""cruise"", ""cruise"", ""accelerate"", ""accelerate"", ""cruise"", ""turn_right"", ""turn_right"", ""decelerate"", ""accelerate"", ""decelerate"", ""accelerate"", ""decelerate"", ""cruise"", ""accelerate"", ""accelerate"", ""decelerate"", ""cruise"", ""decelerate"", ""accelerate""]","[0, 10, 20, 22, 32, 42, 52, 62, 66, 76, 85, 93, 102, 112, 119, 129, 139, 149, 159, 169, 179, 189, 191]","[10, 20, 22, 32, 42, 52, 62, 66, 76, 85, 93, 102, 112, 119, 129, 139, 149, 159, 169, 179, 189, 191, 200]"
472,23,"[4, 4, 4, 2, 4, 4, 4, 4, 2, 4, 4, 4, 2, 2, 4, 4, 1, 2, 3, 3, 2, 3, 4]","[""cruise"", ""cruise"", ""cruise"", ""accelerate"", ""cruise"", ""cruise"", ""cruise"", ""cruise"", ""accelerate"", ""cruise"", ""cruise"", ""cruise"", ""accelerate"", ""accelerate"", ""cruise"", ""cruise"", ""turn_right"", ""accelerate"", ""decelerate"", ""decelerate"", ""accelerate"", ""decelerate"", ""cruise""]","[0, 10, 20, 30, 40, 50, 60, 70, 80, 90, 100, 110, 120, 130, 136, 146, 156, 164, 170, 180, 182, 192, 197]","[10, 20, 30, 40, 50, 60, 70, 80, 90, 100, 110, 120, 130, 136, 146, 156, 164, 170, 180, 182, 192, 197, 200]"
473,24,"[4, 0, 4, 4, 2, 2, 4, 1, 2, 1, 2, 1, 1, 3, 2, 2, 3, 2, 3, 2, 4, 1, 3, 4]","[""cruise"", ""turn_left"", ""cruise"", ""cruise"", ""accelerate"", ""accelerate"", ""cruise"", ""turn_right"", ""accelerate"", ""turn_right"", ""accelerate"", ""turn_right"", ""turn_right"", ""decelerate"", ""accelerate"", ""accelerate"", ""decelerate"", ""accelerate"", ""decelerate"", ""accelerate"", ""cruise"", ""turn_right"", ""decelerate"", ""cruise""]","[0, 10, 13, 23, 33, 43, 53, 63, 71, 77, 86, 91, 100, 108, 117, 127, 137, 147, 157, 166, 176, 186, 190, 196]","[10, 13, 23, 33, 43, 53, 63, 71, 77, 86, 91, 100, 108, 117, 127, 137, 147, 157, 166, 176, 186, 190, 196, 200]"
474,23,"[4, 4, 4, 2, 2, 2, 4, 1, 1, 4, 4, 0, 1, 1, 2, 1, 4, 2, 3, 4, 3, 2, 3]","[""cruise"", ""cruise"", ""cruise"", ""accelerate"", ""accelerate"", ""accelerate"", ""cruise"", ""turn_right"", ""turn_right"", ""cruise"", ""cruise"", ""turn_left"", ""turn_right"", ""turn_right"", ""accelerate"", ""turn_right"", ""cruise"", ""accelerate"", ""decelerate"", ""cruise"", ""decelerate"", ""accelerate"", ""decelerate""]","[0, 10, 20, 30, 40, 50, 60, 70, 79, 87, 97, 107, 114, 121, 128, 136, 145, 155, 165, 175, 185, 186, 196]","[10, 20, 30, 40, 50, 60, 70, 79, 87, 97, 107, 114, 121, 128, 136, 145, 155, 165, 175, 185, 186, 196, 200]"
475,28,"[0, 0, 1, 4, 4, 2, 2, 2, 2, 1, 2, 4, 2, 1, 3, 2, 1, 3, 2, 3, 2, 1, 3, 4, 2, 1, 2, 4]","[""turn_left"", ""turn_left"", ""turn_right"", ""cruise"", ""cruise"", ""accelerate"", ""accelerate"", ""accelerate"", ""accelerate"", ""turn_right"", ""accelerate"", ""cruise"", ""accelerate"", ""turn_right"", ""decelerate"", ""accelerate"", ""turn_right"", ""decelerate"", ""accelerate"", ""decelerate"", ""accelerate"", ""turn_right"", ""decelerate"", ""cruise"", ""accelerate"", ""turn_right"", ""accelerate"", ""cruise""]","[0, 3, 7, 17, 27, 37, 47, 53, 54, 55, 64, 69, 79, 80, 89, 99, 109, 115, 123, 133, 139, 149, 155, 163, 173, 183, 189, 199]","[3, 7, 17, 27, 37, 47, 53, 54, 55, 64, 69, 79, 80, 89, 99, 109, 115, 123, 133, 139, 149, 155, 163, 173, 183, 189, 199, 200]"
476,24,"[4, 2, 4, 4, 4, 1, 0, 4, 2, 2, 0, 4, 4, 1, 1, 2, 1, 0, 2, 4, 1, 3, 4, 2]","[""cruise"", ""accelerate"", ""cruise"", ""cruise"", ""cruise"", ""turn_right"", ""turn_left"", ""cruise"", ""accelerate"", ""accelerate"", ""turn_left"", ""cruise"", ""cruise"", ""turn_right"", ""turn_right"", ""accelerate"", ""turn_right"", ""turn_left"", ""accelerate"", ""cruise"", ""turn_right"", ""decelerate"", ""cruise"", ""accelerate""]","[0, 10, 20, 30, 40, 50, 52, 56, 66, 76, 86, 93, 103, 113, 119, 126, 133, 142, 150, 156, 166, 174, 184, 194]","[10, 20, 30, 40, 50, 52, 56, 66, 76, 86, 93, 103, 113, 119, 126, 133, 142, 150, 156, 166, 174, 184, 194, 200]"
477,24,"[4, 0, 4, 4, 4, 0, 4, 2, 2, 2, 1, 2, 4, 4, 1, 1, 3, 4, 4, 2, 2, 4, 3, 2]","[""cruise"", ""turn_left"", ""cruise"", ""cruise"", ""cruise"", ""turn_left"", ""cruise"", ""accelerate"", ""accelerate"", ""accelerate"", ""turn_right"", ""accelerate"", ""cruise"", ""cruise"", ""turn_right"", ""turn_right"", ""decelerate"", ""cruise"", ""cruise"", ""accelerate"", ""accelerate"", ""cruise"", ""decelerate"", ""accelerate""]","[0, 10, 13, 23, 33, 43, 45, 55, 65, 74, 75, 84, 89, 99, 109, 117, 125, 134, 144, 154, 164, 174, 184, 193]","[10, 13, 23, 33, 43, 45, 55, 65, 74, 75, 84, 89, 99, 109, 117, 125, 134, 144, 154, 164, 174, 184, 193, 200]"
478,26,"[2, 4, 4, 1, 0, 0, 4, 2, 2, 2, 2, 1, 1, 1, 2, 0, 4, 3, 2, 2, 2, 2, 1, 1, 2, 1]","[""accelerate"", ""cruise"", ""cruise"", ""turn_right"", ""turn_left"", ""turn_left"", ""cruise"", ""accelerate"", ""accelerate"", ""accelerate"", ""accelerate"", ""turn_right"", ""turn_right"", ""turn_right"", ""accelerate"", ""turn_left"", ""cruise"", ""decelerate"", ""accelerate"", ""accelerate"", ""accelerate"", ""accelerate"", ""turn_right"", ""turn_right"", ""accelerate"", ""turn_right""]","[0, 10, 20, 30, 32, 35, 37, 47, 57, 67, 69, 70, 79, 87, 95, 101, 110, 120, 129, 139, 149, 159, 169, 178, 186, 194]","[10, 20, 30, 32, 35, 37, 47, 57, 67, 69, 70, 79, 87, 95, 101, 110, 120, 129, 139, 149, 159, 169, 178, 186, 194, 200]"
479,28,"[2, 2, 2, 2, 2, 2, 2, 2, 1, 1, 4, 1, 1, 3, 2, 2, 2, 1, 1, 1, 2, 2, 1, 1, 1, 1, 1, 1]","[""accelerate"", ""accelerate"", ""accelerate"", ""accelerate"", ""accelerate"", ""accelerate"", ""accelerate"", ""accelerate"", ""turn_right"", ""turn_right"", ""cruise"", ""turn_right"", ""turn_right"", ""decelerate"", ""accelerate"", ""accelerate"", ""accelerate"", ""turn_right"", ""turn_right"", ""turn_right"", ""accelerate"", ""accelerate"", ""turn_right"", ""turn_right"", ""turn_right"", ""turn_right"", ""turn_right"", ""turn_right""]","[0, 10, 20, 30, 37, 38, 39, 40, 41, 51, 60, 70, 78, 86, 95, 105, 115, 121, 130, 138, 146, 154, 155, 165, 173, 181, 188, 195]","[10, 20, 30, 37, 38, 39, 40, 41, 51, 60, 70, 78, 86, 95, 105, 115, 121, 130, 138, 146, 154, 155, 165, 173, 181, 188, 195, 200]"
480,24,"[2, 2, 2, 2, 1, 2, 1, 1, 2, 4, 1, 3, 2, 1, 1, 3, 4, 2, 2, 1, 2, 4, 1, 1]","[""accelerate"", ""accelerate"", ""accelerate"", ""accelerate"", ""turn_right"", ""accelerate"", ""turn_right"", ""turn_right"", ""accelerate"", ""cruise"", ""turn_right"", ""decelerate"", ""accelerate"", ""turn_right"", ""turn_right"", ""decelerate"", ""cruise"", ""accelerate"", ""accelerate"", ""turn_right"", ""accelerate"", ""cruise"", ""turn_right"", ""turn_right""]","[0, 10, 20, 30, 34, 44, 49, 59, 67, 73, 83, 92, 101, 111, 116, 122, 130, 140, 150, 160, 169, 175, 185, 193]","[10, 20, 30, 34, 44, 49, 59, 67, 73, 83, 92, 101, 111, 116, 122, 130, 140, 150, 160, 169, 175, 185, 193, 200]"
481,25,"[1, 2, 0, 0, 2, 0, 0, 4, 2, 2, 2, 0, 4, 3, 2, 1, 2, 3, 2, 0, 3, 2, 3, 4, 4]","[""turn_right"", ""accelerate"", ""turn_left"", ""turn_left"", ""accelerate"", ""turn_left"", ""turn_left"", ""cruise"", ""accelerate"", ""accelerate"", ""accelerate"", ""turn_left"", ""cruise"", ""decelerate"", ""accelerate"", ""turn_right"", ""accelerate"", ""decelerate"", ""accelerate"", ""turn_left"", ""decelerate"", ""accelerate"", ""decelerate"", ""cruise"", ""cruise""]","[0, 3, 13, 23, 33, 43, 52, 62, 72, 79, 80, 81, 90, 100, 110, 120, 124, 134, 144, 154, 159, 169, 179, 185, 195]","[3, 13, 23, 33, 43, 52, 62, 72, 79, 80, 81, 90, 100, 110, 120, 124, 134, 144, 154, 159, 169, 179, 185, 195, 200]"
482,26,"[2, 0, 0, 4, 2, 1, 2, 2, 4, 1, 1, 3, 2, 4, 4, 4, 3, 4, 2, 1, 1, 1, 1, 1, 1, 1]","[""accelerate"", ""turn_left"", ""turn_left"", ""cruise"", ""accelerate"", ""turn_right"", ""accelerate"", ""accelerate"", ""cruise"", ""turn_right"", ""turn_right"", ""decelerate"", ""accelerate"", ""cruise"", ""cruise"", ""cruise"", ""decelerate"", ""cruise"", ""accelerate"", ""turn_right"", ""turn_right"", ""turn_right"", ""turn_right"", ""turn_right"", ""turn_right"", ""turn_right""]","[0, 10, 12, 16, 26, 36, 45, 51, 52, 62, 71, 79, 88, 98, 108, 118, 128, 133, 143, 153, 159, 163, 169, 176, 184, 192]","[10, 12, 16, 26, 36, 45, 51, 52, 62, 71, 79, 88, 98, 108, 118, 128, 133, 143, 153, 159, 163, 169, 176, 184, 192, 200]"
483,23,"[2, 2, 2, 2, 1, 1, 2, 1, 1, 3, 2, 4, 2, 4, 4, 1, 0, 3, 4, 2, 3, 2, 4]","[""accelerate"", ""accelerate"", ""accelerate"", ""accelerate"", ""turn_right"", ""turn_right"", ""accelerate"", ""turn_right"", ""turn_right"", ""decelerate"", ""accelerate"", ""cruise"", ""accelerate"", ""cruise"", ""cruise"", ""turn_right"", ""turn_left"", ""decelerate"", ""cruise"", ""accelerate"", ""decelerate"", ""accelerate"", ""cruise""]","[0, 10, 20, 30, 34, 44, 53, 59, 68, 76, 85, 95, 105, 115, 125, 135, 141, 148, 156, 166, 176, 183, 193]","[10, 20, 30, 34, 44, 53, 59, 68, 76, 85, 95, 105, 115, 125, 135, 141, 148, 156, 166, 176, 183, 193, 200]"
484,29,"[0, 0, 0, 0, 1, 1, 1, 1, 1, 2, 2, 2, 2, 2, 4, 2, 4, 3, 4, 3, 4, 4, 4, 2, 2, 3, 2, 1, 1]","[""turn_left"", ""turn_left"", ""turn_left"", ""turn_left"", ""turn_right"", ""turn_right"", ""turn_right"", ""turn_right"", ""turn_right"", ""accelerate"", ""accelerate"", ""accelerate"", ""accelerate"", ""accelerate"", ""cruise"", ""accelerate"", ""cruise"", ""decelerate"", ""cruise"", ""decelerate"", ""cruise"", ""cruise"", ""cruise"", ""accelerate"", ""accelerate"", ""decelerate"", ""accelerate"", ""turn_right"", ""turn_right""]","[0, 3, 7, 13, 20, 28, 36, 44, 52, 62, 70, 71, 72, 73, 74, 84, 85, 95, 105, 115, 118, 128, 138, 148, 158, 168, 178, 188, 198]","[3, 7, 13, 20, 28, 36, 44, 52, 62, 70, 71, 72, 73, 74, 84, 85, 95, 105, 115, 118, 128, 138, 148, 158, 168, 178, 188, 198, 200]"
485,24,"[2, 0, 0, 2, 1, 4, 1, 2, 1, 2, 1, 2, 1, 4, 4, 4, 4, 4, 4, 4, 4, 4, 2, 4]","[""accelerate"", ""turn_left"", ""turn_left"", ""accelerate"", ""turn_right"", ""cruise"", ""turn_right"", ""accelerate"", ""turn_right"", ""accelerate"", ""turn_right"", ""accelerate"", ""turn_right"", ""cruise"", ""cruise"", ""cruise"", ""cruise"", ""cruise"", ""cruise"", ""cruise"", ""cruise"", ""cruise"", ""accelerate"", ""cruise""]","[0, 10, 12, 16, 26, 36, 46, 55, 62, 71, 76, 85, 90, 98, 108, 118, 128, 138, 148, 158, 168, 178, 188, 198]","[10, 12, 16, 26, 36, 46, 55, 62, 71, 76, 85, 90, 98, 108, 118, 128, 138, 148, 158, 168, 178, 188, 198, 200]"
486,25,"[1, 0, 1, 2, 2, 4, 4, 0, 2, 4, 0, 4, 4, 4, 1, 3, 2, 3, 2, 3, 2, 3, 2, 4, 2]","[""turn_right"", ""turn_left"", ""turn_right"", ""accelerate"", ""accelerate"", ""cruise"", ""cruise"", ""turn_left"", ""accelerate"", ""cruise"", ""turn_left"", ""cruise"", ""cruise"", ""cruise"", ""turn_right"", ""decelerate"", ""accelerate"", ""decelerate"", ""accelerate"", ""decelerate"", ""accelerate"", ""decelerate"", ""accelerate"", ""cruise"", ""accelerate""]","[0, 3, 8, 11, 21, 30, 40, 50, 58, 64, 74, 82, 92, 102, 112, 119, 128, 138, 144, 154, 161, 171, 177, 187, 197]","[3, 8, 11, 21, 30, 40, 50, 58, 64, 74, 82, 92, 102, 112, 119, 128, 138, 144, 154, 161, 171, 177, 187, 197, 200]"
487,26,"[2, 2, 1, 0, 2, 2, 4, 2, 1, 1, 2, 1, 4, 2, 2, 2, 4, 3, 4, 2, 3, 2, 4, 3, 4, 4]","[""accelerate"", ""accelerate"", ""turn_right"", ""turn_left"", ""accelerate"", ""accelerate"", ""cruise"", ""accelerate"", ""turn_right"", ""turn_right"", ""accelerate"", ""turn_right"", ""cruise"", ""accelerate"", ""accelerate"", ""accelerate"", ""cruise"", ""decelerate"", ""cruise"", ""accelerate"", ""decelerate"", ""accelerate"", ""cruise"", ""decelerate"", ""cruise"", ""cruise""]","[0, 10, 20, 23, 26, 36, 46, 56, 66, 75, 83, 89, 98, 108, 114, 115, 116, 126, 136, 146, 156, 163, 173, 183, 189, 199]","[10, 20, 23, 26, 36, 46, 56, 66, 75, 83, 89, 98, 108, 114, 115, 116, 126, 136, 146, 156, 163, 173, 183, 189, 199, 200]"
488,27,"[4, 2, 2, 2, 0, 0, 2, 2, 2, 1, 4, 1, 1, 1, 2, 2, 1, 1, 2, 3, 4, 4, 3, 2, 4, 4, 4]","[""cruise"", ""accelerate"", ""accelerate"", ""accelerate"", ""turn_left"", ""turn_left"", ""accelerate"", ""accelerate"", ""accelerate"", ""turn_right"", ""cruise"", ""turn_right"", ""turn_right"", ""turn_right"", ""accelerate"", ""accelerate"", ""turn_right"", ""turn_right"", ""accelerate"", ""decelerate"", ""cruise"", ""cruise"", ""decelerate"", ""accelerate"", ""cruise"", ""cruise"", ""cruise""]","[0, 10, 20, 30, 40, 43, 48, 58, 59, 60, 69, 79, 87, 94, 103, 109, 110, 119, 129, 135, 145, 155, 165, 169, 179, 189, 199]","[10, 20, 30, 40, 43, 48, 58, 59, 60, 69, 79, 87, 94, 103, 109, 110, 119, 129, 135, 145, 155, 165, 169, 179, 189, 199, 200]"
489,26,"[2, 2, 2, 1, 0, 2, 2, 1, 2, 1, 2, 2, 2, 1, 1, 4, 2, 4, 4, 3, 2, 4, 3, 2, 3, 4]","[""accelerate"", ""accelerate"", ""accelerate"", ""turn_right"", ""turn_left"", ""accelerate"", ""accelerate"", ""turn_right"", ""accelerate"", ""turn_right"", ""accelerate"", ""accelerate"", ""accelerate"", ""turn_right"", ""turn_right"", ""cruise"", ""accelerate"", ""cruise"", ""cruise"", ""decelerate"", ""accelerate"", ""cruise"", ""decelerate"", ""accelerate"", ""decelerate"", ""cruise""]","[0, 10, 20, 30, 40, 44, 54, 56, 65, 70, 79, 84, 85, 86, 95, 103, 113, 120, 130, 140, 149, 159, 169, 174, 184, 190]","[10, 20, 30, 40, 44, 54, 56, 65, 70, 79, 84, 85, 86, 95, 103, 113, 120, 130, 140, 149, 159, 169, 174, 184, 190, 200]"
490,25,"[0, 2, 1, 2, 2, 4, 1, 1, 1, 2, 2, 4, 4, 3, 2, 4, 4, 3, 2, 4, 3, 2, 3, 2, 4]","[""turn_left"", ""accelerate"", ""turn_right"", ""accelerate"", ""accelerate"", ""cruise"", ""turn_right"", ""turn_right"", ""turn_right"", ""accelerate"", ""accelerate"", ""cruise"", ""cruise"", ""decelerate"", ""accelerate"", ""cruise"", ""cruise"", ""decelerate"", ""accelerate"", ""cruise"", ""decelerate"", ""accelerate"", ""decelerate"", ""accelerate"", ""cruise""]","[0, 3, 13, 23, 33, 34, 44, 53, 61, 70, 76, 77, 87, 97, 107, 117, 127, 137, 140, 150, 160, 170, 180, 187, 197]","[3, 13, 23, 33, 34, 44, 53, 61, 70, 76, 77, 87, 97, 107, 117, 127, 137, 140, 150, 160, 170, 180, 187, 197, 200]"
491,23,"[2, 0, 4, 0, 2, 1, 1, 1, 1, 4, 3, 2, 4, 4, 2, 3, 2, 3, 4, 2, 3, 2, 3]","[""accelerate"", ""turn_left"", ""cruise"", ""turn_left"", ""accelerate"", ""turn_right"", ""turn_right"", ""turn_right"", ""turn_right"", ""cruise"", ""decelerate"", ""accelerate"", ""cruise"", ""cruise"", ""accelerate"", ""decelerate"", ""accelerate"", ""decelerate"", ""cruise"", ""accelerate"", ""decelerate"", ""accelerate"", ""decelerate""]","[0, 10, 13, 23, 26, 36, 46, 56, 66, 75, 85, 95, 105, 115, 125, 135, 145, 155, 161, 171, 181, 188, 198]","[10, 13, 23, 26, 36, 46, 56, 66, 75, 85, 95, 105, 115, 125, 135, 145, 155, 161, 171, 181, 188, 198, 200]"
492,19,"[0, 0, 2, 2, 1, 1, 2, 4, 1, 0, 1, 3, 2, 3, 4, 4, 2, 4, 3]","[""turn_left"", ""turn_left"", ""accelerate"", ""accelerate"", ""turn_right"", ""turn_right"", ""accelerate"", ""cruise"", ""turn_right"", ""turn_left"", ""turn_right"", ""decelerate"", ""accelerate"", ""decelerate"", ""cruise"", ""cruise"", ""accelerate"", ""cruise"", ""decelerate""]","[0, 3, 7, 17, 20, 29, 39, 45, 55, 64, 72, 80, 89, 99, 109, 119, 129, 139, 149]","[3, 7, 17, 20, 29, 39, 45, 55, 64, 72, 80, 89, 99, 109, 119, 129, 139, 149, 155]"
493,25,"[2, 0, 2, 2, 1, 1, 1, 2, 2, 4, 4, 3, 3, 2, 4, 1, 3, 4, 4, 2, 4, 1, 3, 2, 0]","[""accelerate"", ""turn_left"", ""accelerate"", ""accelerate"", ""turn_right"", ""turn_right"", ""turn_right"", ""accelerate"", ""accelerate"", ""cruise"", ""cruise"", ""decelerate"", ""decelerate"", ""accelerate"", ""cruise"", ""turn_right"", ""decelerate"", ""cruise"", ""cruise"", ""accelerate"", ""cruise"", ""turn_right"", ""decelerate"", ""accelerate"", ""turn_left""]","[0, 10, 12, 22, 32, 41, 51, 61, 68, 69, 79, 89, 99, 102, 112, 122, 126, 134, 144, 154, 164, 174, 179, 186, 196]","[10, 12, 22, 32, 41, 51, 61, 68, 69, 79, 89, 99, 102, 112, 122, 126, 134, 144, 154, 164, 174, 179, 186, 196, 200]"
494,24,"[1, 2, 2, 2, 0, 1, 0, 0, 0, 0, 0, 3, 4, 4, 4, 4, 4, 4, 4, 2, 4, 3, 4, 4]","[""turn_right"", ""accelerate"", ""accelerate"", ""accelerate"", ""turn_left"", ""turn_right"", ""turn_left"", ""turn_left"", ""turn_left"", ""turn_left"", ""turn_left"", ""decelerate"", ""cruise"", ""cruise"", ""cruise"", ""cruise"", ""cruise"", ""cruise"", ""cruise"", ""accelerate"", ""cruise"", ""decelerate"", ""cruise"", ""cruise""]","[0, 3, 13, 23, 24, 33, 41, 48, 55, 63, 73, 83, 92, 102, 112, 122, 132, 142, 152, 162, 172, 182, 189, 199]","[3, 13, 23, 24, 33, 41, 48, 55, 63, 73, 83, 92, 102, 112, 122, 132, 142, 152, 162, 172, 182, 189, 199, 200]"
495,25,"[2, 0, 0, 2, 1, 1, 2, 1, 2, 2, 1, 1, 2, 4, 4, 2, 4, 3, 2, 4, 4, 3, 4, 4, 2]","[""accelerate"", ""turn_left"", ""turn_left"", ""accelerate"", ""turn_right"", ""turn_right"", ""accelerate"", ""turn_right"", ""accelerate"", ""accelerate"", ""turn_right"", ""turn_right"", ""accelerate"", ""cruise"", ""cruise"", ""accelerate"", ""cruise"", ""decelerate"", ""accelerate"", ""cruise"", ""cruise"", ""decelerate"", ""cruise"", ""cruise"", ""accelerate""]","[0, 10, 13, 16, 26, 36, 46, 54, 63, 68, 69, 78, 86, 92, 102, 112, 122, 132, 141, 151, 161, 171, 178, 188, 198]","[10, 13, 16, 26, 36, 46, 54, 63, 68, 69, 78, 86, 92, 102, 112, 122, 132, 141, 151, 161, 171, 178, 188, 198, 200]"
496,24,"[2, 0, 4, 1, 1, 4, 0, 2, 2, 0, 1, 2, 0, 4, 0, 2, 4, 4, 4, 4, 4, 3, 4, 2]","[""accelerate"", ""turn_left"", ""cruise"", ""turn_right"", ""turn_right"", ""cruise"", ""turn_left"", ""accelerate"", ""accelerate"", ""turn_left"", ""turn_right"", ""accelerate"", ""turn_left"", ""cruise"", ""turn_left"", ""accelerate"", ""cruise"", ""cruise"", ""cruise"", ""cruise"", ""cruise"", ""decelerate"", ""cruise"", ""accelerate""]","[0, 10, 13, 23, 26, 28, 38, 43, 53, 63, 73, 80, 88, 97, 107, 115, 122, 132, 142, 152, 162, 172, 180, 190]","[10, 13, 23, 26, 28, 38, 43, 53, 63, 73, 80, 88, 97, 107, 115, 122, 132, 142, 152, 162, 172, 180, 190, 200]"
497,23,"[1, 0, 4, 4, 2, 0, 0, 2, 0, 4, 0, 4, 3, 2, 4, 4, 3, 2, 4, 4, 3, 4, 2]","[""turn_right"", ""turn_left"", ""cruise"", ""cruise"", ""accelerate"", ""turn_left"", ""turn_left"", ""accelerate"", ""turn_left"", ""cruise"", ""turn_left"", ""cruise"", ""decelerate"", ""accelerate"", ""cruise"", ""cruise"", ""decelerate"", ""accelerate"", ""cruise"", ""cruise"", ""decelerate"", ""cruise"", ""accelerate""]","[0, 3, 10, 20, 30, 40, 50, 60, 70, 78, 88, 96, 106, 116, 126, 136, 146, 151, 161, 171, 181, 186, 196]","[3, 10, 20, 30, 40, 50, 60, 70, 78, 88, 96, 106, 116, 126, 136, 146, 151, 161, 171, 181, 186, 196, 200]"
498,25,"[0, 2, 0, 0, 1, 1, 1, 2, 1, 1, 2, 1, 1, 2, 4, 0, 4, 3, 2, 4, 4, 4, 2, 1, 4]","[""turn_left"", ""accelerate"", ""turn_left"", ""turn_left"", ""turn_right"", ""turn_right"", ""turn_right"", ""accelerate"", ""turn_right"", ""turn_right"", ""accelerate"", ""turn_right"", ""turn_right"", ""accelerate"", ""cruise"", ""turn_left"", ""cruise"", ""decelerate"", ""accelerate"", ""cruise"", ""cruise"", ""cruise"", ""accelerate"", ""turn_right"", ""cruise""]","[0, 3, 13, 19, 26, 33, 40, 47, 54, 63, 71, 77, 87, 97, 103, 113, 122, 132, 140, 150, 160, 170, 180, 190, 198]","[3, 13, 19, 26, 33, 40, 47, 54, 63, 71, 77, 87, 97, 103, 113, 122, 132, 140, 150, 160, 170, 180, 190, 198, 200]"
499,23,"[0, 2, 2, 1, 2, 1, 1, 1, 4, 3, 2, 1, 4, 3, 2, 2, 4, 3, 4, 2, 4, 3, 4]","[""turn_left"", ""accelerate"", ""accelerate"", ""turn_right"", ""accelerate"", ""turn_right"", ""turn_right"", ""turn_right"", ""cruise"", ""decelerate"", ""accelerate"", ""turn_right"", ""cruise"", ""decelerate"", ""accelerate"", ""accelerate"", ""cruise"", ""decelerate"", ""cruise"", ""accelerate"", ""cruise"", ""decelerate"", ""cruise""]","[0, 3, 13, 23, 32, 37, 46, 55, 65, 75, 84, 94, 100, 110, 117, 127, 137, 147, 155, 165, 175, 185, 192]","[3, 13, 23, 32, 37, 46, 55, 65, 75, 84, 94, 100, 110, 117, 127, 137, 147, 155, 165, 175, 185, 192, 200]"
500,25,"[0, 2, 4, 2, 2, 1, 2, 1, 4, 1, 4, 0, 4, 4, 0, 0, 3, 4, 2, 3, 4, 2, 3, 4, 4]","[""turn_left"", ""accelerate"", ""cruise"", ""accelerate"", ""accelerate"", ""turn_right"", ""accelerate"", ""turn_right"", ""cruise"", ""turn_right"", ""cruise"", ""turn_left"", ""cruise"", ""cruise"", ""turn_left"", ""turn_left"", ""decelerate"", ""cruise"", ""accelerate"", ""decelerate"", ""cruise"", ""accelerate"", ""decelerate"", ""cruise"", ""cruise""]","[0, 3, 13, 23, 33, 34, 43, 48, 57, 67, 75, 85, 92, 102, 112, 118, 125, 134, 144, 154, 161, 171, 181, 188, 198]","[3, 13, 23, 33, 34, 43, 48, 57, 67, 75, 85, 92, 102, 112, 118, 125, 134, 144, 154, 161, 171, 181, 188, 198, 200]"
