iteration,steps_collected,episode_return_mean,safe_reach_ratio,skill_entropy_norm,top1_skill_ratio,high_div_bonus_mean,conv_eval_success_delta_w5,high_entropy_coef,high_samples,low_samples,loss_high_total,loss_low_mean,loss_low_actor,loss_low_value,low_entropy,eval_n_episodes,eval_success_rate,eval_reach_rate,eval_collision_rate,eval_safe_reach_ratio,eval_min_h_agent,eval_min_h_obstacle,eval_avg_traj_length,eval_avg_skill_switches,eval_qp_feasible_rate,eval_avg_steps,eval_avg_episode_return
1.0,200.0,-0.09651490151882225,0.25,0.9213065569638262,0.3469387755102041,0.0005640652389574446,nan,0.05,49.0,800.0,-0.006838697008788586,0.03719873302090759,0.0,0.0,0.0,3.0,0.0,0.08333333333333333,0.08333333333333333,0.08333333333333333,0.5786737203598022,0.646490216255188,12.935801210890835,45.333333333333336,1.0,189.0,-0.09018397668997484
2.0,48.0,-0.2470100808143615,0.0,0.6680216708187077,0.5833333333333334,0.0016700541770467692,nan,0.049942775393419174,12.0,192.0,-0.07496414985507727,0.03638039760248072,0.0,0.0,0.0,,,,,,,,,,,,
3.0,81.0,-0.27187385916709905,0.0,0.891454717897596,0.3333333333333333,0.0012735067398537084,nan,0.049885550786838345,21.0,324.0,0.08972601406276226,0.02270158196826344,0.0,0.0,0.0,,,,,,,,,,,,
4.0,200.0,-0.3367636620998379,0.0,0.9808315809188406,0.2391304347826087,0.0006396727701644616,nan,0.049828326180257516,46.0,800.0,0.1534087285399437,0.01824503742452066,0.0,0.0,0.0,,,,,,,,,,,,
5.0,200.0,-0.02265495061874405,0.0,0.966407107812471,0.28846153846153844,0.0005575425621995024,nan,0.04977110157367668,52.0,800.0,-0.0736316479742527,0.019331412120841662,0.0,0.0,0.0,,,,,,,,,,,,
6.0,200.0,-0.7270846009254464,0.25,0.9138647068326634,0.4,0.0005483188240995981,nan,0.04971387696709585,50.0,800.0,0.02710626646876335,0.02381867993669573,0.0,0.0,0.0,,,,,,,,,,,,
7.0,134.0,-0.20332473158836356,0.0,0.9020713090543371,0.43333333333333335,0.0009020713090543369,nan,0.04965665236051502,30.0,536.0,0.07561909407377243,0.06375782263435426,0.0,0.0,0.0,,,,,,,,,,,,
8.0,136.0,-0.708865842819214,0.0,0.9680098846556534,0.3333333333333333,0.0008800089860505942,nan,0.049599427753934194,33.0,544.0,0.03414277173578739,0.04925309387112975,0.0,0.0,0.0,,,,,,,,,,,,
9.0,108.0,-0.4621873188018797,0.0,0.9521658070862108,0.3076923076923077,0.0010986528543302431,nan,0.049542203147353366,26.0,432.0,0.10477941483259201,0.029713585878806015,0.0,0.0,0.0,,,,,,,,,,,,
10.0,171.0,-0.6841013407707217,0.0,0.907846312747172,0.4090909090909091,0.0006189861223276173,nan,0.04948497854077254,44.0,684.0,0.1465228646993637,0.03161249740157723,0.0,0.0,0.0,,,,,,,,,,,,
11.0,200.0,-0.2792981684207918,0.0,0.9026743780065619,0.42857142857142855,0.0005526577824529972,nan,0.04942775393419171,49.0,800.0,-0.013278249651193619,0.027225364675956598,0.0,0.0,0.0,,,,,,,,,,,,
12.0,136.0,0.08570087492465975,0.0,0.8968381934055303,0.43333333333333335,0.0008968381934055302,nan,0.04937052932761087,30.0,544.0,-0.05988165736198425,0.014683677363113823,0.0,0.0,0.0,,,,,,,,,,,,
13.0,138.0,-0.3184414851665498,0.0,0.94298415265404,0.35294117647058826,0.0008320448405770942,nan,0.049313304721030043,34.0,552.0,-0.06290309876203537,0.02311139019023134,0.0,0.0,0.0,,,,,,,,,,,,
14.0,200.0,-0.23402042984962523,0.0,0.9286117499816441,0.3617021276595745,0.0005927309042436027,nan,0.049256080114449215,47.0,800.0,0.004402900114655495,0.014820082570643933,0.0,0.0,0.0,,,,,,,,,,,,
15.0,200.0,-0.19195002913475048,0.0,0.9379699846621696,0.375,0.0005862312404138559,nan,0.049198855507868386,48.0,800.0,0.021830566227436066,0.03113071993119232,0.0,0.0,0.0,,,,,,,,,,,,
16.0,143.0,-1.1942538458108902,0.0,0.8903301298477767,0.3939393939393939,0.000809391027134342,nan,0.04914163090128756,33.0,572.0,0.09271392785012722,0.017291243035026937,0.0,0.0,0.0,,,,,,,,,,,,
17.0,107.0,-0.7091480863094333,0.0,0.7638341580172986,0.52,0.0009166009896207584,nan,0.04908440629470673,25.0,428.0,0.0720707755535841,0.006455328943646421,0.0,0.0,0.0,,,,,,,,,,,,
18.0,200.0,-1.4524403810501096,0.0,0.9499415181356692,0.29545454545454547,0.0006476873987288656,nan,0.0490271816881259,44.0,800.0,0.09766030125319958,0.013336219473522704,0.0,0.0,0.0,,,,,,,,,,,,
19.0,200.0,-1.014941358566285,0.0,0.9776306195040351,0.3,0.000586578371702421,nan,0.048969957081545064,50.0,800.0,0.07115533761680126,0.009002896611411293,0.0,0.0,0.0,,,,,,,,,,,,
20.0,75.0,-0.7392672806978227,0.0,0.8793616373655604,0.3684210526315789,0.0013884657432087799,nan,0.048912732474964235,19.0,300.0,-0.04800201207399368,0.019383662446891492,0.0,0.0,0.0,3.0,0.0,0.0,0.25,0.0,-0.008292913436889648,1.6342320442199707,8.354245577890348,28.333333333333332,1.0,121.33333333333333,-0.2855341740449271
21.0,200.0,-1.3230834066867827,0.25,0.9745758700901743,0.27450980392156865,0.0005732799235824557,nan,0.048855507868383406,51.0,800.0,0.02048463188111782,0.01825803149036176,0.0,0.0,0.0,,,,,,,,,,,,
22.0,125.0,-0.6256007075309753,0.0,0.9053026387165525,0.42857142857142855,0.0009699671129105919,nan,0.04879828326180258,28.0,500.0,0.0017551286146044731,0.024281513833777524,0.0,0.0,0.0,,,,,,,,,,,,
23.0,200.0,13.825535332038996,0.5,0.6055501121070668,0.6344086021505376,0.00019533874584098924,nan,0.04874105865522175,93.0,800.0,0.1236369414255023,0.02021317067371342,0.0,0.0,0.0,,,,,,,,,,,,
24.0,200.0,-1.0083130478858953,0.0,0.958183386413845,0.30434782608695654,0.0006249022085307684,nan,0.04868383404864092,46.0,800.0,0.08524014614522457,0.008744341082362439,0.0,0.0,0.0,,,,,,,,,,,,
25.0,200.0,-0.6633746027946478,0.0,0.9394112172429102,0.375,0.000587132010776819,nan,0.04862660944206009,48.0,800.0,0.022322941571474075,0.029647111405070703,0.0,0.0,0.0,,,,,,,,,,,,
26.0,143.0,0.10893053680658296,0.0,0.8148097796374388,0.5,0.0007189498055624459,nan,0.048569384835479255,34.0,572.0,0.07456166297197342,0.051693205249870644,0.0,0.0,0.0,,,,,,,,,,,,
27.0,175.0,0.2772552877664567,0.25,0.7370976567219568,0.5416666666666666,0.000460686035451223,nan,0.04851216022889843,48.0,700.0,0.1014267560094595,0.03383996837623826,0.0,0.0,0.0,,,,,,,,,,,,
28.0,167.0,-0.340418909192085,0.0,0.9326654665975013,0.3902439024390244,0.0006824381462908547,nan,0.0484549356223176,41.0,668.0,0.03363368101418018,0.02789561392809503,0.0,0.0,0.0,,,,,,,,,,,,
29.0,200.0,-0.5945360213518146,0.0,0.8645106755553207,0.4222222222222222,0.0005763404503702137,nan,0.04839771101573677,45.0,800.0,-0.024476440623402596,0.014056199101638356,0.0,0.0,0.0,,,,,,,,,,,,
30.0,113.0,-0.9170999485254289,0.0,0.9461403023866917,0.35714285714285715,0.0010137217525571698,nan,0.04834048640915594,28.0,452.0,0.0077149029821157455,0.013808168493517847,0.0,0.0,0.0,,,,,,,,,,,,
31.0,51.0,-0.12645696163177486,0.0,0.6951143694354999,0.5833333333333334,0.00173778592358875,nan,0.04828326180257511,12.0,204.0,0.11869424395263195,0.02302404644532829,0.0,0.0,0.0,,,,,,,,,,,,
32.0,200.0,-1.4319975256919866,0.0,0.9253334606392873,0.3673469387755102,0.0005665306901873188,nan,0.04822603719599428,49.0,800.0,0.07744903117418289,0.008291780279178873,0.0,0.0,0.0,,,,,,,,,,,,
33.0,63.0,-0.1285466167330741,0.0,0.6545114300971712,0.47058823529411764,0.001155020170759714,nan,0.048168812589413454,17.0,252.0,0.08051776513457298,0.013215312363465655,0.0,0.0,0.0,,,,,,,,,,,,
34.0,55.0,-0.1329554557800292,0.0,0.8560874125505422,0.46153846153846156,0.001975586336655097,nan,0.04811158798283262,13.0,220.0,-0.07836512848734856,0.02003199858346224,0.0,0.0,0.0,,,,,,,,,,,,
35.0,87.0,-0.30418478965759266,0.0,0.9190292346836613,0.3181818181818182,0.0012532216836595382,nan,0.04805436337625179,22.0,348.0,0.006373870186507702,0.020399115406490864,0.0,0.0,0.0,,,,,,,,,,,,
36.0,109.0,-0.15201902031898504,0.0,0.8748995048564868,0.375,0.001093624381070609,nan,0.04799713876967096,24.0,436.0,-0.07590117491781712,0.01635206829035951,0.0,0.0,0.0,,,,,,,,,,,,
37.0,200.0,-0.2078472137451172,0.0,0.9030771646636729,0.3469387755102041,0.0005529043865287793,nan,0.04793991416309013,49.0,800.0,-0.026789352297782898,0.032590004159885666,0.0,0.0,0.0,,,,,,,,,,,,
38.0,200.0,-0.1747281610965731,0.0,0.8859845817811991,0.44680851063829785,0.0005655220734773614,nan,0.0478826895565093,47.0,800.0,-0.0058237044140696526,0.020793387859896484,0.0,0.0,0.0,,,,,,,,,,,,
39.0,154.0,-0.9036489868164063,0.0,0.848043308225012,0.4594594594594595,0.0006876026823446045,nan,0.047825464949928474,37.0,616.0,-0.02976781129837036,0.03350784743415147,0.0,0.0,0.0,,,,,,,,,,,,
40.0,152.0,-0.507863752245903,0.0,0.9223577427375887,0.3333333333333333,0.0006588269590982776,nan,0.047768240343347645,42.0,608.0,-0.004366072826087475,0.024252546458825464,0.0,0.0,0.0,3.0,0.0,0.0,0.25,0.0,0.48709455132484436,-0.0004222989082336426,10.58113786693381,40.333333333333336,1.0,160.66666666666666,-0.5747041934728623
41.0,200.0,-0.7745053678750996,0.0,0.9247990535537676,0.375,0.0005779994084711049,nan,0.04771101573676681,48.0,800.0,0.055936744436621666,0.03450007214755857,0.0,0.0,0.0,,,,,,,,,,,,
42.0,200.0,-0.8010423749685287,0.0,0.9263570927836925,0.40425531914893614,0.0005912917613512932,nan,0.04765379113018598,47.0,800.0,0.014713328331708908,0.024811228821912223,0.0,0.0,0.0,,,,,,,,,,,,
43.0,142.0,-0.6706174862384798,0.0,0.9193841728338776,0.3235294117647059,0.0008112213289710686,nan,0.04759656652360515,34.0,568.0,0.04487699083983898,0.03511773860436307,0.0,0.0,0.0,,,,,,,,,,,,
44.0,200.0,-0.6601387739181521,0.0,0.8378024685782975,0.3695652173913043,0.0005463929142901939,nan,0.04753934191702432,46.0,800.0,0.018908260390162468,0.02782460798191977,0.0,0.0,0.0,,,,,,,,,,,,
45.0,200.0,-1.1928191244602204,0.0,0.9467284834907959,0.3404255319148936,0.0006042947766962527,nan,0.047482117310443495,47.0,800.0,0.036070723086595535,0.016262290452910833,0.0,0.0,0.0,,,,,,,,,,,,
46.0,200.0,-0.9431376576423651,0.0,0.8945381319742559,0.3673469387755102,0.000547676407331177,nan,0.047424892703862666,49.0,800.0,0.007744425907731056,0.023576108986005595,0.0,0.0,0.0,,,,,,,,,,,,
47.0,153.0,-1.248046702444554,0.0,0.9098176564174572,0.35135135135135137,0.0007376899916898301,nan,0.04736766809728184,37.0,612.0,-0.03832780197262764,0.030704708877465237,0.0,0.0,0.0,,,,,,,,,,,,
48.0,93.0,-0.2075422513484954,0.0,0.9513590486696507,0.36363636363636365,0.0012973077936404328,nan,0.047310443490701,22.0,372.0,0.05119820311665535,0.027666071672357795,0.0,0.0,0.0,,,,,,,,,,,,
49.0,95.0,-0.9866773545742036,0.0,0.9369317609452285,0.34615384615384615,0.0010810751087829559,nan,0.04725321888412017,26.0,380.0,0.06903798505663872,0.017964117352732956,0.0,0.0,0.0,,,,,,,,,,,,
50.0,200.0,-0.01924779415130662,0.0,0.9566410497898981,0.3333333333333333,0.0005979006561186865,nan,0.047195994277539344,48.0,800.0,-0.02151838969439268,0.03830060698145621,0.0,0.0,0.0,,,,,,,,,,,,
51.0,40.0,-0.17372144460678102,0.0,0.5343276836631002,0.6363636363636364,0.0014572573190811825,nan,0.047138769670958515,11.0,160.0,0.1481665037572384,0.020084982381507643,0.0,0.0,0.0,,,,,,,,,,,,
52.0,200.0,-0.28000841140747046,0.0,0.8872149402146805,0.4423076923076923,0.0005118547732007772,nan,0.047081545064377686,52.0,800.0,-0.00013861805200576782,0.02492452799410927,0.0,0.0,0.0,,,,,,,,,,,,
53.0,187.0,-1.994959599971771,0.0,0.9240649567243031,0.3333333333333333,0.0006600463976602165,nan,0.04702432045779686,42.0,748.0,0.32727284729480743,0.026633854699845916,0.0,0.0,0.0,,,,,,,,,,,,
54.0,139.0,-0.36136020660400375,0.0,0.9719978280917544,0.29411764705882354,0.0008576451424339012,nan,0.04696709585121603,34.0,556.0,0.0698037389665842,0.013485653676106324,0.0,0.0,0.0,,,,,,,,,,,,
55.0,42.0,-0.324997158050537,0.0,0.8130822707731871,0.4166666666666667,0.0020327056769329677,nan,0.04690987124463519,12.0,168.0,-0.003908494487404823,0.023994907925909848,0.0,0.0,0.0,,,,,,,,,,,,
56.0,93.0,-0.26480324745178224,0.0,0.974188711970145,0.30434782608695654,0.001270680928656711,nan,0.046852646638054364,23.0,372.0,0.056453168392181396,0.02691886914410624,0.0,0.0,0.0,,,,,,,,,,,,
57.0,200.0,-0.3021739304065703,0.0,0.9134260708298293,0.3469387755102041,0.000559240451528467,nan,0.046795422031473535,49.0,800.0,0.007444620132446289,0.015212644567303535,0.0,0.0,0.0,,,,,,,,,,,,
58.0,159.0,-0.22853734731674225,0.0,0.8318133317067742,0.5,0.0005941523797905534,nan,0.046738197424892707,42.0,636.0,0.12754005193710327,0.01226474776812303,0.0,0.0,0.0,,,,,,,,,,,,
59.0,150.0,-0.9953750967979432,0.0,0.9000006389943523,0.3888888888888889,0.0007500005324952935,nan,0.04668097281831188,36.0,600.0,0.04945139028131962,0.008696647642487232,0.0,0.0,0.0,,,,,,,,,,,,
60.0,200.0,-0.6173641443252569,0.0,0.9184709774135903,0.391304347826087,0.0005990028113566894,nan,0.04662374821173105,46.0,800.0,0.019917448982596397,0.011949569264945836,0.0,0.0,0.0,3.0,0.0,0.08333333333333333,0.0,0.08333333333333333,0.13237574696540833,1.619171142578125,11.145882210844016,46.333333333333336,1.0,200.0,-0.3936916479219996
61.0,200.0,0.9699919268488897,0.25,0.8783185991703713,0.3673469387755102,0.0005377460811247173,nan,0.04656652360515022,49.0,800.0,0.11948623694479465,0.025879410566549854,0.0,0.0,0.0,,,,,,,,,,,,
62.0,200.0,-1.2581365257501607,0.0,0.9233698942030949,0.3541666666666667,0.0005771061838769345,nan,0.046509298998569384,48.0,800.0,0.021759672090411186,0.012484732621186767,0.0,0.0,0.0,,,,,,,,,,,,
63.0,108.0,-1.1660278487205507,0.0,0.7719824032107763,0.48,0.0009263788838529314,nan,0.046452074391988556,25.0,432.0,0.07756119966506958,0.0315717872250616,0.0,0.0,0.0,,,,,,,,,,,,
64.0,110.0,-0.46412221789360064,0.0,0.8216542641213782,0.37037037037037035,0.0009129491823570869,nan,0.04639484978540773,27.0,440.0,0.05779661051928997,0.012576650348798069,0.0,0.0,0.0,,,,,,,,,,,,
65.0,144.0,-0.5063571476936344,0.0,0.9272868796367111,0.3888888888888889,0.000772739066363926,nan,0.0463376251788269,36.0,576.0,-0.004623454064130783,0.030767518434517527,0.0,0.0,0.0,,,,,,,,,,,,
66.0,200.0,-0.3563320040702821,0.0,0.9317413089805879,0.3673469387755102,0.0005704538626411764,nan,0.04628040057224607,49.0,800.0,-0.04985041730105877,0.03245133075375861,0.0,0.0,0.0,,,,,,,,,,,,
67.0,159.0,-0.5564708495140076,0.0,0.9161301040205527,0.38095238095238093,0.0006543786457289662,nan,0.04622317596566524,42.0,636.0,0.044897839426994324,0.011542604885609542,0.0,0.0,0.0,,,,,,,,,,,,
68.0,132.0,-1.1308049988746645,0.0,0.9298042592092072,0.3333333333333333,0.0009298042592092072,nan,0.04616595135908441,30.0,528.0,0.024683023802936077,0.007362182438547471,0.0,0.0,0.0,,,,,,,,,,,,
69.0,200.0,-0.6146443426609041,0.0,0.9274710149124702,0.4,0.0005564826089474821,nan,0.046108726752503576,50.0,800.0,-0.0493340315297246,0.01414302221276742,0.0,0.0,0.0,,,,,,,,,,,,
70.0,200.0,-0.43971116542816174,0.0,0.922615502496093,0.3137254901960784,0.0005427150014682898,nan,0.04605150214592275,51.0,800.0,-0.03369123209267855,0.01632456745415123,0.0,0.0,0.0,,,,,,,,,,,,
71.0,200.0,-0.8923915743827826,0.0,0.857187409726849,0.49019607843137253,0.0005042278880746171,nan,0.04599427753934192,51.0,800.0,0.025525163859128952,0.01228986230981377,0.0,0.0,0.0,,,,,,,,,,,,
72.0,99.0,-0.4774136686325074,0.0,0.8547379513320967,0.4,0.0010256855415985166,nan,0.04593705293276109,25.0,396.0,0.047580085694789886,0.0183499024452356,0.0,0.0,0.0,,,,,,,,,,,,
73.0,200.0,-0.45322413295507435,0.0,0.8652253663340012,0.4423076923076923,0.0004991684805773084,nan,0.04587982832618026,52.0,800.0,0.017581451684236526,0.008539055195463163,0.0,0.0,0.0,,,,,,,,,,,,
74.0,150.0,-0.9962340116500858,0.0,0.9157432421761079,0.38095238095238093,0.0006541023158400771,nan,0.04582260371959943,42.0,600.0,0.09435596317052841,0.018218891372196566,0.0,0.0,0.0,,,,,,,,,,,,
75.0,200.0,4.4962789714336395,0.25,0.813112639020597,0.5068493150684932,0.0003341558790495605,nan,0.0457653791130186,73.0,800.0,0.11666848324239254,0.01753296900111634,0.0,0.0,0.0,,,,,,,,,,,,
76.0,83.0,-1.130995582342148,0.0,0.9428536432590732,0.38095238095238093,0.0013469337760843904,nan,0.04570815450643777,21.0,332.0,0.05130546912550926,0.02627447047749243,0.0,0.0,0.0,,,,,,,,,,,,
77.0,200.0,-0.731666684150696,0.0,0.8047175962652411,0.42,0.0004828305577591448,nan,0.04565092989985694,50.0,800.0,-0.03521196637302637,0.02209124472452828,0.0,0.0,0.0,,,,,,,,,,,,
78.0,200.0,-0.6563156366348267,0.0,0.9057181652237966,0.4339622641509434,0.0005126706595606396,nan,0.04559370529327611,53.0,800.0,0.007669743150472641,0.013216619930235256,0.0,0.0,0.0,,,,,,,,,,,,
79.0,200.0,-1.3021998405456556,0.0,0.8130138311131704,0.4583333333333333,0.0005081336444457316,nan,0.04553648068669528,48.0,800.0,0.02011533547192812,0.02385765660909378,0.0,0.0,0.0,,,,,,,,,,,,
80.0,68.0,-0.9798211026191711,0.0,0.6109424388480876,0.4375,0.0011455170728401646,nan,0.04547925608011445,16.0,272.0,0.026440365239977837,0.006780445230103016,0.0,0.0,0.0,3.0,0.0,0.08333333333333333,0.16666666666666666,0.08333333333333333,-0.008334621787071228,1.6446287631988525,7.70156512392623,36.333333333333336,1.0,153.33333333333334,-0.9454930064578856
81.0,200.0,-1.2942271411418917,0.0,0.9004954192204468,0.4074074074074074,0.0005002752329002482,nan,0.045422031473533624,54.0,800.0,0.02991512231528759,0.013761972459825245,0.0,0.0,0.0,,,,,,,,,,,,
82.0,200.0,-1.8762043461203575,0.0,0.8721455492297772,0.40425531914893614,0.0005566886484445387,nan,0.045364806866952795,47.0,800.0,0.06816206127405167,0.00874975692793628,0.0,0.0,0.0,,,,,,,,,,,,
83.0,200.0,-1.7472671985626234,0.0,0.9057738650336803,0.391304347826087,0.0005907220858915306,nan,0.04530758226037196,46.0,800.0,0.08156021498143673,0.011802884108802925,0.0,0.0,0.0,,,,,,,,,,,,
84.0,127.0,-0.7573004376888275,0.0,0.9293514760472138,0.34375,0.0008712670087942631,nan,0.04525035765379113,32.0,508.0,0.03876495733857155,0.023027442671164522,0.0,0.0,0.0,,,,,,,,,,,,
85.0,109.0,0.03621380090713514,0.0,0.9251796936109382,0.37037037037037035,0.001027977437345487,nan,0.0451931330472103,27.0,436.0,-0.011628221720457077,0.025499655149381795,0.0,0.0,0.0,,,,,,,,,,,,
86.0,171.0,-1.3985484248399733,0.0,0.885002872631999,0.35714285714285715,0.0006321449090228563,nan,0.04513590844062947,42.0,684.0,0.19349077716469765,0.012003918465335772,0.0,0.0,0.0,,,,,,,,,,,,
87.0,200.0,-0.7402446687221531,0.0,0.8982169118379439,0.41818181818181815,0.0004899364973661513,nan,0.045078683834048644,55.0,800.0,0.017749184742569923,0.023323745845436963,0.0,0.0,0.0,,,,,,,,,,,,
88.0,200.0,-1.1555740550160407,0.0,0.9268163940085445,0.4117647058823529,0.0005451861141226732,nan,0.045021459227467815,51.0,800.0,0.15106065198779106,0.03208430121213013,0.0,0.0,0.0,,,,,,,,,,,,
89.0,200.0,-0.8034301221370699,0.0,0.8569149102580165,0.46938775510204084,0.0005246417817906222,nan,0.044964234620886986,49.0,800.0,-0.047979412600398064,0.02076672590247064,0.0,0.0,0.0,,,,,,,,,,,,
90.0,200.0,-0.4335622847080234,0.0,0.8777882658741383,0.4583333333333333,0.0005486176661713365,nan,0.04490701001430615,48.0,800.0,0.021641002967953682,0.032572910012984124,0.0,0.0,0.0,,,,,,,,,,,,
91.0,200.0,-1.9228233695030208,0.0,0.929615827937473,0.3076923076923077,0.0005363168238100807,nan,0.04484978540772532,52.0,800.0,0.05636829324066639,0.012531438257724403,0.0,0.0,0.0,,,,,,,,,,,,
92.0,200.0,-0.9557595372200014,0.0,0.9087481756263526,0.3829787234042553,0.0005800520269955444,nan,0.04479256080114449,47.0,800.0,-0.03093545138835907,0.013006410154178916,0.0,0.0,0.0,,,,,,,,,,,,
93.0,139.0,-0.7488364541530609,0.0,0.9371558934248935,0.3235294117647059,0.000826902258904318,nan,0.044735336194563664,34.0,556.0,0.07448757812380791,0.029937128531307033,0.0,0.0,0.0,,,,,,,,,,,,
94.0,200.0,-0.6430398941040042,0.0,0.9613443506247445,0.32653061224489793,0.0005885781738518848,nan,0.044678111587982836,49.0,800.0,-0.03225879743695259,0.026513159421150623,0.0,0.0,0.0,,,,,,,,,,,,
95.0,200.0,-0.5020108699798584,0.0,0.9581891637877425,0.30612244897959184,0.0005866464268088221,nan,0.04462088698140201,49.0,800.0,-0.054560775868594646,0.014338013807737582,0.0,0.0,0.0,,,,,,,,,,,,
96.0,148.0,-0.8468112933635712,0.0,0.9048868900026201,0.40540540540540543,0.0007336920729750972,nan,0.04456366237482118,37.0,592.0,-0.0040237270295619965,0.016280472786522004,0.0,0.0,0.0,,,,,,,,,,,,
97.0,65.0,-0.30531430393457404,0.0,0.7532529717929038,0.4375,0.0014123493221116948,nan,0.04450643776824034,16.0,260.0,0.00025136861950159073,0.017224597495150817,0.0,0.0,0.0,,,,,,,,,,,,
98.0,115.0,-1.2894128680229187,0.0,0.9570873889579288,0.3125,0.0008972694271480584,nan,0.044449213161659513,32.0,460.0,0.10442135110497475,0.023296108611958743,0.0,0.0,0.0,,,,,,,,,,,,
99.0,145.0,-1.4175235509872435,0.0,0.6943355349927777,0.5,0.0005786129458273148,nan,0.044391988555078685,36.0,580.0,0.16293208301067352,0.010860095130259317,0.0,0.0,0.0,,,,,,,,,,,,
100.0,59.0,-0.27557148575782775,0.0,0.7859059483726732,0.47368421052631576,0.0012409041290094842,nan,0.044334763948497856,19.0,236.0,0.07978523150086403,0.012526586780763883,0.0,0.0,0.0,3.0,0.0,0.0,0.25,0.0,0.882784366607666,1.6333606243133545,6.4001134267267235,22.666666666666668,1.0,89.0,-0.3553749108314514
101.0,200.0,-1.124130791425705,0.0,0.9118097393786565,0.30612244897959184,0.0005582508608440751,nan,0.04427753934191703,49.0,800.0,0.1052148137241602,0.01085084980172013,0.0,0.0,0.0,,,,,,,,,,,,
102.0,45.0,-0.2998335242271424,0.0,0.5119546551071976,0.6666666666666666,0.0012798866377679938,nan,0.0442203147353362,12.0,180.0,-0.00341680645942688,0.03373166930194,0.0,0.0,0.0,,,,,,,,,,,,
103.0,69.0,-0.3181739711761474,0.0,0.9135840597852575,0.3684210526315789,0.001442501147029354,nan,0.04416309012875537,19.0,276.0,0.019304184243083,0.013663237399899941,0.0,0.0,0.0,,,,,,,,,,,,
104.0,67.0,0.09925926208496105,0.0,0.7377828680799808,0.47058823529411764,0.001301969767199966,nan,0.04410586552217454,17.0,268.0,0.05735556036233902,0.02448827360018413,0.0,0.0,0.0,,,,,,,,,,,,
105.0,164.0,-1.213995804786683,0.0,0.8189397131474055,0.375,0.0006142047848605544,nan,0.044048640915593705,40.0,656.0,0.08424294739961624,0.015041238948966473,0.0,0.0,0.0,,,,,,,,,,,,
106.0,200.0,-0.7724953740835193,0.0,0.8543847167664913,0.46153846153846156,0.0004929142596729757,nan,0.043991416309012876,52.0,800.0,-0.01493325736373663,0.02593205844653923,0.0,0.0,0.0,,,,,,,,,,,,
107.0,74.0,-0.38264862537384015,0.0,0.7514628006425328,0.4444444444444444,0.0012524380010708886,nan,0.04393419170243205,18.0,296.0,0.18754761666059494,0.0141519927243271,0.0,0.0,0.0,,,,,,,,,,,,
108.0,103.0,-0.41338673114776603,0.0,0.8034801272177319,0.4230769230769231,0.0009270924544819983,nan,0.04387696709585122,26.0,412.0,0.07835858501493931,0.02309488864240672,0.0,0.0,0.0,,,,,,,,,,,,
109.0,23.0,-0.19590545177459717,0.0,0.5593605633131894,0.625,0.00209760211242446,nan,0.04381974248927039,8.0,92.0,0.00570386927574873,0.02147716787895542,0.0,0.0,0.0,,,,,,,,,,,,
110.0,196.0,-2.1150369918346397,0.0,0.6430089749428117,0.6363636363636364,0.00043841521018828095,nan,0.04376251788268956,44.0,784.0,0.2938803508877754,0.005770163618841195,0.0,0.0,0.0,,,,,,,,,,,,
111.0,169.0,-1.2351632142066957,0.0,0.8901472537432517,0.34146341463414637,0.0006513272588365256,nan,0.043705293276108725,41.0,676.0,0.1577901467680931,0.010182145888398941,0.0,0.0,0.0,,,,,,,,,,,,
112.0,173.0,-0.41963523507118294,0.0,0.8879937746574026,0.32608695652173914,0.0005791263747765668,nan,0.043648068669527904,46.0,692.0,0.10998915694653988,0.011425255146535918,0.0,0.0,0.0,,,,,,,,,,,,
113.0,86.0,-0.2068002140522003,0.0,0.8974287447143104,0.36363636363636365,0.0012237664700649692,nan,0.04359084406294707,22.0,344.0,0.06719217263162136,0.006916903886301284,0.0,0.0,0.0,,,,,,,,,,,,
114.0,187.0,-1.2342646849155432,0.0,0.8088467150173504,0.5192307692307693,0.0004666423355869329,nan,0.04353361945636624,52.0,748.0,0.09856455400586128,0.020444854635442766,0.0,0.0,0.0,,,,,,,,,,,,
115.0,55.0,-0.8104464828968048,0.0,0.8927518864753794,0.4,0.001785503772950759,nan,0.04347639484978541,15.0,220.0,0.030177582055330276,0.013566260484565811,0.0,0.0,0.0,,,,,,,,,,,,
116.0,156.0,-0.9577439045906067,0.0,0.917730362521267,0.40540540540540543,0.0007441056993415678,nan,0.04341917024320458,37.0,624.0,0.027757689356803894,0.013156260443029755,0.0,0.0,0.0,,,,,,,,,,,,
117.0,148.0,-0.9013741540908817,0.0,0.9077486899420832,0.37142857142857144,0.0007780703056646429,nan,0.04336194563662375,35.0,592.0,0.013248901814222336,0.01890738833451522,0.0,0.0,0.0,,,,,,,,,,,,
118.0,120.0,-0.2309185981750488,0.0,0.8650993751416978,0.41379310344827586,0.0008949303880776188,nan,0.043304721030042924,29.0,480.0,0.0023965612053871155,0.012550645765728063,0.0,0.0,0.0,,,,,,,,,,,,
119.0,160.0,-0.25945578813552916,0.0,0.7016150261036412,0.4857142857142857,0.0006013843080888354,nan,0.04324749642346209,35.0,640.0,0.0465584360063076,0.003642034315195275,0.0,0.0,0.0,,,,,,,,,,,,
120.0,188.0,-0.995408515930176,0.0,0.67910311836751,0.6190476190476191,0.00048507365597679305,nan,0.04319027181688126,42.0,752.0,0.06505084875971079,0.010150552387219625,0.0,0.0,0.0,3.0,0.0,0.0,0.3333333333333333,0.0,-0.010415509343147278,1.637906789779663,5.232233468449674,23.333333333333332,1.0,93.0,-0.6309544362624487
121.0,73.0,-0.413667278289795,0.0,0.516033407009944,0.625,0.0009675626381436451,nan,0.04313304721030043,16.0,292.0,0.10947942733764648,0.007169046635633336,0.0,0.0,0.0,,,,,,,,,,,,
122.0,103.0,-0.41713407516479484,0.0,0.8295111222775122,0.375,0.00103688890284689,nan,0.0430758226037196,24.0,412.0,0.11717606708407402,0.011348976833652102,0.0,0.0,0.0,,,,,,,,,,,,
123.0,107.0,-0.4322685313224794,0.0,0.9220801325149237,0.34615384615384615,0.0010639386144402963,nan,0.04301859799713877,26.0,428.0,0.07916573993861675,0.014777712129429688,0.0,0.0,0.0,,,,,,,,,,,,
124.0,184.0,-1.4123635792732243,0.0,0.8570654923238323,0.4222222222222222,0.000571376994882555,nan,0.042961373390557944,45.0,736.0,-0.00405509490519762,0.010724431678071022,0.0,0.0,0.0,,,,,,,,,,,,
125.0,120.0,-0.5580521285533906,0.0,0.8698465988319447,0.39285714285714285,0.0009319784987485124,nan,0.04290414878397711,28.0,480.0,-0.059185815043747425,0.025261888467692062,0.0,0.0,0.0,,,,,,,,,,,,
126.0,111.0,-0.48990162074565885,0.0,0.9311132788103701,0.3076923076923077,0.001074361475550427,nan,0.04284692417739629,26.0,444.0,-0.011875420808792114,0.03352029230974374,0.0,0.0,0.0,,,,,,,,,,,,
127.0,200.0,-0.6350803732872013,0.25,0.8278727182952951,0.47058823529411764,0.00048698395193840904,nan,0.04278969957081545,51.0,800.0,0.0957688670605421,0.00925735443290776,0.0,0.0,0.0,,,,,,,,,,,,
128.0,200.0,-1.1201933681964877,0.0,0.8425467295126995,0.30612244897959184,0.0005158449364363467,nan,0.04273247496423462,49.0,800.0,0.017428471706807613,0.016134514995604143,0.0,0.0,0.0,,,,,,,,,,,,
129.0,190.0,-0.7608373045921328,0.0,0.8456173296703303,0.45454545454545453,0.0005765572702297705,nan,0.04267525035765379,44.0,760.0,0.22498225793242455,0.025137685441607882,0.0,0.0,0.0,,,,,,,,,,,,
130.0,148.0,-0.23649444460868851,0.0,0.8536834324580088,0.3783783783783784,0.0006921757560470341,nan,0.042618025751072965,37.0,592.0,0.03428419213742018,0.020117766904854673,0.0,0.0,0.0,,,,,,,,,,,,
131.0,149.0,-1.011988421678543,0.0,0.8589183257603225,0.42857142857142855,0.0007362157077945625,nan,0.042560801144492136,35.0,596.0,0.11166269704699516,0.015605074653564088,0.0,0.0,0.0,,,,,,,,,,,,
132.0,131.0,-0.8144133365154267,0.0,0.88178154227076,0.3939393939393939,0.0008016195838825095,nan,0.04250357653791131,33.0,524.0,-0.02091711387038231,0.013799246577782753,0.0,0.0,0.0,,,,,,,,,,,,
133.0,147.0,-1.074436153173447,0.0,0.7974805466318554,0.5,0.0007036593058516371,nan,0.04244635193133047,34.0,588.0,0.11805869080126286,0.009083522720322534,0.0,0.0,0.0,,,,,,,,,,,,
134.0,200.0,-0.327198818325997,0.0,0.8906850679979931,0.3617021276595745,0.0005685223838285063,nan,0.04238912732474964,47.0,800.0,0.10473551414906979,0.030107068784716695,0.0,0.0,0.0,,,,,,,,,,,,
135.0,69.0,-0.3550165557861328,0.0,0.6053757909600438,0.5,0.0011350796080500823,nan,0.042331902718168814,16.0,276.0,0.08061929047107697,0.014248679138479492,0.0,0.0,0.0,,,,,,,,,,,,
136.0,147.0,-0.2339134585857392,0.0,0.8499603593944398,0.36363636363636365,0.000772691235813127,nan,0.042274678111587985,33.0,588.0,-0.018262255936861038,0.008274908266632686,0.0,0.0,0.0,,,,,,,,,,,,
137.0,76.0,-0.21022073388099669,0.0,0.9621305178881828,0.3157894736842105,0.0015191534492971306,nan,0.042217453505007156,19.0,304.0,0.06331447139382362,0.010061681841140091,0.0,0.0,0.0,,,,,,,,,,,,
138.0,196.0,-0.8580204701423646,0.0,0.8563499127183983,0.4090909090909091,0.0005838749404898171,nan,0.04216022889842633,44.0,784.0,0.29402900487184525,0.0148108543487524,0.0,0.0,0.0,,,,,,,,,,,,
139.0,198.0,-1.437113111019135,0.0,0.8791747615406447,0.4230769230769231,0.0005072162085811411,nan,0.0421030042918455,52.0,792.0,0.1647818125784397,0.018329059789621738,0.0,0.0,0.0,,,,,,,,,,,,
140.0,200.0,-0.5386131167411806,0.0,0.8278524974866538,0.391304347826087,0.0005399038027086871,nan,0.04204577968526467,46.0,800.0,0.01602566335350275,0.01786346327616073,0.0,0.0,0.0,3.0,0.0,0.0,0.16666666666666666,0.0,1.5632168054580688,1.6388771533966064,6.6026027813022665,27.666666666666668,1.0,110.33333333333333,-0.556017520229022
141.0,51.0,-0.3137608623504638,0.0,0.8277703550808546,0.38461538461538464,0.0019102392809558185,nan,0.041988555078683834,13.0,204.0,0.03553192317485809,0.018765192976977287,0.0,0.0,0.0,,,,,,,,,,,,
142.0,200.0,-0.33098899126052916,0.0,0.9585961723719325,0.2692307692307692,0.0005530362532914997,nan,0.041931330472103005,52.0,800.0,0.005978604778647423,0.008941649619117698,0.0,0.0,0.0,,,,,,,,,,,,
143.0,157.0,-1.0967517328262333,0.0,0.8108016894615927,0.5,0.0006756680745513274,nan,0.041874105865522177,36.0,628.0,0.03784762229770422,0.008682074441397347,0.0,0.0,0.0,,,,,,,,,,,,
144.0,133.0,-1.1485619711875916,0.0,0.752992471485243,0.5333333333333333,0.0007529924714852432,nan,0.04181688125894135,30.0,532.0,0.07466551288962364,0.01071274738702499,0.0,0.0,0.0,,,,,,,,,,,,
145.0,74.0,-0.600424691438675,0.0,0.43674809777528034,0.75,0.0008189026833286506,nan,0.04175965665236052,16.0,296.0,0.05903642065823078,107375.37122573552,0.0,0.0,0.0,,,,,,,,,,,,
146.0,99.0,-0.22266932964324962,0.0,0.8575285710623867,0.44,0.0010290342852748641,nan,0.04170243204577968,25.0,396.0,0.04464001301676035,0.01806443704432059,0.0,0.0,0.0,,,,,,,,,,,,
147.0,141.0,0.38616650640964567,0.0,0.9076464748654349,0.375,0.0006807348561490764,nan,0.04164520743919886,40.0,564.0,0.20058255270123482,0.026343900855088975,0.0,0.0,0.0,,,,,,,,,,,,
148.0,75.0,-0.7319998204708099,0.0,0.7144836820469697,0.5294117647058824,0.0012608535565534762,nan,0.041587982832618026,17.0,300.0,-0.010137527249753475,0.015148248291836808,0.0,0.0,0.0,,,,,,,,,,,,
149.0,76.0,-0.48250076532363895,0.0,0.9064627798365104,0.42857142857142855,0.001294946828337872,nan,0.0415307582260372,21.0,304.0,0.07146215438842773,0.015905073381318857,0.0,0.0,0.0,,,,,,,,,,,,
150.0,152.0,-0.8471060228347779,0.0,0.8708700828385575,0.3783783783783784,0.0007061108779772088,nan,0.04147353361945637,37.0,608.0,-0.01093966979533434,0.011766782783452778,0.0,0.0,0.0,,,,,,,,,,,,
151.0,125.0,-0.6897174596786498,0.0,0.8864214401305263,0.3448275862068966,0.0009169876966867517,nan,0.04141630901287554,29.0,500.0,-0.027904896065592766,0.011508059766971002,0.0,0.0,0.0,,,,,,,,,,,,
152.0,120.0,-0.32047704458236687,0.0,0.8696440944699473,0.4,0.0008696440944699473,nan,0.04135908440629471,30.0,480.0,0.009888175874948502,0.021189548678719916,0.0,0.0,0.0,,,,,,,,,,,,
153.0,174.0,-1.4555801713466638,0.0,0.8014448620900935,0.4444444444444444,0.0005342965747267293,nan,0.04130185979971388,45.0,696.0,0.27154451608657837,0.008969542037575273,0.0,0.0,0.0,,,,,,,,,,,,
154.0,44.0,-0.3818072938919068,0.0,0.5706512925279843,0.5,0.001426628231319961,nan,0.04124463519313305,12.0,176.0,0.08223412744700909,0.00518617460702134,0.0,0.0,0.0,,,,,,,,,,,,
155.0,46.0,-0.30518055915832515,0.0,0.6780647465127767,0.5,0.0014529958853845217,nan,0.04118741058655222,14.0,184.0,0.004160885699093342,0.008406136890703632,0.0,0.0,0.0,,,,,,,,,,,,
156.0,179.0,-0.6324094200134279,0.0,0.7273682628029643,0.5625,0.0004546051642518528,nan,0.04113018597997139,48.0,716.0,-0.033933062106370926,0.01431121531712165,0.0,0.0,0.0,,,,,,,,,,,,
157.0,200.0,-0.8838525235652932,0.0,0.9465987147847903,0.3125,0.0005916241967404942,nan,0.04107296137339056,48.0,800.0,-0.011576874181628227,0.021942431720276545,0.0,0.0,0.0,,,,,,,,,,,,
158.0,200.0,-1.1241324067115794,0.0,0.8797340557752614,0.3958333333333333,0.0005498337848595388,nan,0.04101573676680973,48.0,800.0,-0.006497221067547798,0.028802937073997725,0.0,0.0,0.0,,,,,,,,,,,,
159.0,190.0,-0.8455848112702373,0.0,0.9033324801486052,0.34,0.0005419994880891633,nan,0.0409585121602289,50.0,760.0,0.03778419364243746,0.01621542898300632,0.0,0.0,0.0,,,,,,,,,,,,
160.0,121.0,-0.7410621976852416,0.0,0.9118091468274876,0.3448275862068966,0.0009432508415456768,nan,0.04090128755364807,29.0,484.0,0.017116661183536053,0.016539775657136713,0.0,0.0,0.0,3.0,0.0,0.08333333333333333,0.25,0.08333333333333333,-0.04000937193632126,0.41111528873443604,9.36928808995314,37.0,1.0,150.0,-0.2709976444641751
161.0,200.0,-0.5494840741157534,0.0,0.9150193668543082,0.3333333333333333,0.0005718871042839428,nan,0.040844062947067244,48.0,800.0,0.02728330437093973,0.00962863258582014,0.0,0.0,0.0,,,,,,,,,,,,
162.0,70.0,0.11964058876037603,0.0,0.8408362564945557,0.3888888888888889,0.0014013937608242598,nan,0.04078683834048641,18.0,280.0,0.03898872993886471,0.004959844554520032,0.0,0.0,0.0,,,,,,,,,,,,
163.0,107.0,-0.985191411972046,0.0,0.8967944927568183,0.36,0.001076153391308182,nan,0.04072961373390558,25.0,428.0,0.14208153635263443,0.011978053234173114,0.0,0.0,0.0,,,,,,,,,,,,
164.0,93.0,-0.5192175018787385,0.0,0.7228529488264752,0.5416666666666666,0.0009035661860330942,nan,0.04067238912732475,24.0,372.0,0.011382995173335075,0.00722855256224797,0.0,0.0,0.0,,,,,,,,,,,,
165.0,200.0,-1.1744125008583077,0.0,0.910586639696995,0.3877551020408163,0.0005575020243042827,nan,0.04061516452074392,49.0,800.0,0.10049516335129738,0.015734039610158845,0.0,0.0,0.0,,,,,,,,,,,,
166.0,182.0,-2.242354418039321,0.0,0.9535155645802408,0.32558139534883723,0.0006652434171490053,nan,0.040557939914163094,43.0,728.0,0.11764569953083992,0.010323005982399991,0.0,0.0,0.0,,,,,,,,,,,,
167.0,125.0,-0.8199119210243231,0.0,0.8091315099229393,0.40625,0.0007585607905527561,nan,0.040500715307582265,32.0,500.0,0.03332895692437887,0.025602749363187627,0.0,0.0,0.0,,,,,,,,,,,,
168.0,200.0,-0.9347566545009621,0.0,0.8751878550690895,0.4,0.0005834585700460597,nan,0.040443490701001436,45.0,800.0,0.04763150122016668,0.01355605214709421,0.0,0.0,0.0,,,,,,,,,,,,
169.0,200.0,-0.9688517034053805,0.0,0.9540456756697855,0.2916666666666667,0.0005962785472936158,nan,0.0403862660944206,48.0,800.0,0.03177446685731411,0.00892832999318216,0.0,0.0,0.0,,,,,,,,,,,,
170.0,200.0,-1.2409619122743605,0.0,0.912615534899567,0.3191489361702128,0.0005825205541912132,nan,0.04032904148783977,47.0,800.0,0.09922933951020241,0.013184373502646451,0.0,0.0,0.0,,,,,,,,,,,,
171.0,200.0,0.6560767561197284,0.25,0.891036154565611,0.4074074074074074,0.0004950200858697839,nan,0.04027181688125894,54.0,800.0,0.14198866486549377,0.011319745411099369,0.0,0.0,0.0,,,,,,,,,,,,
172.0,200.0,-0.3497278273105622,0.0,0.7924032719404892,0.43478260869565216,0.0005167847425698844,nan,0.040214592274678114,46.0,800.0,0.013968673534691334,0.016185524227969594,0.0,0.0,0.0,,,,,,,,,,,,
173.0,200.0,-1.0691820621490487,0.0,0.7638025305986545,0.5111111111111111,0.00050920168706577,nan,0.040157367668097285,45.0,800.0,0.01568415854126215,0.007410092200427709,0.0,0.0,0.0,,,,,,,,,,,,
174.0,79.0,-0.12267856836318983,0.0,0.8352342036741656,0.4,0.0012528513055112484,nan,0.040100143061516456,20.0,316.0,0.034391856752336025,0.009446099366515526,0.0,0.0,0.0,,,,,,,,,,,,
175.0,172.0,-0.6850135278701783,0.0,0.9279987557973389,0.37777777777777777,0.0006186658371982259,nan,0.04004291845493563,45.0,688.0,-0.010139367543160915,0.018905458827015664,0.0,0.0,0.0,,,,,,,,,,,,
176.0,189.0,-1.4980879271030423,0.0,0.969493632782768,0.2765957446808511,0.0006188257230528304,nan,0.03998569384835479,47.0,756.0,0.03856241516768932,0.009822166543898447,0.0,0.0,0.0,,,,,,,,,,,,
177.0,138.0,-1.0895321714878086,0.0,0.7987956398825004,0.53125,0.0007488709123898442,nan,0.03992846924177396,32.0,552.0,0.21240804716944695,0.007612047149798129,0.0,0.0,0.0,,,,,,,,,,,,
178.0,124.0,-0.5318412566185,0.0,0.9141947578337828,0.3103448275862069,0.0009457187150004651,nan,0.039871244635193134,29.0,496.0,0.061981153674423695,0.007225455901650468,0.0,0.0,0.0,,,,,,,,,,,,
179.0,162.0,-1.1071233403682714,0.0,0.8586444930513597,0.46511627906976744,0.000599054297477693,nan,0.039814020028612306,43.0,648.0,0.07370189391076565,0.01624667934392332,0.0,0.0,0.0,,,,,,,,,,,,
180.0,76.0,-0.05747195243835451,0.0,0.8076545020653718,0.3888888888888889,0.0013460908367756198,0.0,0.03975679542203148,18.0,304.0,0.001128803938627243,0.019534024991092136,0.0,0.0,0.0,3.0,0.0,0.0,0.3333333333333333,0.0,-0.06915629655122757,1.637491226196289,8.21264132613184,34.333333333333336,1.0,133.0,-0.7627736715475718
181.0,131.0,-0.9703264555335045,0.0,0.929888031130721,0.34285714285714286,0.0007970468838263323,nan,0.03969957081545065,35.0,524.0,-0.015246902592480183,0.015834272740983035,0.0,0.0,0.0,,,,,,,,,,,,
182.0,67.0,-0.1448182594776153,0.0,0.8034000587410242,0.35294117647058826,0.0014177648095429845,nan,0.03964234620886982,17.0,268.0,0.1005666758865118,0.0175550235062083,0.0,0.0,0.0,,,,,,,,,,,,
183.0,138.0,-0.3810328471660616,0.0,0.7357008654788895,0.4594594594594595,0.0005965142152531537,nan,0.03958512160228898,37.0,552.0,0.09590953402221203,0.006966491234781991,0.0,0.0,0.0,,,,,,,,,,,,
184.0,94.0,-0.39184872150421124,0.0,0.7958277732837906,0.375,0.0009947847166047385,nan,0.039527896995708155,24.0,376.0,0.10741537436842918,0.013121523246322653,0.0,0.0,0.0,,,,,,,,,,,,
185.0,44.0,-0.4667226815223694,0.0,0.6284208095760127,0.5,0.001571052023940032,nan,0.039470672389127326,12.0,176.0,-0.048066396266222,0.01874332984491709,0.0,0.0,0.0,,,,,,,,,,,,
186.0,110.0,-0.214498209953308,0.0,0.8562490308818803,0.4482758620689655,0.0008857748595329794,nan,0.0394134477825465,29.0,440.0,0.08855765126645565,0.010881955133580146,0.0,0.0,0.0,,,,,,,,,,,,
187.0,48.0,-0.2764085817337036,0.0,0.646014838885232,0.5,0.0016150370972130804,nan,0.03935622317596567,12.0,192.0,0.14249607920646667,0.007272607632213379,0.0,0.0,0.0,,,,,,,,,,,,
188.0,200.0,-0.7585903704166412,0.0,0.9238599340198376,0.35294117647058826,0.0005434470200116693,nan,0.03929899856938484,51.0,800.0,0.006832661107182503,0.010142166084467164,0.0,0.0,0.0,,,,,,,,,,,,
189.0,113.0,-0.8584838199615482,0.0,0.7717848614648191,0.4827586206896552,0.0007983981325498128,nan,0.03924177396280401,29.0,452.0,0.03307616524398327,0.00924144047701958,0.0,0.0,0.0,,,,,,,,,,,,
190.0,58.0,-0.2833282041549682,0.0,0.8483535087619707,0.47058823529411764,0.001497094427227007,nan,0.039184549356223175,17.0,232.0,0.004937732592225075,0.01650855683908601,0.0,0.0,0.0,,,,,,,,,,,,
191.0,50.0,-0.12500398457050318,0.0,0.8465363024645152,0.4,0.0016930726049290302,nan,0.03912732474964235,15.0,200.0,0.004777933470904827,0.009299196134427347,0.0,0.0,0.0,,,,,,,,,,,,
192.0,200.0,-0.8073257803916932,0.0,0.891999568697469,0.4117647058823529,0.0005247056286455699,nan,0.03907010014306152,51.0,800.0,0.14466139674186707,0.015591153612787956,0.0,0.0,0.0,,,,,,,,,,,,
193.0,107.0,-0.7415139329433442,0.0,0.8588995863296036,0.4,0.001030679503595524,nan,0.03901287553648069,25.0,428.0,0.014883039519190788,0.014062336777541873,0.0,0.0,0.0,,,,,,,,,,,,
194.0,164.0,-0.8111391925811768,0.0,0.8791301720651793,0.4146341463414634,0.0006432659795598874,nan,0.03895565092989986,41.0,656.0,0.21253250166773796,0.013170387691237906,0.0,0.0,0.0,,,,,,,,,,,,
195.0,129.0,-0.6878033185005189,0.0,0.9397217140554533,0.3333333333333333,0.0008542924673231397,nan,0.03889842632331903,33.0,516.0,0.022115232422947884,0.007821906813381574,0.0,0.0,0.0,,,,,,,,,,,,
196.0,75.0,-0.28403666019439694,0.0,0.9306951598917618,0.3684210526315789,0.0014695186735133084,nan,0.0388412017167382,19.0,300.0,-0.030019781552255154,0.011595991524095073,0.0,0.0,0.0,,,,,,,,,,,,
197.0,187.0,-0.18912640333175668,0.0,0.9018055498550516,0.3125,0.0005636284686594072,nan,0.03878397711015737,48.0,748.0,0.007063244469463825,0.012332428590025923,0.0,0.0,0.0,,,,,,,,,,,,
198.0,96.0,-0.42738305687904354,0.0,0.9142100160263839,0.4166666666666667,0.0011427625200329799,nan,0.038726752503576545,24.0,384.0,0.06659421138465405,0.021150551378789295,0.0,0.0,0.0,,,,,,,,,,,,
199.0,134.0,-0.7215604448318483,0.0,0.9222833034969862,0.38235294117647056,0.0008137793854385171,nan,0.03866952789699571,34.0,536.0,0.05588258430361748,0.010372633240379514,0.0,0.0,0.0,,,,,,,,,,,,
200.0,171.0,-0.20058522582054192,0.0,0.896929742561137,0.3333333333333333,0.0005979531617074248,0.0,0.03861230329041488,45.0,684.0,0.09847349487245083,0.013362699020737612,0.0,0.0,0.0,3.0,0.0,0.0,0.25,0.0,-0.03385347127914429,-0.04073166847229004,6.396705931915979,26.333333333333332,1.0,111.0,-0.5766909237702688
201.0,89.0,-0.22934423923492447,0.0,0.8072588260222885,0.45454545454545453,0.0011008074900303933,nan,0.03855507868383405,22.0,356.0,0.0323141235858202,0.007810625996201637,0.0,0.0,0.0,,,,,,,,,,,,
202.0,126.0,-0.4137092030048371,0.0,0.9166013303376804,0.3333333333333333,0.0009166013303376805,nan,0.03849785407725322,30.0,504.0,0.09350761957466602,0.01062511158584023,0.0,0.0,0.0,,,,,,,,,,,,
203.0,40.0,-0.190488189458847,0.0,0.7584059448961067,0.5,0.00227521783468832,nan,0.038440629470672394,10.0,160.0,0.11792961321771145,0.022204794716844844,0.0,0.0,0.0,,,,,,,,,,,,
204.0,55.0,-0.5440815299749373,0.0,0.7879112896662784,0.4666666666666667,0.0015758225793325576,nan,0.03838340486409156,15.0,220.0,0.11092923581600189,0.011197881237345345,0.0,0.0,0.0,,,,,,,,,,,,
205.0,82.0,-0.3000296187400818,0.0,0.9346262184156411,0.36363636363636365,0.001274490297839511,nan,0.03832618025751073,22.0,328.0,-0.020402194932103157,0.015697010303965975,0.0,0.0,0.0,,,,,,,,,,,,
206.0,123.0,-0.8078683543205261,0.0,0.7666533683414916,0.42424242424242425,0.0006969576075831741,nan,0.0382689556509299,33.0,492.0,0.07693050056695938,0.006501944184831743,0.0,0.0,0.0,,,,,,,,,,,,
207.0,200.0,-1.821229362487793,0.0,0.840656565352564,0.46153846153846156,0.00048499417231878705,nan,0.03821173104434907,52.0,800.0,0.11563096567988396,0.016761042166159257,0.0,0.0,0.0,,,,,,,,,,,,
208.0,200.0,-1.5854257583618168,0.0,0.8653403953296785,0.38461538461538464,0.0004992348434594301,nan,0.03815450643776824,52.0,800.0,0.056814635172486305,0.00462186643736473,0.0,0.0,0.0,,,,,,,,,,,,
209.0,162.0,-0.12005750060081505,0.0,0.8993843117097218,0.3902439024390244,0.0006580860817388209,nan,0.038097281831187414,41.0,648.0,0.06228356249630451,0.015413994492787353,0.0,0.0,0.0,,,,,,,,,,,,
210.0,200.0,-1.35052444934845,0.0,0.8289116827011974,0.5217391304347826,0.0005405945756746937,nan,0.038040057224606585,46.0,800.0,0.04662450309842825,0.009624818286381842,0.0,0.0,0.0,,,,,,,,,,,,
211.0,200.0,-1.4076089501380935,0.0,0.8291709238376243,0.46808510638297873,0.0005292580364921007,nan,0.03798283261802575,47.0,800.0,0.17935795709490776,0.004000245396541258,0.0,0.0,0.0,,,,,,,,,,,,
212.0,85.0,-0.4546216964721679,0.0,0.7911175840416047,0.5238095238095238,0.0011301679772022927,nan,0.03792560801144493,21.0,340.0,0.002140120603144169,0.011420429604758198,0.0,0.0,0.0,,,,,,,,,,,,
213.0,194.0,-0.3964353227615359,0.0,0.8723976056832802,0.44,0.0005234385634099682,nan,0.03786838340486409,50.0,776.0,0.044767364859580994,0.01270219676285933,0.0,0.0,0.0,,,,,,,,,,,,
214.0,191.0,0.12990767523646407,0.25,0.7431390862341423,0.5217391304347826,0.00048465592580487554,nan,0.03781115879828326,46.0,764.0,0.19470977783203125,0.006994601409658685,0.0,0.0,0.0,,,,,,,,,,,,
215.0,200.0,-1.7518404603004465,0.0,0.8393783584121878,0.44680851063829785,0.0005357734202630984,nan,0.037753934191702435,47.0,800.0,0.04256427567452192,0.021195458045699667,0.0,0.0,0.0,,,,,,,,,,,,
216.0,72.0,-0.3022765678167343,0.0,0.8387695120860654,0.36363636363636365,0.0011437766073900896,nan,0.037696709585121606,22.0,288.0,0.049152166582643986,0.018151379511500032,0.0,0.0,0.0,,,,,,,,,,,,
217.0,166.0,-0.43667893171310435,0.0,0.9351468486864821,0.3488372093023256,0.0006524280339673133,nan,0.03763948497854078,43.0,664.0,-0.0003438089042901993,0.01790004184613525,0.0,0.0,0.0,,,,,,,,,,,,
218.0,93.0,-0.6436718183755876,0.0,0.8690597649484414,0.3333333333333333,0.0010863247061855517,nan,0.03758226037195995,24.0,372.0,0.01146822702139616,0.00737725198769823,0.0,0.0,0.0,,,,,,,,,,,,
219.0,100.0,-0.6346740424633026,0.0,0.8511627197851872,0.4827586206896552,0.0008805131583984696,nan,0.03752503576537912,29.0,400.0,0.0005299653857946396,0.011745719740256177,0.0,0.0,0.0,,,,,,,,,,,,
220.0,200.0,-0.4987613677978524,0.0,0.8294900126421175,0.40425531914893614,0.0005294617101970965,0.0,0.037467811158798284,47.0,800.0,0.03145453333854675,0.018101643244314403,0.0,0.0,0.0,3.0,0.0,0.0,0.0,0.0,0.10255491733551025,1.6184895038604736,12.042271974140325,50.666666666666664,1.0,200.0,-0.6758908887704212
221.0,43.0,-0.4721905875205993,0.0,0.7648208297825388,0.46153846153846156,0.0017649711456520127,nan,0.037410586552217455,13.0,172.0,0.06267218291759491,0.042985952484783874,0.0,0.0,0.0,,,,,,,,,,,,
222.0,158.0,-1.5961389708518987,0.0,0.8584779121039815,0.4722222222222222,0.0007153982600866514,nan,0.037353361945636626,36.0,632.0,0.08954350277781487,0.007726028659458706,0.0,0.0,0.0,,,,,,,,,,,,
223.0,181.0,-1.5379095768928532,0.0,0.9521175882348355,0.3409090909090909,0.0006491710828873881,nan,0.0372961373390558,44.0,724.0,0.08112700656056404,0.008128702281273714,0.0,0.0,0.0,,,,,,,,,,,,
224.0,167.0,-0.4333174479007724,0.0,0.890493081419245,0.4418604651162791,0.0006212742428506361,nan,0.03723891273247497,43.0,668.0,0.09832068160176277,0.016336755033131922,0.0,0.0,0.0,,,,,,,,,,,,
225.0,196.0,-1.1798017418384554,0.25,0.8036907050894065,0.45454545454545453,0.0005479709352882317,nan,0.03718168812589413,44.0,784.0,0.2093966193497181,0.006487651978871037,0.0,0.0,0.0,,,,,,,,,,,,
226.0,200.0,-1.108432221412659,0.0,0.9358079876532666,0.32,0.0005614847925919602,nan,0.03712446351931331,50.0,800.0,0.014328881166875362,0.02114355348386443,0.0,0.0,0.0,,,,,,,,,,,,
227.0,99.0,-0.36776714563369745,0.0,0.756559481384683,0.5666666666666667,0.000756559481384683,nan,0.037067238912732475,30.0,396.0,0.03095350693911314,0.013138268292260502,0.0,0.0,0.0,,,,,,,,,,,,
228.0,142.0,-0.6876578074693678,0.0,0.9501016550890848,0.35135135135135137,0.0007703526933154743,nan,0.037010014306151647,37.0,568.0,0.0419155852869153,0.02240229330098842,0.0,0.0,0.0,,,,,,,,,,,,
229.0,200.0,-0.7451578497886666,0.0,0.895204529832665,0.4444444444444444,0.0004973358499070361,nan,0.03695278969957082,54.0,800.0,0.01752246916294098,0.006840282942579323,0.0,0.0,0.0,,,,,,,,,,,,
230.0,62.0,-0.5893860590457917,0.0,0.8324135860409463,0.35294117647058826,0.001468965151836964,nan,0.03689556509298999,17.0,248.0,0.009819534607231617,0.01703111010286765,0.0,0.0,0.0,,,,,,,,,,,,
231.0,188.0,-1.2646659481525424,0.0,0.9411076171707908,0.3541666666666667,0.000588192260731744,nan,0.03683834048640916,48.0,752.0,0.06766186561435461,0.00783111415008314,0.0,0.0,0.0,,,,,,,,,,,,
232.0,200.0,-1.1552503585815432,0.0,0.879337120560944,0.3673469387755102,0.000538369665649558,nan,0.036781115879828324,49.0,800.0,0.10604300163686275,0.006061053715342268,0.0,0.0,0.0,,,,,,,,,,,,
233.0,171.0,-1.0595836079120635,0.0,0.8864954349577521,0.46511627906976744,0.0006184851871798271,nan,0.036723891273247496,43.0,684.0,0.07304736878722906,0.0076856181038733595,0.0,0.0,0.0,,,,,,,,,,,,
234.0,200.0,-0.6368807852268223,0.0,0.820986458953943,0.4444444444444444,0.0005473243059692954,nan,0.03666666666666667,45.0,800.0,0.029190962202847004,0.005278836800458375,0.0,0.0,0.0,,,,,,,,,,,,
235.0,200.0,-0.5254091382026678,0.0,0.9073046469098323,0.3617021276595745,0.000579130625687127,nan,0.03660944206008584,47.0,800.0,0.03622767888009548,0.009782688980310317,0.0,0.0,0.0,,,,,,,,,,,,
236.0,143.0,-0.7532113957405093,0.0,0.8292291419899761,0.47058823529411764,0.0007316727723440965,nan,0.03655221745350501,34.0,572.0,0.06796973664313555,0.012011971924940745,0.0,0.0,0.0,,,,,,,,,,,,
237.0,97.0,-0.7063934338092803,0.0,0.8907014372240359,0.375,0.001113376796530045,nan,0.03649499284692418,24.0,388.0,0.0998909343034029,0.004208959587259198,0.0,0.0,0.0,,,,,,,,,,,,
238.0,97.0,-0.1066407752037048,0.0,0.8932461482192011,0.43478260869565216,0.0011651036715902624,nan,0.03643776824034335,23.0,388.0,-0.00774270948022604,0.014993079615010174,0.0,0.0,0.0,,,,,,,,,,,,
239.0,41.0,-0.2910640156269073,0.0,0.7719796626616198,0.5,0.0019299491566540496,nan,0.03638054363376252,12.0,164.0,-0.04237315431237221,0.012558451105145118,0.0,0.0,0.0,,,,,,,,,,,,
240.0,50.0,-0.18594644069671623,0.0,0.7719796626616198,0.5,0.0019299491566540494,0.0,0.036323319027181694,12.0,200.0,0.09342939406633377,0.007426835856016396,0.0,0.0,0.0,3.0,0.0,0.08333333333333333,0.25,0.08333333333333333,1.7965946197509766,1.6363883018493652,7.166704645602901,31.0,1.0,122.33333333333333,-0.281445165872574
241.0,22.0,-0.4878850412368775,0.0,0.5593605262787413,0.625,0.00209760197354528,nan,0.03626609442060086,8.0,88.0,0.049913330003619194,0.00906937420469815,0.0,0.0,0.0,,,,,,,,,,,,
242.0,166.0,-0.6142001605033874,0.0,0.9282982904132561,0.3953488372093023,0.0006476499700557601,nan,0.03620886981402003,43.0,664.0,0.03144121076911688,0.011445576065387986,0.0,0.0,0.0,,,,,,,,,,,,
243.0,76.0,-0.28861168384552,0.0,0.944347909169437,0.34782608695652173,0.001231758142394918,nan,0.0361516452074392,23.0,304.0,0.0533387865871191,0.006992199530347687,0.0,0.0,0.0,,,,,,,,,,,,
244.0,147.0,-1.2241074991226197,0.0,0.7259477695131379,0.47058823529411764,0.0006405421495704159,nan,0.03609442060085837,34.0,588.0,0.02852553967386484,0.006078039660335004,0.0,0.0,0.0,,,,,,,,,,,,
245.0,166.0,-0.5180085039138799,0.0,0.8741934060697564,0.38095238095238093,0.0006244238614783978,nan,0.03603719599427754,42.0,664.0,0.045016213320195675,0.005712208167317101,0.0,0.0,0.0,,,,,,,,,,,,
246.0,200.0,14.940979056060327,0.25,0.7118689759449693,0.4857142857142857,0.000203391135984277,nan,0.035979971387696714,105.0,800.0,0.5048547275364399,0.005670095949595454,0.0,0.0,0.0,,,,,,,,,,,,
247.0,200.0,-1.2254418075084685,0.0,0.9724503890470594,0.27450980392156865,0.0005720296406159173,nan,0.035922746781115886,51.0,800.0,0.005395352840423584,0.012359641233075536,0.0,0.0,0.0,,,,,,,,,,,,
248.0,127.0,-0.373829962015152,0.0,0.9057807534410196,0.3333333333333333,0.000754817294534183,nan,0.03586552217453505,36.0,508.0,0.024801170453429222,0.006803386267349221,0.0,0.0,0.0,,,,,,,,,,,,
249.0,73.0,-0.5523976030945777,0.0,0.8483514348328792,0.47368421052631576,0.0013395022655255991,nan,0.03580829756795422,19.0,292.0,-0.029293896164745092,0.010210133849273717,0.0,0.0,0.0,,,,,,,,,,,,
250.0,200.0,-0.3336825847625734,0.0,0.9271571849996015,0.38461538461538464,0.0005348983759613086,nan,0.03575107296137339,52.0,800.0,0.20002924650907516,0.008407214862774182,0.0,0.0,0.0,,,,,,,,,,,,
251.0,135.0,-0.9299568414688113,0.0,0.9419263747485227,0.3125,0.0008830559763267404,nan,0.035693848354792564,32.0,540.0,0.10549277439713478,0.007987574187364288,0.0,0.0,0.0,,,,,,,,,,,,
252.0,116.0,-0.5767560696601866,0.0,0.8300112354641276,0.43333333333333335,0.0008300112354641277,nan,0.035636623748211735,30.0,464.0,0.11015470884740353,0.0072184859394424095,0.0,0.0,0.0,,,,,,,,,,,,
253.0,162.0,-1.1788380157947542,0.0,0.9603794551149641,0.3,0.0005762276730689784,nan,0.0355793991416309,50.0,648.0,0.09380128420889378,0.03016173281810297,0.0,0.0,0.0,,,,,,,,,,,,
254.0,176.0,-1.4863039857149118,0.0,0.9333437154792898,0.3191489361702128,0.0005957513077527382,nan,0.03552217453505008,47.0,704.0,0.08143918681889772,0.009250407354926438,0.0,0.0,0.0,,,,,,,,,,,,
255.0,96.0,-0.24185694217681883,0.0,0.9384456551130647,0.3333333333333333,0.001042717394570072,nan,0.03546494992846924,27.0,384.0,-0.05169049557298422,0.013868416998175093,0.0,0.0,0.0,,,,,,,,,,,,
256.0,43.0,-0.24394043564796444,0.0,0.7551631345549923,0.5714285714285714,0.0016182067169035548,nan,0.03540772532188841,14.0,172.0,0.039150952361524105,0.013769167245052331,0.0,0.0,0.0,,,,,,,,,,,,
257.0,97.0,-0.9090260040760041,0.0,0.9618169101820025,0.32,0.0011541802922184036,nan,0.035350500715307584,25.0,388.0,-0.032543966080993414,0.015699234087707237,0.0,0.0,0.0,,,,,,,,,,,,
258.0,56.0,-0.4484169459342956,0.0,0.6780647465127767,0.5,0.0014529958853845215,nan,0.035293276108726755,14.0,224.0,-0.04276565182954073,0.007166556413462136,0.0,0.0,0.0,,,,,,,,,,,,
259.0,44.0,-0.3840233111381531,0.0,0.5748150014545825,0.6153846153846154,0.0013264961572028828,nan,0.035236051502145926,13.0,176.0,-0.007357426919043064,0.01602456313420155,0.0,0.0,0.0,,,,,,,,,,,,
260.0,85.0,-0.10471284985542284,0.0,0.8391703729518774,0.48,0.0010070044475422528,0.0,0.0351788268955651,25.0,340.0,0.07108549121767282,0.015388239944414295,0.0,0.0,0.0,3.0,0.0,0.0,0.16666666666666666,0.0,1.3582189083099365,1.6328771114349365,9.052246880760018,39.666666666666664,1.0,152.0,-0.5170533400774004
261.0,82.0,-0.39156329751014696,0.0,0.7415940831299349,0.4,0.0011123911246949023,nan,0.03512160228898427,20.0,328.0,-0.012314472813159227,0.011882492568003222,0.0,0.0,0.0,,,,,,,,,,,,
262.0,51.0,-0.48633805274963365,0.0,0.3356477209792005,0.7692307692307693,0.0007745716637981552,nan,0.03506437768240343,13.0,204.0,0.010197078809142113,0.05177208621030866,0.0,0.0,0.0,,,,,,,,,,,,
263.0,145.0,-0.46185045242309614,0.0,0.8323457389320986,0.375,0.0006242593041990742,nan,0.035007153075822604,40.0,580.0,0.13968605548143387,0.022353919577795978,0.0,0.0,0.0,,,,,,,,,,,,
264.0,100.0,-0.2662689268589021,0.0,0.9220801325149237,0.34615384615384615,0.0010639386144402968,nan,0.034949928469241776,26.0,400.0,0.07927236147224903,0.009076618003641457,0.0,0.0,0.0,,,,,,,,,,,,
265.0,127.0,-0.23213600635528547,0.0,0.9043407800315131,0.3611111111111111,0.0007536173166929276,nan,0.03489270386266095,36.0,508.0,-0.04386091884225607,0.008760327182351091,0.0,0.0,0.0,,,,,,,,,,,,
266.0,156.0,-0.2768971270322802,0.25,0.8937013756547665,0.34146341463414637,0.0006539278358449511,nan,0.03483547925608012,41.0,624.0,0.06975553929805756,0.009314716495076425,0.0,0.0,0.0,,,,,,,,,,,,
267.0,69.0,-0.27089170455932615,0.0,0.8118653188099036,0.47368421052631576,0.0012818926086472161,nan,0.03477825464949929,19.0,276.0,0.03691441286355257,0.015256206520092519,0.0,0.0,0.0,,,,,,,,,,,,
268.0,43.0,-0.4619219708442688,0.0,0.9426312884329151,0.3333333333333333,0.002356578221082288,nan,0.03472103004291846,12.0,172.0,-0.020594435278326273,0.017087513877455888,0.0,0.0,0.0,,,,,,,,,,,,
269.0,85.0,-0.5199085593223571,0.0,0.9375221641162165,0.34782608695652173,0.0012228549966733257,nan,0.034663805436337625,23.0,340.0,0.04198559373617172,0.016555203448056943,0.0,0.0,0.0,,,,,,,,,,,,
270.0,200.0,-0.1619925618171693,0.0,0.9483908857953566,0.3333333333333333,0.0005578769916443275,nan,0.034606580829756796,51.0,800.0,0.038402081467211246,0.007482601338884565,0.0,0.0,0.0,,,,,,,,,,,,
271.0,127.0,-0.6794263851642609,0.0,0.8663219563410863,0.43333333333333335,0.0008663219563410866,nan,0.03454935622317597,30.0,508.0,-0.019118163734674454,0.009320335552564618,0.0,0.0,0.0,,,,,,,,,,,,
272.0,125.0,-0.7734916806221009,0.0,0.9278883190732211,0.3939393939393939,0.0008435348355211101,nan,0.03449213161659514,33.0,500.0,0.07747728005051613,0.012036670234685687,0.0,0.0,0.0,,,,,,,,,,,,
273.0,32.0,-0.1849231433868408,0.0,0.7139509785460607,0.5555555555555556,0.002379836595153536,nan,0.03443490701001431,9.0,128.0,-0.04066608101129532,0.007810574420200389,0.0,0.0,0.0,,,,,,,,,,,,
274.0,170.0,-0.36475686281919506,0.0,0.7466763945062375,0.5,0.000589481364083872,nan,0.03437768240343348,38.0,680.0,0.020833348855376244,0.015953923406248842,0.0,0.0,0.0,,,,,,,,,,,,
275.0,103.0,-0.04031714826822286,0.0,0.7724274832075729,0.4,0.0009269129798490876,nan,0.03432045779685265,25.0,412.0,0.04739459604024887,0.012179484114896333,0.0,0.0,0.0,,,,,,,,,,,,
276.0,91.0,-0.16437096953392016,0.0,0.8834336489987598,0.4583333333333333,0.0011042920612484494,nan,0.034263233190271816,24.0,364.0,0.012398223392665386,0.01903149969779605,0.0,0.0,0.0,,,,,,,,,,,,
277.0,97.0,-0.277553845643997,0.0,0.8683788495863924,0.4090909090909091,0.0011841529767087173,nan,0.034206008583690994,22.0,388.0,-0.02565357042476535,0.023022929507553982,0.0,0.0,0.0,,,,,,,,,,,,
278.0,200.0,-1.5552504837512962,0.0,0.9253334606392873,0.3673469387755102,0.0005665306901873191,nan,0.03414878397711016,49.0,800.0,0.10485347546637058,0.012696882927933473,0.0,0.0,0.0,,,,,,,,,,,,
279.0,200.0,0.34808460474014236,0.25,0.9369103550342492,0.3888888888888889,0.0005205057527968054,nan,0.03409155937052933,54.0,800.0,0.013407141901552677,0.014111203404860273,0.0,0.0,0.0,,,,,,,,,,,,
280.0,178.0,-1.1322790074348457,0.0,0.8844178024215318,0.4583333333333333,0.0005527611265134575,0.0,0.0340343347639485,48.0,712.0,-0.002236512489616871,0.01904669755709154,0.0,0.0,0.0,3.0,0.0,0.0,0.16666666666666666,0.0,0.7374264001846313,1.6337189674377441,9.965680886532937,35.333333333333336,1.0,145.66666666666666,-0.5874216848611833
281.0,135.0,-0.5366575539112093,0.0,0.8961863871196574,0.35135135135135137,0.0007266376111781006,nan,0.033977110157367665,37.0,540.0,0.0007958747446537018,0.017511217124742018,0.0,0.0,0.0,,,,,,,,,,,,
282.0,56.0,-0.11825004577636711,0.0,0.8274095654878446,0.5,0.0017730204974739528,nan,0.033919885550786844,14.0,224.0,-0.039551589637994766,0.01045935945272244,0.0,0.0,0.0,,,,,,,,,,,,
283.0,180.0,-1.2210865020751955,0.0,0.8293326162378584,0.40476190476190477,0.000592380440169899,nan,0.03386266094420601,42.0,720.0,0.024600143544375896,0.01144511784612895,0.0,0.0,0.0,,,,,,,,,,,,
284.0,200.0,-1.5620627880096438,0.0,0.9430398524639236,0.37254901960784315,0.0005547293249787788,nan,0.033805436337625186,51.0,800.0,0.10320228710770607,0.02247764909949268,0.0,0.0,0.0,,,,,,,,,,,,
285.0,41.0,-0.4278797006607056,0.0,0.915538589816123,0.3333333333333333,0.002288846474540308,nan,0.03374821173104435,12.0,164.0,0.03537925332784653,0.009433698874911387,0.0,0.0,0.0,,,,,,,,,,,,
286.0,124.0,-0.6217709356546404,0.0,0.9165639255451389,0.3333333333333333,0.0008332399323137627,nan,0.03369098712446352,33.0,496.0,0.14136599004268646,0.00747173588026584,0.0,0.0,0.0,,,,,,,,,,,,
287.0,200.0,-0.7002654999494561,0.0,0.7826322513018761,0.5,0.0004891451570636724,nan,0.03363376251788269,48.0,800.0,-0.003877486102283001,0.007623237412550665,0.0,0.0,0.0,,,,,,,,,,,,
288.0,200.0,-0.4680639266967774,0.0,0.9302429692809374,0.3888888888888889,0.0005168016496005208,nan,0.033576537911301864,54.0,800.0,0.007772033102810383,0.011530981853517641,0.0,0.0,0.0,,,,,,,,,,,,
289.0,67.0,-0.6437374901771544,0.0,0.6754378931118123,0.5555555555555556,0.001125729821853021,nan,0.033519313304721035,18.0,268.0,-0.013772747479379177,0.012484761486589946,0.0,0.0,0.0,,,,,,,,,,,,
290.0,200.0,-1.413571131229401,0.0,0.9316206507488053,0.3829787234042553,0.0005946514792013649,nan,0.0334620886981402,47.0,800.0,0.048232714645564556,0.011044349972188172,0.0,0.0,0.0,,,,,,,,,,,,
291.0,145.0,-1.5913441061973574,0.0,0.96237790800123,0.3142857142857143,0.0008248953497153403,nan,0.03340486409155937,35.0,580.0,0.0502181937918067,0.013074799447455376,0.0,0.0,0.0,,,,,,,,,,,,
292.0,52.0,-0.4004287075996399,0.0,0.8166663905876312,0.5,0.0020416659764690786,nan,0.03334763948497854,12.0,208.0,0.026084793731570244,0.01614035595571732,0.0,0.0,0.0,,,,,,,,,,,,
293.0,89.0,-0.3104138875007629,0.0,0.9271268167521916,0.391304347826087,0.0012092958479376413,nan,0.03329041487839771,23.0,356.0,-0.013643767684698105,0.019103608419428042,0.0,0.0,0.0,,,,,,,,,,,,
294.0,186.0,-0.6727542257308962,0.0,0.9590716946850354,0.3,0.0005754430168110211,nan,0.033233190271816884,50.0,744.0,-0.04443036112934351,0.008885082202386485,0.0,0.0,0.0,,,,,,,,,,,,
295.0,151.0,-0.1763920760154724,0.0,0.8904602688982629,0.35,0.0006678452016736973,nan,0.03317596566523605,40.0,604.0,0.0975941363722086,0.007678244240268972,0.0,0.0,0.0,,,,,,,,,,,,
296.0,200.0,1.2928714632987939,0.25,0.8869605135565016,0.3898305084745763,0.00045099687129991617,nan,0.03311874105865523,59.0,800.0,0.24430717155337334,0.00935885484194543,0.0,0.0,0.0,,,,,,,,,,,,
297.0,164.0,-0.5160536074638369,0.0,0.8801532857273116,0.358974358974359,0.0006770409890210091,nan,0.03306151645207439,39.0,656.0,0.021558260545134544,0.00960827995400848,0.0,0.0,0.0,,,,,,,,,,,,
298.0,200.0,-1.228230911493301,0.0,0.9592181288926684,0.33962264150943394,0.000542953657863775,nan,0.03300429184549357,53.0,800.0,0.0884549468755722,0.009287063862579714,0.0,0.0,0.0,,,,,,,,,,,,
299.0,55.0,-0.27480686902999873,0.0,0.7658843850619537,0.5,0.001641180825132758,nan,0.03294706723891273,14.0,220.0,0.10255523584783077,0.009983275453498147,0.0,0.0,0.0,,,,,,,,,,,,
300.0,64.0,-0.14582595765590683,0.25,0.7144836820469697,0.5294117647058824,0.0012608535565534758,0.0,0.032889842632331905,17.0,256.0,0.12319102883338928,0.02720829110131924,0.0,0.0,0.0,3.0,0.0,0.08333333333333333,0.16666666666666666,0.08333333333333333,0.24158060550689697,1.6188335418701172,9.557924643952598,42.0,1.0,171.0,-0.5789582973718645
301.0,121.0,-1.1030612683296204,0.0,0.9788767546123905,0.3103448275862069,0.0010126311254610937,nan,0.032832618025751076,29.0,484.0,0.0062732091173529625,0.021750785992413313,0.0,0.0,0.0,,,,,,,,,,,,
302.0,59.0,-0.33006441235542294,0.0,0.6390516219608091,0.6428571428571429,0.001369396332773163,nan,0.03277539341917024,14.0,236.0,0.08587268553674221,0.013219712248817782,0.0,0.0,0.0,,,,,,,,,,,,
303.0,137.0,-0.3288075280189514,0.0,0.8584779121039815,0.4722222222222222,0.0007153982600866514,nan,0.03271816881258942,36.0,548.0,0.1153140477836132,0.014574752924532142,0.0,0.0,0.0,,,,,,,,,,,,
304.0,185.0,-1.846457278728485,0.0,0.8651270028399513,0.32608695652173914,0.0005642132627217073,nan,0.03266094420600858,46.0,740.0,0.2545156702399254,0.01045689190322463,0.0,0.0,0.0,,,,,,,,,,,,
305.0,186.0,-0.31020300149917573,0.0,0.9036449768213437,0.43137254901960786,0.0005315558687184376,nan,0.03260371959942776,51.0,744.0,0.008783350698649883,0.02593926820220105,0.0,0.0,0.0,,,,,,,,,,,,
306.0,191.0,-0.9751301503181464,0.0,0.939193010274935,0.375,0.0005031391126472867,nan,0.032546494992846925,56.0,764.0,0.017035375349223614,0.015143568784658612,0.0,0.0,0.0,,,,,,,,,,,,
307.0,200.0,-0.6087245464324953,0.0,0.9577137896124319,0.32075471698113206,0.0005421021450636408,nan,0.032489270386266096,53.0,800.0,0.02045743726193905,0.011434841241643845,0.0,0.0,0.0,,,,,,,,,,,,
308.0,200.0,-0.7750700831413274,0.0,0.9066544701396739,0.3617021276595745,0.0005787156192380897,nan,0.03243204577968527,47.0,800.0,-0.008322578854858875,0.019535697986133485,0.0,0.0,0.0,,,,,,,,,,,,
309.0,39.0,-0.4640766048431396,0.0,0.5808051752906516,0.45454545454545453,0.00158401411442905,nan,0.03237482117310444,11.0,156.0,-0.030131693463772535,0.02413505084513627,0.0,0.0,0.0,,,,,,,,,,,,
310.0,95.0,-0.7384990513324737,0.0,0.8227250781526131,0.4,0.0009872700937831355,nan,0.03231759656652361,25.0,380.0,0.06634699553251266,0.019219316623036775,0.0,0.0,0.0,,,,,,,,,,,,
311.0,200.0,-0.6695996642112736,0.0,0.9261362193354569,0.36538461538461536,0.0005343093573089178,nan,0.032260371959942774,52.0,800.0,-0.015557068400084972,0.009054013280021422,0.0,0.0,0.0,,,,,,,,,,,,
312.0,200.0,-0.6103594660758969,0.0,0.9586111342889492,0.3469387755102041,0.0005869047760952748,nan,0.03220314735336195,49.0,800.0,0.006199472583830357,0.032886057800936896,0.0,0.0,0.0,,,,,,,,,,,,
313.0,162.0,-0.7064877104759218,0.0,0.8282318783725904,0.3902439024390244,0.0006060233256384806,nan,0.032145922746781116,41.0,648.0,0.12901074811816216,0.008932103484227127,0.0,0.0,0.0,,,,,,,,,,,,
314.0,191.0,-0.2615679493546495,0.0,0.9139515155789183,0.35555555555555557,0.0006093010103859456,nan,0.03208869814020029,45.0,764.0,-0.003560026176273823,0.009899515112016033,0.0,0.0,0.0,,,,,,,,,,,,
315.0,151.0,-0.8751071190834045,0.0,0.9404268499465341,0.34146341463414637,0.000688117207277952,nan,0.03203147353361946,41.0,604.0,0.08786192536354065,0.015457612238860996,0.0,0.0,0.0,,,,,,,,,,,,
316.0,200.0,-0.7947160959243775,0.0,0.9397504527871486,0.38,0.000563850271672289,nan,0.03197424892703863,50.0,800.0,0.01930360309779644,0.012539066503270746,0.0,0.0,0.0,,,,,,,,,,,,
317.0,200.0,-1.1614680677652363,0.0,0.8540823675325215,0.42857142857142855,0.0005229075719586865,nan,0.0319170243204578,49.0,800.0,0.08594749681651592,0.014350310711400027,0.0,0.0,0.0,,,,,,,,,,,,
318.0,200.0,-0.7933901935815812,0.0,0.8868717049500514,0.34782608695652173,0.0005783945901848161,nan,0.031859799713876966,46.0,800.0,-0.015512915328145027,0.00935986290992119,0.0,0.0,0.0,,,,,,,,,,,,
319.0,78.0,-0.11395293951034557,0.0,0.8445412567474709,0.5,0.0012668118851212064,nan,0.031802575107296144,20.0,312.0,0.13901375606656075,0.012712660105348661,0.0,0.0,0.0,,,,,,,,,,,,
320.0,200.0,-0.9932344883680346,0.0,0.9072787968650857,0.36,0.0005443672781190517,0.0,0.03174535050071531,50.0,800.0,0.005394601263105869,0.023604681389126192,0.0,0.0,0.0,3.0,0.0,0.0,0.25,0.0,0.1524830162525177,1.6379871368408203,8.33957801814419,30.0,1.0,116.66666666666667,-0.49913511474927263
321.0,35.0,-0.19468746185302732,0.0,0.7584059448961067,0.5,0.00227521783468832,nan,0.03168812589413448,10.0,140.0,0.02453549113124609,0.01407414829094965,0.0,0.0,0.0,,,,,,,,,,,,
322.0,84.0,-0.26683691978454577,0.0,0.9401374627693857,0.375,0.0011751718284617322,nan,0.03163090128755365,24.0,336.0,-0.03182218689471483,0.013500764252700748,0.0,0.0,0.0,,,,,,,,,,,,
323.0,44.0,-0.2738335037231445,0.0,0.7448870381137238,0.5,0.00186221759528431,nan,0.031573676680972815,12.0,176.0,-0.0006442246958613396,0.013196328980360373,0.0,0.0,0.0,,,,,,,,,,,,
324.0,89.0,-0.5574678683280945,0.0,0.8585519810001034,0.38461538461538464,0.0009906369011539657,nan,0.03151645207439199,26.0,356.0,0.03857643436640501,0.017151290843649747,0.0,0.0,0.0,,,,,,,,,,,,
325.0,114.0,-0.4723726356029511,0.0,0.9500812861426513,0.3225806451612903,0.000919433502718695,nan,0.03145922746781116,31.0,456.0,-0.007674849592149258,0.017273891634943084,0.0,0.0,0.0,,,,,,,,,,,,
326.0,176.0,-1.3971240258216862,0.0,0.9110960855645217,0.4318181818181818,0.0006212018765212648,nan,0.031402002861230335,44.0,704.0,0.05578930303454399,0.010908265061743805,0.0,0.0,0.0,,,,,,,,,,,,
327.0,111.0,-0.5665313994884489,0.0,0.8457804293795909,0.37037037037037035,0.0009397560326439902,nan,0.0313447782546495,27.0,444.0,-0.02733385283499956,0.01753186566955378,0.0,0.0,0.0,,,,,,,,,,,,
328.0,200.0,-0.31051551699638374,0.0,0.9409537760735456,0.3269230769230769,0.0005428579477347379,nan,0.03128755364806867,52.0,800.0,-0.02701188251376152,0.008859360184858112,0.0,0.0,0.0,,,,,,,,,,,,
329.0,108.0,-0.7067450213432311,0.0,0.7096985350819083,0.5,0.0008188829250945096,nan,0.031230329041487842,26.0,432.0,0.0011835573241114616,0.01632931241941815,0.0,0.0,0.0,,,,,,,,,,,,
330.0,152.0,-0.535774917602539,0.0,0.8565877479438458,0.47619047619047616,0.0006118483913884613,nan,0.031173104434907013,42.0,608.0,-0.003354134038090706,0.023573466859492243,0.0,0.0,0.0,,,,,,,,,,,,
331.0,157.0,-0.8152331304550173,0.0,0.915392822228555,0.3023255813953488,0.0006386461550431779,nan,0.031115879828326184,43.0,628.0,0.09977171570062637,0.009256159009901843,0.0,0.0,0.0,,,,,,,,,,,,
332.0,200.0,-0.8176757678389557,0.0,0.8130621981023379,0.5306122448979592,0.0004977931825116356,nan,0.031058655221745352,49.0,800.0,0.045954943634569645,0.01134101976003521,0.0,0.0,0.0,,,,,,,,,,,,
333.0,75.0,-0.231372606754303,0.0,0.8793615632966643,0.3684210526315789,0.001388465626257891,nan,0.031001430615164523,19.0,300.0,0.2379130758345127,0.008873575255314847,0.0,0.0,0.0,,,,,,,,,,,,
334.0,136.0,-0.37560229659080535,0.0,0.8868236342364684,0.34375,0.0008313971570966892,nan,0.03094420600858369,32.0,544.0,0.14108066260814667,0.007778428079483035,0.0,0.0,0.0,,,,,,,,,,,,
335.0,200.0,-1.363209879398346,0.0,0.8056267919651378,0.5384615384615384,0.00046478468767219516,nan,0.030886981402002866,52.0,800.0,0.0685737170279026,0.005124208107091022,0.0,0.0,0.0,,,,,,,,,,,,
336.0,107.0,-0.46191263318061837,0.0,0.9452037011952298,0.3448275862068966,0.0009777969322709273,nan,0.030829756795422034,29.0,428.0,0.05075308866798878,0.013925994728356983,0.0,0.0,0.0,,,,,,,,,,,,
337.0,170.0,-0.6422165215015414,0.0,0.9489776595904345,0.34782608695652173,0.0006188984736459353,nan,0.030772532188841205,46.0,680.0,0.04996943101286888,0.010688699653369937,0.0,0.0,0.0,,,,,,,,,,,,
338.0,200.0,-1.231704884767532,0.0,0.8550251905112576,0.37254901960784315,0.0005029559944183867,nan,0.030715307582260373,51.0,800.0,0.08717246353626251,0.008975430614178492,0.0,0.0,0.0,,,,,,,,,,,,
339.0,129.0,-0.6602341318130492,0.0,0.9592101294518872,0.3125,0.0008992594963611444,nan,0.030658082975679544,32.0,516.0,0.06699893344193697,0.00958275691506405,0.0,0.0,0.0,,,,,,,,,,,,
340.0,200.0,-0.9270600497722631,0.0,0.8645559316508511,0.4074074074074074,0.00048030885091713936,0.0,0.030600858369098715,54.0,800.0,0.06637783348560333,0.00680857797655765,0.0,0.0,0.0,3.0,0.0,0.08333333333333333,0.3333333333333333,0.08333333333333333,-0.10507890582084656,1.62788987159729,5.4723531014172595,23.0,1.0,85.66666666666667,-0.2659652631978194
341.0,178.0,-0.9408459278941158,0.0,0.8915071586760503,0.3488372093023256,0.000621981738611198,nan,0.030543633762517886,43.0,712.0,0.063266571611166,0.015711674109594398,0.0,0.0,0.0,,,,,,,,,,,,
342.0,200.0,-0.5267741739749912,0.0,0.9785025585491824,0.30357142857142855,0.0005241977992227763,nan,0.030486409155937054,56.0,800.0,0.01518123410642147,0.014178439463357506,0.0,0.0,0.0,,,,,,,,,,,,
343.0,200.0,-1.073171436786652,0.0,0.8857819292814094,0.32,0.0005314691575688457,nan,0.030429184549356225,50.0,800.0,0.04804196394979954,0.012718271929220037,0.0,0.0,0.0,,,,,,,,,,,,
344.0,200.0,-0.8667067289352424,0.0,0.8436679103932972,0.4727272727272727,0.00046018249657816217,nan,0.030371959942775396,55.0,800.0,0.025467299856245518,0.010064211817120139,0.0,0.0,0.0,,,,,,,,,,,,
345.0,200.0,-1.2938745170831683,0.0,0.8839693893244096,0.3333333333333333,0.000420937804440195,nan,0.030314735336194564,63.0,800.0,0.026450928300619125,0.017582451645786534,0.0,0.0,0.0,,,,,,,,,,,,
346.0,200.0,-0.42429938912391707,0.0,0.9439097175799797,0.36538461538461536,0.0005445632986038343,nan,0.030257510729613735,52.0,800.0,0.03915338311344385,0.0188491587916495,0.0,0.0,0.0,,,,,,,,,,,,
347.0,46.0,-0.08801892161369324,0.0,0.9165165214516209,0.42857142857142855,0.0019639639745391876,nan,0.030200286123032907,14.0,184.0,0.05513221491128206,0.012009012691993596,0.0,0.0,0.0,,,,,,,,,,,,
348.0,67.0,-0.35437494039535516,0.0,0.8282856523911749,0.5,0.001242428478586762,nan,0.030143061516452078,20.0,268.0,0.009645706973969936,0.010987788597243586,0.0,0.0,0.0,,,,,,,,,,,,
349.0,91.0,-0.10009036421775816,0.0,0.8391702248140851,0.48,0.0010070042697769021,nan,0.030085836909871246,25.0,364.0,0.005017036572098732,0.008918497342953913,0.0,0.0,0.0,,,,,,,,,,,,
350.0,116.0,-0.17329623460769644,0.0,0.9348322040157562,0.3939393939393939,0.0008498474581961419,nan,0.030028612303290417,33.0,464.0,0.035232589580118656,0.014064974021071208,0.0,0.0,0.0,,,,,,,,,,,,
351.0,118.0,-0.9192657697200781,0.0,0.8261619490015668,0.4838709677419355,0.0007995115635499033,nan,0.029971387696709588,31.0,472.0,0.039924400858581066,0.010553878153343632,0.0,0.0,0.0,,,,,,,,,,,,
352.0,200.0,-0.8432274281978613,0.0,0.8220041655866582,0.4,0.000493202499351995,nan,0.029914163090128756,50.0,800.0,0.03135660104453564,0.007101444219967057,0.0,0.0,0.0,,,,,,,,,,,,
353.0,33.0,-0.30963773012161255,0.0,0.7627069034872189,0.6,0.0022881207104616568,nan,0.029856938483547927,10.0,132.0,0.05519250966608524,0.01781019146900772,0.0,0.0,0.0,,,,,,,,,,,,
354.0,94.0,-0.3502675199508667,0.0,0.9113625113838723,0.4,0.0010936350136606468,nan,0.0297997138769671,25.0,376.0,0.08205362409353256,0.01107262543772336,0.0,0.0,0.0,,,,,,,,,,,,
355.0,179.0,-0.6040444517135619,0.0,0.8856235699815007,0.4166666666666667,0.0005535147312384379,nan,0.02974248927038627,48.0,716.0,0.06028062105178833,0.015251695104968377,0.0,0.0,0.0,,,,,,,,,,,,
356.0,166.0,-0.5792082047462466,0.0,0.8594376968599294,0.40425531914893614,0.0005485772533148488,nan,0.02968526466380544,47.0,664.0,0.07393873482942581,0.008018430703526258,0.0,0.0,0.0,,,,,,,,,,,,
357.0,188.0,-1.5113780914992092,0.0,0.8524219650881562,0.4166666666666667,0.0005327637281800976,nan,0.02962804005722461,48.0,752.0,0.12847947515547276,0.019309588532479438,0.0,0.0,0.0,,,,,,,,,,,,
358.0,178.0,-1.0931620168685914,0.0,0.9044634381234911,0.3469387755102041,0.000553753125381729,nan,0.02957081545064378,49.0,712.0,0.1076645515859127,0.0129973956941285,0.0,0.0,0.0,,,,,,,,,,,,
359.0,170.0,-0.9182975500822068,0.0,0.8191570312886273,0.36585365853658536,0.0005993831936258248,nan,0.02951359084406295,41.0,680.0,0.139173936098814,0.0097548993260399,0.0,0.0,0.0,,,,,,,,,,,,
360.0,46.0,-0.5455450570583343,0.0,0.7850440826973984,0.4666666666666667,0.0015700881653947967,0.0,0.02945636623748212,15.0,184.0,0.08680008724331856,0.017321426948040862,0.0,0.0,0.0,3.0,0.0,0.0,0.25,0.0,2.261181592941284,1.6292662620544434,7.958405812726899,29.0,1.0,106.0,-0.466278258562088
361.0,22.0,-0.2667759370803833,0.0,0.6670296660929467,0.625,0.00250136124784855,nan,0.02939914163090129,8.0,88.0,-0.002089213114231825,0.027351356857345556,0.0,0.0,0.0,,,,,,,,,,,,
362.0,155.0,-0.8668362855911252,0.0,0.8817808015817988,0.4358974358974359,0.0006782929242936914,nan,0.029341917024320457,39.0,620.0,0.068454853259027,0.00957594414116869,0.0,0.0,0.0,,,,,,,,,,,,
363.0,109.0,-0.4860179567337034,0.0,0.8463706103438904,0.3448275862068966,0.0008755558038040247,nan,0.029284692417739632,29.0,436.0,0.043953279964625835,0.013228125520154954,0.0,0.0,0.0,,,,,,,,,,,,
364.0,200.0,-0.5198264896869659,0.0,0.945429166915025,0.30612244897959184,0.0005788341838255256,nan,0.029227467811158803,49.0,800.0,0.024148867465555668,0.008268374134258849,0.0,0.0,0.0,,,,,,,,,,,,
365.0,164.0,-0.6215940260887148,0.0,0.8682111576055724,0.3695652173913043,0.000566224668003634,nan,0.02917024320457797,46.0,656.0,0.026584815233945847,0.008266088497812518,0.0,0.0,0.0,,,,,,,,,,,,
366.0,170.0,-0.9336107432842262,0.0,0.7507475173126833,0.5641025641025641,0.0005774980902405258,nan,0.029113018597997142,39.0,680.0,0.06863464135676622,0.010877840219656099,0.0,0.0,0.0,,,,,,,,,,,,
367.0,62.0,-0.5003055405616761,0.0,0.8203850195174328,0.3888888888888889,0.001367308365862388,nan,0.02905579399141631,18.0,248.0,0.07573823630809784,0.011925450814380205,0.0,0.0,0.0,,,,,,,,,,,,
368.0,67.0,-0.48723825931549064,0.0,0.67717503093256,0.47619047619047616,0.0009673929013322289,nan,0.02899856938483548,21.0,268.0,0.01995098777115345,0.009495107457965446,0.0,0.0,0.0,,,,,,,,,,,,
369.0,140.0,-0.3677875399589539,0.0,0.8913247269849021,0.34210526315789475,0.0007036774160407122,nan,0.02894134477825465,38.0,560.0,0.01595992036163807,0.0058046259651991505,0.0,0.0,0.0,,,,,,,,,,,,
370.0,200.0,-1.0299597442150121,0.0,0.8761087536545734,0.38,0.0005256652521927437,nan,0.02888412017167382,50.0,800.0,0.0001560589298605919,0.014232387774410604,0.0,0.0,0.0,,,,,,,,,,,,
371.0,34.0,-0.5239358389377593,0.0,0.7952181862687071,0.4,0.002385654558806122,nan,0.028826895565092995,10.0,136.0,-0.0015347590669989586,0.009139332385175562,0.0,0.0,0.0,,,,,,,,,,,,
372.0,125.0,-0.7684825658798218,0.0,0.9202881096421497,0.3548387096774194,0.000890601396427887,nan,0.028769670958512163,31.0,500.0,0.04288158752024174,0.009403124504926197,0.0,0.0,0.0,,,,,,,,,,,,
373.0,56.0,-0.5705504870414735,0.0,0.8898846054376033,0.3333333333333333,0.0017797692108752071,nan,0.028712446351931334,15.0,224.0,-0.020980251021683216,0.010034629108231132,0.0,0.0,0.0,,,,,,,,,,,,
374.0,36.0,-0.5259170031547546,0.0,0.4248308568026381,0.7777777777777778,0.0014161028560087938,nan,0.0286552217453505,9.0,144.0,-0.0011073509231209755,0.014463681340114616,0.0,0.0,0.0,,,,,,,,,,,,
375.0,200.0,-0.7611682742834094,0.0,0.9050068075454415,0.37735849056603776,0.0005122680042710046,nan,0.028597997138769673,53.0,800.0,0.08270465210080147,0.013003422321595792,0.0,0.0,0.0,,,,,,,,,,,,
376.0,200.0,-0.4779806613922125,0.25,0.9693737152399465,0.3018867924528302,0.0005487021029660077,nan,0.028540772532188844,53.0,800.0,0.12049395963549614,0.006804168653970044,0.0,0.0,0.0,,,,,,,,,,,,
377.0,184.0,-0.9931433105468754,0.0,0.8574873887561428,0.37209302325581395,0.0005982470154112624,nan,0.028483547925608012,43.0,736.0,0.1505204476416111,0.005120558565407052,0.0,0.0,0.0,,,,,,,,,,,,
378.0,200.0,-0.5194210618734361,0.0,0.9329180415332771,0.39215686274509803,0.0005487753185489864,nan,0.028426323319027186,51.0,800.0,0.009289896115660667,0.007287656626580485,0.0,0.0,0.0,,,,,,,,,,,,
379.0,59.0,-0.4381047213077545,0.0,0.767438498640384,0.4,0.001534876997280768,nan,0.02836909871244635,15.0,236.0,0.031831856817007065,0.010299663340485835,0.0,0.0,0.0,,,,,,,,,,,,
380.0,200.0,-1.2347604513168338,0.0,0.9429056396241507,0.3050847457627119,0.00047944354557160224,0.0,0.028311874105865525,59.0,800.0,0.2845669090747833,0.007373562688313129,0.0,0.0,0.0,3.0,0.0,0.0,0.25,0.0,2.5735208988189697,1.633927345275879,5.464428256037839,19.0,1.0,73.0,-0.19041444142659505
381.0,68.0,-0.6144507932662964,0.0,0.8793616373655604,0.3684210526315789,0.0013884657432087799,nan,0.028254649499284697,19.0,272.0,0.011864454485476017,0.010013171604182247,0.0,0.0,0.0,,,,,,,,,,,,
382.0,99.0,-0.3651876950263977,0.0,0.8954574751129214,0.41935483870967744,0.000866571750109279,nan,0.028197424892703864,31.0,396.0,0.004177008755505085,0.010122156180541797,0.0,0.0,0.0,,,,,,,,,,,,
383.0,115.0,-0.5769617795944214,0.0,0.8799868529177256,0.3870967741935484,0.0008516001802429606,nan,0.028140200286123036,31.0,460.0,0.03164794575423002,0.02070578746842955,0.0,0.0,0.0,,,,,,,,,,,,
384.0,73.0,-0.44074403524398803,0.0,0.8282856523911749,0.5,0.001242428478586762,nan,0.028082975679542203,20.0,292.0,-0.04996931366622448,0.009250988572844676,0.0,0.0,0.0,,,,,,,,,,,,
385.0,165.0,-1.175545930862427,0.0,0.9086459605497043,0.4186046511627907,0.0006339390422439795,nan,0.028025751072961375,43.0,660.0,0.18831630796194077,0.0057178937284305675,0.0,0.0,0.0,,,,,,,,,,,,
386.0,154.0,-1.2293917948007593,0.0,0.9075237427045609,0.3170731707317073,0.0006640417629545568,nan,0.02796852646638055,41.0,616.0,0.12568501010537148,0.01279584634161579,0.0,0.0,0.0,,,,,,,,,,,,
387.0,25.0,-0.2804199934005737,0.0,0.6053757909600438,0.5,0.002270159216100164,nan,0.027911301859799717,8.0,100.0,0.26726604998111725,0.014449341555082356,0.0,0.0,0.0,,,,,,,,,,,,
388.0,109.0,-0.7815600776672365,0.0,0.8696440944699473,0.4,0.0008696440944699473,nan,0.027854077253218888,30.0,436.0,0.20514673367142677,0.010411585496871822,0.0,0.0,0.0,,,,,,,,,,,,
389.0,200.0,-1.6971931219100962,0.0,0.7397597669174752,0.5319148936170213,0.0004721870852664738,nan,0.027796852646638056,47.0,800.0,0.1661578007042408,0.0058610734779733775,0.0,0.0,0.0,,,,,,,,,,,,
390.0,200.0,-0.9499155163764963,0.0,0.8996205174194546,0.30612244897959184,0.000550788071889462,nan,0.027739628040057227,49.0,800.0,-0.00864084530621767,0.007177680772883832,0.0,0.0,0.0,,,,,,,,,,,,
391.0,91.0,-0.09563922643661502,0.0,0.9042833025681225,0.3333333333333333,0.0010047592250756918,nan,0.0276824034334764,27.0,364.0,0.06147631257772446,0.006878729675770856,0.0,0.0,0.0,,,,,,,,,,,,
392.0,66.0,-0.060912630558013874,0.0,0.8378944621472809,0.5,0.0013964907702454683,nan,0.027625178826895566,18.0,264.0,0.0961782168596983,0.007760290670407954,0.0,0.0,0.0,,,,,,,,,,,,
393.0,70.0,-0.2122941255569457,0.0,0.8691981256463971,0.42105263157894735,0.00137241809312589,nan,0.027567954220314737,19.0,280.0,0.15480222180485725,0.008487762753677686,0.0,0.0,0.0,,,,,,,,,,,,
394.0,200.0,-0.9235301971435552,0.0,0.975755935743189,0.2962962962962963,0.0005420866309684385,nan,0.027510729613733905,54.0,800.0,-0.006483479402959347,0.017550482442174165,0.0,0.0,0.0,,,,,,,,,,,,
395.0,169.0,-0.6933753514289857,0.0,0.8450221860899906,0.40476190476190477,0.0006035872757785646,nan,0.02745350500715308,42.0,676.0,0.007725436240434647,0.00891221013109078,0.0,0.0,0.0,,,,,,,,,,,,
396.0,107.0,-0.6127268683910371,0.0,0.8821622563968268,0.43333333333333335,0.0008821622563968268,nan,0.02739628040057225,30.0,428.0,-0.003070475533604622,0.014464850824261966,0.0,0.0,0.0,,,,,,,,,,,,
397.0,200.0,-0.5282829046249393,0.0,0.80644821602313,0.3958333333333333,0.0005040301350144564,nan,0.02733905579399142,48.0,800.0,0.03596918936818838,0.005932611500051976,0.0,0.0,0.0,,,,,,,,,,,,
398.0,200.0,-1.298452842235565,0.0,0.9767583841833032,0.2777777777777778,0.0005426435467685019,nan,0.02728183118741059,54.0,800.0,0.07472721673548222,0.01378403052629551,0.0,0.0,0.0,,,,,,,,,,,,
399.0,79.0,-0.174874153137207,0.0,0.9283832474371079,0.375,0.001160479059296385,nan,0.027224606580829758,24.0,316.0,0.03907099645584822,0.010433590203434484,0.0,0.0,0.0,,,,,,,,,,,,
400.0,200.0,0.3541617989540095,0.0,0.9299889129672392,0.39655172413793105,0.0004810287480865031,0.0,0.02716738197424893,58.0,800.0,-0.009599227923899889,0.013045614504790137,0.0,0.0,0.0,3.0,0.0,0.0,0.25,0.0,0.2800733149051666,1.6350104808807373,9.344902306762378,37.666666666666664,1.0,132.0,-0.42812180116772663
401.0,129.0,-1.2498217546939854,0.0,0.9234596657051947,0.2857142857142857,0.000791536856318738,nan,0.027110157367668097,35.0,516.0,0.012332018464803696,0.02077824685712315,0.0,0.0,0.0,,,,,,,,,,,,
402.0,138.0,-1.045397644042969,0.0,0.9621444428406537,0.34210526315789475,0.0007595877180320948,nan,0.027052932761087268,38.0,552.0,0.10194943845272064,0.012909144064950667,0.0,0.0,0.0,,,,,,,,,,,,
403.0,57.0,0.023782317638397325,0.0,0.8277293949812992,0.4,0.0016554587899625982,nan,0.026995708154506443,15.0,228.0,0.15677128732204437,0.01091546694660862,0.0,0.0,0.0,,,,,,,,,,,,
404.0,200.0,-1.7861402153968817,0.0,0.8949846933489751,0.44,0.000536990816009385,nan,0.02693848354792561,50.0,800.0,0.0522131510078907,0.016821295426566962,0.0,0.0,0.0,,,,,,,,,,,,
405.0,122.0,-0.38646165847778313,0.0,0.9094494599348351,0.3888888888888889,0.0007578745499456959,nan,0.02688125894134478,36.0,488.0,-0.034366431180387735,0.010896721747881921,0.0,0.0,0.0,,,,,,,,,,,,
406.0,47.0,-0.15356171846389768,0.0,0.6987969268128901,0.5625,0.001310244237774169,nan,0.02682403433476395,16.0,188.0,-0.0018309149891138077,0.01014458322872107,0.0,0.0,0.0,,,,,,,,,,,,
407.0,68.0,-0.5055551099777221,0.0,0.6443205128864428,0.6470588235294118,0.0011370361992113695,nan,0.02676680972818312,17.0,272.0,-0.019670652225613594,0.011566182590264873,0.0,0.0,0.0,,,,,,,,,,,,
408.0,51.0,-0.295086578130722,0.0,0.6669373762483788,0.38461538461538464,0.0015390862528808745,nan,0.02670958512160229,13.0,204.0,0.0371509799733758,0.009666893708999494,0.0,0.0,0.0,,,,,,,,,,,,
409.0,200.0,-1.0805191218852999,0.0,0.9303176307282283,0.3269230769230769,0.0005367217100355163,nan,0.02665236051502146,52.0,800.0,0.025161352939903736,0.007830098125663376,0.0,0.0,0.0,,,,,,,,,,,,
410.0,200.0,-1.2228201866149906,0.0,0.9039305864847899,0.3728813559322034,0.0004596257219414186,nan,0.026595135908440634,59.0,800.0,-0.0017407792620360851,0.0079526804447827,0.0,0.0,0.0,,,,,,,,,,,,
411.0,25.0,-0.37874736785888674,0.0,0.5821214536436344,0.5555555555555556,0.0019404048454787813,nan,0.0265379113018598,9.0,100.0,0.14001764729619026,0.018689894041235677,0.0,0.0,0.0,,,,,,,,,,,,
412.0,85.0,-0.23691747188568113,0.0,0.8703113070862136,0.4782608695652174,0.0011351886614168008,nan,0.026480686695278973,23.0,340.0,-0.021556283812969923,0.016056503099811437,0.0,0.0,0.0,,,,,,,,,,,,
413.0,168.0,-0.7234624254703523,0.0,0.8450275190505114,0.4230769230769231,0.0004875158763752949,nan,0.026423462088698144,52.0,672.0,0.025404660031199455,0.023469313240468637,0.0,0.0,0.0,,,,,,,,,,,,
414.0,54.0,-0.418231281042099,0.0,0.7783853630049329,0.5714285714285714,0.0016679686350105705,nan,0.026366237482117312,14.0,216.0,0.0181235633790493,0.012250654633883565,0.0,0.0,0.0,,,,,,,,,,,,
415.0,200.0,-0.8029573202133181,0.0,0.8698526724814266,0.4807692307692308,0.0005018380802777461,nan,0.026309012875536483,52.0,800.0,0.027304078452289104,0.01625056847957751,0.0,0.0,0.0,,,,,,,,,,,,
416.0,22.0,-0.2928645801544189,0.0,0.7536839786994374,0.5,0.002826314920122891,nan,0.02625178826895565,8.0,88.0,0.42857544869184494,0.014750774099328819,0.0,0.0,0.0,,,,,,,,,,,,
417.0,200.0,-1.3438641905784616,0.0,0.7940714516189473,0.4166666666666667,0.0004962946572618422,nan,0.026194563662374822,48.0,800.0,0.0884284432977438,0.007224761125588008,0.0,0.0,0.0,,,,,,,,,,,,
418.0,135.0,-0.28646973967552225,0.0,0.8848616973159905,0.4166666666666667,0.0007373847477633252,nan,0.026137339055793997,36.0,540.0,0.10065053962171078,0.013399145563620873,0.0,0.0,0.0,,,,,,,,,,,,
419.0,83.0,-0.39107405424118036,0.0,0.9187219228336514,0.3,0.001378082884250477,nan,0.026080114449213165,20.0,332.0,-0.01427485654130578,0.01693855844466441,0.0,0.0,0.0,,,,,,,,,,,,
420.0,74.0,-0.15285684108734124,0.0,0.8650978196948792,0.4,0.001297646729542319,0.0,0.026022889842632336,20.0,296.0,0.05662564653903246,0.009707719651004254,0.0,0.0,0.0,3.0,0.0,0.0,0.16666666666666666,0.0,-0.05019842088222504,1.628983736038208,9.33891935690417,41.666666666666664,1.0,146.0,-0.7528438882033033
421.0,126.0,-0.6392474150657653,0.0,0.8032480693661819,0.47619047619047616,0.0005737486209758443,nan,0.025965665236051504,42.0,504.0,0.08055336959660053,0.009554996847064956,0.0,0.0,0.0,,,,,,,,,,,,
422.0,130.0,-0.331070399284363,0.0,0.8827172546354684,0.35135135135135137,0.0007157166929476769,nan,0.025908440629470675,37.0,520.0,0.11078692227602005,0.006777591491605506,0.0,0.0,0.0,,,,,,,,,,,,
423.0,200.0,-0.8079482674598701,0.0,0.943300649047169,0.3793103448275862,0.00048791412881750136,nan,0.025851216022889846,58.0,800.0,0.04461807943880558,0.017159981858970497,0.0,0.0,0.0,,,,,,,,,,,,
424.0,147.0,-0.685502071380615,0.0,0.7250279078921996,0.6046511627906976,0.0005058334241108369,nan,0.025793991416309014,43.0,588.0,0.03449472598731518,0.006539003334189886,0.0,0.0,0.0,,,,,,,,,,,,
425.0,200.0,-0.7674837946891785,0.0,0.8310396820867806,0.4772727272727273,0.0005666179650591686,nan,0.025736766809728185,44.0,800.0,-0.00117578636854887,0.011090505666153216,0.0,0.0,0.0,,,,,,,,,,,,
426.0,173.0,-0.615488343238831,0.0,0.911155785094796,0.34146341463414637,0.0006666993549474118,nan,0.025679542203147353,41.0,692.0,-0.010826330166310072,0.007201521242379272,0.0,0.0,0.0,,,,,,,,,,,,
427.0,153.0,-1.0084152984619144,0.0,0.9210767211791598,0.34146341463414637,0.000673958576472556,nan,0.025622317596566527,41.0,612.0,0.052026182413101196,0.012757700321995635,0.0,0.0,0.0,,,,,,,,,,,,
428.0,159.0,-0.7277329945564271,0.0,0.9566960829797166,0.2926829268292683,0.0007000215241314998,nan,0.0255650929899857,41.0,636.0,0.013615565374493599,0.004813914761733429,0.0,0.0,0.0,,,,,,,,,,,,
429.0,76.0,-0.584097290635109,0.0,0.8626919878799427,0.4090909090909091,0.001176398165290831,nan,0.025507868383404866,22.0,304.0,0.03455670736730099,0.01095230433761163,0.0,0.0,0.0,,,,,,,,,,,,
430.0,167.0,0.12129991531372034,0.0,0.7452827141568071,0.5111111111111111,0.0004968551427712047,nan,0.025450643776824038,45.0,668.0,0.09700077027082443,0.007225759729933778,0.0,0.0,0.0,,,,,,,,,,,,
431.0,119.0,-0.14952011346817015,0.0,0.8755320532293681,0.35135135135135137,0.0007098908539697578,nan,0.025393419170243205,37.0,476.0,-0.016622671391814947,0.009316547354776716,0.0,0.0,0.0,,,,,,,,,,,,
432.0,200.0,-0.31539352536201526,0.0,0.8696848323628144,0.36,0.0005218108994176887,nan,0.025336194563662377,50.0,800.0,0.07450378499925137,0.014430682388480588,0.0,0.0,0.0,,,,,,,,,,,,
433.0,83.0,-0.7384636092185975,0.0,0.916622291835283,0.4090909090909091,0.0012499394888662951,nan,0.025278969957081544,22.0,332.0,0.07004216127097607,0.01230083678444771,0.0,0.0,0.0,,,,,,,,,,,,
434.0,186.0,-0.5742531126737601,0.25,0.8963244515420286,0.36538461538461536,0.0005171102605050162,nan,0.025221745350500716,52.0,744.0,0.09402514435350895,0.018892285746531456,0.0,0.0,0.0,,,,,,,,,,,,
435.0,33.0,-0.29109064817428587,0.0,0.8207140335540064,0.375,0.0030776776258275244,nan,0.02516452074391989,8.0,132.0,0.09616289474070072,0.013799700064475584,0.0,0.0,0.0,,,,,,,,,,,,
436.0,200.0,-0.4408630520105362,0.0,0.9546580032340255,0.3137254901960784,0.0005615635313141327,nan,0.025107296137339058,51.0,800.0,0.021387784741818905,0.014880115261935778,0.0,0.0,0.0,,,,,,,,,,,,
437.0,145.0,-0.3914938688278198,0.0,0.9296141243528622,0.3902439024390244,0.0006802054568435576,nan,0.02505007153075823,41.0,580.0,0.06002615112811327,0.00936270665479988,0.0,0.0,0.0,,,,,,,,,,,,
438.0,90.0,-0.29066498279571534,0.0,0.9446981069103015,0.36,0.001133637728292362,nan,0.024992846924177397,25.0,360.0,0.02603139914572239,0.007756983718600452,0.0,0.0,0.0,,,,,,,,,,,,
439.0,72.0,-0.44833859920501706,0.0,0.7493576144769553,0.42105263157894735,0.001183196233384666,nan,0.024935622317596568,19.0,288.0,0.10762856341898441,0.014245705076407988,0.0,0.0,0.0,,,,,,,,,,,,
440.0,200.0,-1.0285715460777285,0.0,0.9113625113838723,0.4,0.0005468175068303232,0.0,0.02487839771101574,50.0,800.0,0.0036499425768852234,0.00784783900839603,0.0,0.0,0.0,3.0,0.0,0.0,0.16666666666666666,0.0,1.8641856908798218,1.636946678161621,7.2340569106454495,34.666666666666664,1.0,133.0,-0.7714000550905866
441.0,200.0,-0.8297216653823858,0.0,0.9229749588489727,0.39215686274509803,0.0005429264463817485,nan,0.024821173104434907,51.0,800.0,0.06549723073840141,0.00844439106428041,0.0,0.0,0.0,,,,,,,,,,,,
442.0,200.0,-0.8586599826812751,0.0,0.8629542658411105,0.3829787234042553,0.0005508218718134746,nan,0.024763948497854082,47.0,800.0,0.057272665202617645,0.014919879146980008,0.0,0.0,0.0,,,,,,,,,,,,
443.0,115.0,-0.49049280881881707,0.0,0.8905274493870455,0.4375,0.0008348694838003552,nan,0.02470672389127325,32.0,460.0,0.04227872099727392,0.012969401918798695,0.0,0.0,0.0,,,,,,,,,,,,
444.0,145.0,-0.42383809685707097,0.0,0.9248128303684463,0.3888888888888889,0.000770677358640372,nan,0.02464949928469242,36.0,580.0,0.0046822139993309975,0.009001172418841463,0.0,0.0,0.0,,,,,,,,,,,,
445.0,130.0,-0.7743125259876252,0.0,0.7840729654003438,0.5294117647058824,0.0006918290871179505,nan,0.024592274678111592,34.0,520.0,0.09766184724867344,0.01394519048578502,0.0,0.0,0.0,,,,,,,,,,,,
446.0,159.0,-0.03335086047649383,0.25,0.9346288108270053,0.37777777777777777,0.0006230858738846701,nan,0.02453505007153076,45.0,636.0,0.10957209765911102,0.016974419285745057,0.0,0.0,0.0,,,,,,,,,,,,
447.0,161.0,-1.4261644756793983,0.0,0.8134924643199103,0.4146341463414634,0.0005952383885267637,nan,0.02447782546494993,41.0,644.0,0.02517652790993452,0.010155167710870217,0.0,0.0,0.0,,,,,,,,,,,,
448.0,181.0,-1.2354890024662029,0.0,0.8624071189054577,0.425531914893617,0.0005504726290885901,nan,0.0244206008583691,47.0,724.0,0.07765313982963562,0.008976677244298514,0.0,0.0,0.0,,,,,,,,,,,,
449.0,200.0,0.030294477939605255,0.0,0.9141123932212952,0.36538461538461536,0.000527372534550747,nan,0.02436337625178827,52.0,800.0,0.02389751560986042,0.014798393622475148,0.0,0.0,0.0,,,,,,,,,,,,
450.0,200.0,0.5422909557819372,0.25,0.8937801849602403,0.45161290322580644,0.0004324742830452776,nan,0.024306151645207445,62.0,800.0,0.3069537803530693,0.012093650828822966,0.0,0.0,0.0,,,,,,,,,,,,
451.0,191.0,-1.20317547082901,0.0,0.8840239781008515,0.4117647058823529,0.000520014104765207,nan,0.024248927038626612,51.0,764.0,0.07645221427083015,0.014060813498813385,0.0,0.0,0.0,,,,,,,,,,,,
452.0,200.0,-1.3331747770309448,0.0,0.9330692902191581,0.38181818181818183,0.000508946885574086,nan,0.024191702432045784,55.0,800.0,0.0606206338852644,0.019068953962758428,0.0,0.0,0.0,,,,,,,,,,,,
453.0,200.0,-0.8084828853607181,0.0,0.9284811665177811,0.375,0.0004974006249202399,nan,0.02413447782546495,56.0,800.0,0.05122149828821421,0.01079836609835283,0.0,0.0,0.0,,,,,,,,,,,,
454.0,98.0,-0.2701369214057922,0.0,0.9106273775898621,0.3793103448275862,0.000942028321644685,nan,0.024077253218884122,29.0,392.0,0.004234268330037594,0.009951978722711197,0.0,0.0,0.0,,,,,,,,,,,,
455.0,143.0,-0.9707467842102052,0.0,0.9633736161717972,0.3157894736842105,0.0007605581180303662,nan,0.024020028612303294,38.0,572.0,0.05853333044797182,0.01895997049083955,0.0,0.0,0.0,,,,,,,,,,,,
456.0,98.0,-1.0256295907497406,0.0,0.8975219233856319,0.4230769230769231,0.0010356022192911137,nan,0.02396280400572246,26.0,392.0,0.02176268957555294,0.013848107787529207,0.0,0.0,0.0,,,,,,,,,,,,
457.0,154.0,-1.31981173992157,0.0,0.9429722275617644,0.3409090909090909,0.000642935609701203,nan,0.023905579399141633,44.0,616.0,0.03880236763507128,0.006160746032790598,0.0,0.0,0.0,,,,,,,,,,,,
458.0,186.0,-0.6514028763771053,0.0,0.9586768333998094,0.35294117647058826,0.0005639275490587115,nan,0.0238483547925608,51.0,744.0,0.13478301838040352,0.01062085312253025,0.0,0.0,0.0,,,,,,,,,,,,
459.0,62.0,-0.13100868582725522,0.0,0.8839296883960883,0.4375,0.0016573681657426657,nan,0.023791130185979975,16.0,248.0,0.055976131930947304,0.010850214483976713,0.0,0.0,0.0,,,,,,,,,,,,
460.0,200.0,-1.3933440327644346,0.0,0.9138676695885083,0.41509433962264153,0.000517283586559533,0.0,0.023733905579399146,53.0,800.0,0.1347825601696968,0.010160736537361714,0.0,0.0,0.0,3.0,0.0,0.0,0.3333333333333333,0.0,-0.04923386871814728,1.6316349506378174,7.9154882259802735,30.0,1.0,110.66666666666667,-0.41468944589296974
461.0,200.0,-1.139965063333512,0.0,0.8419716586032089,0.46808510638297873,0.0005374287182573674,nan,0.023676680972818314,47.0,800.0,0.02906049881130457,0.004568785852459456,0.0,0.0,0.0,,,,,,,,,,,,
462.0,174.0,-1.2648164534568789,0.0,0.9549216885042195,0.3111111111111111,0.000636614459002813,nan,0.023619456366237485,45.0,696.0,0.06745032873004675,0.013819501022262592,0.0,0.0,0.0,,,,,,,,,,,,
463.0,107.0,-0.6445032548904419,0.0,0.7593333615444494,0.5,0.0008761538787051341,nan,0.023562231759656653,26.0,428.0,0.018657976761460304,0.01880094812684696,0.0,0.0,0.0,,,,,,,,,,,,
464.0,200.0,-1.2813482761383062,0.0,0.6121631683250732,0.6739130434782609,0.0003992368489076565,nan,0.023505007153075824,46.0,800.0,0.08238370716571808,0.0026154800702071768,0.0,0.0,0.0,,,,,,,,,,,,
465.0,93.0,-0.645099179744721,0.0,0.8587524855019055,0.391304347826087,0.0011201119376111814,nan,0.023447782546494992,23.0,372.0,0.37105734646320343,0.006097475204093428,0.0,0.0,0.0,,,,,,,,,,,,
466.0,75.0,-0.31582158803939814,0.0,0.6440931954442446,0.5,0.0010734886590737405,nan,0.023390557939914167,18.0,300.0,0.05427560769021511,0.007616460732907893,0.0,0.0,0.0,,,,,,,,,,,,
467.0,200.0,0.3193547651171681,0.0,0.9059828874585364,0.4107142857142857,0.00048534797542421586,nan,0.023333333333333338,56.0,800.0,0.0315568633377552,0.014189865312932426,0.0,0.0,0.0,,,,,,,,,,,,
468.0,71.0,-0.5353336548805236,0.0,0.8076545020653718,0.3888888888888889,0.0013460908367756198,nan,0.023276108726752506,18.0,284.0,-0.005486923735588789,0.011096066385658077,0.0,0.0,0.0,,,,,,,,,,,,
469.0,200.0,-1.1559923529624945,0.0,0.9495307320377769,0.3137254901960784,0.0005585474894339867,nan,0.023218884120171677,51.0,800.0,0.012518449686467648,0.0074666254458692904,0.0,0.0,0.0,,,,,,,,,,,,
470.0,200.0,-0.4373324230313302,0.0,0.9511637289905772,0.35294117647058826,0.0005595080758768103,nan,0.023161659513590845,51.0,800.0,0.05783307645469904,0.01141467576577071,0.0,0.0,0.0,,,,,,,,,,,,
471.0,200.0,-1.0702565461397173,0.0,0.8636325887917952,0.4423076923076923,0.0004982495704568049,nan,0.023104434907010016,52.0,800.0,0.07368837110698223,0.01801620524884129,0.0,0.0,0.0,,,,,,,,,,,,
472.0,111.0,-0.500676975250244,0.0,0.5971822156021396,0.5,0.0006890564026178537,nan,0.023047210300429187,26.0,444.0,0.06348965130746365,0.010567816595350443,0.0,0.0,0.0,,,,,,,,,,,,
473.0,89.0,-0.26912577986717223,0.0,0.8560874125505422,0.46153846153846156,0.0009877931683275488,nan,0.022989985693848355,26.0,356.0,0.10440610535442829,0.008475172886676319,0.0,0.0,0.0,,,,,,,,,,,,
474.0,200.0,-1.395721340179442,0.0,0.7447828972457763,0.5116279069767442,0.0005196159748226345,nan,0.02293276108726753,43.0,800.0,0.06442774832248688,0.00809349173111329,0.0,0.0,0.0,,,,,,,,,,,,
475.0,157.0,-0.048862084448337395,0.25,0.830005384021334,0.4418604651162791,0.0005790735237358144,nan,0.022875536480686697,43.0,628.0,0.13787321373820305,0.017471261232258867,0.0,0.0,0.0,,,,,,,,,,,,
476.0,200.0,-0.7592242598533628,0.0,0.949647390549169,0.36538461538461536,0.0005478734945475973,nan,0.02281831187410587,52.0,800.0,0.058366975747048855,0.011062350232123208,0.0,0.0,0.0,,,,,,,,,,,,
477.0,200.0,-0.8341532826423651,0.0,0.9124002906874367,0.3584905660377358,0.0005164529947287379,nan,0.02276108726752504,53.0,800.0,0.022802519612014294,0.016549041032842382,0.0,0.0,0.0,,,,,,,,,,,,
478.0,200.0,-0.7842178717255595,0.0,0.9126199049644382,0.4,0.000547571942978663,nan,0.022703862660944207,50.0,800.0,0.081006133928895,0.011528606739338698,0.0,0.0,0.0,,,,,,,,,,,,
479.0,185.0,-1.305546706914902,0.0,0.954473645751578,0.3333333333333333,0.0005965460285947366,nan,0.02264663805436338,48.0,740.0,0.08902761898934841,0.009184860526383787,0.0,0.0,0.0,,,,,,,,,,,,
480.0,176.0,-0.03269132137298578,0.0,0.9122066005240779,0.36363636363636365,0.0006219590458118713,0.0,0.022589413447782546,44.0,704.0,0.07457524910569191,0.00576955081031727,0.0,0.0,0.0,3.0,0.0,0.0,0.25,0.0,-0.006569311022758484,0.4814717173576355,7.836967487111299,30.0,1.0,110.0,-0.27050307542085644
481.0,129.0,-0.5123872423171999,0.0,0.9570873889579288,0.3125,0.000897269427148058,nan,0.022532188841201718,32.0,516.0,0.0018966477364301682,0.00826361064440384,0.0,0.0,0.0,,,,,,,,,,,,
482.0,195.0,-0.7477873742580418,0.0,0.9691663963997013,0.3148148148148148,0.0005384257757776118,nan,0.022474964234620892,54.0,780.0,0.03720909543335438,0.009952481378440403,0.0,0.0,0.0,,,,,,,,,,,,
483.0,87.0,-1.0572908949851991,0.0,0.9619234212546258,0.30434782608695654,0.001254682723375599,nan,0.02241773962804006,23.0,348.0,0.16113510727882385,0.011891833918232564,0.0,0.0,0.0,,,,,,,,,,,,
484.0,52.0,-0.2361004900932312,0.0,0.6592016948063002,0.42857142857142855,0.001412575060299215,nan,0.02236051502145923,14.0,208.0,0.33156718313694,0.014346606266354475,0.0,0.0,0.0,,,,,,,,,,,,
485.0,183.0,-0.934971861839295,0.0,0.7532650450229716,0.45652173913043476,0.0004912598119715031,nan,0.0223032904148784,46.0,732.0,0.13286148011684418,0.033558754286811876,0.0,0.0,0.0,,,,,,,,,,,,
486.0,200.0,-1.0198214054107675,0.0,0.7549627041220863,0.4583333333333333,0.0004718516900763041,nan,0.02224606580829757,48.0,800.0,0.16468877717852592,0.011338629075147821,0.0,0.0,0.0,,,,,,,,,,,,
487.0,200.0,-0.03582077622413582,0.25,0.8806141423989823,0.3333333333333333,0.0005180083190582251,nan,0.02218884120171674,51.0,800.0,0.22613323479890823,0.017171303521408277,0.0,0.0,0.0,,,,,,,,,,,,
488.0,157.0,-0.4511550736427308,0.0,0.8172667189906995,0.4772727272727273,0.0005572273084027497,nan,0.02213161659513591,44.0,628.0,0.20115794241428375,0.020679715537525567,0.0,0.0,0.0,,,,,,,,,,,,
489.0,166.0,-0.5334701514244079,0.0,0.8594676206939628,0.35714285714285715,0.0006139054433528305,nan,0.022074391988555084,42.0,664.0,-0.007670335937291384,0.005622169410703259,0.0,0.0,0.0,,,,,,,,,,,,
490.0,200.0,-0.45085489749908453,0.0,0.9583627812802523,0.3333333333333333,0.0005324237673779178,nan,0.022017167381974248,54.0,800.0,0.03819970041513443,0.010097071026248017,0.0,0.0,0.0,,,,,,,,,,,,
491.0,154.0,-0.31334532737731957,0.0,0.9330019615925832,0.34210526315789475,0.0007365804959941448,nan,0.021959942775393423,38.0,616.0,0.10742961429059505,0.013999422387454885,0.0,0.0,0.0,,,,,,,,,,,,
492.0,101.0,-0.249558506011963,0.0,0.8642077337701819,0.34615384615384615,0.0009971627697348254,nan,0.021902718168812594,26.0,404.0,0.05912630632519722,0.009565137613517294,0.0,0.0,0.0,,,,,,,,,,,,
493.0,200.0,-0.15420345366001142,0.25,0.9409537760735456,0.3269230769230769,0.0005428579477347379,nan,0.02184549356223176,52.0,800.0,0.1382993534207344,0.011310077293117615,0.0,0.0,0.0,,,,,,,,,,,,
494.0,158.0,-0.5607432174682622,0.0,0.8919498684681711,0.391304347826087,0.0005817064359575028,nan,0.021788268955650933,46.0,632.0,0.14076710119843483,0.01504574438882722,0.0,0.0,0.0,,,,,,,,,,,,
495.0,71.0,-0.5765508925914763,0.0,0.8378944621472809,0.5,0.0013964907702454685,nan,0.0217310443490701,18.0,284.0,0.05096771288663149,0.01120721220014742,0.0,0.0,0.0,,,,,,,,,,,,
496.0,22.0,-0.2660609436035156,0.0,0.7536839786994374,0.5,0.0028263149201228905,nan,0.021673819742489272,8.0,88.0,0.0933496318757534,0.015057983042920981,0.0,0.0,0.0,,,,,,,,,,,,
497.0,200.0,-0.44114938974380546,0.0,0.9112034854638985,0.3333333333333333,0.0005695021784149366,nan,0.02161659513590844,48.0,800.0,0.08628658019006252,0.011328907578279868,0.0,0.0,0.0,,,,,,,,,,,,
498.0,162.0,-1.0513549816608434,0.0,0.9230207334267762,0.391304347826087,0.0006019700435392019,nan,0.021559370529327614,46.0,648.0,0.05681004747748375,0.013415393089431404,0.0,0.0,0.0,,,,,,,,,,,,
499.0,87.0,-0.20757388591766354,0.0,0.7533285220669482,0.45454545454545453,0.0010272661664549295,nan,0.021502145922746786,22.0,348.0,0.0769873782992363,0.008996970530695592,0.0,0.0,0.0,,,,,,,,,,,,
500.0,194.0,-0.8077442610263827,0.0,0.9512989047259998,0.29411764705882354,0.0005595875910152942,0.0,0.021444921316165953,51.0,776.0,0.09498903341591358,0.018237489063139378,0.0,0.0,0.0,3.0,0.0,0.0,0.16666666666666666,0.0,2.354449987411499,1.6193149089813232,7.946067943037936,36.666666666666664,1.0,141.66666666666666,-0.7171454424659413
