iteration,steps_collected,episode_return_mean,safe_reach_ratio,conv_eval_success_delta_w5,high_samples,low_samples,loss_high_total,loss_low_mean,eval_n_episodes,eval_success_rate,eval_reach_rate,eval_collision_rate,eval_safe_reach_ratio,eval_min_h_agent,eval_min_h_obstacle,eval_avg_traj_length,eval_avg_skill_switches,eval_qp_feasible_rate,eval_avg_steps,eval_avg_episode_return
1.0,200.0,25.192014542206024,0.5,nan,143.0,800.0,0.06500294075037041,0.05213414613108469,1.0,0.0,0.0,0.5,0.0,-0.027669265866279602,3.2203779220581055,2.8630530184600502,13.0,1.0,41.0,-0.373683009147644
2.0,200.0,7.117652623727916,0.5,nan,81.0,800.0,0.06995083065703511,0.029241758790259365,,,,,,,,,,,,
3.0,200.0,42.365648091631016,0.5,nan,202.0,800.0,0.3009225479327142,0.05533708569600293,,,,,,,,,,,,
4.0,139.0,10.633394763935353,0.5,nan,71.0,556.0,0.0983913573436439,0.020655715442084777,,,,,,,,,,,,
5.0,200.0,32.5495375325787,0.75,nan,163.0,800.0,0.20569049008190632,0.008059790172077363,,,,,,,,,,,,
6.0,200.0,18.40231568065356,0.25,nan,114.0,800.0,0.1032057236880064,0.01686724380953919,,,,,,,,,,,,
7.0,94.0,7.17547522637993,0.25,nan,49.0,376.0,0.3546837568283081,0.026907142812428342,,,,,,,,,,,,
8.0,47.0,-0.39972123622894284,0.0,nan,12.0,188.0,0.16721950471401215,0.1493058313279378,,,,,,,,,,,,
9.0,200.0,18.844430529512472,0.5,nan,112.0,800.0,0.04042556881904602,0.05198005432602848,,,,,,,,,,,,
10.0,200.0,26.97079473740888,0.75,nan,136.0,800.0,0.6174609661102295,0.017909447598821182,1.0,0.0,0.5,0.0,0.5,0.12380826473236084,2.7866177558898926,12.415260208319523,163.0,1.0,200.0,32.32150073314552
11.0,200.0,21.46849399276544,0.5,nan,127.0,800.0,0.25444123591296375,0.006607405916674192,,,,,,,,,,,,
12.0,145.0,7.253701717639343,0.25,nan,61.0,580.0,-0.004414369352161884,0.026353146869560362,,,,,,,,,,,,
13.0,200.0,22.656731585087257,0.75,nan,131.0,800.0,0.35819592947761214,0.01857947561436024,,,,,,,,,,,,
14.0,200.0,35.71626511412906,0.75,nan,174.0,800.0,0.21116401813924313,0.01867785436507141,,,,,,,,,,,,
15.0,171.0,31.695624062882267,1.0,nan,152.0,684.0,0.12365131980429092,0.006059074099596273,,,,,,,,,,,,
16.0,200.0,31.25151900222991,0.5,nan,162.0,800.0,0.2808071506830553,0.026641217290002572,,,,,,,,,,,,
17.0,180.0,29.449351380951704,1.0,nan,144.0,720.0,0.05667191355799635,0.017249838112739724,,,,,,,,,,,,
18.0,200.0,22.15054564189632,0.5,nan,125.0,800.0,0.14401892945170403,0.05174931508500791,,,,,,,,,,,,
19.0,200.0,34.35122140596505,0.75,nan,171.0,800.0,-0.034224346900979676,0.008021666735881894,,,,,,,,,,,,
20.0,194.0,50.454712141179485,1.0,nan,231.0,776.0,-0.07785666635027155,0.001333225384903436,1.0,0.0,0.75,0.0,0.75,1.6446973085403442,1.0547268390655518,12.742072364937485,148.0,1.0,200.0,28.436553200753405
21.0,200.0,34.00320475019981,0.75,nan,168.0,800.0,0.08012025275578101,0.034047685017148055,,,,,,,,,,,,
22.0,139.0,0.10990961942821731,0.0,nan,31.0,556.0,0.10997938737273216,0.02364946583781702,,,,,,,,,,,,
23.0,197.0,50.2186015486438,1.0,nan,232.0,788.0,-0.04253066866658628,0.0028987259623907483,,,,,,,,,,,,
24.0,129.0,18.001627684158446,0.75,nan,96.0,516.0,0.07136397704016417,0.013300157861295459,,,,,,,,,,,,
25.0,131.0,10.265759153813123,0.25,nan,68.0,524.0,0.14714513206854463,0.051507191376630956,,,,,,,,,,,,
26.0,179.0,36.50405941884035,1.0,nan,169.0,716.0,0.9114779060085614,0.005764291551784595,,,,,,,,,,,,
27.0,200.0,29.17175723854452,0.75,nan,149.0,800.0,0.20125595697512227,0.041161948747195254,,,,,,,,,,,,
28.0,200.0,28.029479207517603,0.5,nan,153.0,800.0,0.02460105251520872,0.015406765941566647,,,,,,,,,,,,
29.0,164.0,24.781290865715125,0.5,nan,132.0,656.0,0.09706481701383987,0.04087339925614941,,,,,,,,,,,,
30.0,197.0,30.581828032371135,1.0,nan,149.0,788.0,0.2196583996216456,0.01556436572954567,1.0,1.0,1.0,0.0,1.0,0.9597978591918945,2.0223987102508545,13.43315253559922,165.0,1.0,200.0,33.80896248503123
31.0,200.0,23.57845013504849,0.25,nan,138.0,800.0,0.17869084615570802,0.024486041018325633,,,,,,,,,,,,
32.0,200.0,29.53213042044082,0.5,nan,156.0,800.0,-0.009177579854925472,0.020814854217538148,,,,,,,,,,,,
33.0,200.0,34.009055254363936,0.5,nan,180.0,800.0,0.17425654766460258,0.0979370507837829,,,,,,,,,,,,
34.0,200.0,39.672658594546384,0.75,nan,195.0,800.0,0.39054958149790764,0.07055678216742267,,,,,,,,,,,,
35.0,86.0,0.18839415773749343,0.0,nan,24.0,344.0,0.21992916986346245,0.08847585022681415,,,,,,,,,,,,
36.0,180.0,21.99086864974816,1.0,nan,119.0,720.0,0.05414890614338219,0.021603628713156908,,,,,,,,,,,,
37.0,149.0,26.51128094834508,1.0,nan,131.0,596.0,0.0013361542175213494,0.07890456732018514,,,,,,,,,,,,
38.0,200.0,11.68935838857724,0.5,nan,89.0,800.0,0.19040309474803507,0.03930427389277469,,,,,,,,,,,,
39.0,96.0,-0.10566607475280748,0.0,nan,30.0,384.0,0.15449439734220505,0.4412832690726942,,,,,,,,,,,,
40.0,200.0,32.756925662863075,0.75,nan,168.0,800.0,0.08612156504144271,0.016073959864746357,1.0,0.0,0.25,0.0,0.25,3.2547810077667236,1.5904040336608887,13.163444307050668,69.0,1.0,200.0,5.7766189683228735
41.0,30.0,-0.28590545654296873,0.0,nan,8.0,120.0,0.33485107123851776,0.03559830846557664,,,,,,,,,,,,
42.0,200.0,32.37582367891446,1.0,nan,161.0,800.0,0.016391946002840996,0.023379413617650613,,,,,,,,,,,,
43.0,200.0,16.317055552906826,0.75,nan,106.0,800.0,-0.007658846210688353,0.021972221959597693,,,,,,,,,,,,
44.0,171.0,0.543101163730025,0.0,nan,41.0,684.0,0.1838742382824421,0.1252230677373305,,,,,,,,,,,,
45.0,88.0,0.8602126252651215,0.0,nan,23.0,352.0,0.18638791516423225,0.08763106176968449,,,,,,,,,,,,
46.0,200.0,26.770240700105212,0.5,nan,142.0,800.0,0.126777283847332,0.0141392042520323,,,,,,,,,,,,
47.0,200.0,21.230427086839335,0.75,nan,127.0,800.0,0.2392957415431738,0.013932659756981991,,,,,,,,,,,,
48.0,200.0,7.212467305222524,0.5,nan,73.0,800.0,0.20696711400523782,0.023990340714044933,,,,,,,,,,,,
49.0,200.0,20.760917241714193,0.75,nan,116.0,800.0,0.06112240208312869,0.012063362223587504,,,,,,,,,,,,
50.0,188.0,0.311900798305868,0.0,nan,46.0,752.0,0.18533509969711304,0.029227159020088322,1.0,0.0,0.5,0.0,0.5,0.48068252205848694,2.7870967388153076,13.250902449217392,75.0,1.0,200.0,9.143615385890007
51.0,200.0,68.71383145298459,0.75,nan,299.0,800.0,-0.017111654952168466,0.020808352464330326,,,,,,,,,,,,
52.0,200.0,12.869379659183322,1.0,nan,91.0,800.0,0.1547377542592585,0.021216051188609697,,,,,,,,,,,,
53.0,200.0,70.25830369680192,0.75,nan,308.0,800.0,0.027631572401151064,0.015766546670650694,,,,,,,,,,,,
54.0,200.0,10.51636069822125,0.25,nan,82.0,800.0,0.09333476540632546,0.024367408100552268,,,,,,,,,,,,
55.0,197.0,10.34406815228984,0.5,nan,82.0,788.0,0.1782308192923665,0.053714877436302544,,,,,,,,,,,,
56.0,200.0,53.72915840841599,0.5,nan,254.0,800.0,-0.09746340871788561,0.028177788287131023,,,,,,,,,,,,
57.0,197.0,19.6754747963231,0.75,nan,111.0,788.0,0.025812298757955432,0.011612635971152585,,,,,,,,,,,,
58.0,159.0,22.232773518180473,1.0,nan,115.0,636.0,0.05625690473243594,0.0106922458564358,,,,,,,,,,,,
59.0,200.0,12.829404060472735,0.25,nan,91.0,800.0,0.006416568998247385,0.019686802900096723,,,,,,,,,,,,
60.0,76.0,0.1227765047550202,0.0,nan,19.0,304.0,0.2976464703679085,0.08002374143588398,1.0,0.0,0.5,0.0,0.5,1.327863097190857,2.965696334838867,14.773966568012838,151.0,1.0,200.0,28.49110648747301
61.0,200.0,30.313208031351678,0.75,nan,157.0,800.0,0.2638675800214211,0.017324586801622743,,,,,,,,,,,,
62.0,200.0,70.27059514455034,0.75,nan,312.0,800.0,0.049692971631884575,0.00826137408573846,,,,,,,,,,,,
63.0,50.0,-0.2043882310390472,0.0,nan,14.0,200.0,0.2537144795060158,0.055047072957495405,,,,,,,,,,,,
64.0,200.0,19.593296943168383,0.5,nan,124.0,800.0,0.08956232108175755,0.03330097211141947,,,,,,,,,,,,
65.0,200.0,2.87166522592306,0.25,nan,58.0,800.0,0.20278653129935265,0.023777076388923568,,,,,,,,,,,,
66.0,85.0,6.9717850278364475,0.5,nan,48.0,340.0,0.2624007537961006,0.021829629685958585,,,,,,,,,,,,
67.0,200.0,46.36834309802508,0.75,nan,219.0,800.0,0.20797431760001928,0.028068702214169683,,,,,,,,,,,,
68.0,60.0,0.0481341123580932,0.0,nan,14.0,240.0,0.20443639531731606,0.05840468779824353,,,,,,,,,,,,
69.0,166.0,31.13162768684328,1.0,nan,148.0,664.0,0.02063869141663114,0.04427470529333277,,,,,,,,,,,,
70.0,105.0,4.500077039469033,0.5,nan,40.0,420.0,0.18977951258420944,0.08789175313210151,1.0,1.0,1.0,0.0,1.0,2.8440396785736084,0.29323410987854004,14.315703247557394,182.0,1.0,196.0,37.600224569612195
71.0,189.0,34.11134459530237,1.0,nan,168.0,756.0,-0.061933902480329074,0.07878353307465602,,,,,,,,,,,,
72.0,81.0,0.8162993138283491,0.25,nan,23.0,324.0,0.3380770832300186,0.10637179430663934,,,,,,,,,,,,
73.0,200.0,70.05186408060837,0.75,nan,309.0,800.0,0.08331889007240534,0.014532617802666792,,,,,,,,,,,,
74.0,143.0,1.5518138169124724,0.25,nan,38.0,572.0,0.21100129187107086,0.0981541313282559,,,,,,,,,,,,
75.0,190.0,34.722346471989304,1.0,nan,170.0,760.0,0.05015929229557514,0.01649357718796729,,,,,,,,,,,,
76.0,200.0,30.97041836832651,0.25,nan,165.0,800.0,-0.0023718494921922684,0.013429481892558215,,,,,,,,,,,,
77.0,168.0,31.760789468679576,1.0,nan,152.0,672.0,0.1884526495511333,0.01604880282124377,,,,,,,,,,,,
78.0,200.0,49.386486766929764,0.75,nan,231.0,800.0,0.10356845130445436,0.009459619817078768,,,,,,,,,,,,
79.0,172.0,23.8923983293306,0.75,nan,127.0,688.0,-0.001436667051166296,0.07453319236663702,,,,,,,,,,,,
80.0,91.0,1.9246342719160017,0.25,nan,30.0,364.0,0.15887899324297905,0.07372894720248649,1.0,0.0,0.5,0.0,0.5,4.218122959136963,1.175039529800415,13.75361188557872,153.0,1.0,200.0,28.42457676413469
81.0,48.0,0.2569537472724916,0.0,nan,12.0,192.0,0.2060168720781803,0.3487182855761131,,,,,,,,,,,,
82.0,200.0,0.6277829080820082,0.0,nan,53.0,800.0,0.09755016677081585,0.026054475455336235,,,,,,,,,,,,
83.0,153.0,9.195366007315458,0.25,nan,64.0,612.0,0.25174296274781227,0.0990718328024025,,,,,,,,,,,,
84.0,200.0,34.52017297983406,0.5,nan,173.0,800.0,0.2084612107525269,0.012568828305904223,,,,,,,,,,,,
85.0,197.0,24.508850467770827,0.75,nan,130.0,788.0,-0.036956559866666794,0.012391779250112478,,,,,,,,,,,,
86.0,162.0,11.828241558228624,0.25,nan,87.0,648.0,0.060589126544073224,0.019808125276163047,,,,,,,,,,,,
87.0,200.0,21.442210826277737,0.75,nan,126.0,800.0,0.031112899770960212,0.00910752299332529,,,,,,,,,,,,
88.0,200.0,1.2664597168564793,0.25,nan,53.0,800.0,0.08803009986877441,0.05475383900038633,,,,,,,,,,,,
89.0,44.0,0.40621446924284094,0.25,nan,14.0,176.0,0.2543587237596512,0.06782366624334331,,,,,,,,,,,,
90.0,41.0,0.1702586793899537,0.0,0.0,12.0,164.0,0.28321409225463867,0.23259942629458857,1.0,0.0,0.5,0.0,0.5,2.23038387298584,2.4021472930908203,15.626249300934433,98.0,1.0,200.0,12.99484720523469
91.0,60.0,0.1703012526035309,0.0,nan,12.0,240.0,0.14383318275213242,0.018548137478093925,,,,,,,,,,,,
92.0,87.0,0.07642735607922065,0.0,nan,29.0,348.0,0.12751327827572823,0.09212973070095988,,,,,,,,,,,,
93.0,200.0,-0.5443848341703417,0.0,nan,50.0,800.0,0.15433939918875694,0.027032610744172736,,,,,,,,,,,,
94.0,92.0,0.002828942537307713,0.0,nan,24.0,368.0,0.13851719349622726,0.10114438173087592,,,,,,,,,,,,
95.0,79.0,0.4101512408256528,0.0,nan,20.0,316.0,0.02065527834929526,0.048808804599319355,,,,,,,,,,,,
96.0,200.0,47.927473066467826,0.75,nan,225.0,800.0,0.07564629463013262,0.010216473787389546,,,,,,,,,,,,
97.0,200.0,39.19710239715642,0.5,nan,197.0,800.0,0.23363276361487806,0.015334216801418776,,,,,,,,,,,,
98.0,155.0,30.17137270777021,0.75,nan,150.0,620.0,-0.029226193825403847,0.012319246921305371,,,,,,,,,,,,
99.0,159.0,23.23127761540469,1.0,nan,113.0,636.0,0.37447140365839005,0.00838479325959618,,,,,,,,,,,,
100.0,200.0,39.41182824661956,0.75,0.0,186.0,800.0,0.08371908962726593,0.007891472257331777,1.0,0.0,0.0,0.25,0.0,4.580757141113281,-0.043006300926208496,4.83000630477909,12.0,1.0,46.0,0.2064309978485107
101.0,155.0,37.0112448974629,1.0,nan,171.0,620.0,-0.0451917751537015,0.006898017709495163,,,,,,,,,,,,
102.0,138.0,3.0181575522571804,0.25,nan,41.0,552.0,0.05364792700856924,0.09272990223357169,,,,,,,,,,,,
103.0,200.0,20.28475418591406,0.75,nan,121.0,800.0,0.009581490186974406,0.022430864278071283,,,,,,,,,,,,
104.0,144.0,-0.19933628305792825,0.0,nan,38.0,576.0,0.21953415870666504,0.028521589088796873,,,,,,,,,,,,
105.0,200.0,48.81385305507578,1.0,nan,235.0,800.0,0.019464485929347575,0.0036953002004018742,,,,,,,,,,,,
106.0,200.0,61.436892930697674,0.75,nan,286.0,800.0,0.02231255234219134,0.004555019487276005,,,,,,,,,,,,
107.0,95.0,0.29738839864730815,0.0,nan,23.0,380.0,0.05800812505185604,0.029222916379160746,,,,,,,,,,,,
108.0,200.0,57.06231362260881,0.75,nan,267.0,800.0,0.6410795457661153,0.01091368464207143,,,,,,,,,,,,
109.0,67.0,-0.37841513127088544,0.0,nan,16.0,268.0,0.5941136479377747,0.026946745425519225,,,,,,,,,,,,
110.0,200.0,3.7256459997966873,0.5,0.0,76.0,800.0,0.1288483989192173,0.02056095034242489,1.0,0.0,0.0,0.25,0.0,2.7314159870147705,-0.009332120418548584,3.971549783726431,13.0,1.0,50.0,0.019898825883865393
111.0,200.0,2.5889988244511177,0.25,nan,62.0,800.0,0.15379537269473076,0.05753672345241512,,,,,,,,,,,,
112.0,41.0,-0.04910228013992313,0.0,nan,12.0,164.0,0.20553584396839142,0.06640220297164733,,,,,,,,,,,,
113.0,47.0,0.18789497196674343,0.0,nan,13.0,188.0,0.07813147455453873,0.07034444574237914,,,,,,,,,,,,
114.0,200.0,9.137900673504918,1.0,nan,80.0,800.0,0.04017703013960272,0.021942714002537667,,,,,,,,,,,,
115.0,200.0,35.092243433231495,0.75,nan,181.0,800.0,0.011335612429926792,0.016337705612603948,,,,,,,,,,,,
116.0,33.0,-0.005926819443702658,0.0,nan,8.0,132.0,-0.027829292230308056,0.6072515870646763,,,,,,,,,,,,
117.0,200.0,46.517555153078874,0.75,nan,224.0,800.0,-0.0035386942327022552,0.007188517506344638,,,,,,,,,,,,
118.0,200.0,8.939156808960252,0.25,nan,92.0,800.0,0.30070880288258195,0.03054828543006849,,,,,,,,,,,,
119.0,34.0,-0.33160531759262085,0.0,nan,11.0,136.0,0.28343968838453293,0.06280727243491209,,,,,,,,,,,,
120.0,166.0,7.287895469469949,0.5,0.4,67.0,664.0,0.06537120626308024,0.02218169922739488,1.0,0.0,0.5,0.0,0.5,3.0499072074890137,3.0611774921417236,8.881356380983561,86.0,1.0,200.0,8.644584978371856
121.0,200.0,43.81096500004644,0.75,nan,211.0,800.0,-0.05034850089577958,0.005819287261860651,,,,,,,,,,,,
122.0,200.0,45.243559632916,0.75,nan,232.0,800.0,0.08343096915632486,0.008284098978224907,,,,,,,,,,,,
123.0,73.0,0.3027016785740854,0.0,nan,24.0,292.0,0.05280710756778717,0.10545275419836941,,,,,,,,,,,,
124.0,25.0,-0.17489938735961913,0.0,nan,8.0,100.0,0.28848661482334137,0.09587084430369941,,,,,,,,,,,,
125.0,200.0,9.709314937790623,0.75,nan,85.0,800.0,0.25970541033893824,0.009016721308435116,,,,,,,,,,,,
126.0,194.0,58.66107020183935,1.0,nan,270.0,776.0,0.1727662169840187,0.009758897399676503,,,,,,,,,,,,
127.0,200.0,34.19491283895914,0.75,nan,177.0,800.0,0.21245228374997774,0.005189036488030041,,,,,,,,,,,,
128.0,33.0,0.3457260084152221,0.0,nan,8.0,132.0,0.04160204902291298,0.1445097571110609,,,,,,,,,,,,
129.0,200.0,33.71200596734416,0.75,nan,177.0,800.0,0.03688928267608086,0.02468322029034198,,,,,,,,,,,,
130.0,42.0,-0.055069501399993864,0.0,0.2,13.0,168.0,0.22565729543566704,0.0399375187290237,1.0,0.0,0.0,0.25,0.0,4.140773296356201,-0.21433818340301514,4.379747896568915,15.0,1.0,48.0,0.11654736220836641
131.0,200.0,38.34180728052744,0.75,nan,190.0,800.0,0.06861322124799092,0.04043752881758955,,,,,,,,,,,,
132.0,200.0,41.66674346163056,0.5,nan,206.0,800.0,0.07099606841802597,0.014784242710697226,,,,,,,,,,,,
133.0,200.0,28.69077917824034,0.75,nan,159.0,800.0,0.19852536171674728,0.007326964629804422,,,,,,,,,,,,
134.0,118.0,9.853613508986307,0.25,nan,61.0,472.0,0.03267667721956968,0.015754878018541474,,,,,,,,,,,,
135.0,61.0,2.2044907386973502,0.25,nan,24.0,244.0,0.07321205548942089,0.04219203648931137,,,,,,,,,,,,
136.0,200.0,29.756953088007876,0.75,nan,157.0,800.0,0.2821489001313845,0.004453414333135619,,,,,,,,,,,,
137.0,200.0,34.95684051070712,0.75,nan,179.0,800.0,0.34643193893134594,0.0035491169294097347,,,,,,,,,,,,
138.0,51.0,-0.1508075839281082,0.0,nan,14.0,204.0,0.13754527270793915,0.02073282629453388,,,,,,,,,,,,
139.0,38.0,0.03505504548549652,0.0,nan,9.0,152.0,0.14851386845111847,0.027796985817315687,,,,,,,,,,,,
140.0,131.0,20.081889532608912,0.5,0.2,113.0,524.0,0.03400268917903304,0.01645233385824696,1.0,0.0,0.0,0.25,0.0,3.5678656101226807,-0.02919745445251465,3.9695125646712768,15.0,1.0,56.0,-0.05453905820846571
141.0,200.0,52.64057765681065,0.75,nan,234.0,800.0,0.09970088547561318,0.01822918312037025,,,,,,,,,,,,
142.0,176.0,36.1581284673512,1.0,nan,182.0,704.0,0.27291475608944893,0.0041244303411343,,,,,,,,,,,,
143.0,200.0,29.957807629089814,0.75,nan,158.0,800.0,0.06284329233070214,0.00940127154938164,,,,,,,,,,,,
144.0,52.0,0.16840560913085945,0.0,nan,14.0,208.0,0.05036220885813236,0.02857395576930781,,,,,,,,,,,,
145.0,200.0,47.47491820966572,0.75,nan,224.0,800.0,0.025407365814317018,0.011069486741430268,,,,,,,,,,,,
146.0,62.0,0.2976791518926619,0.0,nan,18.0,248.0,0.139267485588789,0.14687805584430733,,,,,,,,,,,,
147.0,200.0,36.53224820711184,0.5,nan,185.0,800.0,0.030904834857210517,0.026631048322045103,,,,,,,,,,,,
148.0,163.0,8.469367512762547,0.25,nan,68.0,652.0,-0.22087899735197425,0.021222202086930153,,,,,,,,,,,,
149.0,200.0,40.58282064176164,0.75,nan,193.0,800.0,0.28775891358964145,0.03731733840175622,,,,,,,,,,,,
150.0,200.0,32.209893274027856,0.75,0.2,169.0,800.0,-0.03362843176970879,0.011897081076243765,1.0,0.0,0.5,0.0,0.5,4.323840618133545,0.7432196140289307,12.845525707540219,104.0,1.0,200.0,15.60476569554303
151.0,195.0,42.276429028133876,1.0,nan,197.0,780.0,0.02233982819598168,0.00937009330794325,,,,,,,,,,,,
152.0,200.0,12.782746155187489,0.5,nan,103.0,800.0,0.028807732625864446,0.011753614169794702,,,,,,,,,,,,
153.0,160.0,10.123044573888178,0.5,nan,71.0,640.0,0.03855739044956863,0.007337503570168158,,,,,,,,,,,,
154.0,200.0,28.40859966558638,0.5,nan,155.0,800.0,0.24739524008085328,0.03541736592042177,,,,,,,,,,,,
155.0,134.0,19.34576370229712,1.0,nan,98.0,536.0,0.21789838187396526,0.015778583617198194,,,,,,,,,,,,
156.0,124.0,26.526728007281204,1.0,nan,124.0,496.0,0.03199921583291143,0.012707794427787134,,,,,,,,,,,,
157.0,81.0,0.8304911696910857,0.0,nan,25.0,324.0,0.0847876574844122,0.16012476870143644,,,,,,,,,,,,
158.0,192.0,39.52074114589023,1.0,nan,188.0,768.0,0.05553516924070815,0.009388046371995085,,,,,,,,,,,,
159.0,28.0,-0.35726508378982536,0.0,nan,8.0,112.0,0.24791020900011063,0.07680446877098543,,,,,,,,,,,,
160.0,34.0,-0.5446988248825072,0.0,0.2,9.0,136.0,0.33955805003643036,0.05160268456962774,1.0,0.0,0.75,0.0,0.75,1.7752970457077026,0.16582882404327393,12.315896732616238,180.0,1.0,200.0,37.33624607599341
161.0,65.0,1.0784647256135942,0.0,nan,18.0,260.0,0.13749832473695278,0.06875918130069181,,,,,,,,,,,,
162.0,87.0,5.321726375254802,0.25,nan,38.0,348.0,0.06221574917435646,0.10244838107462328,,,,,,,,,,,,
163.0,200.0,55.017171944974706,0.75,nan,249.0,800.0,0.025062964705284685,0.05586294675736703,,,,,,,,,,,,
164.0,200.0,34.21976290580351,1.0,nan,177.0,800.0,0.22688577075799304,0.006183886607951772,,,,,,,,,,,,
165.0,173.0,16.97914351940155,1.0,nan,103.0,692.0,0.04804107826203108,0.01361531516371528,,,,,,,,,,,,
166.0,200.0,24.974558241409262,0.75,nan,135.0,800.0,-0.03443018564333518,0.02884190328702152,,,,,,,,,,,,
167.0,200.0,50.421869422495384,0.75,nan,229.0,800.0,0.004147876286879182,0.0078693047576337,,,,,,,,,,,,
168.0,200.0,41.122628295724276,0.5,nan,197.0,800.0,-0.051455795124638826,0.016092257137064303,,,,,,,,,,,,
169.0,200.0,40.67758114237804,0.75,nan,194.0,800.0,0.5602869789581746,0.009883883215508149,,,,,,,,,,,,
170.0,88.0,-0.17970855861902232,0.0,0.0,21.0,352.0,0.15774346143007278,0.03237043992539901,1.0,0.0,0.0,0.25,0.0,2.513654947280884,-0.09332895278930664,4.550915348925628,12.0,1.0,49.0,0.15371623396873474
171.0,200.0,42.931396878743556,0.5,nan,212.0,800.0,0.23389936238527298,0.001517691155694667,,,,,,,,,,,,
172.0,200.0,21.8764415168378,0.75,nan,123.0,800.0,0.1108955901581794,0.014576786582107815,,,,,,,,,,,,
173.0,137.0,30.481321056473533,1.0,nan,142.0,548.0,0.1586170233786106,0.001904692876991021,,,,,,,,,,,,
174.0,200.0,34.26889941128902,0.75,nan,165.0,800.0,0.04837963528310259,0.008252499140169789,,,,,,,,,,,,
175.0,200.0,19.259194560727337,0.5,nan,126.0,800.0,0.13311253441497684,0.006801360944711413,,,,,,,,,,,,
176.0,200.0,60.48351651151898,0.75,nan,270.0,800.0,0.11778421550989152,0.008533989466572134,,,,,,,,,,,,
177.0,54.0,0.3377622856199743,0.0,nan,12.0,216.0,0.10739491321146488,0.035275499570040045,,,,,,,,,,,,
178.0,24.0,-0.19093906819820397,0.0,nan,8.0,96.0,0.4015005901455879,0.12216587942295594,,,,,,,,,,,,
179.0,200.0,28.965327897435063,0.5,nan,147.0,800.0,0.11662311665713787,0.016377008589091968,,,,,,,,,,,,
180.0,167.0,14.723818141508383,0.5,0.0,91.0,668.0,0.05831324541941285,0.026625810651241366,1.0,0.0,0.25,0.0,0.25,1.1983944177627563,1.614189863204956,10.330871027745388,119.0,1.0,200.0,20.37441776302876
181.0,49.0,-0.14302116572856904,0.0,nan,14.0,196.0,0.23226869106292725,0.07145488971515242,,,,,,,,,,,,
182.0,61.0,0.9035672147385777,0.25,nan,19.0,244.0,0.35777145624160767,0.09281147719313415,,,,,,,,,,,,
183.0,57.0,0.6951343464851378,0.0,nan,13.0,228.0,0.280443973839283,0.08299515126188589,,,,,,,,,,,,
184.0,134.0,3.54400944712339,0.5,nan,42.0,536.0,0.16118061915040016,0.07369638756415497,,,,,,,,,,,,
185.0,124.0,-0.23159223092719955,0.0,nan,30.0,496.0,0.21648667380213737,0.01374929301996275,,,,,,,,,,,,
186.0,169.0,46.052041184951094,1.0,nan,204.0,676.0,-0.0006912436801940203,0.015595141128859069,,,,,,,,,,,,
187.0,200.0,15.571309197368098,0.5,nan,99.0,800.0,0.0628655964974314,0.01549118082718337,,,,,,,,,,,,
188.0,200.0,20.40609253132716,0.75,nan,116.0,800.0,0.6362629858776927,0.0032952049279781903,,,,,,,,,,,,
189.0,53.0,0.05881385326385495,0.0,nan,14.0,212.0,0.17401131242513657,0.1255560761826516,,,,,,,,,,,,
190.0,166.0,40.73916246011854,1.0,0.0,186.0,664.0,0.05997505558965106,0.010213079382181078,1.0,0.0,0.5,0.0,0.5,1.111406922340393,1.7715017795562744,9.598090316263551,167.0,1.0,200.0,31.092107787600245
191.0,168.0,35.576329814344646,1.0,nan,164.0,672.0,0.015687057049944997,0.010913214261165649,,,,,,,,,,,,
192.0,81.0,0.011469926834106435,0.0,nan,21.0,324.0,0.09023997560143471,0.006104989154362528,,,,,,,,,,,,
193.0,200.0,17.753117629978806,0.5,nan,118.0,800.0,0.3376300744712353,0.015193118024566132,,,,,,,,,,,,
194.0,107.0,2.116182007659227,0.5,nan,28.0,428.0,0.15143101662397385,0.032129015592161636,,,,,,,,,,,,
195.0,90.0,1.6712353741750117,0.25,nan,28.0,360.0,0.2679682895541191,0.03683944934050576,,,,,,,,,,,,
196.0,83.0,6.712003614129498,0.25,nan,46.0,332.0,0.009687511483207345,0.01807930723614426,,,,,,,,,,,,
197.0,48.0,-0.2430965229123831,0.0,nan,12.0,192.0,0.37932661920785904,0.023480108058187454,,,,,,,,,,,,
198.0,74.0,0.30358102902770057,0.0,nan,20.0,296.0,0.1452847681939602,0.3836885139151889,,,,,,,,,,,,
199.0,38.0,-0.16204136490821833,0.0,nan,8.0,152.0,0.2874674052000046,0.07311600018808324,,,,,,,,,,,,
200.0,92.0,0.7431991006433966,0.0,0.0,21.0,368.0,0.34954167902469635,0.02105508851502158,1.0,0.0,0.25,0.0,0.25,1.2881783246994019,0.09216797351837158,10.505936378571278,109.0,1.0,200.0,17.451001917943362
201.0,200.0,8.630303726624696,0.75,nan,74.0,800.0,0.46858290024101734,0.023100201929423747,,,,,,,,,,,,
202.0,200.0,33.41635415395722,1.0,nan,184.0,800.0,0.33426548168063164,0.010784994093484102,,,,,,,,,,,,
203.0,99.0,0.7015319252759216,0.0,nan,24.0,396.0,0.20571253448724747,0.04755908194627523,,,,,,,,,,,,
204.0,33.0,0.16912143945693975,0.0,nan,9.0,132.0,0.022090479964390397,0.04175440959798062,,,,,,,,,,,,
205.0,200.0,40.664847734081576,0.75,nan,194.0,800.0,0.07242580346064642,0.023340186292605397,,,,,,,,,,,,
206.0,77.0,0.9479213866591453,0.0,nan,18.0,308.0,0.1502319723367691,0.1605881645850218,,,,,,,,,,,,
207.0,61.0,4.127088424712419,0.25,nan,29.0,244.0,0.13380533084273338,0.027227554132095377,,,,,,,,,,,,
208.0,200.0,28.428964929236106,0.5,nan,150.0,800.0,-0.012922242904702822,0.024430565505365376,,,,,,,,,,,,
209.0,114.0,18.928610565760177,0.25,nan,96.0,456.0,0.09746928873937577,0.009203433845483389,,,,,,,,,,,,
210.0,200.0,21.665363312023707,0.5,0.0,154.0,800.0,0.029789422561104097,0.013868859099330777,1.0,0.0,0.0,0.25,0.0,3.6096436977386475,-0.07024765014648438,4.089277906766256,12.0,1.0,46.0,0.08633897542953496
211.0,81.0,0.226327391862869,0.0,nan,20.0,324.0,0.17195112258195877,0.03533920357830178,,,,,,,,,,,,
212.0,146.0,39.873408159948895,1.0,nan,175.0,584.0,1.495711326599121,0.011252386511962698,,,,,,,,,,,,
213.0,195.0,27.854285006003916,1.0,nan,143.0,780.0,0.13208950621386367,0.000601077330120825,,,,,,,,,,,,
214.0,68.0,3.972270638989284,0.25,nan,27.0,272.0,0.19737166538834572,0.07882508915389508,,,,,,,,,,,,
215.0,105.0,0.999619737267494,0.0,nan,26.0,420.0,0.31480398029088974,0.040178701200574096,,,,,,,,,,,,
216.0,74.0,-0.13117443561553951,0.0,nan,19.0,296.0,0.09685932658612728,0.031819907170202555,,,,,,,,,,,,
217.0,173.0,22.5031641342491,0.5,nan,121.0,692.0,0.040947738103568554,0.023238672694613882,,,,,,,,,,,,
218.0,200.0,69.49156147430188,1.0,nan,306.0,800.0,0.13629841934889556,0.006045147589181177,,,,,,,,,,,,
219.0,106.0,5.881929825022816,0.25,nan,43.0,424.0,0.11691194027662277,0.028445001154786098,,,,,,,,,,,,
220.0,200.0,27.2115961263422,0.5,0.0,154.0,800.0,-0.025773251817251243,0.01655499009716266,1.0,0.0,0.5,0.0,0.5,1.5568163394927979,1.4894710779190063,14.397094585714513,113.0,1.0,200.0,9.029923168569802
221.0,68.0,-0.3006939429044723,0.0,nan,16.0,272.0,0.11261588335037231,0.029511313645940618,,,,,,,,,,,,
222.0,189.0,36.4375230880594,0.75,nan,178.0,756.0,0.1979167741568138,0.03664115986596883,,,,,,,,,,,,
223.0,28.0,-0.23407748222351074,0.0,nan,8.0,112.0,0.24193715676665306,0.05846393046956929,,,,,,,,,,,,
224.0,46.0,-0.09419876098632812,0.0,nan,12.0,184.0,0.05469989962875843,0.042233578899452805,,,,,,,,,,,,
225.0,192.0,46.78790324378761,1.0,nan,218.0,768.0,0.021356013312470168,0.004142365090556321,,,,,,,,,,,,
226.0,200.0,43.333610887394755,0.5,nan,207.0,800.0,0.2394134851056151,0.0073672504349096,,,,,,,,,,,,
227.0,54.0,0.885549514219165,0.25,nan,15.0,216.0,0.05313603859394789,0.0390853268688284,,,,,,,,,,,,
228.0,119.0,17.973421498332176,1.0,nan,90.0,476.0,-0.015017677913419902,0.020058678578593003,,,,,,,,,,,,
229.0,200.0,35.057193498942084,0.75,nan,182.0,800.0,0.12919377783934274,0.061759794843226246,,,,,,,,,,,,
230.0,86.0,4.2167655742005445,0.5,0.0,35.0,344.0,0.7075126320123672,0.050218524919401375,1.0,0.0,0.0,0.25,0.0,2.720460891723633,-0.014548778533935547,4.5188906892435625,12.0,1.0,47.0,0.16604210615158088
231.0,33.0,-0.14045224666595457,0.0,nan,10.0,132.0,0.1547258198261261,0.10984062886650876,,,,,,,,,,,,
232.0,58.0,1.6575065224245193,0.5,nan,21.0,232.0,0.28069786727428436,0.06579646526643437,,,,,,,,,,,,
233.0,200.0,44.20322864351329,0.75,nan,206.0,800.0,0.17604780313558877,0.002229099112389221,,,,,,,,,,,,
234.0,200.0,59.275872451753834,0.75,nan,266.0,800.0,0.03673264174722135,0.0019892195176440808,,,,,,,,,,,,
235.0,74.0,0.7955177998542784,0.0,nan,18.0,296.0,0.12418336234986782,0.038256213552717355,,,,,,,,,,,,
236.0,200.0,33.17145723905414,0.75,nan,165.0,800.0,0.1447149736341089,0.021193197142689968,,,,,,,,,,,,
237.0,40.0,1.3437380308285354,0.25,nan,14.0,160.0,-0.017994025722146034,0.04346137809568518,,,,,,,,,,,,
238.0,200.0,27.520747621171182,0.5,nan,147.0,800.0,0.057650147937238216,0.002119088112717993,,,,,,,,,,,,
239.0,200.0,49.1324168704625,0.75,nan,226.0,800.0,-0.008667597605381161,0.04634993849795843,,,,,,,,,,,,
240.0,200.0,47.6844310423825,0.5,0.0,226.0,800.0,0.0028131227591075003,0.017736857462508304,1.0,0.0,0.25,0.25,0.25,2.5913126468658447,-0.08265137672424316,5.917917461712932,17.0,1.0,73.0,0.41722335059195725
241.0,87.0,0.23833772197365724,0.0,nan,21.0,348.0,0.05332356411963701,0.04040622800692972,,,,,,,,,,,,
242.0,200.0,33.5501501618186,0.75,nan,170.0,800.0,0.13643616860887656,0.0033593573710497537,,,,,,,,,,,,
243.0,200.0,65.0563532599714,0.75,nan,288.0,800.0,0.3492732778191567,0.002084800166691436,,,,,,,,,,,,
244.0,65.0,0.9867656895890834,0.25,nan,18.0,260.0,0.07771937176585197,0.03526747078704062,,,,,,,,,,,,
245.0,148.0,5.138402449623681,0.75,nan,51.0,592.0,0.29282794892787933,0.03493981413961933,,,,,,,,,,,,
246.0,200.0,33.878021092619754,0.75,nan,184.0,800.0,0.3681028137604395,0.008383614881812385,,,,,,,,,,,,
247.0,52.0,2.8849678686074913,0.5,nan,21.0,208.0,0.22562400251626968,0.05587981972880348,,,,,,,,,,,,
248.0,200.0,27.078052316349936,0.75,nan,152.0,800.0,0.03462485340423882,0.0029676322746041706,,,,,,,,,,,,
249.0,60.0,0.23725497722625738,0.0,nan,13.0,240.0,0.14706026390194893,0.032710182765123365,,,,,,,,,,,,
250.0,43.0,0.32220289528369894,0.0,0.0,12.0,172.0,0.06739933136850595,0.04022770187566559,1.0,0.0,0.0,0.25,0.0,4.096838474273682,-0.12977087497711182,4.8704167586583935,16.0,1.0,61.0,0.07584126532077787
251.0,89.0,1.031142917871475,0.0,nan,22.0,356.0,0.11796384491026402,0.05402323619650495,,,,,,,,,,,,
252.0,129.0,12.70932580131572,0.5,nan,74.0,516.0,0.2537410194054246,0.031220057295117787,,,,,,,,,,,,
253.0,200.0,43.076688326755544,0.75,nan,204.0,800.0,-0.01867887342814356,0.0025225259099808106,,,,,,,,,,,,
254.0,200.0,33.787722327187666,0.75,nan,170.0,800.0,0.2398684558769067,0.0022737639044669578,,,,,,,,,,,,
255.0,200.0,31.04441559985281,0.5,nan,161.0,800.0,0.18364842049777508,0.0012463183052870974,,,,,,,,,,,,
256.0,200.0,28.266568025271408,0.75,nan,150.0,800.0,0.23070875679453212,0.004588456526435025,,,,,,,,,,,,
257.0,63.0,0.0421186667680741,0.0,nan,17.0,252.0,0.15704163908958435,0.048364490464207065,,,,,,,,,,,,
258.0,76.0,0.6703779106587171,0.0,nan,18.0,304.0,0.13541443645954132,0.05265432639014023,,,,,,,,,,,,
259.0,142.0,23.927107091359794,1.0,nan,117.0,568.0,0.10121750133112073,0.010605051961388168,,,,,,,,,,,,
260.0,48.0,0.622367103099823,0.0,0.0,12.0,192.0,0.058307803235948086,0.03626919010302269,1.0,0.0,0.0,0.25,0.0,1.6593292951583862,-0.03389537334442139,4.351354491038364,12.0,1.0,49.0,0.11849421620368955
261.0,200.0,36.903358801989825,0.5,nan,187.0,800.0,0.44913324651618797,0.017596375193050573,,,,,,,,,,,,
262.0,200.0,43.13784947693351,0.75,nan,220.0,800.0,0.03693642665166408,0.004614453348884884,,,,,,,,,,,,
263.0,200.0,14.959345805365588,0.5,nan,102.0,800.0,0.21560795977711678,0.017237581702374882,,,,,,,,,,,,
264.0,173.0,18.434799887817935,1.0,nan,104.0,692.0,0.36030859127640724,0.014694345240584994,,,,,,,,,,,,
265.0,200.0,38.05129205442501,0.5,nan,189.0,800.0,0.33841332979500294,0.006916473852914162,,,,,,,,,,,,
266.0,200.0,10.208031111024315,0.75,nan,79.0,800.0,0.30313687212765217,0.019954987401725077,,,,,,,,,,,,
267.0,200.0,28.597717047110205,0.75,nan,157.0,800.0,0.08379660981396833,0.009932396624754203,,,,,,,,,,,,
268.0,200.0,23.184483385412037,0.25,nan,133.0,800.0,0.03505713578003148,0.0323164011497834,,,,,,,,,,,,
269.0,26.0,-0.30707329273223877,0.0,nan,8.0,104.0,0.3518783301115036,0.05407116675465099,,,,,,,,,,,,
270.0,200.0,10.758713809447363,0.25,0.0,82.0,800.0,-0.030689789913594723,0.02721430694120297,1.0,0.0,0.25,0.0,0.25,0.6799834966659546,1.189522385597229,12.28708889299378,62.0,1.0,200.0,3.5760660015046595
271.0,91.0,0.7639034056663513,0.0,nan,21.0,364.0,0.15061906725168228,0.021589355953857137,,,,,,,,,,,,
272.0,198.0,36.85539061907213,1.0,nan,182.0,792.0,0.0953268175944686,0.00838632455064836,,,,,,,,,,,,
273.0,76.0,0.23367743432521831,0.0,nan,17.0,304.0,0.075483912602067,0.04561379757408647,,,,,,,,,,,,
274.0,161.0,26.895652218218896,1.0,nan,131.0,644.0,0.5298496192942063,0.006457462556247684,,,,,,,,,,,,
275.0,55.0,-0.3912155389785766,0.0,nan,12.0,220.0,0.20717741176486015,0.021341140557636994,,,,,,,,,,,,
276.0,138.0,17.03831873578485,0.25,nan,95.0,552.0,0.31467232294380665,0.040271836266359995,,,,,,,,,,,,
277.0,200.0,57.65594586243388,0.75,nan,259.0,800.0,0.10073212324641645,0.0019565338542335553,,,,,,,,,,,,
278.0,199.0,31.66530307339506,0.5,nan,164.0,796.0,0.17172110251461464,0.01489203955829499,,,,,,,,,,,,
279.0,89.0,-0.7147863188385963,0.0,nan,22.0,356.0,0.3695757985115051,0.03827592877699981,,,,,,,,,,,,
280.0,112.0,8.357971864119172,0.25,0.0,58.0,448.0,0.12731803208589554,0.923433922736379,1.0,0.0,0.0,0.5,0.0,-0.07106142491102219,3.785292625427246,2.1085467553045874,8.0,1.0,29.0,-0.3782752776145935
281.0,200.0,40.43141203769484,0.75,nan,189.0,800.0,-0.016292327859749395,0.04558020178192024,,,,,,,,,,,,
282.0,47.0,0.6338257360458373,0.0,nan,13.0,188.0,0.11522280611097813,0.27872203397275813,,,,,,,,,,,,
283.0,162.0,23.09473776055501,0.75,nan,136.0,648.0,0.11913961893878877,0.023694859127800783,,,,,,,,,,,,
284.0,193.0,22.01516108173411,1.0,nan,122.0,772.0,0.42921556904911995,0.011297910154766555,,,,,,,,,,,,
285.0,60.0,1.1410421922802925,0.0,nan,14.0,240.0,0.10835184901952744,0.1664271679295022,,,,,,,,,,,,
286.0,50.0,0.5364038467407226,0.0,nan,12.0,200.0,0.09829594939947128,0.13586701126384468,,,,,,,,,,,,
287.0,200.0,29.116752232890587,0.5,nan,150.0,800.0,0.08829697004208961,0.008689779003645981,,,,,,,,,,,,
288.0,200.0,47.850524944090296,0.75,nan,220.0,800.0,0.12909352080896497,0.01395842871246522,,,,,,,,,,,,
289.0,47.0,0.08875427126884468,0.0,nan,12.0,188.0,0.17409775406122208,0.039818161052182326,,,,,,,,,,,,
290.0,49.0,0.9772567307949065,0.0,0.0,13.0,196.0,0.08860118873417377,0.030502766703361585,1.0,0.0,0.25,0.25,0.25,1.4368926286697388,-0.17854738235473633,7.719537475086327,33.0,1.0,109.0,2.5148331014811984
291.0,105.0,0.3764011293649673,0.0,nan,24.0,420.0,0.09282788261771202,0.028869710594392473,,,,,,,,,,,,
292.0,19.0,-0.3268290066719055,0.0,nan,4.0,76.0,0.2761020138859749,0.05779887588029229,,,,,,,,,,,,
293.0,200.0,22.81489357552492,0.5,nan,128.0,800.0,0.2574472762644291,0.021505646898328568,,,,,,,,,,,,
294.0,200.0,30.866847412951767,0.75,nan,157.0,800.0,0.07254535922159751,0.005489363688926607,,,,,,,,,,,,
295.0,143.0,9.821089858671183,0.5,nan,68.0,572.0,0.0010959617793560028,0.01908067313937689,,,,,,,,,,,,
296.0,200.0,62.76526894139827,0.75,nan,278.0,800.0,0.2261908925138414,0.0005585800123865114,,,,,,,,,,,,
297.0,155.0,14.214661698788404,1.0,nan,84.0,620.0,-0.05366410547867417,0.0035174342266137693,,,,,,,,,,,,
298.0,200.0,27.685502729797733,0.75,nan,147.0,800.0,0.07537375080088773,0.0012062236939214196,,,,,,,,,,,,
299.0,144.0,-0.8134272032976154,0.0,nan,33.0,576.0,0.2766175642609596,0.023409642410449516,,,,,,,,,,,,
300.0,200.0,18.72824045056477,0.5,0.0,117.0,800.0,0.20170937199145555,0.004752508490267537,1.0,0.0,0.75,0.0,0.75,0.12375038862228394,1.435113549232483,10.951998488220852,158.0,1.0,200.0,30.785522586877413
301.0,200.0,-1.0613233119249355,0.0,nan,41.0,800.0,0.22411184012889862,0.01959091587946138,,,,,,,,,,,,
302.0,200.0,31.10207380721258,1.0,nan,155.0,800.0,0.10282602494892974,0.005544249830336356,,,,,,,,,,,,
303.0,71.0,0.7118807578086852,0.0,nan,18.0,284.0,0.1314475443214178,0.04046380202861144,,,,,,,,,,,,
304.0,123.0,3.7447937949374324,0.5,nan,42.0,492.0,0.20610443130135536,0.04560857286288211,,,,,,,,,,,,
305.0,27.0,-0.09511911392211914,0.0,nan,8.0,108.0,0.15299350023269653,0.029281941076780633,,,,,,,,,,,,
306.0,200.0,65.08539040977197,0.75,nan,285.0,800.0,0.048471175599843264,0.0011764183319621369,,,,,,,,,,,,
307.0,200.0,22.941638181917373,0.75,nan,132.0,800.0,0.16933502272392312,0.0016810796645363446,,,,,,,,,,,,
308.0,158.0,18.067738500137345,1.0,nan,98.0,632.0,0.045388254802674055,0.008282757638299998,,,,,,,,,,,,
309.0,64.0,1.9103939423710103,0.25,nan,19.0,256.0,0.34850841760635376,0.5491334760997191,,,,,,,,,,,,
310.0,183.0,43.27666521194507,0.5,0.0,198.0,732.0,0.07719593052752316,0.04497643578001176,1.0,0.0,0.0,0.5,0.0,-0.028575152158737183,3.715073585510254,2.133507958813425,8.0,1.0,28.0,-0.35601251602172856
311.0,200.0,34.25761102354155,0.5,nan,177.0,800.0,0.008266222508003313,0.11332095001058207,,,,,,,,,,,,
312.0,78.0,-0.4264982032775878,0.0,nan,16.0,312.0,0.1580013856291771,0.007916113690491763,,,,,,,,,,,,
313.0,200.0,7.181197654455898,0.5,nan,82.0,800.0,0.19337580597493798,0.03591675475921363,,,,,,,,,,,,
314.0,33.0,0.11475066661834717,0.0,nan,8.0,132.0,0.10463937371969223,0.023167385358895197,,,,,,,,,,,,
315.0,200.0,38.12220710976982,1.0,nan,184.0,800.0,0.16415322308118144,0.0015321588609999992,,,,,,,,,,,,
316.0,49.0,0.1636516338586806,0.0,nan,12.0,196.0,0.1035409513860941,0.04090749466104639,,,,,,,,,,,,
317.0,113.0,1.825952142551542,0.25,nan,33.0,452.0,0.2288283295929432,0.04188890786654653,,,,,,,,,,,,
318.0,33.0,-0.040385656356811545,0.0,nan,8.0,132.0,0.2220083437860012,0.04472565207233305,,,,,,,,,,,,
319.0,200.0,8.34615622758865,0.75,nan,77.0,800.0,0.27893226500600576,0.0030548591091115185,,,,,,,,,,,,
320.0,200.0,25.529798981361104,0.75,0.0,144.0,800.0,0.26902661224206287,0.007697798372567122,1.0,0.0,0.25,0.5,0.25,-0.06111125648021698,2.6226446628570557,6.82354660890357,22.0,1.0,79.0,1.2606221389397978
321.0,200.0,17.233396139711846,0.5,nan,105.0,800.0,0.21892782812938094,0.0006893279548219056,,,,,,,,,,,,
322.0,200.0,26.23790072652046,0.5,nan,150.0,800.0,0.16105501004494727,0.025988964113550672,,,,,,,,,,,,
323.0,200.0,6.162420777231453,0.25,nan,76.0,800.0,0.2814274188131094,0.021747374027207833,,,,,,,,,,,,
324.0,133.0,4.729888818487525,0.25,nan,42.0,532.0,0.1672162562608719,0.05614999277575805,,,,,,,,,,,,
325.0,104.0,1.2013071751594548,0.0,nan,25.0,416.0,0.10294775664806366,0.036638486556803684,,,,,,,,,,,,
326.0,200.0,49.168073151749574,1.0,nan,229.0,800.0,0.09429517952958122,0.03329726279188305,,,,,,,,,,,,
327.0,27.0,-0.4012952041625976,0.0,nan,8.0,108.0,0.18880930915474892,0.0731804345199702,,,,,,,,,,,,
328.0,26.0,-0.3034345126152039,0.0,nan,8.0,104.0,0.2857354059815407,0.049919538458338,,,,,,,,,,,,
329.0,46.0,-0.0814882761240005,0.0,nan,14.0,184.0,0.2586769200861454,0.06085734803492494,,,,,,,,,,,,
330.0,63.0,0.6894937132298947,0.25,0.0,19.0,252.0,0.24962648376822472,0.04683496757512792,1.0,0.0,0.0,0.25,0.0,1.4923452138900757,1.3297477960586548,9.164354823868052,26.0,1.0,102.0,0.2013888168334954
331.0,200.0,35.15499303702381,0.5,nan,171.0,800.0,0.10127539257518947,0.006778914475335074,,,,,,,,,,,,
332.0,19.0,-0.36643496394157415,0.0,nan,4.0,76.0,0.21180323138833046,0.04653593163426482,,,,,,,,,,,,
333.0,110.0,19.545171981351444,0.5,nan,98.0,440.0,0.10383539414033294,0.02658117046911305,,,,,,,,,,,,
334.0,200.0,23.848044922575355,0.75,nan,130.0,800.0,0.07590836938470602,0.056429779835948324,,,,,,,,,,,,
335.0,200.0,38.119859499868475,0.5,nan,185.0,800.0,3.070151433348656e-05,0.023453154321693148,,,,,,,,,,,,
336.0,130.0,17.262769744370598,1.0,nan,89.0,520.0,0.3976866491138935,0.0375523669201705,,,,,,,,,,,,
337.0,67.0,0.058622610867023486,0.0,nan,17.0,268.0,0.17758701741695404,0.026683251370599237,,,,,,,,,,,,
338.0,200.0,5.071394878067074,0.5,nan,62.0,800.0,0.16409656032919884,0.07100608436483569,,,,,,,,,,,,
339.0,200.0,27.292091130372143,0.75,nan,162.0,800.0,-0.05452198636097212,0.0319919851346846,,,,,,,,,,,,
340.0,200.0,25.559495360963044,0.75,0.0,136.0,800.0,0.2254836804543932,0.09303940771996899,1.0,0.0,0.25,0.0,0.25,1.4655474424362183,0.47840869426727295,10.531101328657314,69.0,1.0,200.0,6.183441757038235
341.0,190.0,29.081799582205708,1.0,nan,146.0,760.0,0.5862222462892532,0.01395950175180427,,,,,,,,,,,,
342.0,200.0,42.10189511138016,0.75,nan,203.0,800.0,0.09417851216858253,0.0014429113098426427,,,,,,,,,,,,
343.0,200.0,38.378937434521504,0.5,nan,187.0,800.0,0.18187986314296722,0.013295178082748826,,,,,,,,,,,,
344.0,189.0,31.564845144087446,1.0,nan,156.0,756.0,0.24824341821173826,0.02385583468705628,,,,,,,,,,,,
345.0,70.0,-0.0826169997453689,0.0,nan,16.0,280.0,0.15975358709692955,0.03724302567397331,,,,,,,,,,,,
346.0,25.0,-0.29644705504179003,0.0,nan,9.0,100.0,0.2224617302417755,0.045041149403741654,,,,,,,,,,,,
347.0,200.0,30.780336680670736,0.75,nan,159.0,800.0,0.14475243197133142,0.02491567925503313,,,,,,,,,,,,
348.0,171.0,27.19414083683865,1.0,nan,135.0,684.0,0.03322479920461774,0.04155198282457562,,,,,,,,,,,,
349.0,200.0,43.666978024737915,0.75,nan,206.0,800.0,-0.04052103089634329,0.025036281261586746,,,,,,,,,,,,
350.0,200.0,46.96488887672314,0.75,0.0,215.0,800.0,0.228620495647192,0.008949579500003857,1.0,0.0,0.5,0.0,0.5,1.0016628503799438,0.03926420211791992,9.970160356338965,122.0,1.0,200.0,21.669831052816885
351.0,145.0,36.03708465998062,1.0,nan,162.0,580.0,-0.01803041047727068,0.008309037701126731,,,,,,,,,,,,
352.0,200.0,34.09031225289218,0.75,nan,167.0,800.0,-0.0028524032483498254,0.0003180132385144363,,,,,,,,,,,,
353.0,62.0,0.5456726352870463,0.0,nan,16.0,248.0,0.12130394391715527,0.030690731102104733,,,,,,,,,,,,
354.0,200.0,56.79747437268965,0.75,nan,251.0,800.0,-0.009399526112247258,0.02589281907525437,,,,,,,,,,,,
355.0,200.0,11.517866407148539,0.5,nan,92.0,800.0,0.2897764458321035,0.0011904216557623304,,,,,,,,,,,,
356.0,200.0,1.9397190679796033,0.25,nan,54.0,800.0,0.14302929118275642,0.029552159004509804,,,,,,,,,,,,
357.0,200.0,25.086930782254793,0.5,nan,136.0,800.0,0.06286724330857396,0.025948632735065758,,,,,,,,,,,,
358.0,200.0,31.326229600468643,0.5,nan,171.0,800.0,0.1650029025040567,0.025964911447197814,,,,,,,,,,,,
359.0,39.0,0.004245334342122098,0.0,nan,9.0,156.0,0.12311235442757607,0.028515138806165526,,,,,,,,,,,,
360.0,130.0,0.08159283399581857,0.25,0.0,32.0,520.0,0.3435986787080765,0.019548228366675913,1.0,0.0,0.75,0.0,0.75,0.7450400590896606,0.2436051368713379,9.901814401676688,133.0,1.0,200.0,24.18257115110756
361.0,71.0,0.2138795757293702,0.0,nan,16.0,284.0,0.042809214908629656,0.03615983891037189,,,,,,,,,,,,
362.0,200.0,10.467664723144845,0.25,nan,85.0,800.0,0.2966581992805004,0.006923969495124638,,,,,,,,,,,,
363.0,200.0,34.82830273089931,0.75,nan,180.0,800.0,0.3789978759984175,0.002681695489020086,,,,,,,,,,,,
364.0,200.0,29.27135510148947,0.75,nan,166.0,800.0,0.05890025617554784,0.004759978857827973,,,,,,,,,,,,
365.0,144.0,10.819909476479515,0.25,nan,76.0,576.0,0.23167240247130394,0.03421304978795803,,,,,,,,,,,,
366.0,78.0,1.0737488314323125,0.0,nan,16.0,312.0,0.07656034454703331,0.039677146508545036,,,,,,,,,,,,
367.0,200.0,25.170525292633105,0.75,nan,143.0,800.0,0.5669828417400519,0.007633615722959952,,,,,,,,,,,,
368.0,200.0,31.730322280700797,0.5,nan,165.0,800.0,0.44041292121013004,0.06377847723179259,,,,,,,,,,,,
369.0,174.0,35.509676520237704,1.0,nan,169.0,696.0,0.16408363046745458,0.004822889764064975,,,,,,,,,,,,
370.0,200.0,17.2079568955116,0.5,0.0,120.0,800.0,0.21188590954989195,0.011707604221918189,1.0,0.0,0.0,0.25,0.0,4.356637954711914,-0.11154299974441528,4.347585262269121,12.0,1.0,46.0,0.13761310219764716
371.0,200.0,22.190920424601067,0.5,nan,125.0,800.0,0.11958112777210772,0.025494683583896283,,,,,,,,,,,,
372.0,92.0,1.2483793414384123,0.25,nan,24.0,368.0,0.1695122830569744,0.02636570975443675,,,,,,,,,,,,
373.0,200.0,10.884840113017708,0.25,nan,89.0,800.0,0.37655228190124035,0.006285845619322217,,,,,,,,,,,,
374.0,200.0,19.845664725685495,0.75,nan,115.0,800.0,0.0623289467766881,0.00957482319478875,,,,,,,,,,,,
375.0,200.0,17.683792225085195,0.75,nan,114.0,800.0,0.0756225825753063,0.005506509525921466,,,,,,,,,,,,
376.0,200.0,0.030707450024782812,0.25,nan,69.0,800.0,0.23163210041821003,0.04202301533228603,,,,,,,,,,,,
377.0,12.0,-0.16770046472549435,0.0,nan,4.0,48.0,0.23403311893343925,0.08779502424537593,,,,,,,,,,,,
378.0,200.0,25.460639372770693,0.25,nan,148.0,800.0,0.3374099510256201,0.005765403423926951,,,,,,,,,,,,
379.0,67.0,2.310126066878438,0.25,nan,24.0,268.0,0.024701104499399662,0.02238811233461746,,,,,,,,,,,,
380.0,156.0,8.43143046522513,1.0,0.0,69.0,624.0,0.05868863651994616,0.0488201057762776,1.0,0.0,0.0,0.25,0.0,1.0031131505966187,1.8703445196151733,7.789803045865568,22.0,1.0,96.0,0.15777355894446338
381.0,200.0,34.32109389468096,0.75,nan,167.0,800.0,0.37313010791937506,0.018418271830670352,,,,,,,,,,,,
382.0,184.0,56.05793951887115,1.0,nan,251.0,736.0,-0.07850245671579614,0.00600980055268141,,,,,,,,,,,,
383.0,44.0,0.24084387183189399,0.0,nan,12.0,176.0,0.09147149510681629,1.0099804854540624,,,,,,,,,,,,
384.0,130.0,2.8383591383695603,0.25,nan,36.0,520.0,0.19387952610850334,0.0717002781191534,,,,,,,,,,,,
385.0,200.0,35.48669335927118,0.5,nan,183.0,800.0,0.3053935468196869,0.0008784053915820156,,,,,,,,,,,,
386.0,191.0,31.057880302481358,1.0,nan,159.0,764.0,0.3382467143237591,0.018259756298767083,,,,,,,,,,,,
387.0,200.0,51.95137757733465,0.5,nan,243.0,800.0,0.055525259114801884,0.04937038381478587,,,,,,,,,,,,
388.0,147.0,5.514896370535716,0.5,nan,55.0,588.0,0.26673611998558044,0.04054695702700073,,,,,,,,,,,,
389.0,29.0,-0.16109519243240356,0.0,nan,8.0,116.0,0.11249548569321632,0.17401220341934795,,,,,,,,,,,,
390.0,200.0,32.48439923305995,0.75,0.0,171.0,800.0,0.07359826106888552,0.01877133301470968,1.0,0.0,0.25,0.0,0.25,0.9523142576217651,1.2240753173828125,10.273796883666819,139.0,1.0,200.0,25.596537711098794
391.0,200.0,63.53230054725431,0.75,nan,290.0,800.0,0.1787617964670062,0.003161090828451618,,,,,,,,,,,,
392.0,200.0,17.475720827560867,0.75,nan,118.0,800.0,0.12009123293682933,0.008066060217998494,,,,,,,,,,,,
393.0,128.0,12.716456196065991,0.5,nan,74.0,512.0,0.1102160185109824,0.018808185336467886,,,,,,,,,,,,
394.0,178.0,0.2220181499421593,0.0,nan,39.0,712.0,0.1513398066163063,0.15178333423469326,,,,,,,,,,,,
395.0,137.0,0.634318145290017,0.25,nan,32.0,548.0,0.09879184700548649,0.022525235992806536,,,,,,,,,,,,
396.0,200.0,47.57102811164225,0.75,nan,223.0,800.0,0.14330272120423615,0.004754941140043489,,,,,,,,,,,,
397.0,175.0,16.34943479116773,1.0,nan,94.0,700.0,0.07644445484038442,0.015669323046680006,,,,,,,,,,,,
398.0,83.0,0.2448625427484511,0.0,nan,21.0,332.0,0.14790763705968857,0.09303904008253117,,,,,,,,,,,,
399.0,72.0,0.4663350450992583,0.0,nan,19.0,288.0,0.0851630512624979,0.0681748194068793,,,,,,,,,,,,
400.0,42.0,0.09502951383590699,0.0,0.0,13.0,168.0,0.09759636968374252,0.07124140333742378,1.0,0.0,0.75,0.0,0.75,1.4155925512313843,0.6287553310394287,9.83257928544478,137.0,1.0,200.0,25.670724950265146
401.0,200.0,21.386736804526308,0.5,nan,125.0,800.0,0.021006411756388843,0.02122215702959096,,,,,,,,,,,,
402.0,127.0,18.10629815670662,0.5,nan,96.0,508.0,0.1907449052669108,0.0067737666460792045,,,,,,,,,,,,
403.0,46.0,-0.33493367195129387,0.0,nan,12.0,184.0,0.2615445777773857,0.02035097111572491,,,,,,,,,,,,
404.0,200.0,68.05457054222937,0.75,nan,298.0,800.0,0.18023588918149472,0.00011670599900412415,,,,,,,,,,,,
405.0,200.0,49.64145034840331,0.75,nan,228.0,800.0,0.08749892422929406,0.002683556605654447,,,,,,,,,,,,
406.0,29.0,-0.33367539435625077,0.0,nan,10.0,116.0,0.4229624271392822,0.07088821263710382,,,,,,,,,,,,
407.0,200.0,52.583327340032,0.75,nan,243.0,800.0,0.15502494107931852,0.00921684922151389,,,,,,,,,,,,
408.0,37.0,-0.004670400619506826,0.0,nan,8.0,148.0,0.3706502318382263,0.03947505578036259,,,,,,,,,,,,
409.0,149.0,2.3614230161905283,0.5,nan,48.0,596.0,0.25750429555773735,0.018742862191503118,,,,,,,,,,,,
410.0,200.0,47.710011956398404,1.0,0.0,222.0,800.0,0.06325835845200345,0.03914387530024388,1.0,0.0,0.5,0.25,0.5,1.646859049797058,0.09840357303619385,9.917390907047036,132.0,1.0,171.0,24.326733012343766
411.0,200.0,44.16591419622857,0.75,nan,216.0,800.0,0.06204927060753107,0.012172256148122229,,,,,,,,,,,,
412.0,178.0,25.97864006821067,1.0,nan,129.0,712.0,0.4739964799955487,0.012239575044559192,,,,,,,,,,,,
413.0,200.0,38.9636554009514,1.0,nan,187.0,800.0,0.06145228135089079,0.01142510806306779,,,,,,,,,,,,
414.0,153.0,-0.718012954592705,0.0,nan,35.0,612.0,0.3046855553984642,0.01375061691915569,,,,,,,,,,,,
415.0,200.0,20.450080834375708,0.5,nan,119.0,800.0,0.1037396362517029,0.014420410029725605,,,,,,,,,,,,
416.0,200.0,49.19735811600696,0.75,nan,231.0,800.0,0.07832978572696447,0.007743608841591865,,,,,,,,,,,,
417.0,200.0,9.515264502912759,0.25,nan,87.0,800.0,0.098091637250036,0.021538165576092005,,,,,,,,,,,,
418.0,182.0,7.916352882534264,0.5,nan,81.0,728.0,0.1810582356993109,0.005901989026166454,,,,,,,,,,,,
419.0,200.0,8.171602379158136,0.5,nan,81.0,800.0,0.14746532682329416,0.0037467815309324415,,,,,,,,,,,,
420.0,45.0,0.36274890303611756,0.0,0.0,12.0,180.0,0.09684039652347565,0.03467518672746558,1.0,0.0,0.5,0.0,0.5,2.1007673740386963,0.5342593193054199,10.41239719558746,148.0,1.0,200.0,27.148228051234046
421.0,149.0,21.410665693567132,1.0,nan,107.0,596.0,0.05416872014757246,0.037096450269056946,,,,,,,,,,,,
422.0,200.0,31.134441495593652,0.5,nan,159.0,800.0,0.16687936646242935,0.0009276124590157364,,,,,,,,,,,,
423.0,158.0,16.72344000137411,0.5,nan,93.0,632.0,0.07807938265614212,0.035936603974553505,,,,,,,,,,,,
424.0,200.0,28.997693396662367,0.75,nan,150.0,800.0,0.15616008297850686,0.0012722683969847992,,,,,,,,,,,,
425.0,76.0,0.570727160151582,0.25,nan,17.0,304.0,0.20829828828573227,0.04436200755930031,,,,,,,,,,,,
426.0,200.0,50.81020857988625,0.75,nan,228.0,800.0,0.058657909044995904,0.0007514126720842285,,,,,,,,,,,,
427.0,60.0,1.805491990968585,0.25,nan,17.0,240.0,0.18154479935765266,0.030369074327679376,,,,,,,,,,,,
428.0,127.0,36.053490951210264,1.0,nan,161.0,508.0,0.07207127132763465,0.011537450536696525,,,,,,,,,,,,
429.0,189.0,28.556415894292297,1.0,nan,142.0,756.0,0.2570897060601661,0.0007614173760972509,,,,,,,,,,,,
430.0,177.0,60.48889529169076,1.0,0.0,262.0,708.0,0.1414164759218693,0.004831391794554385,1.0,0.0,0.25,0.0,0.25,2.31178617477417,0.5127650499343872,10.334747754022828,143.0,1.0,200.0,25.374263722705656
431.0,79.0,0.2206079697608948,0.0,nan,18.0,316.0,0.06522003468126059,0.05247808468956583,,,,,,,,,,,,
432.0,200.0,60.83545647282155,0.75,nan,271.0,800.0,0.07699755844660104,0.0074744912637529914,,,,,,,,,,,,
433.0,113.0,16.319857378471642,1.0,nan,89.0,452.0,-0.04504331573843956,0.07197130713408129,,,,,,,,,,,,
434.0,89.0,0.29669459819793664,0.0,nan,23.0,356.0,0.1069004125893116,0.0818983378693181,,,,,,,,,,,,
435.0,79.0,0.3098911421746014,0.0,nan,17.0,316.0,0.08920098282396793,0.04238330211511787,,,,,,,,,,,,
436.0,171.0,19.41649460551329,1.0,nan,117.0,684.0,0.12805060774553567,0.013950458647585331,,,,,,,,,,,,
437.0,200.0,33.18821870365646,0.75,nan,169.0,800.0,0.11574056806663671,0.001470245220170363,,,,,,,,,,,,
438.0,84.0,-0.7942098462581637,0.0,nan,20.0,336.0,0.4224887266755104,0.018472223467727478,,,,,,,,,,,,
439.0,200.0,60.53943157498726,1.0,nan,270.0,800.0,0.16606698073446752,0.0006828368313214206,,,,,,,,,,,,
440.0,43.0,0.39335978597402577,0.0,0.0,12.0,172.0,0.0584871256724,0.04690469557556232,1.0,0.0,0.5,0.0,0.5,1.3685526847839355,1.5192252397537231,10.952935033012182,142.0,1.0,200.0,21.921662911865862
441.0,166.0,32.130510289929816,1.0,nan,152.0,664.0,0.07672055950388312,0.018757752761687563,,,,,,,,,,,,
442.0,87.0,0.39554819941520686,0.0,nan,26.0,348.0,0.2505936920642853,0.048875151032333974,,,,,,,,,,,,
443.0,200.0,39.95169386515629,0.75,nan,211.0,800.0,0.07482265151338652,0.01203254125469444,,,,,,,,,,,,
444.0,183.0,21.52614315904677,1.0,nan,128.0,732.0,0.058731326600536704,0.014434723323741933,,,,,,,,,,,,
445.0,105.0,1.875525376200676,0.25,nan,27.0,420.0,0.166136234998703,0.03925694794176238,,,,,,,,,,,,
446.0,200.0,37.47147612175905,0.75,nan,183.0,800.0,-0.028422938970228035,0.0003250509495017484,,,,,,,,,,,,
447.0,185.0,63.63384868064897,1.0,nan,274.0,740.0,0.03499747724272311,0.010380557834403226,,,,,,,,,,,,
448.0,28.0,-0.21480583727359767,0.0,nan,8.0,112.0,0.19009235128760338,0.1821483643622049,,,,,,,,,,,,
449.0,193.0,39.220954348174864,1.0,nan,202.0,772.0,0.018911155755631626,0.0007303082663732141,,,,,,,,,,,,
450.0,200.0,49.05548988934607,0.5,0.0,236.0,800.0,0.11118167638778687,0.022540295226018414,1.0,0.0,0.5,0.0,0.5,1.3816488981246948,0.3751472234725952,10.01553103152628,179.0,1.0,200.0,36.61704885520741
451.0,200.0,35.66049285801128,0.75,nan,181.0,800.0,0.0954919335587571,0.003950419523954363,,,,,,,,,,,,
452.0,166.0,48.54222220364959,1.0,nan,215.0,664.0,0.1178086397703737,0.0047805593420378045,,,,,,,,,,,,
453.0,37.0,-0.24296333312988283,0.0,nan,8.0,148.0,0.27253834903240204,0.022723016396922906,,,,,,,,,,,,
454.0,82.0,1.569178432524204,0.25,nan,45.0,328.0,0.2386433146893978,0.07790706520313506,,,,,,,,,,,,
455.0,200.0,19.42684682039253,0.5,nan,113.0,800.0,0.15311111928895116,0.015301179531028719,,,,,,,,,,,,
456.0,115.0,10.7335214138031,0.25,nan,77.0,460.0,0.4280176404863596,0.01598134192170847,,,,,,,,,,,,
457.0,171.0,37.23060986350524,1.0,nan,178.0,684.0,0.04119116386088232,0.028672042929628105,,,,,,,,,,,,
458.0,37.0,0.4052642631530761,0.0,nan,8.0,148.0,0.019573230762034655,0.3992947985811709,,,,,,,,,,,,
459.0,200.0,50.36220002090559,0.75,nan,233.0,800.0,0.17238047724822536,0.00045454070640449373,,,,,,,,,,,,
460.0,160.0,6.024899846408515,0.25,0.0,59.0,640.0,0.09960942715406418,0.028663149879918137,1.0,0.0,0.75,0.0,0.75,1.2341042757034302,1.806498646736145,9.42796624343464,155.0,1.0,200.0,29.927118945796984
461.0,116.0,10.117312647784127,1.0,nan,64.0,464.0,0.026920932810753584,0.023411290383898775,,,,,,,,,,,,
462.0,73.0,0.8802390099316832,0.0,nan,19.0,292.0,0.07691172137856483,0.10769185264879866,,,,,,,,,,,,
463.0,182.0,36.480226713786834,1.0,nan,174.0,728.0,0.08545827966493864,0.0008131311698402754,,,,,,,,,,,,
464.0,200.0,41.29541489651893,0.75,nan,205.0,800.0,0.2104585946945008,0.03562717300337703,,,,,,,,,,,,
465.0,34.0,-0.009214460253715459,0.0,nan,8.0,136.0,0.1955404169857502,0.06304515121535455,,,,,,,,,,,,
466.0,43.0,-0.35686181068420414,0.0,nan,15.0,172.0,0.2395184263586998,0.013430088389450489,,,,,,,,,,,,
467.0,35.0,-0.2956410109996795,0.0,nan,9.0,140.0,0.15477905794978142,0.15233985869334887,,,,,,,,,,,,
468.0,200.0,0.8687067953869694,0.25,nan,74.0,800.0,0.38825399428606033,0.004653259150328548,,,,,,,,,,,,
469.0,200.0,38.526851782994356,0.5,nan,187.0,800.0,0.30574754625558853,0.0010214787484761345,,,,,,,,,,,,
470.0,172.0,17.118657893054188,1.0,0.0,99.0,688.0,0.1142605422064662,0.021642406211533682,1.0,0.0,0.5,0.0,0.5,0.7604484558105469,2.0807785987854004,9.628661335747893,175.0,1.0,200.0,33.15965742361733
471.0,50.0,0.11261842725798488,0.0,nan,13.0,200.0,0.08247914724051952,0.06637601693487567,,,,,,,,,,,,
472.0,57.0,0.03189316198229783,0.0,nan,13.0,228.0,0.09498068317770958,0.0834920937257978,,,,,,,,,,,,
473.0,200.0,74.9625206704019,0.75,nan,354.0,800.0,0.20581718580797315,0.0002184340491462322,,,,,,,,,,,,
474.0,105.0,6.71404579975642,0.25,nan,44.0,420.0,0.13301904872059822,0.03024251634082109,,,,,,,,,,,,
475.0,135.0,19.233697093074444,1.0,nan,112.0,540.0,0.03179987450130284,0.005747215853688092,,,,,,,,,,,,
476.0,200.0,24.557708050758816,0.75,nan,131.0,800.0,0.17014884987535575,0.02911136511598489,,,,,,,,,,,,
477.0,124.0,1.824940745942294,0.25,nan,38.0,496.0,0.1849849782884121,0.05402602941119028,,,,,,,,,,,,
478.0,193.0,40.522032832265836,1.0,nan,196.0,772.0,-0.036203073046635836,0.00126245886653642,,,,,,,,,,,,
479.0,108.0,4.264970497023314,0.25,nan,37.0,432.0,0.1229157205671072,0.023821588738478283,,,,,,,,,,,,
480.0,138.0,4.737404770106076,0.25,0.0,47.0,552.0,0.1159440353512764,0.010936148670189993,1.0,0.0,0.25,0.0,0.25,0.6493587493896484,2.8710250854492188,11.504125743247641,60.0,1.0,200.0,0.8756052759476006
481.0,200.0,19.934291756153108,0.5,nan,119.0,800.0,0.18548406474292278,0.059133579667360436,,,,,,,,,,,,
482.0,43.0,-0.031918184757232626,0.0,nan,12.0,172.0,0.12295487709343433,0.32867894199468833,,,,,,,,,,,,
483.0,51.0,-0.08338624298572522,0.0,nan,12.0,204.0,0.10702605172991753,0.06994062624836689,,,,,,,,,,,,
484.0,180.0,36.701257965806874,1.0,nan,169.0,720.0,0.072449088950331,0.004022365830985031,,,,,,,,,,,,
485.0,83.0,0.5329855394363404,0.0,nan,20.0,332.0,0.20836959779262543,0.03645131208154128,,,,,,,,,,,,
486.0,62.0,-0.342783362865448,0.0,nan,21.0,248.0,0.3062513917684555,0.05020986488915079,,,,,,,,,,,,
487.0,200.0,63.71927431524384,0.75,nan,291.0,800.0,0.17334202404599638,0.0002699783838440162,,,,,,,,,,,,
488.0,140.0,3.332040672004222,0.0,nan,40.0,560.0,0.11922796070575714,0.01376692153564818,,,,,,,,,,,,
489.0,36.0,0.03113468527793882,0.0,nan,9.0,144.0,0.10674109309911728,0.02748439857871037,,,,,,,,,,,,
490.0,52.0,0.5286898273229599,0.0,0.0,12.0,208.0,0.07202771864831448,0.05921074631693885,1.0,0.0,0.5,0.0,0.5,1.814225196838379,0.6421471834182739,9.204362514072272,146.0,1.0,200.0,27.384307601186464
491.0,176.0,30.976245109722957,1.0,nan,164.0,704.0,0.1633697172316412,0.0020004693510031757,,,,,,,,,,,,
492.0,49.0,0.19270893692970265,0.0,nan,12.0,196.0,0.11505052074790001,0.027038107507197293,,,,,,,,,,,,
493.0,200.0,18.530514194769783,0.75,nan,108.0,800.0,0.17289319541305304,0.007402599642141627,,,,,,,,,,,,
494.0,56.0,0.24793639421463018,0.0,nan,15.0,224.0,0.10796857811510563,0.1046297665984967,,,,,,,,,,,,
495.0,200.0,25.515355158543397,0.5,nan,148.0,800.0,0.31458341147905833,0.002913162111430445,,,,,,,,,,,,
496.0,200.0,51.14874117737637,0.75,nan,254.0,800.0,0.1676717223599553,0.002395773592397843,,,,,,,,,,,,
497.0,181.0,35.912487556189305,1.0,nan,169.0,724.0,0.14366051368415356,0.0013347521605355794,,,,,,,,,,,,
498.0,68.0,4.574449179768561,0.25,nan,32.0,272.0,0.28536340594291687,0.3303503395846752,,,,,,,,,,,,
499.0,200.0,6.750034049153325,0.25,nan,68.0,800.0,0.2505745254456997,0.004967417509591954,,,,,,,,,,,,
500.0,200.0,26.169038635119797,0.75,0.0,153.0,800.0,0.10900343488901854,0.014739835918666011,1.0,0.0,0.75,0.0,0.75,0.5652103424072266,2.6384921073913574,9.992072782224568,218.0,1.0,200.0,47.438145378720954
501.0,40.0,0.17108797729015351,0.0,nan,10.0,160.0,0.08574806340038776,0.4143089794381627,,,,,,,,,,,,
502.0,200.0,44.232608007546524,0.75,nan,209.0,800.0,0.08536241168621927,0.004629274234829062,,,,,,,,,,,,
503.0,200.0,54.147949770145374,0.75,nan,250.0,800.0,0.02628017740789801,0.00036038806772586973,,,,,,,,,,,,
504.0,32.0,0.34014647074043763,0.25,nan,11.0,128.0,0.26769234240055084,0.12417989016478259,,,,,,,,,,,,
505.0,200.0,47.8564378256444,0.75,nan,216.0,800.0,0.40410681534558535,0.00043024075261932637,,,,,,,,,,,,
506.0,68.0,0.039935822486877215,0.0,nan,16.0,272.0,0.16452552750706673,0.0022459392623608854,,,,,,,,,,,,
507.0,200.0,23.83261033457238,0.75,nan,129.0,800.0,0.07891398516949266,0.020840956067040395,,,,,,,,,,,,
508.0,200.0,36.11203433414923,0.75,nan,179.0,800.0,0.11307388295729955,0.012531436668064888,,,,,,,,,,,,
509.0,200.0,48.18081267217641,0.75,nan,223.0,800.0,0.009921036544255912,0.013442609558728114,,,,,,,,,,,,
510.0,77.0,0.6489078077673911,0.25,0.0,22.0,308.0,0.2691096067428589,0.03939099300550497,1.0,0.0,0.75,0.0,0.75,1.1450804471969604,1.6592365503311157,10.16214801935348,154.0,1.0,200.0,30.685739044426008
511.0,178.0,29.791850419137628,1.0,nan,146.0,712.0,0.19691502039010325,0.013795180914608629,,,,,,,,,,,,
512.0,200.0,27.648538794671204,0.75,nan,157.0,800.0,0.08657227844620743,0.019980391615732174,,,,,,,,,,,,
513.0,37.0,0.018961267471313548,0.0,nan,9.0,148.0,0.09524218365550041,0.07108020878949348,,,,,,,,,,,,
514.0,200.0,50.14459483390676,0.75,nan,231.0,800.0,0.16050790174631402,0.0003099994409017093,,,,,,,,,,,,
515.0,200.0,64.630313950032,0.75,nan,288.0,800.0,0.08014039667323232,0.012166409649373211,,,,,,,,,,,,
516.0,163.0,35.090100008420556,1.0,nan,158.0,652.0,0.04876600027394791,0.008309080948977421,,,,,,,,,,,,
517.0,200.0,21.22608402906917,0.75,nan,120.0,800.0,0.10864307347219437,0.019685889724350147,,,,,,,,,,,,
518.0,200.0,64.16672603349434,0.75,nan,288.0,800.0,0.017246204731054603,0.018661562452790825,,,,,,,,,,,,
519.0,39.0,0.3257098531723023,0.0,nan,8.0,156.0,0.029969600029289722,0.01702871218166808,,,,,,,,,,,,
520.0,41.0,0.39104542672634135,0.0,0.0,12.0,164.0,0.09083675593137741,0.05728190567211508,1.0,0.0,0.75,0.0,0.75,1.1840710639953613,1.6350661516189575,9.578592956240755,224.0,1.0,200.0,46.93990981038661
521.0,91.0,1.0947728771343828,0.25,nan,23.0,364.0,0.17505861446261406,0.07841753747202063,,,,,,,,,,,,
522.0,200.0,9.973637552279977,0.5,nan,100.0,800.0,0.13244258728809655,0.020121286491134427,,,,,,,,,,,,
523.0,200.0,38.79706257525832,0.75,nan,190.0,800.0,0.01604920590762049,0.035202781679545936,,,,,,,,,,,,
524.0,200.0,84.03091239518257,0.75,nan,357.0,800.0,0.1266076218453236,0.0012521761056941971,,,,,,,,,,,,
525.0,200.0,35.66454191217199,0.75,nan,187.0,800.0,0.05964343176068117,0.0005501684994701425,,,,,,,,,,,,
526.0,172.0,22.262495025102982,0.5,nan,116.0,688.0,0.18570952769368887,0.019496224440035348,,,,,,,,,,,,
527.0,62.0,0.5995434808731079,0.0,nan,16.0,248.0,0.08147568441927433,0.01565513869399084,,,,,,,,,,,,
528.0,20.0,-0.21759799718856815,0.0,nan,4.0,80.0,0.1297587025910616,0.046670146325550374,,,,,,,,,,,,
529.0,198.0,27.85352596047335,1.0,nan,138.0,792.0,0.036838993430137634,0.0005678682816817604,,,,,,,,,,,,
530.0,67.0,0.3365316982567308,0.0,0.0,17.0,268.0,0.18430070206522942,0.13251873671629255,1.0,0.0,0.5,0.0,0.5,1.812082290649414,0.9229406118392944,10.43871040909653,141.0,1.0,200.0,22.13409541789442
531.0,89.0,1.3358492767810821,0.0,nan,25.0,356.0,0.26700808852910995,0.441825473609498,,,,,,,,,,,,
532.0,200.0,27.389378316618963,0.75,nan,155.0,800.0,0.15451266181965667,0.002948222099881548,,,,,,,,,,,,
533.0,44.0,0.5088746166229248,0.0,nan,12.0,176.0,0.051989530213177204,0.24723789362961798,,,,,,,,,,,,
534.0,137.0,3.3975202026031908,0.5,nan,53.0,548.0,0.26025738567113876,0.036639171150045446,,,,,,,,,,,,
535.0,155.0,28.69413780523464,1.0,nan,145.0,620.0,0.14674973751728732,0.02044935256552094,,,,,,,,,,,,
536.0,200.0,29.3704144153744,0.5,nan,165.0,800.0,0.03797883354127407,0.05405053867701781,,,,,,,,,,,,
537.0,70.0,0.5846372462809084,0.0,nan,21.0,280.0,0.23124263435602188,0.03384065124948066,,,,,,,,,,,,
538.0,110.0,0.2518712162971495,0.0,nan,24.0,440.0,0.1325848512351513,0.022279755991049033,,,,,,,,,,,,
539.0,200.0,33.11357382098214,0.5,nan,178.0,800.0,0.30151475593447685,0.010711123989309623,,,,,,,,,,,,
540.0,65.0,-0.18589818477630626,0.0,0.0,17.0,260.0,0.17166056111454964,0.048354607963810636,1.0,0.0,0.5,0.0,0.5,0.5904240608215332,2.1908912658691406,9.652470516077301,156.0,1.0,200.0,30.657914707448796
541.0,200.0,2.428599621728061,0.25,nan,49.0,800.0,0.2988840490579605,0.00820874113424308,,,,,,,,,,,,
542.0,200.0,55.185392092540866,0.75,nan,250.0,800.0,0.01672745097312145,0.009093912215199396,,,,,,,,,,,,
543.0,34.0,-0.184769012928009,0.0,nan,10.0,136.0,0.15743063017725945,0.03346336994818449,,,,,,,,,,,,
544.0,68.0,-0.1337591665983201,0.0,nan,16.0,272.0,0.355794295668602,0.02992406913638665,,,,,,,,,,,,
545.0,62.0,0.2714292871952056,0.0,nan,18.0,248.0,0.14505525305867195,0.07321182034934098,,,,,,,,,,,,
546.0,109.0,12.473950907438994,0.25,nan,83.0,436.0,0.5580993928015232,0.04711463111646452,,,,,,,,,,,,
547.0,72.0,0.3429776895046235,0.0,nan,17.0,288.0,0.1007677037268877,0.050654769975271796,,,,,,,,,,,,
548.0,200.0,34.29294365914541,0.5,nan,167.0,800.0,0.1615503964324792,0.005491707593732298,,,,,,,,,,,,
549.0,36.0,-0.12713472828269,0.0,nan,8.0,144.0,0.17324427887797356,0.014197101650704043,,,,,,,,,,,,
550.0,114.0,8.92226049129618,0.5,0.0,52.0,456.0,0.07548296079039574,0.13351102669659687,1.0,0.0,0.75,0.0,0.75,1.1358997821807861,1.5681670904159546,9.439824294633581,175.0,1.0,200.0,35.43149849693292
551.0,200.0,34.93853488480673,0.75,nan,168.0,800.0,-0.005017032148316503,0.026982874233313248,,,,,,,,,,,,
552.0,34.0,-0.17437740802764887,0.0,nan,8.0,136.0,0.24179869517683983,0.03007366956162915,,,,,,,,,,,,
553.0,43.0,-0.060723524093627884,0.0,nan,12.0,172.0,0.11428356170654297,0.030754502861274177,,,,,,,,,,,,
554.0,54.0,-0.041284921169281064,0.0,nan,13.0,216.0,0.1934010535478592,0.06739689561899703,,,,,,,,,,,,
555.0,200.0,18.15262291871477,0.75,nan,102.0,800.0,0.3013893396127969,0.020855347606822505,,,,,,,,,,,,
556.0,72.0,1.6022432918846605,0.25,nan,23.0,288.0,0.17318157106637955,0.08407854565944461,,,,,,,,,,,,
557.0,200.0,61.818216021606375,0.75,nan,269.0,800.0,0.06475214147940278,0.005122691910706622,,,,,,,,,,,,
558.0,200.0,29.532447552855594,0.75,nan,145.0,800.0,0.5596767235547304,0.008662199199621023,,,,,,,,,,,,
559.0,200.0,21.242474107077584,0.5,nan,124.0,800.0,0.22750787995755672,0.04573961267626281,,,,,,,,,,,,
560.0,42.0,-0.11584562182426451,0.0,0.0,13.0,168.0,0.24295436218380928,0.391950597543138,1.0,0.0,0.75,0.0,0.75,0.8471723794937134,2.1369433403015137,9.599784858131898,175.0,1.0,200.0,33.92580619368237
561.0,200.0,28.871117301785876,0.75,nan,148.0,800.0,0.12023308966308832,0.003369529691043871,,,,,,,,,,,,
562.0,171.0,26.66759288296802,1.0,nan,130.0,684.0,0.07256419428934653,0.07100208750981096,,,,,,,,,,,,
563.0,111.0,16.266466456498023,0.5,nan,82.0,444.0,-0.03611589642241597,0.00869365642249642,,,,,,,,,,,,
564.0,200.0,21.160368106234824,0.5,nan,122.0,800.0,0.28599445335567,0.009976867267315725,,,,,,,,,,,,
565.0,71.0,2.9383651574701073,0.25,nan,25.0,284.0,0.3422478437423706,0.026895699294144038,,,,,,,,,,,,
566.0,145.0,24.031086654216047,1.0,nan,133.0,580.0,-0.049830568954348564,0.04814825167128589,,,,,,,,,,,,
567.0,200.0,51.382975833583664,0.5,nan,247.0,800.0,0.15748703491408378,0.006013377012668797,,,,,,,,,,,,
568.0,200.0,67.54265307465104,0.75,nan,298.0,800.0,0.24976577777415515,0.00017683347348930456,,,,,,,,,,,,
569.0,163.0,34.300461004236716,1.0,nan,159.0,652.0,-0.004875512793660164,0.006161200613689299,,,,,,,,,,,,
570.0,41.0,-0.08692660503089422,0.0,0.0,14.0,164.0,0.1918250024318695,0.03861973238130593,1.0,0.0,0.75,0.0,0.75,1.7902729511260986,0.2995309829711914,9.821132564546133,172.0,1.0,200.0,35.216065707616515
571.0,171.0,14.82323171352968,0.5,nan,91.0,684.0,0.13040411635302007,0.005674198095264149,,,,,,,,,,,,
572.0,99.0,2.6265131796151406,0.25,nan,31.0,396.0,0.3105041980743408,0.009454983989741785,,,,,,,,,,,,
573.0,39.0,0.004276893138885587,0.0,nan,8.0,156.0,0.0648843739181757,0.029169729634919605,,,,,,,,,,,,
574.0,200.0,26.686216165358204,0.75,nan,158.0,800.0,0.24025694156686464,0.006276469240260596,,,,,,,,,,,,
575.0,83.0,5.066848884364591,0.25,nan,39.0,332.0,0.21093422174453735,0.011789331302146877,,,,,,,,,,,,
576.0,200.0,28.543198538175783,0.5,nan,156.0,800.0,0.12589053080106774,0.010655350233819721,,,,,,,,,,,,
577.0,27.0,-0.16465321302413938,0.0,nan,8.0,108.0,0.0899822749197483,0.06600135260856843,,,,,,,,,,,,
578.0,41.0,1.7554705145396294,0.25,nan,16.0,164.0,0.10071896202862263,0.030161097734987114,,,,,,,,,,,,
579.0,86.0,7.68212091136724,0.25,nan,49.0,344.0,0.22784531116485596,0.01801248034389675,,,,,,,,,,,,
580.0,63.0,0.5108579111099243,0.0,0.0,16.0,252.0,0.08938396722078323,0.016146612358598968,1.0,0.0,0.5,0.0,0.5,1.5499813556671143,0.45618748664855957,9.650827883924649,124.0,1.0,200.0,21.939147841883823
581.0,200.0,26.007557786325926,1.0,nan,128.0,800.0,0.3432400072924793,0.010291276133099103,,,,,,,,,,,,
582.0,113.0,1.3921509929746387,0.0,nan,29.0,452.0,0.1528107114136219,0.06042489414258512,,,,,,,,,,,,
583.0,182.0,36.18868027156685,1.0,nan,165.0,728.0,0.5049350730453928,0.00374244154313208,,,,,,,,,,,,
584.0,78.0,0.2926633772253988,0.0,nan,16.0,312.0,0.11198535934090614,0.042800926776676684,,,,,,,,,,,,
585.0,131.0,0.8319580807909366,0.25,nan,30.0,524.0,0.1454816311597824,0.022364819191205143,,,,,,,,,,,,
586.0,200.0,50.695492059271785,1.0,nan,238.0,800.0,0.28744037775322795,0.00254544887145447,,,,,,,,,,,,
587.0,37.0,-0.09708289027214047,0.0,nan,8.0,148.0,0.10092926025390625,0.07889221233447619,,,,,,,,,,,,
588.0,143.0,28.05844089815393,1.0,nan,132.0,572.0,-0.05914679526661833,0.026335419940608062,,,,,,,,,,,,
589.0,136.0,11.98204145739786,0.5,nan,69.0,544.0,0.13123440626077354,0.014036748562699902,,,,,,,,,,,,
590.0,52.0,-0.5821380805969237,0.0,0.0,28.0,208.0,0.21427705511450768,0.06095420366951142,1.0,0.0,0.0,0.25,0.0,1.7403337955474854,-0.004526615142822266,5.488631934742443,19.0,1.0,63.0,0.12596111416816697
591.0,102.0,12.915690695047378,1.0,nan,73.0,408.0,0.2896605096757412,0.024384432480701435,,,,,,,,,,,,
592.0,200.0,21.486756334220992,0.75,nan,138.0,800.0,0.07867224095389247,0.016658088029175185,,,,,,,,,,,,
593.0,44.0,0.12200454458594326,0.25,nan,12.0,176.0,0.09510519914329052,0.04537023208886091,,,,,,,,,,,,
594.0,37.0,-0.06730169177055362,0.0,nan,8.0,148.0,0.42147285491228104,0.0926313401186969,,,,,,,,,,,,
595.0,40.0,-0.175965529680252,0.0,nan,10.0,160.0,0.08077500201761723,0.09290349760151528,,,,,,,,,,,,
596.0,200.0,22.852751925773926,0.25,nan,152.0,800.0,0.03552948140228788,0.06611634157906465,,,,,,,,,,,,
597.0,143.0,9.117444775956681,0.5,nan,64.0,572.0,0.36358384788036346,0.05681528477319553,,,,,,,,,,,,
598.0,141.0,1.741123432442545,0.25,nan,35.0,564.0,0.36760881543159485,0.05389398726683048,,,,,,,,,,,,
599.0,96.0,-0.2118928527832033,0.0,nan,21.0,384.0,0.2109798602759838,0.01923546546492494,,,,,,,,,,,,
600.0,200.0,20.46907294960693,0.75,0.0,111.0,800.0,0.26498013362288475,0.0026514927239924546,1.0,0.0,0.5,0.0,0.5,1.300695538520813,1.124945044517517,10.036753615582711,81.0,1.0,200.0,10.34764533806592
601.0,39.0,-0.1352495742123574,0.0,nan,13.0,156.0,0.032681345008313656,0.09241495617534849,,,,,,,,,,,,
602.0,94.0,0.3314733123779295,0.0,nan,20.0,376.0,0.18178131058812141,0.007072231218584942,,,,,,,,,,,,
603.0,55.0,0.4889266729354859,0.0,nan,12.0,220.0,0.11437526345252991,0.029894237986081863,,,,,,,,,,,,
604.0,200.0,11.732322369283066,0.75,nan,83.0,800.0,0.1263241609558463,0.017761613385983033,,,,,,,,,,,,
605.0,200.0,-0.40620192214846634,0.0,nan,69.0,800.0,0.2872346476651728,0.056005664684390055,,,,,,,,,,,,
606.0,200.0,10.25944544600788,0.75,nan,106.0,800.0,0.3344109021127224,0.0038996763913639043,,,,,,,,,,,,
607.0,52.0,0.3599902617931365,0.0,nan,12.0,208.0,0.017480814130976796,0.02277496305437806,,,,,,,,,,,,
608.0,200.0,27.82975872613025,0.75,nan,144.0,800.0,0.1467868781959017,0.02871897526125622,,,,,,,,,,,,
609.0,20.0,-0.27324813008308413,0.0,nan,4.0,80.0,0.10719646513462067,0.06376766316816429,,,,,,,,,,,,
610.0,200.0,19.486056300485505,1.0,0.0,104.0,800.0,0.24268916994333267,0.011893041457589959,1.0,0.0,0.5,0.0,0.5,1.7326914072036743,0.03525465726852417,10.567934278704342,87.0,1.0,200.0,5.903655849909408
611.0,200.0,32.791420408152064,1.0,nan,158.0,800.0,0.3713756762444973,0.004335682186315637,,,,,,,,,,,,
612.0,200.0,18.50518399998547,0.75,nan,117.0,800.0,0.07325373048661277,0.0018847167135476184,,,,,,,,,,,,
613.0,33.0,-0.10002840042114255,0.0,nan,8.0,132.0,0.1364045813679695,0.008604663139833796,,,,,,,,,,,,
614.0,200.0,14.733258666051544,1.0,nan,91.0,800.0,0.023585662129335105,0.0016728056228121346,,,,,,,,,,,,
615.0,116.0,4.207546736914664,0.25,nan,43.0,464.0,0.4682786911725998,0.026141432746651816,,,,,,,,,,,,
616.0,46.0,-0.08038023471832267,0.0,nan,13.0,184.0,0.09761848114430904,0.051400564852414114,,,,,,,,,,,,
617.0,67.0,0.3169117736816405,0.0,nan,16.0,268.0,0.1537286639213562,0.04355136225212419,,,,,,,,,,,,
618.0,200.0,17.038029222935435,0.5,nan,102.0,800.0,0.1588652180507779,0.026586520755284226,,,,,,,,,,,,
619.0,200.0,17.295547600556166,0.75,nan,104.0,800.0,0.09564125060569495,0.011875886044247608,,,,,,,,,,,,
620.0,200.0,12.94557294910774,0.75,0.0,91.0,800.0,0.01355048455297947,0.0913129725183785,1.0,0.0,0.25,0.25,0.25,1.7083536386489868,-0.02563631534576416,11.276496782811591,111.0,1.0,194.0,17.274648067532116
621.0,197.0,35.35978659896181,1.0,nan,171.0,788.0,0.055470668245106936,0.06062442357267095,,,,,,,,,,,,
622.0,200.0,33.108906579623,0.75,nan,189.0,800.0,-0.004914844874292612,0.007078173710225899,,,,,,,,,,,,
623.0,66.0,0.010714485645294092,0.0,nan,17.0,264.0,0.11083170771598816,0.0060752243081836355,,,,,,,,,,,,
624.0,200.0,33.12609616294505,0.5,nan,160.0,800.0,0.07541581802070141,0.01052924708362557,,,,,,,,,,,,
625.0,66.0,0.17849501349031932,0.0,nan,16.0,264.0,0.17804518714547157,0.06330862753185107,,,,,,,,,,,,
626.0,200.0,27.04230342885713,0.75,nan,142.0,800.0,0.005561281461268663,0.033367181324507555,,,,,,,,,,,,
627.0,200.0,6.881805532542054,0.75,nan,68.0,800.0,0.19836054556071758,0.03815559208074859,,,,,,,,,,,,
628.0,42.0,0.8526427163928745,0.25,nan,13.0,168.0,1.6603116691112518,0.04861825844309784,,,,,,,,,,,,
629.0,51.0,0.11514569349586956,0.0,nan,14.0,204.0,0.11995656974613667,0.04250098088831643,,,,,,,,,,,,
630.0,27.0,-0.12603638887405397,0.0,0.0,8.0,108.0,0.19177430868148804,0.049885951079818684,1.0,0.0,0.25,0.25,0.25,0.8989145755767822,0.2635287046432495,10.27106865105452,55.0,1.0,154.0,4.945248876595868
631.0,200.0,45.504885697783905,1.0,nan,205.0,800.0,0.06841918281861581,0.02442041005585338,,,,,,,,,,,,
632.0,200.0,16.83518403777853,0.5,nan,108.0,800.0,0.26304011419415474,0.016398883064914216,,,,,,,,,,,,
633.0,103.0,1.4770437055837826,0.5,nan,28.0,412.0,0.14540289342403412,0.03251619268734629,,,,,,,,,,,,
634.0,42.0,0.29977229118347165,0.0,nan,12.0,168.0,0.10148482769727707,0.046256244461318374,,,,,,,,,,,,
635.0,25.0,-0.18802374601364136,0.0,nan,8.0,100.0,0.15911874175071716,0.01679120119979416,,,,,,,,,,,,
636.0,72.0,0.8831643688678741,0.0,nan,16.0,288.0,0.08143576234579086,0.017024039180275174,,,,,,,,,,,,
637.0,64.0,0.45888181090354935,0.0,nan,16.0,256.0,0.10355633683502674,0.018446256243476955,,,,,,,,,,,,
638.0,125.0,10.93425842268625,0.5,nan,62.0,500.0,0.12477017380297184,0.009222826323988187,,,,,,,,,,,,
639.0,200.0,10.885005155391992,0.5,nan,86.0,800.0,0.1898964624851942,0.009986291468029762,,,,,,,,,,,,
640.0,69.0,0.45884414197877044,0.25,0.0,17.0,276.0,0.3498971238732338,0.023641620230993088,1.0,0.0,0.25,0.25,0.25,2.069457530975342,0.23853254318237305,8.505336300237104,29.0,1.0,111.0,0.7648199094086885
641.0,189.0,5.600816608723253,0.25,nan,66.0,756.0,0.34288527216995135,0.01346115549512339,,,,,,,,,,,,
642.0,200.0,3.8777959308121313,0.25,nan,60.0,800.0,0.5251450389623642,0.009704252858095064,,,,,,,,,,,,
643.0,90.0,1.0714717322960496,0.25,nan,21.0,360.0,0.2020450159907341,0.014387102894598325,,,,,,,,,,,,
644.0,200.0,70.10046172160659,0.75,nan,310.0,800.0,0.16672380724921823,0.0010435403393564968,,,,,,,,,,,,
645.0,155.0,6.962307941727339,0.5,nan,60.0,620.0,0.16464895382523537,0.011771741530328228,,,,,,,,,,,,
646.0,58.0,0.23189541220664964,0.0,nan,14.0,232.0,0.20344622433185577,0.00642591959852772,,,,,,,,,,,,
647.0,200.0,23.734966751988406,0.75,nan,138.0,800.0,0.367883941779534,0.0018213567820661858,,,,,,,,,,,,
648.0,200.0,18.674015841586527,0.5,nan,116.0,800.0,0.40408799797296524,0.008629819252883308,,,,,,,,,,,,
649.0,200.0,57.798624995804865,1.0,nan,264.0,800.0,0.07921888786368073,0.0007609755426252196,,,,,,,,,,,,
650.0,200.0,25.73477504644544,0.5,0.0,141.0,800.0,0.04656791283438603,0.005953784522928718,1.0,0.0,0.25,0.25,0.25,0.8309463262557983,0.28872787952423096,9.601382946028025,55.0,1.0,148.0,5.734768168568842
651.0,58.0,-0.10524080276489262,0.0,nan,15.0,232.0,0.16720689460635185,0.03197456033826971,,,,,,,,,,,,
652.0,200.0,69.17002654653044,1.0,nan,311.0,800.0,0.3866919691441581,0.0010348528027641635,,,,,,,,,,,,
653.0,200.0,19.567280391883116,0.5,nan,114.0,800.0,0.2911546714603901,0.020910493340814962,,,,,,,,,,,,
654.0,82.0,0.7982221680879591,0.0,nan,21.0,328.0,0.08105224184691906,0.05363465780351362,,,,,,,,,,,,
655.0,18.0,-0.28728700160980225,0.0,nan,4.0,72.0,0.10686827823519707,0.2724948780645558,,,,,,,,,,,,
656.0,200.0,22.131063337065303,0.5,nan,127.0,800.0,0.14143513375893235,0.031704977942021983,,,,,,,,,,,,
657.0,54.0,-0.13302358999848374,0.25,nan,14.0,216.0,0.21432329341769218,0.08857776550880309,,,,,,,,,,,,
658.0,124.0,13.912955548634056,0.5,nan,77.0,496.0,0.07077253283932805,0.013993927276425566,,,,,,,,,,,,
659.0,31.0,-0.0860412408038974,0.0,nan,8.0,124.0,0.2254110909998417,0.03820715502853354,,,,,,,,,,,,
660.0,52.0,0.4599089550971984,0.0,0.0,13.0,208.0,0.0561912776902318,0.03084512621947497,1.0,0.0,0.5,0.0,0.5,1.827878713607788,0.37708544731140137,10.901088033126143,103.0,1.0,200.0,15.335753965354535
661.0,200.0,31.09820989933798,0.5,nan,159.0,800.0,0.12059275588641563,0.01751063655618168,,,,,,,,,,,,
662.0,134.0,21.99079614189337,1.0,nan,104.0,536.0,0.04882152518257499,0.013870148644340219,,,,,,,,,,,,
663.0,200.0,62.397158938832625,0.75,nan,273.0,800.0,-0.008594226441346109,0.001300913298892814,,,,,,,,,,,,
664.0,61.0,0.8562711799144747,0.0,nan,16.0,244.0,0.08556943386793137,0.015769781804562167,,,,,,,,,,,,
665.0,56.0,-0.09745123147964457,0.0,nan,12.0,224.0,0.16191409155726433,0.012601115666192137,,,,,,,,,,,,
666.0,81.0,0.819543626308441,0.0,nan,20.0,324.0,0.12864818051457405,0.09981063302389186,,,,,,,,,,,,
667.0,200.0,12.14708311143331,0.25,nan,88.0,800.0,0.38014356046915054,0.010530030015506009,,,,,,,,,,,,
668.0,80.0,0.3285395681858062,0.0,nan,20.0,320.0,0.2431802973151207,0.08692442360664199,,,,,,,,,,,,
669.0,57.0,0.07340257644653303,0.0,nan,12.0,228.0,0.10401424020528793,0.025116345459341154,,,,,,,,,,,,
670.0,198.0,30.01105434035883,1.0,0.0,149.0,792.0,0.03663637799521287,0.011879930851349307,1.0,0.0,0.5,0.0,0.5,1.8534594774246216,0.39808619022369385,9.633763229998294,93.0,1.0,200.0,14.135947852348917
671.0,57.0,1.2991050440073015,0.25,nan,14.0,228.0,0.14158394932746887,0.037405551083224964,,,,,,,,,,,,
672.0,147.0,36.91455546330661,1.0,nan,165.0,588.0,0.01792053754130999,0.0053056422494126565,,,,,,,,,,,,
673.0,179.0,36.5251594783034,1.0,nan,167.0,716.0,-0.004113167485532661,0.007895032682743164,,,,,,,,,,,,
674.0,117.0,33.522756156018005,1.0,nan,152.0,468.0,-0.023949659196659923,0.019805661051377488,,,,,,,,,,,,
675.0,200.0,34.10652018520051,0.75,nan,173.0,800.0,0.10398607468232512,0.007568873798887616,,,,,,,,,,,,
676.0,200.0,33.21751566359308,0.75,nan,175.0,800.0,0.13852350351711112,0.004574271541424257,,,,,,,,,,,,
677.0,200.0,18.79989850204438,0.25,nan,112.0,800.0,0.15037919534370303,0.0011069237065624016,,,,,,,,,,,,
678.0,200.0,34.444779740320534,1.0,nan,195.0,800.0,-0.005369979422539473,0.0016961835684705662,,,,,,,,,,,,
679.0,72.0,0.8261324334144595,0.25,nan,19.0,288.0,0.12494422495365143,0.03152278368077388,,,,,,,,,,,,
680.0,200.0,44.823966962844146,1.0,0.0,214.0,800.0,0.14628383959643543,0.002561798519534024,1.0,0.0,0.25,0.0,0.25,1.4893139600753784,0.6203527450561523,9.978010975028155,118.0,1.0,200.0,19.86837932309136
681.0,54.0,0.14344919085502628,0.0,nan,13.0,216.0,0.2361552082002163,0.048840299789719,,,,,,,,,,,,
682.0,200.0,10.668215148057785,0.5,nan,86.0,800.0,0.17696944205090404,0.008060010662104489,,,,,,,,,,,,
683.0,200.0,24.821178337733734,0.5,nan,129.0,800.0,-0.1071139279132088,0.009735368677060485,,,,,,,,,,,,
684.0,39.0,-0.42037908077239994,0.0,nan,8.0,156.0,0.20752335339784622,0.009547362810196889,,,,,,,,,,,,
685.0,78.0,-0.19740122437477103,0.0,nan,17.0,312.0,0.23342881724238396,0.010977214908525048,,,,,,,,,,,,
686.0,115.0,14.864514193125068,0.25,nan,75.0,460.0,0.023212670406792313,0.009366429537850607,,,,,,,,,,,,
687.0,200.0,31.0116766028572,0.75,nan,155.0,800.0,0.22626568470150232,0.006656276757643909,,,,,,,,,,,,
688.0,135.0,9.887899862462655,0.25,nan,66.0,540.0,0.7255003112368286,0.0014298135494904551,,,,,,,,,,,,
689.0,34.0,-0.22447870016098023,0.0,nan,8.0,136.0,0.09984222240746021,0.051670229040369386,,,,,,,,,,,,
690.0,200.0,-0.23771180659532568,0.25,0.0,57.0,800.0,0.438111275434494,0.006311602081939038,1.0,0.0,0.0,0.25,0.0,1.2952181100845337,-0.12107747793197632,5.577121553826146,17.0,1.0,62.0,0.18212247706949694
691.0,200.0,8.973726754076777,0.75,nan,80.0,800.0,0.028162126429378986,0.005600709799408854,,,,,,,,,,,,
692.0,12.0,-0.21593782424926758,0.0,nan,4.0,48.0,0.1219998225569725,0.006452999991896154,,,,,,,,,,,,
693.0,200.0,32.23817259157079,0.75,nan,165.0,800.0,0.18277907045558095,0.0014747198266322759,,,,,,,,,,,,
694.0,200.0,28.79314765520394,1.0,nan,167.0,800.0,0.20436926248172918,0.004270590523832496,,,,,,,,,,,,
695.0,200.0,5.984314510039986,0.25,nan,88.0,800.0,0.4301668666303158,0.003348910372973357,,,,,,,,,,,,
696.0,105.0,6.4530735823791465,0.25,nan,45.0,420.0,0.18243983015418053,0.041051059675941914,,,,,,,,,,,,
697.0,56.0,1.8101103521510957,0.25,nan,18.0,224.0,0.2756514400243759,0.030338256612411994,,,,,,,,,,,,
698.0,200.0,26.876976938126614,0.75,nan,154.0,800.0,0.5628252817938725,0.006243194359194959,,,,,,,,,,,,
699.0,200.0,24.571836642269048,0.5,nan,135.0,800.0,0.3084571516762177,0.0009042275667053845,,,,,,,,,,,,
700.0,35.0,-0.07593407630920407,0.0,0.0,8.0,140.0,0.08855150640010834,0.06759992026734259,1.0,0.0,0.25,0.25,0.25,1.7627911567687988,-0.0028922557830810547,5.9036193487700075,19.0,1.0,68.0,1.213171246163547
701.0,198.0,40.555441611560255,1.0,nan,196.0,792.0,0.022905509104020894,0.005028154742996449,,,,,,,,,,,,
702.0,81.0,2.7345567669230513,0.75,nan,27.0,324.0,0.12157956883311272,0.044626853440845826,,,,,,,,,,,,
703.0,24.0,-0.2500440263748169,0.0,nan,8.0,96.0,0.23073791712522507,0.025341478137042905,,,,,,,,,,,,
704.0,71.0,1.05510795308277,0.25,nan,19.0,284.0,0.08368807472288609,0.022547035204804722,,,,,,,,,,,,
705.0,200.0,37.356490334891745,1.0,nan,178.0,800.0,0.06327883115348716,0.018015341691579367,,,,,,,,,,,,
706.0,200.0,28.21694475912955,0.75,nan,146.0,800.0,0.15319544946153957,0.00047554504450864066,,,,,,,,,,,,
707.0,183.0,15.842552901902238,0.75,nan,105.0,732.0,0.061688275542110205,0.022126083110102,,,,,,,,,,,,
708.0,200.0,16.6058233294636,0.5,nan,108.0,800.0,0.12005810951814055,0.008785905712845099,,,,,,,,,,,,
709.0,133.0,-0.2208041663467886,0.0,nan,29.0,532.0,0.23174962401390076,0.07577986030201275,,,,,,,,,,,,
710.0,200.0,50.28062095530332,0.75,0.0,225.0,800.0,-0.004749833955429494,0.0016757013659809417,1.0,0.0,0.5,0.0,0.5,1.508579969406128,0.5042165517807007,10.271074899530504,88.0,1.0,200.0,12.800855908822278
711.0,200.0,20.399561748956327,0.5,nan,117.0,800.0,0.26335951685905457,0.001464181637165258,,,,,,,,,,,,
712.0,200.0,24.31426409399137,0.75,nan,135.0,800.0,0.1454139759298414,0.006519778223445627,,,,,,,,,,,,
713.0,27.0,-0.4517272514104843,0.0,nan,8.0,108.0,0.2558547966182232,0.021206573641561758,,,,,,,,,,,,
714.0,86.0,0.9411569142341613,0.0,nan,20.0,344.0,0.18976332247257233,0.03303222311252929,,,,,,,,,,,,
715.0,130.0,16.29651589128189,1.0,nan,88.0,520.0,0.5831450913101435,0.021604565255234576,,,,,,,,,,,,
716.0,183.0,33.09660564274993,1.0,nan,162.0,732.0,0.06264169467613101,0.00039444570385760436,,,,,,,,,,,,
717.0,200.0,21.532950461120343,0.5,nan,132.0,800.0,0.36635646099845565,0.0008164110467068775,,,,,,,,,,,,
718.0,200.0,25.144930167170237,0.75,nan,135.0,800.0,0.13552424823865294,0.0010527512116949023,,,,,,,,,,,,
719.0,77.0,0.42877216666936857,0.25,nan,19.0,308.0,0.1212119348347187,0.05181781615941361,,,,,,,,,,,,
720.0,200.0,39.523625905509114,0.75,0.0,187.0,800.0,0.0889034952657918,0.004928572408738674,1.0,0.0,0.25,0.0,0.25,1.4482176303863525,1.3349523544311523,10.746664471927943,106.0,1.0,200.0,15.854212898807612
721.0,200.0,60.64033559109083,0.75,nan,277.0,800.0,0.18200211985968054,0.0004183327062446309,,,,,,,,,,,,
722.0,185.0,33.897972228354774,1.0,nan,167.0,740.0,-0.026821696975578863,0.00305101801815566,,,,,,,,,,,,
723.0,102.0,7.481330128498377,0.25,nan,49.0,408.0,0.10471582226455212,0.016536667066376465,,,,,,,,,,,,
724.0,82.0,0.524067135080695,0.0,nan,22.0,328.0,0.09288501553237438,0.03887348145774894,,,,,,,,,,,,
725.0,116.0,18.595020594224337,0.25,nan,92.0,464.0,0.049453046754933894,0.019768778014865873,,,,,,,,,,,,
726.0,126.0,13.250203251871284,1.0,nan,74.0,504.0,0.08121971739456058,0.009903053686434404,,,,,,,,,,,,
727.0,161.0,14.723424881473187,0.5,nan,89.0,644.0,0.2152872495353222,0.02184166616136718,,,,,,,,,,,,
728.0,200.0,27.743014809070168,1.0,nan,152.0,800.0,-0.0029579465432713428,0.0018573150209612531,,,,,,,,,,,,
729.0,88.0,6.271888291898649,0.25,nan,41.0,352.0,0.22900424897670746,0.00704709323029018,,,,,,,,,,,,
730.0,200.0,30.762934673163738,0.75,0.0,155.0,800.0,0.024087997619062662,0.0016808787872175657,1.0,0.0,0.75,0.0,0.75,1.5440069437026978,0.23140275478363037,11.491798005950841,98.0,1.0,200.0,14.922382848005508
731.0,52.0,0.30802977561950684,0.0,nan,13.0,208.0,0.1692337542772293,0.01618847600537685,,,,,,,,,,,,
732.0,200.0,34.265726891718806,1.0,nan,170.0,800.0,0.22461018214623132,0.0017687505141406046,,,,,,,,,,,,
733.0,158.0,27.238712446372965,1.0,nan,129.0,632.0,-0.2120670963389178,0.008598630992420864,,,,,,,,,,,,
734.0,200.0,33.66553561229376,0.75,nan,182.0,800.0,0.14163861625517407,0.0024492272175691415,,,,,,,,,,,,
735.0,155.0,1.5670562795829022,0.5,nan,38.0,620.0,0.4509147182106972,0.05619018165972989,,,,,,,,,,,,
736.0,42.0,-0.226579715013504,0.0,nan,12.0,168.0,0.32041648030281067,0.07617837768206723,,,,,,,,,,,,
737.0,52.0,0.25061146199703216,0.0,nan,12.0,208.0,0.1212527696043253,0.03340424999639889,,,,,,,,,,,,
738.0,200.0,41.67979169180618,0.75,nan,192.0,800.0,0.11723927144582072,0.0016751603871596465,,,,,,,,,,,,
739.0,200.0,12.872169365081934,0.5,nan,89.0,800.0,0.05550216697156429,0.002922287923121658,,,,,,,,,,,,
740.0,85.0,2.7650881520006805,0.25,0.0,29.0,340.0,0.21931533887982368,0.03200932778965804,1.0,0.0,0.25,0.0,0.25,0.8203350305557251,0.6389197111129761,10.7516044783697,162.0,1.0,200.0,30.120280526531882
741.0,200.0,14.429839800624189,0.25,nan,101.0,800.0,0.5706147886812687,0.0007386361282044618,,,,,,,,,,,,
742.0,79.0,3.1542677452927457,0.25,nan,27.0,316.0,0.22943828999996185,0.006774691470814664,,,,,,,,,,,,
743.0,72.0,0.1804775345325468,0.0,nan,19.0,288.0,0.16475873067975044,0.024997643334804837,,,,,,,,,,,,
744.0,99.0,0.40197073276154677,0.25,nan,25.0,396.0,0.24909553676843643,0.02708820177896598,,,,,,,,,,,,
745.0,68.0,0.11362915754318231,0.0,nan,16.0,272.0,0.1120120007544756,0.006869573306711896,,,,,,,,,,,,
746.0,200.0,45.69497912973166,1.0,nan,207.0,800.0,0.03921072496450506,0.003019478209141724,,,,,,,,,,,,
747.0,155.0,0.7304364889860159,0.25,nan,42.0,620.0,0.24316566437482834,0.011890655959834184,,,,,,,,,,,,
748.0,200.0,13.751723241456787,0.75,nan,96.0,800.0,0.22562120016664267,0.018077073212067418,,,,,,,,,,,,
749.0,200.0,10.032641750155017,0.5,nan,76.0,800.0,0.3057822333648801,0.04066472027991885,,,,,,,,,,,,
750.0,70.0,1.8508844999130811,0.25,0.0,23.0,280.0,0.12162583321332932,0.02984421242341284,1.0,0.0,0.5,0.0,0.5,1.7660636901855469,0.006016194820404053,10.867457480002486,105.0,1.0,200.0,16.617154088709523
751.0,78.0,0.4929211941361428,0.0,nan,17.0,312.0,0.045802793465554714,0.010441738510084786,,,,,,,,,,,,
752.0,200.0,47.74263171346395,0.75,nan,217.0,800.0,0.10115137891261838,0.0008277616157407186,,,,,,,,,,,,
753.0,161.0,21.752063734396366,1.0,nan,110.0,644.0,-0.0007881758501753211,0.018796711355220097,,,,,,,,,,,,
754.0,200.0,30.406324845374925,0.5,nan,156.0,800.0,0.1080021319600443,0.0014731245348366118,,,,,,,,,,,,
755.0,200.0,65.07435515900143,1.0,nan,288.0,800.0,0.0994736371561885,0.0007024881204167333,,,,,,,,,,,,
756.0,200.0,16.926268502604216,0.5,nan,109.0,800.0,0.21810986706987023,0.023686977127787667,,,,,,,,,,,,
757.0,110.0,0.3411895930767053,0.0,nan,27.0,440.0,0.2807266339659691,0.02114934742115082,,,,,,,,,,,,
758.0,200.0,37.69148384295404,0.75,nan,180.0,800.0,0.047369386573943,0.0023285384282367705,,,,,,,,,,,,
759.0,200.0,25.27830137361308,0.75,nan,138.0,800.0,0.048178678611293435,0.0018662976041481372,,,,,,,,,,,,
760.0,120.0,5.5881785596720865,0.25,0.0,47.0,480.0,0.3104478642344475,0.0074520035023235565,1.0,0.0,0.0,0.25,0.0,1.7495063543319702,-0.04757052659988403,5.112565118819475,12.0,1.0,48.0,0.25765778020024294
761.0,27.0,-0.03377879381179802,0.0,nan,8.0,108.0,0.09155449084937572,0.10934184861676816,,,,,,,,,,,,
762.0,57.0,1.6744106886163357,0.25,nan,18.0,228.0,0.10893475450575352,0.018875072485286637,,,,,,,,,,,,
763.0,27.0,0.11376760482788086,0.0,nan,8.0,108.0,0.08818314969539642,0.02637580210402693,,,,,,,,,,,,
764.0,200.0,27.311696573987152,0.5,nan,144.0,800.0,0.10010765430827935,0.005697295045678841,,,,,,,,,,,,
765.0,200.0,40.47734536761419,1.0,nan,191.0,800.0,0.21670901573573548,0.00037106717752827256,,,,,,,,,,,,
766.0,38.0,0.5241222333908081,0.0,nan,9.0,152.0,0.06455876585096121,0.13361896147492752,,,,,,,,,,,,
767.0,32.0,0.18040512084960936,0.0,nan,8.0,128.0,0.04206748399883509,0.07192925288350693,,,,,,,,,,,,
768.0,20.0,-0.3266960859298706,0.0,nan,4.0,80.0,0.11953468807041645,0.04789954472054205,,,,,,,,,,,,
769.0,200.0,25.733536102063965,1.0,nan,133.0,800.0,0.060932267767687634,0.009547549023519508,,,,,,,,,,,,
770.0,200.0,24.200977538805454,0.5,0.0,136.0,800.0,0.3483123928308487,0.015778330285693587,1.0,0.0,0.5,0.25,0.5,1.5927327871322632,0.10485029220581055,10.229431147927244,81.0,1.0,157.0,13.204770087283105
771.0,187.0,22.7188456061657,1.0,nan,129.0,748.0,0.20857144915498793,0.0038470073414433037,,,,,,,,,,,,
772.0,49.0,0.5173772549629211,0.0,nan,12.0,196.0,0.07681833300739527,0.044109996376248524,,,,,,,,,,,,
773.0,52.0,0.1766576695442199,0.0,nan,13.0,208.0,0.1322692595422268,0.013319884133544782,,,,,,,,,,,,
774.0,200.0,1.0411790136247874,0.0,nan,47.0,800.0,0.09813152812421322,0.018786364075010553,,,,,,,,,,,,
775.0,200.0,23.818083907809335,0.5,nan,142.0,800.0,0.02443084151794513,0.013769453876151916,,,,,,,,,,,,
776.0,200.0,31.79309747009539,0.75,nan,156.0,800.0,0.2580531618247429,0.002677770475174146,,,,,,,,,,,,
777.0,200.0,16.066403955826548,0.5,nan,97.0,800.0,0.23936076648533344,0.0014256712301656885,,,,,,,,,,,,
778.0,200.0,7.984900537040083,0.25,nan,86.0,800.0,0.2929428890347481,0.0023193935942431576,,,,,,,,,,,,
779.0,200.0,46.21346114873889,0.5,nan,219.0,800.0,0.22957343480084091,0.00279396403744947,,,,,,,,,,,,
780.0,54.0,0.5596123552322387,0.0,0.0,12.0,216.0,0.02294153068214655,0.08685982701581346,1.0,0.0,0.5,0.0,0.5,1.609358787536621,0.07200783491134644,10.681197868726485,110.0,1.0,200.0,18.122357600741097
781.0,29.0,0.05460488557815554,0.0,nan,8.0,116.0,0.07661446556448936,0.08090287196792532,,,,,,,,,,,,
782.0,200.0,13.322119258495514,0.75,nan,91.0,800.0,0.23236179212108254,0.023173204176671902,,,,,,,,,,,,
783.0,200.0,22.593277775309986,0.75,nan,119.0,800.0,0.15961899457033724,0.003051320509106503,,,,,,,,,,,,
784.0,200.0,40.815852580778305,1.0,nan,187.0,800.0,0.20268039839963117,0.00026882161723462694,,,,,,,,,,,,
785.0,200.0,30.401180587010465,0.75,nan,149.0,800.0,0.17598391394130886,0.008126753055228697,,,,,,,,,,,,
786.0,154.0,16.01140643691411,0.75,nan,85.0,616.0,0.08649371284991503,0.017716805264779367,,,,,,,,,,,,
787.0,83.0,-0.08461612790823009,0.0,nan,26.0,332.0,0.15063977986574173,0.017269718446139337,,,,,,,,,,,,
788.0,200.0,25.924501204676933,0.5,nan,165.0,800.0,0.3952551757295926,0.002994222055262785,,,,,,,,,,,,
789.0,48.0,0.07143202096223839,0.0,nan,12.0,192.0,0.14071021229028702,0.009675152709512247,,,,,,,,,,,,
790.0,200.0,32.20537942847005,0.75,0.0,157.0,800.0,0.04547347019736965,0.002726112908782958,1.0,0.0,0.5,0.0,0.5,1.517089605331421,0.32819294929504395,11.592109395132866,160.0,1.0,200.0,31.909794229548424
791.0,200.0,26.53785439236091,0.5,nan,145.0,800.0,0.05345857981592417,0.004667088461477703,,,,,,,,,,,,
792.0,41.0,0.24692157745361332,0.0,nan,12.0,164.0,0.09774280898272991,0.004190105233328861,,,,,,,,,,,,
793.0,200.0,31.836081292363822,1.0,nan,161.0,800.0,0.11034763231873512,0.0012839188975721783,,,,,,,,,,,,
794.0,200.0,28.19894385598601,0.75,nan,162.0,800.0,0.04834173200652003,0.005622926755802116,,,,,,,,,,,,
795.0,36.0,-0.055675832033157346,0.0,nan,8.0,144.0,0.21695832535624504,0.03285112929379365,,,,,,,,,,,,
796.0,200.0,17.600970047782173,0.75,nan,110.0,800.0,0.19360353890806437,0.004258738723854627,,,,,,,,,,,,
797.0,200.0,27.617847820650784,1.0,nan,133.0,800.0,0.6591901447003086,0.0009551275089805245,,,,,,,,,,,,
798.0,200.0,18.47215903755278,0.5,nan,114.0,800.0,0.34066396579146385,0.010913282829545068,,,,,,,,,,,,
799.0,68.0,0.1650366497039796,0.0,nan,22.0,272.0,0.0340291210450232,0.006551915701421884,,,,,,,,,,,,
800.0,200.0,14.991581494081762,0.5,0.0,103.0,800.0,0.035477053141221404,0.012983453233174735,1.0,0.0,0.5,0.0,0.5,0.7545440196990967,2.7228524684906006,10.88553790574224,124.0,1.0,200.0,20.885953336581593
801.0,200.0,21.59389276730362,0.75,nan,113.0,800.0,0.14957822347059846,0.001392715820063728,,,,,,,,,,,,
802.0,200.0,25.975414938991886,0.75,nan,135.0,800.0,0.12538264505565166,0.0010262698293705963,,,,,,,,,,,,
803.0,200.0,27.853699015127493,1.0,nan,132.0,800.0,0.17006643015580872,0.002271271152839205,,,,,,,,,,,,
804.0,62.0,-0.24751925587654122,0.0,nan,20.0,248.0,0.234420545399189,0.019294130745156658,,,,,,,,,,,,
805.0,69.0,0.6956817632913587,0.0,nan,18.0,276.0,0.07096371799707413,0.03739308686606613,,,,,,,,,,,,
806.0,200.0,12.688288422138426,0.75,nan,85.0,800.0,0.16112880920991302,0.008063200830580541,,,,,,,,,,,,
807.0,200.0,11.739448173344138,0.5,nan,87.0,800.0,0.3091675639152527,0.016764195142979332,,,,,,,,,,,,
808.0,200.0,14.824895530613134,0.5,nan,103.0,800.0,0.29349969886243343,0.01948256267500703,,,,,,,,,,,,
809.0,200.0,12.736885619908568,0.75,nan,83.0,800.0,0.05781467165797949,0.0029033267429952048,,,,,,,,,,,,
810.0,200.0,30.01893929112703,0.75,0.0,158.0,800.0,0.17970181760999063,0.007729021989173412,1.0,0.0,0.5,0.0,0.5,1.2951703071594238,0.7062278985977173,11.442300614522537,72.0,1.0,200.0,9.16948485926259
811.0,200.0,20.880194977647616,0.75,nan,129.0,800.0,0.3324487619102001,0.0029757879246299357,,,,,,,,,,,,
812.0,42.0,0.41020666837692255,0.0,nan,12.0,168.0,0.06528159230947495,0.010861515299560713,,,,,,,,,,,,
813.0,200.0,3.716014610975979,0.25,nan,65.0,800.0,-0.22917365096509457,0.060787805950134555,,,,,,,,,,,,
814.0,200.0,21.31581666949205,0.75,nan,119.0,800.0,0.1715114030521363,0.003251280105940779,,,,,,,,,,,,
815.0,62.0,0.3746885228157043,0.0,nan,17.0,248.0,0.18443969637155533,0.13567160715704604,,,,,,,,,,,,
816.0,84.0,4.830858132839203,0.5,nan,35.0,336.0,0.13804373890161514,0.01614791073576502,,,,,,,,,,,,
817.0,72.0,-0.1659008686244487,0.0,nan,22.0,288.0,0.1895693652331829,0.029419888526078353,,,,,,,,,,,,
818.0,165.0,30.6590683250688,0.75,nan,146.0,660.0,0.2237671259790659,0.010545070622301367,,,,,,,,,,,,
819.0,58.0,0.2678490414330736,0.25,nan,14.0,232.0,0.21139489114284515,0.04564176613121034,,,,,,,,,,,,
820.0,200.0,10.61926602832974,0.75,0.0,88.0,800.0,0.34283090755343437,0.01992674640187353,1.0,0.0,0.5,0.0,0.5,1.7645138502120972,2.4251999855041504,10.708590711699799,83.0,1.0,200.0,11.42217955850065
821.0,114.0,8.274756905497052,0.25,nan,69.0,456.0,0.18390913493931293,0.012090963177677438,,,,,,,,,,,,
822.0,200.0,21.069656467624014,1.0,nan,118.0,800.0,0.07063331245444715,0.006103560900968752,,,,,,,,,,,,
823.0,200.0,28.171182644693197,0.75,nan,140.0,800.0,0.10359683213755488,0.0061291287136164,,,,,,,,,,,,
824.0,34.0,-0.12060284852981569,0.0,nan,9.0,136.0,0.17583464831113815,0.01273382642683289,,,,,,,,,,,,
825.0,200.0,27.68113970444246,1.0,nan,135.0,800.0,0.1429841852126022,0.00759110748588343,,,,,,,,,,,,
826.0,18.0,-0.25639176845550543,0.0,nan,4.0,72.0,0.1735055297613144,0.2264492061877819,,,,,,,,,,,,
827.0,200.0,15.16896849572658,0.75,nan,102.0,800.0,0.356412872672081,0.016126352442949354,,,,,,,,,,,,
828.0,200.0,5.885228742007164,0.5,nan,62.0,800.0,0.1894131451845169,0.012141169937397667,,,,,,,,,,,,
829.0,200.0,20.205945202987635,0.75,nan,116.0,800.0,0.21059249341487885,0.0012583457501005313,,,,,,,,,,,,
830.0,131.0,4.100326739586891,0.5,0.0,40.0,524.0,0.2859422415494919,0.013857248481389917,1.0,0.0,0.25,0.0,0.25,2.4806618690490723,2.3363535404205322,8.601039747220057,81.0,1.0,200.0,10.781808166392144
831.0,81.0,0.5740595811605451,0.0,nan,20.0,324.0,0.17746757715940475,0.05388138077206506,,,,,,,,,,,,
832.0,53.0,0.343641538619995,0.0,nan,13.0,212.0,0.04658477008342743,0.013701070921310586,,,,,,,,,,,,
833.0,81.0,3.652577012274415,0.25,nan,31.0,324.0,0.19947834312915802,0.007781016268102459,,,,,,,,,,,,
834.0,200.0,21.346241644769904,0.75,nan,124.0,800.0,0.12240666104480624,0.011048641055074526,,,,,,,,,,,,
835.0,58.0,0.31894874095916737,0.0,nan,12.0,232.0,0.11253257282078266,0.03877295388652599,,,,,,,,,,,,
836.0,200.0,26.282773768715565,1.0,nan,134.0,800.0,0.13476745784282684,0.004945870148052478,,,,,,,,,,,,
837.0,200.0,31.006041338574157,0.75,nan,157.0,800.0,0.06990326622811456,0.011043550490307363,,,,,,,,,,,,
838.0,153.0,5.5991238414123625,0.25,nan,49.0,612.0,0.1887531876564026,0.008552305664286664,,,,,,,,,,,,
839.0,200.0,32.067561654862956,0.75,nan,170.0,800.0,0.12263906840234995,0.003907404300756534,,,,,,,,,,,,
840.0,77.0,0.9787095315009355,0.25,0.0,17.0,308.0,0.04079658631235361,0.003708382546922351,1.0,0.0,0.5,0.0,0.5,1.1086996793746948,0.6138029098510742,10.341887567363415,108.0,1.0,200.0,15.877585522830486
841.0,200.0,56.169752193335455,0.75,nan,247.0,800.0,0.044903173693455756,0.0006898885491996298,,,,,,,,,,,,
842.0,200.0,33.345150747708985,1.0,nan,156.0,800.0,0.06966235783571997,0.004421948868804648,,,,,,,,,,,,
843.0,200.0,30.52629234849009,0.75,nan,150.0,800.0,0.09066695184446871,0.0038189573393028198,,,,,,,,,,,,
844.0,200.0,17.172996257245536,0.5,nan,110.0,800.0,0.2294774129986763,0.0024179977380551776,,,,,,,,,,,,
845.0,47.0,0.27094399809837344,0.0,nan,12.0,188.0,0.13355236127972603,0.03843236705679519,,,,,,,,,,,,
846.0,78.0,1.4563291740417483,0.25,nan,19.0,312.0,0.13197573274374008,0.014702537800584281,,,,,,,,,,,,
847.0,200.0,13.373019971512264,0.25,nan,93.0,800.0,0.3689308427274227,0.008227674826161324,,,,,,,,,,,,
848.0,200.0,13.540887253731498,0.5,nan,95.0,800.0,0.2778814658522606,0.0006584541040197678,,,,,,,,,,,,
849.0,77.0,0.6233469891548156,0.0,nan,17.0,308.0,0.030820924323052168,0.020958748024475837,,,,,,,,,,,,
850.0,60.0,0.5760905981063844,0.0,0.0,13.0,240.0,0.08299482241272926,0.022662556197178673,1.0,0.0,0.0,0.25,0.0,3.546079397201538,-0.017098963260650635,4.958406099583954,12.0,1.0,48.0,0.24513816989958281
851.0,200.0,31.671646816818985,1.0,nan,167.0,800.0,0.15367134970923263,0.0009749542703437752,,,,,,,,,,,,
852.0,67.0,0.2989378023147583,0.0,nan,16.0,268.0,0.09817631915211678,0.01501457594046407,,,,,,,,,,,,
853.0,200.0,39.842734184162694,1.0,nan,179.0,800.0,0.18459797045215964,0.012314192228719989,,,,,,,,,,,,
854.0,200.0,27.377716483222322,1.0,nan,138.0,800.0,0.19665818599363166,0.0036654088764160875,,,,,,,,,,,,
855.0,200.0,30.674048301926824,0.75,nan,153.0,800.0,0.145259210995088,0.00012354352991128525,,,,,,,,,,,,
856.0,133.0,25.318024187050757,1.0,nan,116.0,532.0,-0.013691874337382615,0.008751536554472139,,,,,,,,,,,,
857.0,42.0,0.42655609726905824,0.0,nan,12.0,168.0,0.11891583912074566,0.054809421793522904,,,,,,,,,,,,
858.0,28.0,-0.13956034660339356,0.0,nan,8.0,112.0,0.20512522757053375,0.008400131800796018,,,,,,,,,,,,
859.0,200.0,22.765187440300366,0.75,nan,117.0,800.0,0.025289261480793357,0.012815969254889481,,,,,,,,,,,,
860.0,200.0,18.410076206689702,0.75,0.0,111.0,800.0,0.110306556802243,0.0025039880289754457,1.0,0.0,0.5,0.0,0.5,1.523497462272644,0.5799151659011841,9.474485040082072,110.0,1.0,200.0,18.87873446308076
861.0,200.0,51.044216532493024,0.75,nan,235.0,800.0,0.09313630929682404,0.004029857598741415,,,,,,,,,,,,
862.0,200.0,19.877331671211866,1.0,nan,119.0,800.0,0.13386583817191422,0.0020440377873982563,,,,,,,,,,,,
863.0,56.0,0.2246504382789135,0.0,nan,13.0,224.0,0.12512260489165783,0.02662977846506363,,,,,,,,,,,,
864.0,200.0,3.57086999681778,0.75,nan,63.0,800.0,0.25313521176576614,0.003902153276670539,,,,,,,,,,,,
865.0,200.0,10.174617506051437,0.5,nan,74.0,800.0,0.22981148306280375,0.006075761521470824,,,,,,,,,,,,
866.0,76.0,1.6568716402724382,0.25,nan,23.0,304.0,0.08414003625512123,0.06645159160193259,,,,,,,,,,,,
867.0,200.0,27.999303681403394,0.75,nan,147.0,800.0,-0.007953166030347347,0.019858337223099376,,,,,,,,,,,,
868.0,108.0,6.186407615196657,0.5,nan,45.0,432.0,0.3518381491303444,0.020679735801042654,,,,,,,,,,,,
869.0,200.0,23.66740650882711,0.75,nan,124.0,800.0,0.17183252796530724,0.004041802101597547,,,,,,,,,,,,
870.0,200.0,7.061208881996571,0.5,0.0,63.0,800.0,0.20024268329143524,0.012164459691357266,1.0,0.0,0.5,0.0,0.5,1.7089215517044067,0.23994553089141846,9.424631129339105,63.0,1.0,200.0,5.862228890077673
871.0,200.0,22.047731820587067,0.75,nan,123.0,800.0,0.15769221470691264,0.0016242284159773135,,,,,,,,,,,,
872.0,69.0,1.733775292094797,0.25,nan,23.0,276.0,0.31268343329429626,0.032144792667485156,,,,,,,,,,,,
873.0,42.0,-0.33122305393218987,0.0,nan,12.0,168.0,0.10339300706982613,0.026238685450079253,,,,,,,,,,,,
874.0,200.0,25.10751637001522,0.75,nan,133.0,800.0,0.033322423696517944,0.001946572173074479,,,,,,,,,,,,
875.0,200.0,28.773249671235696,0.75,nan,148.0,800.0,0.242703923334678,0.005379287664711185,,,,,,,,,,,,
876.0,200.0,35.18807007004507,0.75,nan,171.0,800.0,0.04709766867260138,0.002987941654752191,,,,,,,,,,,,
877.0,60.0,0.4944046941120177,0.25,nan,17.0,240.0,0.31181105226278305,0.013491649226925044,,,,,,,,,,,,
878.0,200.0,21.136787335644474,0.5,nan,119.0,800.0,0.1782210897654295,0.000495516126562956,,,,,,,,,,,,
879.0,200.0,34.93509601522238,0.75,nan,168.0,800.0,0.03780923054243127,0.001086928942594323,,,,,,,,,,,,
880.0,200.0,29.94043810747099,0.75,0.0,151.0,800.0,0.08715909828121463,0.022317895676832844,1.0,0.0,0.5,0.0,0.5,1.471861481666565,0.2104436159133911,10.121751613827655,114.0,1.0,200.0,19.079059964977205
881.0,193.0,20.01365795420017,1.0,nan,106.0,772.0,0.0009331714827567339,0.0034142302313933115,,,,,,,,,,,,
882.0,200.0,25.190529398806408,1.0,nan,137.0,800.0,0.15226994020243484,0.010798029440940882,,,,,,,,,,,,
883.0,40.0,0.048350644111633256,0.0,nan,10.0,160.0,0.1812567487359047,0.061355803907828486,,,,,,,,,,,,
884.0,59.0,-0.3533714556694031,0.0,nan,12.0,236.0,0.12267747893929482,0.0043567129752782475,,,,,,,,,,,,
885.0,200.0,36.03444217368961,1.0,nan,179.0,800.0,0.151483469371063,0.0006764577507443192,,,,,,,,,,,,
886.0,122.0,1.6643659972771996,0.25,nan,34.0,488.0,0.2792270705103874,0.03387816108320063,,,,,,,,,,,,
887.0,102.0,6.761566976057365,0.5,nan,46.0,408.0,0.21553637459874153,0.013987268938784325,,,,,,,,,,,,
888.0,122.0,9.52918794487603,0.25,nan,57.0,488.0,0.09864223189651966,0.053322912003849865,,,,,,,,,,,,
889.0,174.0,26.441645577121538,1.0,nan,127.0,696.0,0.006156948744319379,0.005461570150744333,,,,,,,,,,,,
890.0,67.0,0.5142796057462691,0.0,0.0,16.0,268.0,0.12521599233150482,0.0118892061023268,1.0,0.0,0.5,0.0,0.5,1.7797479629516602,0.2005537748336792,11.26305374817457,117.0,1.0,200.0,20.11643145568671
891.0,82.0,0.8897134321928022,0.0,nan,20.0,328.0,0.18033955991268158,0.06252202372191462,,,,,,,,,,,,
892.0,22.0,-0.17591397285461424,0.0,nan,8.0,88.0,0.1471228338778019,0.4891154360697824,,,,,,,,,,,,
893.0,200.0,42.665284488373445,0.75,nan,194.0,800.0,0.061796232184860855,0.01299449363092009,,,,,,,,,,,,
894.0,200.0,12.646011565439409,0.25,nan,89.0,800.0,0.2914558375487104,0.004024256927604664,,,,,,,,,,,,
895.0,64.0,0.36121413171291333,0.0,nan,16.0,256.0,0.08411343954503536,0.013722691063037917,,,,,,,,,,,,
896.0,34.0,0.029604349136352473,0.0,nan,8.0,136.0,0.06466065812855959,0.02479563018104112,,,,,,,,,,,,
897.0,200.0,1.6007627008017162,0.5,nan,52.0,800.0,0.43656956404447556,0.0033884596164863723,,,,,,,,,,,,
898.0,58.0,0.7516895365715025,0.0,nan,12.0,232.0,0.08048246428370476,0.012944481180054306,,,,,,,,,,,,
899.0,51.0,1.6901263100653892,0.25,nan,19.0,204.0,0.23677636310458183,0.0096395891736689,,,,,,,,,,,,
900.0,22.0,-0.026807625293731735,0.0,0.0,8.0,88.0,0.17617996037006378,0.018316026088613893,1.0,0.0,0.0,0.25,0.0,1.942294955253601,-0.05957716703414917,4.935147154144943,12.0,1.0,46.0,0.2596591578423976
901.0,200.0,45.292300875997185,1.0,nan,206.0,800.0,0.036311222705990076,0.007818816280046548,,,,,,,,,,,,
902.0,200.0,53.088129462813995,0.75,nan,238.0,800.0,0.11722237011417747,0.0014329164861912602,,,,,,,,,,,,
903.0,83.0,0.5408808571100233,0.0,nan,20.0,332.0,0.07307389006018639,0.02555286908899035,,,,,,,,,,,,
904.0,51.0,-0.029967460632324222,0.0,nan,12.0,204.0,0.27854378521442413,0.05438203283073692,,,,,,,,,,,,
905.0,194.0,6.895916941752657,0.25,nan,69.0,776.0,0.3352037724107504,0.018349387769966086,,,,,,,,,,,,
906.0,200.0,40.62189120347612,0.75,nan,195.0,800.0,0.016560062125790864,0.004035274054393856,,,,,,,,,,,,
907.0,200.0,11.459442426823083,0.75,nan,103.0,800.0,0.35737720411270857,0.0029340519444200908,,,,,,,,,,,,
908.0,71.0,0.4005782583355902,0.0,nan,16.0,284.0,0.048808095045387745,0.01761799555989585,,,,,,,,,,,,
909.0,200.0,29.638756533898416,0.5,nan,151.0,800.0,0.16045042080804706,0.002407771037958195,,,,,,,,,,,,
910.0,187.0,22.033352980222553,0.5,0.0,131.0,748.0,0.4686701918641726,0.0032771747724478217,1.0,0.0,0.75,0.0,0.75,1.2857571840286255,1.0147522687911987,11.120461667625932,129.0,1.0,200.0,22.881536337174484
911.0,111.0,0.7788714475557202,0.0,nan,28.0,444.0,0.10021328181028366,0.018566190534585303,,,,,,,,,,,,
912.0,200.0,63.441383026912874,1.0,nan,279.0,800.0,0.052065824298188096,0.0009536545597343959,,,,,,,,,,,,
913.0,52.0,-0.2987965744733811,0.0,nan,12.0,208.0,0.23708351701498032,0.03974601291279821,,,,,,,,,,,,
914.0,200.0,28.67970001553187,0.5,nan,145.0,800.0,0.08769823331385851,0.008674271701697212,,,,,,,,,,,,
915.0,200.0,38.65426270840689,1.0,nan,184.0,800.0,0.06321626618349303,0.0008474878433712973,,,,,,,,,,,,
916.0,197.0,30.358107959020433,0.5,nan,151.0,788.0,0.2624723318343361,0.00245017781108392,,,,,,,,,,,,
917.0,66.0,0.10285080164670943,0.0,nan,16.0,264.0,0.17748351022601128,0.01727970393727385,,,,,,,,,,,,
918.0,200.0,34.89635706073605,0.75,nan,170.0,800.0,0.05617368221282959,0.009349748268469682,,,,,,,,,,,,
919.0,30.0,0.1776376813650131,0.0,nan,8.0,120.0,0.025874799583107233,0.05292294335825621,,,,,,,,,,,,
920.0,118.0,0.7899329197406767,0.25,0.0,26.0,472.0,0.18263964354991913,0.013946516583772883,1.0,0.0,0.5,0.0,0.5,1.8732954263687134,0.47685670852661133,10.403864999840152,107.0,1.0,200.0,15.38014426501469
921.0,80.0,0.47669938206672663,0.25,nan,17.0,320.0,0.18207161128520966,0.007594622457529912,,,,,,,,,,,,
922.0,89.0,1.0125433391332623,0.5,nan,25.0,356.0,0.6026695370674133,0.015885343269625096,,,,,,,,,,,,
923.0,200.0,25.812433225242433,1.0,nan,146.0,800.0,0.4006954071422418,0.03988044225287091,,,,,,,,,,,,
924.0,45.0,-0.4531218320131301,0.0,nan,12.0,180.0,0.16558677703142166,0.011204920602422655,,,,,,,,,,,,
925.0,200.0,22.368903488200157,0.5,nan,136.0,800.0,0.2574807225804155,0.003364591906954928,,,,,,,,,,,,
926.0,35.0,-0.2403292000293732,0.0,nan,9.0,140.0,0.12574354372918606,0.030138838365257926,,,,,,,,,,,,
927.0,200.0,35.804676956310885,0.75,nan,173.0,800.0,0.13355700341829407,0.014682746743016395,,,,,,,,,,,,
928.0,200.0,26.364787473133767,1.0,nan,136.0,800.0,0.15766838441292444,0.0014713854123122871,,,,,,,,,,,,
929.0,184.0,30.746523332563235,0.75,nan,149.0,736.0,0.1351062728402515,0.00048324057198767534,,,,,,,,,,,,
930.0,200.0,34.64644758407958,1.0,0.0,163.0,800.0,0.19676115573383868,0.0034534947625403656,1.0,0.0,0.5,0.0,0.5,1.497559666633606,0.2701256275177002,10.726270798148335,102.0,1.0,200.0,12.071883843699476
931.0,39.0,0.2507085325568915,0.0,nan,8.0,156.0,0.10819159261882305,0.03277835286470886,,,,,,,,,,,,
932.0,200.0,19.497004132578144,1.0,nan,117.0,800.0,0.05184934742283076,0.008280996329773416,,,,,,,,,,,,
933.0,54.0,0.4756734347343443,0.0,nan,12.0,216.0,0.09500192292034626,0.06218214535042282,,,,,,,,,,,,
934.0,47.0,0.5017232972383499,0.0,nan,12.0,188.0,0.10591110959649086,0.17360363312765242,,,,,,,,,,,,
935.0,200.0,25.762654628464958,0.75,nan,137.0,800.0,0.045379033933083214,0.008732408082647199,,,,,,,,,,,,
936.0,200.0,45.53179202619941,1.0,nan,203.0,800.0,0.017585262947250158,0.0012725148981636014,,,,,,,,,,,,
937.0,15.0,-0.32663013935089114,0.0,nan,4.0,60.0,0.15913034602999687,0.10210308965129282,,,,,,,,,,,,
938.0,158.0,0.3366850939393039,0.5,nan,44.0,632.0,0.30893973261117935,0.017259179962733795,,,,,,,,,,,,
939.0,200.0,18.49322386379353,1.0,nan,106.0,800.0,0.21952254883944988,0.0027620502778988865,,,,,,,,,,,,
940.0,200.0,15.008829176006845,0.5,0.0,97.0,800.0,0.3038655277341604,0.0068502642793353274,1.0,0.0,0.5,0.0,0.5,1.2275497913360596,0.892478346824646,11.340138768735414,97.0,1.0,200.0,10.148157980851828
941.0,200.0,21.865227963938374,0.75,nan,127.0,800.0,0.12161765014752746,0.003331273575300664,,,,,,,,,,,,
942.0,200.0,13.464011860266323,0.75,nan,82.0,800.0,0.061648853588849306,0.007324831317998104,,,,,,,,,,,,
943.0,200.0,32.13457789954266,0.75,nan,158.0,800.0,0.12318180222064257,0.0024039369826320822,,,,,,,,,,,,
944.0,200.0,9.707843207241964,0.5,nan,76.0,800.0,0.34574135579168797,0.0012996756850967017,,,,,,,,,,,,
945.0,56.0,0.5439243400096891,0.0,nan,12.0,224.0,0.1937297061085701,0.0074903640322528785,,,,,,,,,,,,
946.0,200.0,12.909958021622149,0.5,nan,86.0,800.0,0.2617894597351551,0.0010601956626690168,,,,,,,,,,,,
947.0,71.0,1.6939333874941804,0.5,nan,24.0,284.0,0.19556711241602898,0.023260489873358325,,,,,,,,,,,,
948.0,200.0,23.15733200907707,1.0,nan,134.0,800.0,0.049484044002989926,0.0034757927058310933,,,,,,,,,,,,
949.0,200.0,17.163644422777,0.75,nan,105.0,800.0,0.26980502903461456,0.0020545729892642584,,,,,,,,,,,,
950.0,60.0,-0.06001300811767567,0.0,0.0,12.0,240.0,0.13315783068537712,0.004505060252685726,1.0,0.0,0.5,0.0,0.5,1.3544731140136719,0.6486829519271851,10.516087309268187,95.0,1.0,200.0,14.129742735624312
951.0,39.0,-0.05785830706357947,0.0,nan,8.0,156.0,0.05147805903106928,0.015895219159455694,,,,,,,,,,,,
952.0,40.0,0.696022805199027,0.25,nan,10.0,160.0,0.13201094791293144,0.024687883846434035,,,,,,,,,,,,
953.0,200.0,11.948554025730111,0.5,nan,86.0,800.0,0.3906623236835003,0.002127778675925285,,,,,,,,,,,,
954.0,181.0,8.98063459499739,0.75,nan,63.0,724.0,0.27574029564857483,0.024964882448610837,,,,,,,,,,,,
955.0,100.0,2.2898500592913478,0.25,nan,32.0,400.0,0.05707469396293163,0.013354718626384265,,,,,,,,,,,,
956.0,72.0,0.9589259802550076,0.25,nan,18.0,288.0,0.25298892706632614,0.02850935012708078,,,,,,,,,,,,
957.0,200.0,20.375751198246146,0.75,nan,131.0,800.0,0.1036551979680856,0.005598358100664225,,,,,,,,,,,,
958.0,51.0,0.5336749219894409,0.0,nan,13.0,204.0,0.036234334111213684,0.021968805020830946,,,,,,,,,,,,
959.0,200.0,13.125897967070348,0.5,nan,85.0,800.0,0.30158947594463825,0.008196001350363247,,,,,,,,,,,,
960.0,48.0,0.45509110286831866,0.0,0.0,12.0,192.0,0.06533156801015139,0.07581390354671362,1.0,0.0,0.5,0.0,0.5,0.5880279541015625,2.1357061862945557,11.013825459561929,67.0,1.0,200.0,6.10870351567864
961.0,182.0,17.18421569587197,0.75,nan,100.0,728.0,0.192948741838336,0.009055691881400207,,,,,,,,,,,,
962.0,200.0,18.538425590936093,0.75,nan,107.0,800.0,0.05452897836221382,0.0256647841745945,,,,,,,,,,,,
963.0,200.0,5.226152756949885,0.5,nan,109.0,800.0,0.14588104374706745,0.005856672509732874,,,,,,,,,,,,
964.0,117.0,3.437848869822918,0.25,nan,40.0,468.0,0.21560660377144814,0.08387697324968002,,,,,,,,,,,,
965.0,200.0,20.86462588314898,0.75,nan,114.0,800.0,0.1126432353630662,0.0025105271809446883,,,,,,,,,,,,
966.0,54.0,0.16322660207748416,0.0,nan,12.0,216.0,0.08196445181965828,0.005022252389027117,,,,,,,,,,,,
967.0,29.0,0.24477656841278078,0.0,nan,9.0,116.0,0.03220681240782142,0.14770490278096046,,,,,,,,,,,,
968.0,176.0,16.35231278752093,1.0,nan,101.0,704.0,0.029707357054576278,0.012985236125214072,,,,,,,,,,,,
969.0,22.0,-0.20323949575424197,0.0,nan,8.0,88.0,0.16940705478191376,0.0273346254685223,,,,,,,,,,,,
970.0,40.0,0.1696587234735489,0.0,0.0,11.0,160.0,0.05086938291788101,0.011935100222899564,1.0,0.0,0.5,0.0,0.5,1.292866587638855,0.6430044174194336,10.880122681934154,113.0,1.0,200.0,9.080375023325905
971.0,163.0,28.966028609154755,1.0,nan,140.0,652.0,0.04229235757763187,0.010497457082198736,,,,,,,,,,,,
972.0,200.0,23.06399169055513,0.5,nan,125.0,800.0,0.097143798135221,0.0015483467671641993,,,,,,,,,,,,
973.0,39.0,-0.2838899651169777,0.0,nan,10.0,156.0,0.14576257392764091,0.013079939469424044,,,,,,,,,,,,
974.0,158.0,8.129851002274078,0.75,nan,61.0,632.0,0.24664706736803055,0.025590988869026887,,,,,,,,,,,,
975.0,49.0,0.12924145221710215,0.0,nan,16.0,196.0,0.08378699235618114,0.016177090588854273,,,,,,,,,,,,
976.0,57.0,-0.17308163166046137,0.0,nan,14.0,228.0,0.05349566601216793,0.004992832478997275,,,,,,,,,,,,
977.0,200.0,35.345580085739506,0.75,nan,176.0,800.0,0.0229253851963828,0.013136155691972129,,,,,,,,,,,,
978.0,44.0,0.2603962993621825,0.0,nan,12.0,176.0,0.11121407151222229,0.026654727391862355,,,,,,,,,,,,
979.0,49.0,0.49225675821304327,0.0,nan,12.0,196.0,0.1201999019831419,0.020094786618276607,,,,,,,,,,,,
980.0,200.0,38.81909295162187,1.0,0.0,193.0,800.0,0.1339339148835279,0.0003244248588860632,1.0,0.0,0.5,0.0,0.5,1.4159700870513916,0.49561405181884766,10.581538519763853,100.0,1.0,200.0,9.590092361159623
981.0,70.0,0.3269088655710217,0.0,nan,16.0,280.0,0.17587076872587204,0.018261356359965474,,,,,,,,,,,,
982.0,200.0,42.526682010944924,0.75,nan,203.0,800.0,0.05311557702952996,0.0001703380873658844,,,,,,,,,,,,
983.0,161.0,21.506553882393053,1.0,nan,106.0,644.0,0.05168467783369124,0.014315662023808295,,,,,,,,,,,,
984.0,200.0,33.10965684878174,0.75,nan,166.0,800.0,0.003591276239603758,0.0037705048612164394,,,,,,,,,,,,
985.0,34.0,0.03887127473950386,0.25,nan,11.0,136.0,0.17113498225808144,0.015673380850205042,,,,,,,,,,,,
986.0,200.0,27.58332640922746,0.75,nan,159.0,800.0,0.24129402513305345,0.00026334515942350034,,,,,,,,,,,,
987.0,200.0,23.364925275719738,0.5,nan,136.0,800.0,0.3062907690182328,0.0004331153441865243,,,,,,,,,,,,
988.0,83.0,1.0430921190232039,0.25,nan,23.0,332.0,0.1525360345840454,0.015018580970488582,,,,,,,,,,,,
989.0,83.0,3.8842262972891333,0.25,nan,31.0,332.0,0.1562761664390564,0.02291986199309015,,,,,,,,,,,,
990.0,40.0,0.3100760579109192,0.0,0.0,8.0,160.0,0.13474801369011402,0.020849363027813084,1.0,0.0,0.5,0.0,0.5,1.515868902206421,0.38674962520599365,10.436008099612081,140.0,1.0,200.0,23.64025373936167
991.0,200.0,18.021310362499207,0.75,nan,110.0,800.0,0.16939174616709352,0.0038849622740931844,,,,,,,,,,,,
992.0,200.0,43.27359845759349,0.75,nan,196.0,800.0,0.1295942590222694,0.00015062897232792638,,,,,,,,,,,,
993.0,129.0,8.56208041742444,0.5,nan,56.0,516.0,0.08605781197547913,0.0178580125735901,,,,,,,,,,,,
994.0,200.0,4.334073074720798,0.25,nan,62.0,800.0,0.18107254803180695,0.010651408484420699,,,,,,,,,,,,
995.0,33.0,0.15393241167068486,0.0,nan,8.0,132.0,0.09126736596226692,0.035719502636945406,,,,,,,,,,,,
996.0,200.0,33.187493577110594,1.0,nan,161.0,800.0,0.23316878577073413,0.00451709803555711,,,,,,,,,,,,
997.0,39.0,-0.04290672795381395,0.25,nan,9.0,156.0,0.24959396570920944,0.017412948535467765,,,,,,,,,,,,
998.0,79.0,0.17184726920910154,0.25,nan,18.0,316.0,0.15400105342268944,0.011399340269960812,,,,,,,,,,,,
999.0,119.0,19.533292353516444,1.0,nan,94.0,476.0,0.022923952783457935,0.0146104462408978,,,,,,,,,,,,
1000.0,167.0,17.53754809658974,1.0,0.0,140.0,668.0,0.016844903002493083,0.008019813433571055,1.0,0.0,0.5,0.0,0.5,1.4788891077041626,0.456331729888916,9.56257694773376,143.0,1.0,200.0,28.13353461553344
