iteration,steps_collected,episode_return_mean,safe_reach_ratio,conv_eval_success_delta_w5,high_samples,low_samples,loss_high_total,loss_low_mean,loss_low_actor,loss_low_value,low_entropy,eval_n_episodes,eval_success_rate,eval_reach_rate,eval_collision_rate,eval_safe_reach_ratio,eval_min_h_agent,eval_min_h_obstacle,eval_avg_traj_length,eval_avg_skill_switches,eval_qp_feasible_rate,eval_avg_steps,eval_avg_episode_return
1.0,200.0,18.344823722890588,0.25,nan,112.0,800.0,0.06048256950452924,0.05896497989514771,0.0,0.0,0.0,1.0,0.0,0.25,0.0,0.25,4.839354038238525,1.4594683647155762,14.473369467363227,58.0,1.0,200.0,2.1519764810800552
2.0,98.0,0.22046738237142546,0.0,nan,25.0,392.0,0.05049346899613738,0.06527867357755834,0.0,0.0,0.0,,,,,,,,,,,,
3.0,166.0,0.8190861394256342,0.0,nan,38.0,664.0,0.12585360743105412,0.06778917021604514,0.0,0.0,0.0,,,,,,,,,,,,
4.0,200.0,28.70572990686634,1.0,nan,153.0,800.0,0.11001564748585224,0.011931453501720313,0.0,0.0,0.0,,,,,,,,,,,,
5.0,200.0,48.34948084242643,0.75,nan,223.0,800.0,0.11239316873252392,0.004702974298266938,0.0,0.0,0.0,,,,,,,,,,,,
6.0,200.0,55.815196437831055,0.75,nan,252.0,800.0,0.13459071912802756,0.010026470190250603,0.0,0.0,0.0,,,,,,,,,,,,
7.0,200.0,18.43862678518053,0.5,nan,110.0,800.0,0.021538496715947986,0.05489710792688385,0.0,0.0,0.0,,,,,,,,,,,,
8.0,156.0,23.62952982788906,1.0,nan,117.0,624.0,-0.016468119341880083,0.052219842649588344,0.0,0.0,0.0,,,,,,,,,,,,
9.0,200.0,1.264865866303443,0.25,nan,55.0,800.0,0.09855831786990166,0.2216994348295671,0.0,0.0,0.0,,,,,,,,,,,,
10.0,200.0,26.571286357240755,0.5,nan,150.0,800.0,0.5902304301659266,0.04328000366675688,0.0,0.0,0.0,1.0,0.0,0.25,0.25,0.25,1.3075934648513794,3.0763659477233887,9.752743941900007,40.0,1.0,153.0,2.2830653545260424
11.0,160.0,14.872296107187866,1.0,nan,88.0,640.0,-0.019037101417779922,0.11405347360064422,0.0,0.0,0.0,,,,,,,,,,,,
12.0,179.0,37.867625973282856,1.0,nan,182.0,716.0,0.22521337292467553,0.0075964300095785475,0.0,0.0,0.0,,,,,,,,,,,,
13.0,179.0,9.41504195718095,0.25,nan,78.0,716.0,0.15148658864200115,0.04620604362892233,0.0,0.0,0.0,,,,,,,,,,,,
14.0,200.0,0.23217862248420637,0.0,nan,45.0,800.0,0.13976117596030235,0.12404998442719538,0.0,0.0,0.0,,,,,,,,,,,,
15.0,82.0,-0.42110852718353264,0.0,nan,21.0,328.0,0.06807534024119377,0.06341669567032404,0.0,0.0,0.0,,,,,,,,,,,,
16.0,93.0,5.311950846789404,0.25,nan,42.0,372.0,0.0798027329146862,0.026562388087221223,0.0,0.0,0.0,,,,,,,,,,,,
17.0,178.0,32.50699981318787,1.0,nan,155.0,712.0,0.4656931944191456,0.002853960271151923,0.0,0.0,0.0,,,,,,,,,,,,
18.0,200.0,13.251706625381486,0.75,nan,90.0,800.0,0.3885613828897476,0.0062013413080137525,0.0,0.0,0.0,,,,,,,,,,,,
19.0,200.0,14.750244344025848,0.5,nan,95.0,800.0,-0.017549915937706828,0.03432684397313479,0.0,0.0,0.0,,,,,,,,,,,,
20.0,92.0,2.0013312420994045,0.25,nan,32.0,368.0,0.19404267519712448,0.030729881915203094,0.0,0.0,0.0,1.0,0.0,0.25,0.0,0.25,1.6575754880905151,3.2269439697265625,13.48065921672952,116.0,1.0,200.0,18.893438335391696
21.0,54.0,0.12595337390899664,0.0,nan,13.0,216.0,0.14592599123716354,0.07098247384097342,0.0,0.0,0.0,,,,,,,,,,,,
22.0,200.0,10.397773672919719,0.5,nan,82.0,800.0,0.30517127946950495,0.03567452779216751,0.0,0.0,0.0,,,,,,,,,,,,
23.0,200.0,13.472316734306519,0.25,nan,96.0,800.0,0.050503703532740474,0.0325071276350819,0.0,0.0,0.0,,,,,,,,,,,,
24.0,91.0,0.09039453506469727,0.0,nan,20.0,364.0,0.09454753808677197,0.06648270352315877,0.0,0.0,0.0,,,,,,,,,,,,
25.0,200.0,46.33749223682099,0.75,nan,215.0,800.0,0.0682761940988712,0.003767349524368413,0.0,0.0,0.0,,,,,,,,,,,,
26.0,200.0,39.956360844208405,0.75,nan,193.0,800.0,0.1901889465516433,0.014921013683299122,0.0,0.0,0.0,,,,,,,,,,,,
27.0,181.0,26.28730014996603,1.0,nan,134.0,724.0,0.7303160851200421,0.013142006188219618,0.0,0.0,0.0,,,,,,,,,,,,
28.0,99.0,-0.018570276498794502,0.0,nan,24.0,396.0,0.10908587463200092,0.053988950264172164,0.0,0.0,0.0,,,,,,,,,,,,
29.0,161.0,4.111634320914743,0.25,nan,59.0,644.0,0.12329801917076111,0.052860082650987295,0.0,0.0,0.0,,,,,,,,,,,,
30.0,68.0,-0.1056101606413721,0.0,nan,17.0,272.0,0.03387617506086826,0.04883404058468699,0.0,0.0,0.0,1.0,0.0,0.25,0.0,0.25,3.687652587890625,3.0062813758850098,13.857188030877296,63.0,1.0,200.0,5.21544877772685
31.0,200.0,6.813697107508775,0.5,nan,74.0,800.0,0.16364481719210744,0.04455432507490542,0.0,0.0,0.0,,,,,,,,,,,,
32.0,145.0,5.49719786643982,0.25,nan,55.0,580.0,0.1672905571758747,0.032966620702310934,0.0,0.0,0.0,,,,,,,,,,,,
33.0,200.0,53.6139066319913,0.75,nan,249.0,800.0,0.030052609276026487,0.010421067324428934,0.0,0.0,0.0,,,,,,,,,,,,
34.0,200.0,52.36430067385084,0.75,nan,236.0,800.0,0.1930148401297629,0.00750071060919788,0.0,0.0,0.0,,,,,,,,,,,,
35.0,200.0,29.620462562004104,0.75,nan,155.0,800.0,-0.022872427478432655,0.010607415246975282,0.0,0.0,0.0,,,,,,,,,,,,
36.0,167.0,24.49869850778022,1.0,nan,126.0,668.0,0.22519522719085217,0.0180867289054234,0.0,0.0,0.0,,,,,,,,,,,,
37.0,200.0,34.299127517268076,0.75,nan,168.0,800.0,-0.005566042692710956,0.046825958266431655,0.0,0.0,0.0,,,,,,,,,,,,
38.0,200.0,55.65725353182062,0.75,nan,249.0,800.0,0.13161952118389308,0.009789232708489859,0.0,0.0,0.0,,,,,,,,,,,,
39.0,200.0,22.497900488250902,0.25,nan,127.0,800.0,0.09835328906774521,0.011038959374022994,0.0,0.0,0.0,,,,,,,,,,,,
40.0,200.0,4.371161318034865,0.25,nan,59.0,800.0,0.09871855936944485,0.024552038221898442,0.0,0.0,0.0,1.0,0.0,0.25,0.0,0.25,0.14375409483909607,2.7648727893829346,9.841042209251157,147.0,1.0,200.0,27.361803828552382
41.0,111.0,18.587899429498652,1.0,nan,90.0,444.0,0.08389588678255677,0.035375195249877533,0.0,0.0,0.0,,,,,,,,,,,,
42.0,85.0,0.15274640321731578,0.0,nan,21.0,340.0,0.11669760383665562,0.05384420124598299,0.0,0.0,0.0,,,,,,,,,,,,
43.0,82.0,2.4230948421359058,0.25,nan,27.0,328.0,0.05240996554493904,0.041222334303860464,0.0,0.0,0.0,,,,,,,,,,,,
44.0,200.0,21.115135358879353,0.25,nan,122.0,800.0,-0.03068481246009469,0.026320716970410385,0.0,0.0,0.0,,,,,,,,,,,,
45.0,200.0,12.485015862830915,1.0,nan,96.0,800.0,0.11556685436517,0.010216873046682728,0.0,0.0,0.0,,,,,,,,,,,,
46.0,200.0,31.08058848826914,0.75,nan,159.0,800.0,0.22728019052495557,0.005480242207395529,0.0,0.0,0.0,,,,,,,,,,,,
47.0,200.0,4.884609904699027,0.5,nan,61.0,800.0,0.23933614790439606,0.0904371721184134,0.0,0.0,0.0,,,,,,,,,,,,
48.0,200.0,35.00420430887025,0.75,nan,174.0,800.0,0.03447642208387454,0.030705638790962553,0.0,0.0,0.0,,,,,,,,,,,,
49.0,76.0,0.23922088384628284,0.0,nan,17.0,304.0,0.2698933556675911,0.07701495746048231,0.0,0.0,0.0,,,,,,,,,,,,
50.0,186.0,26.458608244066124,1.0,nan,137.0,744.0,0.12000943999737501,0.002320604630672969,0.0,0.0,0.0,1.0,0.0,0.5,0.0,0.5,3.040287494659424,2.840078830718994,10.624082242672927,160.0,1.0,200.0,30.895327093405655
51.0,200.0,23.10906283415389,0.75,nan,128.0,800.0,0.002665808890014887,0.003980090229901645,0.0,0.0,0.0,,,,,,,,,,,,
52.0,95.0,11.607292371115186,0.25,nan,64.0,380.0,0.14234786108136177,0.019287290924252076,0.0,0.0,0.0,,,,,,,,,,,,
53.0,200.0,38.98478718460538,0.75,nan,184.0,800.0,-0.06820820194358626,0.0037771584762613664,0.0,0.0,0.0,,,,,,,,,,,,
54.0,200.0,11.166070856247098,0.5,nan,89.0,800.0,0.10578253865242004,0.03204660799097425,0.0,0.0,0.0,,,,,,,,,,,,
55.0,82.0,-0.10415692448616028,0.0,nan,21.0,328.0,0.314081571996212,0.0721785929382408,0.0,0.0,0.0,,,,,,,,,,,,
56.0,200.0,9.052357324399054,0.25,nan,76.0,800.0,0.039505165186710656,0.02107702970573952,0.0,0.0,0.0,,,,,,,,,,,,
57.0,190.0,44.73152245529929,1.0,nan,205.0,760.0,0.15373855328653008,0.0038749711203571735,0.0,0.0,0.0,,,,,,,,,,,,
58.0,200.0,26.220758297806604,0.5,nan,145.0,800.0,0.046004570865382746,0.011106184523982932,0.0,0.0,0.0,,,,,,,,,,,,
59.0,200.0,30.239571498241283,0.5,nan,157.0,800.0,0.0008580675348639488,0.010577703334037736,0.0,0.0,0.0,,,,,,,,,,,,
60.0,77.0,4.327510559856891,0.25,nan,32.0,308.0,0.1656525433063507,0.022065826542958966,0.0,0.0,0.0,1.0,0.0,0.0,0.5,0.0,-0.04099495708942413,3.27144193649292,6.337432858999819,16.0,1.0,62.0,0.08537802577018751
61.0,49.0,-0.09058541297912598,0.0,nan,13.0,196.0,0.14971411600708961,0.05646429194723855,0.0,0.0,0.0,,,,,,,,,,,,
62.0,133.0,0.4631754589080805,0.0,nan,31.0,532.0,0.11813245341181755,0.07503179234121049,0.0,0.0,0.0,,,,,,,,,,,,
63.0,70.0,-0.3108764886856078,0.0,nan,17.0,280.0,0.23958731442689896,0.017764270494122065,0.0,0.0,0.0,,,,,,,,,,,,
64.0,200.0,14.843901419825851,0.5,nan,96.0,800.0,0.1474089827388525,0.01670149005513366,0.0,0.0,0.0,,,,,,,,,,,,
65.0,200.0,0.21342721842229273,0.25,nan,52.0,800.0,0.39249181747436523,0.015456343049723764,0.0,0.0,0.0,,,,,,,,,,,,
66.0,200.0,0.39384157434105804,0.0,nan,45.0,800.0,0.10720578953623772,0.07195688354334528,0.0,0.0,0.0,,,,,,,,,,,,
67.0,175.0,17.031146603822705,0.5,nan,102.0,700.0,0.09931794018484652,0.01678658262949373,0.0,0.0,0.0,,,,,,,,,,,,
68.0,200.0,73.71566519793124,0.75,nan,319.0,800.0,0.014869055151939392,0.015551137747257915,0.0,0.0,0.0,,,,,,,,,,,,
69.0,103.0,5.054738742187618,0.5,nan,39.0,412.0,0.022151787765324116,0.03940141796926255,0.0,0.0,0.0,,,,,,,,,,,,
70.0,200.0,8.491626613883996,0.5,nan,75.0,800.0,0.03853381657972932,0.011351046331320447,0.0,0.0,0.0,1.0,0.0,0.5,0.0,0.5,1.5940947532653809,0.7197216749191284,9.63707979876341,146.0,1.0,200.0,27.34847839868744
71.0,134.0,0.051949740052222845,0.0,nan,32.0,536.0,0.15898491814732552,0.019021764253430273,0.0,0.0,0.0,,,,,,,,,,,,
72.0,182.0,46.8207707526116,1.0,nan,209.0,728.0,0.19046338845510036,0.008904319305273134,0.0,0.0,0.0,,,,,,,,,,,,
73.0,195.0,46.65743688815273,1.0,nan,211.0,780.0,0.01611117535503581,0.007233202378591486,0.0,0.0,0.0,,,,,,,,,,,,
74.0,172.0,35.26295773488354,1.0,nan,164.0,688.0,-0.01706811785697937,0.015988956731503468,0.0,0.0,0.0,,,,,,,,,,,,
75.0,65.0,-0.4641803026199339,0.0,nan,18.0,260.0,0.34076403081417084,0.023258821797176088,0.0,0.0,0.0,,,,,,,,,,,,
76.0,200.0,23.776996791744025,0.75,nan,123.0,800.0,0.7047068849205971,0.0023012023050781316,0.0,0.0,0.0,,,,,,,,,,,,
77.0,195.0,48.19920378280803,1.0,nan,225.0,780.0,0.1337098046205938,0.018236728139496172,0.0,0.0,0.0,,,,,,,,,,,,
78.0,200.0,20.678774375282238,0.75,nan,116.0,800.0,0.053618746576830745,0.02910713749412963,0.0,0.0,0.0,,,,,,,,,,,,
79.0,200.0,18.436659906525165,1.0,nan,109.0,800.0,0.09814840252511203,0.025019058492347312,0.0,0.0,0.0,,,,,,,,,,,,
80.0,37.0,-0.19148002982139586,0.0,nan,11.0,148.0,0.35269540548324585,0.22487287230092137,0.0,0.0,0.0,1.0,0.0,0.0,0.25,0.0,2.3497750759124756,-0.032566726207733154,5.158746134189414,16.0,1.0,75.0,0.016428156569599978
81.0,200.0,9.638953547691923,0.75,nan,79.0,800.0,-0.02819433994591236,0.04210966278349648,0.0,0.0,0.0,,,,,,,,,,,,
82.0,200.0,0.3672422637115227,0.25,nan,52.0,800.0,0.22305303066968918,0.05284415950648569,0.0,0.0,0.0,,,,,,,,,,,,
83.0,200.0,16.546789071382957,0.5,nan,110.0,800.0,0.1107941020745784,0.058345653604065184,0.0,0.0,0.0,,,,,,,,,,,,
84.0,200.0,23.67227716832422,0.75,nan,128.0,800.0,0.27232269663363695,0.013122159966556524,0.0,0.0,0.0,,,,,,,,,,,,
85.0,31.0,-0.5287381327152252,0.0,nan,8.0,124.0,0.32811785489320755,0.10116459650404772,0.0,0.0,0.0,,,,,,,,,,,,
86.0,200.0,9.487803683429956,0.25,nan,79.0,800.0,0.07331999181769788,0.047970342529056964,0.0,0.0,0.0,,,,,,,,,,,,
87.0,179.0,18.609317557178436,1.0,nan,103.0,716.0,0.10782897099852562,0.028082535727859792,0.0,0.0,0.0,,,,,,,,,,,,
88.0,200.0,23.05974659044296,0.25,nan,141.0,800.0,0.13664548176651198,0.020744327683552832,0.0,0.0,0.0,,,,,,,,,,,,
89.0,200.0,9.18795470702462,0.5,nan,86.0,800.0,0.1613267855718732,0.02052217511805221,0.0,0.0,0.0,,,,,,,,,,,,
90.0,95.0,0.46536713838577254,0.0,0.0,21.0,380.0,0.114163838326931,0.0458611644665492,0.0,0.0,0.0,1.0,0.0,0.25,0.25,0.25,1.4889529943466187,1.8468942642211914,10.880992423805168,95.0,1.0,184.0,14.005315975463024
91.0,41.0,-0.12499627828598019,0.0,nan,12.0,164.0,0.16822974756360054,0.03534967977716073,0.0,0.0,0.0,,,,,,,,,,,,
92.0,200.0,0.1193328689783798,0.25,nan,46.0,800.0,0.6057214289903641,0.007586719728404745,0.0,0.0,0.0,,,,,,,,,,,,
93.0,200.0,23.4272299268283,0.5,nan,133.0,800.0,0.24955796574552852,0.007243138990907283,0.0,0.0,0.0,,,,,,,,,,,,
94.0,200.0,40.71968812805135,0.75,nan,197.0,800.0,0.26697394100483507,0.0038407344914208608,0.0,0.0,0.0,,,,,,,,,,,,
95.0,200.0,35.841529724840086,0.75,nan,177.0,800.0,0.051626162293056645,0.003669184960113814,0.0,0.0,0.0,,,,,,,,,,,,
96.0,192.0,47.31878365289421,1.0,nan,213.0,768.0,0.12086569413077086,0.002915197834290728,0.0,0.0,0.0,,,,,,,,,,,,
97.0,200.0,19.41562554037665,0.5,nan,113.0,800.0,0.049982443219050765,0.005420927318147584,0.0,0.0,0.0,,,,,,,,,,,,
98.0,132.0,-0.033001996278762685,0.0,nan,33.0,528.0,0.2786165177822113,0.03692124812603659,0.0,0.0,0.0,,,,,,,,,,,,
99.0,69.0,0.5482351875305176,0.0,nan,16.0,276.0,0.1615700013935566,0.03199342357493773,0.0,0.0,0.0,,,,,,,,,,,,
100.0,41.0,-0.12651387214660642,0.0,0.0,12.0,164.0,0.08401294145733118,0.020568587553719007,0.0,0.0,0.0,1.0,0.0,0.25,0.0,0.25,2.2412874698638916,3.670377254486084,8.789487059129044,126.0,1.0,200.0,20.369483668729664
101.0,200.0,6.185670587420458,0.5,nan,74.0,800.0,0.10179219208657742,0.016285650018726727,0.0,0.0,0.0,,,,,,,,,,,,
102.0,200.0,13.340557421371342,0.25,nan,92.0,800.0,0.20405782759189606,0.007640655485679604,0.0,0.0,0.0,,,,,,,,,,,,
103.0,67.0,4.4930777046084405,0.25,nan,31.0,268.0,0.25006909668445587,0.03281580724231503,0.0,0.0,0.0,,,,,,,,,,,,
104.0,53.0,0.16547478556632989,0.0,nan,12.0,212.0,0.15486489236354828,0.10128896067850048,0.0,0.0,0.0,,,,,,,,,,,,
105.0,200.0,29.74189002497006,0.5,nan,154.0,800.0,0.034771409196158246,0.02582279133806864,0.0,0.0,0.0,,,,,,,,,,,,
106.0,135.0,10.45973715048749,0.5,nan,69.0,540.0,0.2899946626275778,0.030456945648934308,0.0,0.0,0.0,,,,,,,,,,,,
107.0,200.0,32.35988388154656,1.0,nan,168.0,800.0,0.05034000581751267,0.0037399879505817246,0.0,0.0,0.0,,,,,,,,,,,,
108.0,200.0,9.111064088158312,0.5,nan,76.0,800.0,0.06506435759365559,0.011429299148233974,0.0,0.0,0.0,,,,,,,,,,,,
109.0,47.0,-0.18764153838157646,0.0,nan,13.0,188.0,0.23836694657802582,0.03768223833604774,0.0,0.0,0.0,,,,,,,,,,,,
110.0,80.0,-0.227371248602867,0.0,0.0,19.0,320.0,0.12075734697282314,0.04961442425662277,0.0,0.0,0.0,1.0,0.0,0.25,0.0,0.25,1.3623961210250854,1.1141319274902344,11.572956511175619,124.0,1.0,200.0,21.351051593455484
111.0,200.0,4.8342773707816376,0.25,nan,61.0,800.0,0.04249328747391701,0.006169408115415109,0.0,0.0,0.0,,,,,,,,,,,,
112.0,144.0,0.17763249486684807,0.0,nan,34.0,576.0,0.11473792605102062,0.09491243614527581,0.0,0.0,0.0,,,,,,,,,,,,
113.0,200.0,9.930804130062457,0.5,nan,76.0,800.0,0.15759900584816933,0.01794709192481636,0.0,0.0,0.0,,,,,,,,,,,,
114.0,200.0,3.9777145065367217,0.75,nan,63.0,800.0,0.09756859391927719,0.02419460692604858,0.0,0.0,0.0,,,,,,,,,,,,
115.0,182.0,16.52071737357881,0.5,nan,105.0,728.0,0.07721218233928084,0.010032344584538055,0.0,0.0,0.0,,,,,,,,,,,,
116.0,200.0,-0.22083027586341036,0.25,nan,44.0,800.0,0.28578758984804153,0.0051778065675502916,0.0,0.0,0.0,,,,,,,,,,,,
117.0,200.0,27.865938545065013,0.75,nan,151.0,800.0,0.02311886583144466,0.007113468313640681,0.0,0.0,0.0,,,,,,,,,,,,
118.0,62.0,-0.06668498039245623,0.0,nan,16.0,248.0,0.19355783984065056,0.06141274206812901,0.0,0.0,0.0,,,,,,,,,,,,
119.0,200.0,28.38445046073756,0.75,nan,151.0,800.0,0.12416563866039117,0.03109149566166014,0.0,0.0,0.0,,,,,,,,,,,,
120.0,128.0,0.3162457701563838,0.0,0.0,29.0,512.0,0.1173324603587389,0.05735138325306366,0.0,0.0,0.0,1.0,0.0,0.25,0.0,0.25,1.9999574422836304,0.45294833183288574,10.0825475960105,107.0,1.0,200.0,17.343677751952782
121.0,65.0,3.031757135596126,0.5,nan,26.0,260.0,0.03326460067182779,0.04424164420618171,0.0,0.0,0.0,,,,,,,,,,,,
122.0,200.0,56.246652371122025,0.5,nan,257.0,800.0,0.006191879324615002,0.04628183820111387,0.0,0.0,0.0,,,,,,,,,,,,
123.0,92.0,-0.2074536063522099,0.0,nan,21.0,368.0,0.38892776519060135,0.044291265991702744,0.0,0.0,0.0,,,,,,,,,,,,
124.0,200.0,69.1374881848344,0.75,nan,302.0,800.0,0.5195292761549354,0.0006386473501308609,0.0,0.0,0.0,,,,,,,,,,,,
125.0,200.0,12.739885423192757,0.75,nan,97.0,800.0,0.13249500025995076,0.023882120974947796,0.0,0.0,0.0,,,,,,,,,,,,
126.0,71.0,0.6249252700805663,0.0,nan,17.0,284.0,0.06431924644857645,0.08456528335074712,0.0,0.0,0.0,,,,,,,,,,,,
127.0,14.0,-0.1595281982421875,0.0,nan,4.0,56.0,0.30192138999700546,0.204471269080906,0.0,0.0,0.0,,,,,,,,,,,,
128.0,200.0,45.97069959142246,0.5,nan,215.0,800.0,0.07419350161217153,0.00496318788710115,0.0,0.0,0.0,,,,,,,,,,,,
129.0,142.0,1.8492830268293616,0.25,nan,37.0,568.0,0.13294494152069092,0.07330873657694426,0.0,0.0,0.0,,,,,,,,,,,,
130.0,200.0,58.81389899931386,0.75,0.0,264.0,800.0,0.010858347266912462,0.0042756155764935855,0.0,0.0,0.0,1.0,0.0,0.0,0.25,0.0,3.904121160507202,3.679466724395752,5.305879421961436,19.0,1.0,71.0,-0.09232296481728589
131.0,200.0,40.35123211402098,0.75,nan,196.0,800.0,-0.03337288671173155,0.026463873707614743,0.0,0.0,0.0,,,,,,,,,,,,
132.0,48.0,0.18547241248190402,0.0,nan,12.0,192.0,0.12482484988868237,0.057372480092584034,0.0,0.0,0.0,,,,,,,,,,,,
133.0,200.0,20.215490183606754,0.25,nan,117.0,800.0,0.13870662287808955,0.03332029642127221,0.0,0.0,0.0,,,,,,,,,,,,
134.0,200.0,11.866607711091639,0.25,nan,87.0,800.0,0.02139656455256045,0.028072439346176203,0.0,0.0,0.0,,,,,,,,,,,,
135.0,164.0,42.80308480267647,1.0,nan,192.0,656.0,0.0936833118709425,0.004575783721410431,0.0,0.0,0.0,,,,,,,,,,,,
136.0,80.0,-0.19080472588539135,0.0,nan,20.0,320.0,0.29625434428453445,0.03702923630026689,0.0,0.0,0.0,,,,,,,,,,,,
137.0,200.0,6.594653024803844,0.5,nan,68.0,800.0,0.10393096320331097,0.034550894215738204,0.0,0.0,0.0,,,,,,,,,,,,
138.0,200.0,19.23687760244939,0.25,nan,120.0,800.0,0.012998400256037712,0.032658944018541414,0.0,0.0,0.0,,,,,,,,,,,,
139.0,77.0,0.44457511335611355,0.0,nan,21.0,308.0,0.09383386559784412,0.0765948549691231,0.0,0.0,0.0,,,,,,,,,,,,
140.0,200.0,24.49142888078932,0.75,0.0,138.0,800.0,0.18444580491632223,0.00775844372739698,0.0,0.0,0.0,1.0,0.0,0.25,0.0,0.25,3.558393716812134,3.2324891090393066,8.288583767194808,89.0,1.0,200.0,11.78532062694431
141.0,68.0,0.25965108990669244,0.0,nan,20.0,272.0,0.2486749030649662,0.07187868019132859,0.0,0.0,0.0,,,,,,,,,,,,
142.0,49.0,0.1352128362655639,0.0,nan,13.0,196.0,0.10388351790606976,0.08064926262222241,0.0,0.0,0.0,,,,,,,,,,,,
143.0,147.0,4.013052413910627,0.5,nan,54.0,588.0,0.2153785303235054,0.049386328062382745,0.0,0.0,0.0,,,,,,,,,,,,
144.0,200.0,14.05229682140052,0.75,nan,98.0,800.0,0.12733015604317188,0.040665953972343516,0.0,0.0,0.0,,,,,,,,,,,,
145.0,113.0,11.477837318605744,0.0,nan,74.0,452.0,0.2694422323256731,0.01394148104684323,0.0,0.0,0.0,,,,,,,,,,,,
146.0,200.0,2.248074580077082,0.25,nan,56.0,800.0,0.3545224964618683,0.010635790712443693,0.0,0.0,0.0,,,,,,,,,,,,
147.0,200.0,1.1877924077212807,0.25,nan,49.0,800.0,0.07180020958185196,0.019212272452044488,0.0,0.0,0.0,,,,,,,,,,,,
148.0,200.0,32.37103359724862,0.5,nan,165.0,800.0,-0.04541392748554547,0.008735000403641724,0.0,0.0,0.0,,,,,,,,,,,,
149.0,200.0,10.248962101992216,0.5,nan,92.0,800.0,0.25139975920319557,0.008060657307584762,0.0,0.0,0.0,,,,,,,,,,,,
150.0,200.0,33.376299813389785,0.75,0.0,172.0,800.0,0.04402176213140289,0.008926951298909191,0.0,0.0,0.0,1.0,0.0,0.0,0.25,0.0,1.340819001197815,-0.12397384643554688,5.898331342730671,27.0,1.0,111.0,-0.25343605171889083
151.0,200.0,10.411300707655027,0.5,nan,92.0,800.0,0.3074262607842684,0.03970047048628739,0.0,0.0,0.0,,,,,,,,,,,,
152.0,39.0,-0.30989839076995856,0.0,nan,8.0,156.0,0.6417189240455627,0.04331181451937027,0.0,0.0,0.0,,,,,,,,,,,,
153.0,200.0,1.0945963293313976,0.25,nan,50.0,800.0,0.1455640085041523,0.005461068153454818,0.0,0.0,0.0,,,,,,,,,,,,
154.0,59.0,-0.11583143115043643,0.0,nan,12.0,236.0,0.11621903069317341,0.03621903357068315,0.0,0.0,0.0,,,,,,,,,,,,
155.0,200.0,4.162851258926093,0.25,nan,71.0,800.0,0.1385795697569847,0.017881376894842538,0.0,0.0,0.0,,,,,,,,,,,,
156.0,200.0,44.32742550490656,0.75,nan,220.0,800.0,0.06823951780097559,0.0086848473952843,0.0,0.0,0.0,,,,,,,,,,,,
157.0,200.0,20.01774595670868,0.5,nan,121.0,800.0,0.2800246737897396,0.023640296321922973,0.0,0.0,0.0,,,,,,,,,,,,
158.0,102.0,7.281360136969013,0.5,nan,50.0,408.0,0.09661178663372993,0.01867459096610702,0.0,0.0,0.0,,,,,,,,,,,,
159.0,200.0,15.158037244295702,0.25,nan,104.0,800.0,0.3821123633533716,0.011113230176813267,0.0,0.0,0.0,,,,,,,,,,,,
160.0,200.0,11.592087727662877,0.5,0.0,87.0,800.0,0.04861480067484081,0.00990758603695635,0.0,0.0,0.0,1.0,0.0,0.25,0.25,0.25,0.5094943046569824,1.0884844064712524,8.476207751842594,43.0,1.0,135.0,3.3166418284177785
161.0,200.0,22.52710100626573,0.75,nan,125.0,800.0,0.051524972543120384,0.012981406599057332,0.0,0.0,0.0,,,,,,,,,,,,
162.0,111.0,0.408323430418968,0.0,nan,25.0,444.0,0.11220809817314148,0.07512951967417791,0.0,0.0,0.0,,,,,,,,,,,,
163.0,200.0,81.0821184859233,0.75,nan,349.0,800.0,0.060470347603162125,0.009475879107084362,0.0,0.0,0.0,,,,,,,,,,,,
164.0,200.0,12.101115580834445,0.5,nan,85.0,800.0,0.021551729878410697,0.032921010577147136,0.0,0.0,0.0,,,,,,,,,,,,
165.0,69.0,1.5606467008031903,0.25,nan,23.0,276.0,0.11292232573032379,0.057296721692210006,0.0,0.0,0.0,,,,,,,,,,,,
166.0,200.0,41.72077075641721,0.5,nan,198.0,800.0,0.046308976132422686,0.004084873697942526,0.0,0.0,0.0,,,,,,,,,,,,
167.0,200.0,35.350829328084366,0.75,nan,195.0,800.0,0.11823181947693229,0.003494226715419879,0.0,0.0,0.0,,,,,,,,,,,,
168.0,200.0,31.41164188473486,0.5,nan,168.0,800.0,0.23980287772913772,0.008563803757911437,0.0,0.0,0.0,,,,,,,,,,,,
169.0,200.0,30.413829091005034,0.5,nan,163.0,800.0,0.28417064622044563,0.01701444974413091,0.0,0.0,0.0,,,,,,,,,,,,
170.0,132.0,-0.02585796535015092,0.0,0.0,29.0,528.0,0.15869740024209023,0.02259948147828883,0.0,0.0,0.0,1.0,0.0,0.25,0.0,0.25,0.09762731194496155,2.3240318298339844,8.641528841162653,131.0,1.0,200.0,22.593734458892143
171.0,200.0,18.070887821982613,0.75,nan,116.0,800.0,0.0767944137332961,0.009458248981606344,0.0,0.0,0.0,,,,,,,,,,,,
172.0,200.0,28.287305266590558,0.5,nan,151.0,800.0,0.15369298340131837,0.007272623222632238,0.0,0.0,0.0,,,,,,,,,,,,
173.0,51.0,-0.4931519395112991,0.0,nan,15.0,204.0,0.311797097325325,0.0881054845173234,0.0,0.0,0.0,,,,,,,,,,,,
174.0,200.0,8.448349302634595,0.25,nan,98.0,800.0,0.05830626026727259,0.029711601801302834,0.0,0.0,0.0,,,,,,,,,,,,
175.0,200.0,10.026508740894496,0.25,nan,91.0,800.0,0.2168448632583022,0.013848492857047923,0.0,0.0,0.0,,,,,,,,,,,,
176.0,154.0,15.238499899618331,0.75,nan,92.0,616.0,0.2444748826092109,0.0240878745853621,0.0,0.0,0.0,,,,,,,,,,,,
177.0,200.0,62.6679139194079,0.75,nan,284.0,800.0,-0.016618655947968363,0.007057833008796255,0.0,0.0,0.0,,,,,,,,,,,,
178.0,160.0,19.100137044047013,0.25,nan,106.0,640.0,0.18806151393800974,0.01670272172416709,0.0,0.0,0.0,,,,,,,,,,,,
179.0,134.0,-0.7597067379951479,0.0,nan,38.0,536.0,0.3202832266688347,0.00869566591948917,0.0,0.0,0.0,,,,,,,,,,,,
180.0,200.0,13.592650439962746,0.25,0.0,100.0,800.0,0.3430062606930733,0.025923028673602744,0.0,0.0,0.0,1.0,0.0,0.5,0.0,0.5,0.25551721453666687,1.572741985321045,12.367653339417302,135.0,1.0,200.0,24.212429892248483
181.0,200.0,2.8904477402567865,0.5,nan,60.0,800.0,0.18080700561404228,0.011152727965976772,0.0,0.0,0.0,,,,,,,,,,,,
182.0,108.0,9.448729673381894,0.0,nan,61.0,432.0,0.033261350356042385,0.03301446890292681,0.0,0.0,0.0,,,,,,,,,,,,
183.0,200.0,15.73297240890097,0.5,nan,100.0,800.0,0.04399746470153332,0.008039178333128838,0.0,0.0,0.0,,,,,,,,,,,,
184.0,200.0,37.73276688749904,0.5,nan,183.0,800.0,0.04806199615510801,0.002022446010642831,0.0,0.0,0.0,,,,,,,,,,,,
185.0,155.0,18.669646208861383,0.5,nan,101.0,620.0,0.3146058227866888,0.048344193655814216,0.0,0.0,0.0,,,,,,,,,,,,
186.0,200.0,11.069033831637352,0.5,nan,99.0,800.0,0.35967838391661644,0.019247564000451245,0.0,0.0,0.0,,,,,,,,,,,,
187.0,200.0,73.10685688066881,0.75,nan,324.0,800.0,0.5217418259320159,0.0031021991606215438,0.0,0.0,0.0,,,,,,,,,,,,
188.0,200.0,17.352804435696456,0.25,nan,109.0,800.0,0.08097701007500291,0.0730059837126116,0.0,0.0,0.0,,,,,,,,,,,,
189.0,200.0,30.464292400400158,0.75,nan,181.0,800.0,0.07207011668166766,0.019896023991911704,0.0,0.0,0.0,,,,,,,,,,,,
190.0,128.0,13.339350098702127,1.0,0.0,72.0,512.0,-0.06150658102706075,0.02597748389035459,0.0,0.0,0.0,1.0,0.0,0.5,0.0,0.5,1.2471728324890137,0.12819194793701172,9.436070831772668,127.0,1.0,200.0,19.712722420098736
191.0,50.0,-0.09860837459564213,0.0,nan,12.0,200.0,0.19058740511536598,0.025887332356088786,0.0,0.0,0.0,,,,,,,,,,,,
192.0,139.0,22.383781925754167,0.5,nan,115.0,556.0,0.21298282034695148,0.03907900027854083,0.0,0.0,0.0,,,,,,,,,,,,
193.0,21.0,-0.33843685150146485,0.0,nan,8.0,84.0,0.22674796730279922,0.08515424212496978,0.0,0.0,0.0,,,,,,,,,,,,
194.0,37.0,-0.04608940601348877,0.0,nan,9.0,148.0,-0.005105378571897745,0.2082154122059438,0.0,0.0,0.0,,,,,,,,,,,,
195.0,200.0,41.62056431723759,0.75,nan,211.0,800.0,0.31962733692489564,0.00891460939578298,0.0,0.0,0.0,,,,,,,,,,,,
196.0,42.0,-0.22123225450515743,0.0,nan,12.0,168.0,0.23817641660571098,0.05815881537906383,0.0,0.0,0.0,,,,,,,,,,,,
197.0,26.0,-0.3186991965770722,0.0,nan,8.0,104.0,0.18734869733452797,0.03297816624206007,0.0,0.0,0.0,,,,,,,,,,,,
198.0,60.0,0.3198584571480749,0.0,nan,15.0,240.0,0.07333667017519474,0.06328681175666236,0.0,0.0,0.0,,,,,,,,,,,,
199.0,200.0,12.833401480107568,0.5,nan,104.0,800.0,0.15207137633115053,0.006852721961243979,0.0,0.0,0.0,,,,,,,,,,,,
200.0,200.0,9.363120390730911,0.75,0.0,107.0,800.0,-0.007905774284154177,0.024481914430133145,0.0,0.0,0.0,1.0,0.0,0.5,0.0,0.5,4.3285956382751465,3.5657548904418945,8.64314045664895,132.0,1.0,200.0,21.134871884644973
201.0,200.0,19.561989064305095,0.75,nan,130.0,800.0,0.013862582544485727,0.009879684840880643,0.0,0.0,0.0,,,,,,,,,,,,
202.0,200.0,2.3279007639735934,0.25,nan,53.0,800.0,0.10891565680503845,0.015696632894302454,0.0,0.0,0.0,,,,,,,,,,,,
203.0,195.0,8.205816254415547,0.0,nan,87.0,780.0,0.08270954620093107,0.03160221865401924,0.0,0.0,0.0,,,,,,,,,,,,
204.0,56.0,0.05330504417419435,0.0,nan,12.0,224.0,0.7363830506801605,0.01990444260437358,0.0,0.0,0.0,,,,,,,,,,,,
205.0,200.0,26.654282164550395,0.5,nan,141.0,800.0,0.5007185553355763,0.0062459461785771,0.0,0.0,0.0,,,,,,,,,,,,
206.0,21.0,-0.07375789940357208,0.0,nan,8.0,84.0,0.29956958442926407,0.0741834511150912,0.0,0.0,0.0,,,,,,,,,,,,
207.0,200.0,9.448015145165844,0.5,nan,101.0,800.0,0.14728213986381888,0.035725575691204714,0.0,0.0,0.0,,,,,,,,,,,,
208.0,200.0,13.116664326004688,0.5,nan,105.0,800.0,0.02834360662382096,0.006463594149085594,0.0,0.0,0.0,,,,,,,,,,,,
209.0,200.0,10.172551272856074,0.5,nan,107.0,800.0,0.131404391489923,0.0075504968676098905,0.0,0.0,0.0,,,,,,,,,,,,
210.0,200.0,36.08670125117061,0.75,0.0,178.0,800.0,0.05956913072926302,0.0025354876768384216,0.0,0.0,0.0,1.0,0.0,0.25,0.0,0.25,2.242344856262207,3.6797633171081543,9.02439582937734,92.0,1.0,200.0,13.533093164325694
211.0,200.0,16.065245842700833,0.25,nan,105.0,800.0,0.115166577976197,0.04362521518197937,0.0,0.0,0.0,,,,,,,,,,,,
212.0,200.0,10.396619084570561,0.25,nan,93.0,800.0,0.1803327677771449,0.018756657509489183,0.0,0.0,0.0,,,,,,,,,,,,
213.0,49.0,0.15653221224434682,0.0,nan,12.0,196.0,0.06360950227826834,0.037054514140779746,0.0,0.0,0.0,,,,,,,,,,,,
214.0,200.0,34.24888955045027,1.0,nan,178.0,800.0,0.6400972853104273,0.005991194840851755,0.0,0.0,0.0,,,,,,,,,,,,
215.0,33.0,-0.08183482170104978,0.0,nan,8.0,132.0,0.05358362849801779,0.06534687476786613,0.0,0.0,0.0,,,,,,,,,,,,
216.0,200.0,0.37879543006420135,0.5,nan,64.0,800.0,0.1474866420030594,0.03265354644776153,0.0,0.0,0.0,,,,,,,,,,,,
217.0,141.0,4.454572613860946,0.25,nan,53.0,564.0,0.3447841927409172,0.05643522118968747,0.0,0.0,0.0,,,,,,,,,,,,
218.0,86.0,1.5659972818195815,0.25,nan,24.0,344.0,0.09150712005794048,0.05592407372728836,0.0,0.0,0.0,,,,,,,,,,,,
219.0,200.0,18.79551075836643,0.5,nan,109.0,800.0,0.04344160738401115,0.015323093403615484,0.0,0.0,0.0,,,,,,,,,,,,
220.0,200.0,23.25874647021992,0.75,0.0,119.0,800.0,0.3269124608486891,0.007004455906873375,0.0,0.0,0.0,1.0,0.0,0.0,0.25,0.0,2.530095100402832,-0.028682172298431396,5.262065297923982,21.0,1.0,85.0,-0.07274277303367892
221.0,200.0,1.029986587166785,0.25,nan,73.0,800.0,0.22384558897465467,0.01161248914998858,0.0,0.0,0.0,,,,,,,,,,,,
222.0,67.0,0.47072740189731116,0.25,nan,19.0,268.0,0.14428959786891937,0.06705869205188053,0.0,0.0,0.0,,,,,,,,,,,,
223.0,85.0,0.7302090344950556,0.25,nan,25.0,340.0,0.28030700236558914,0.06549805495404826,0.0,0.0,0.0,,,,,,,,,,,,
224.0,102.0,0.06414231538772594,0.0,nan,27.0,408.0,0.1022053100168705,0.042459180922037376,0.0,0.0,0.0,,,,,,,,,,,,
225.0,200.0,34.60378786548975,0.5,nan,177.0,800.0,0.015021720590690771,0.009935885856424687,0.0,0.0,0.0,,,,,,,,,,,,
226.0,46.0,-0.16823118686676036,0.0,nan,17.0,184.0,0.1863439753651619,0.0492400301453212,0.0,0.0,0.0,,,,,,,,,,,,
227.0,200.0,4.502970609534529,0.75,nan,59.0,800.0,0.1294662356376648,0.01464871154707259,0.0,0.0,0.0,,,,,,,,,,,,
228.0,200.0,-0.2681522920727736,0.0,nan,58.0,800.0,0.026940080802887678,0.004365088863913555,0.0,0.0,0.0,,,,,,,,,,,,
229.0,200.0,-0.43896301239729063,0.0,nan,44.0,800.0,-0.01257044030353427,0.012900431092428555,0.0,0.0,0.0,,,,,,,,,,,,
230.0,130.0,0.846101945638656,0.25,0.0,30.0,520.0,0.2885146215558052,0.039528912740880884,0.0,0.0,0.0,1.0,0.0,0.25,0.0,0.25,1.1685994863510132,3.5776028633117676,9.802437059891304,71.0,1.0,200.0,7.823732431512324
231.0,64.0,-0.05607539355754837,0.0,nan,17.0,256.0,0.18724801763892174,0.04333775009015657,0.0,0.0,0.0,,,,,,,,,,,,
232.0,35.0,-0.2738440584391355,0.0,nan,9.0,140.0,0.13537803664803505,0.06593522130471184,0.0,0.0,0.0,,,,,,,,,,,,
233.0,90.0,0.5009992897510531,0.0,nan,22.0,360.0,0.02920333482325077,0.0446000404095912,0.0,0.0,0.0,,,,,,,,,,,,
234.0,120.0,0.5992092430591581,0.25,nan,37.0,480.0,0.21294333785772324,0.045210221219809554,0.0,0.0,0.0,,,,,,,,,,,,
235.0,200.0,44.90677672281747,0.5,nan,228.0,800.0,0.3712402591481805,0.0021868768269152072,0.0,0.0,0.0,,,,,,,,,,,,
236.0,71.0,-0.16669432282447813,0.0,nan,28.0,284.0,0.05680918600410223,0.024905075180130964,0.0,0.0,0.0,,,,,,,,,,,,
237.0,135.0,0.3450203068554397,0.25,nan,37.0,540.0,0.13842064142227173,0.027751159338685105,0.0,0.0,0.0,,,,,,,,,,,,
238.0,200.0,-1.376703093200923,0.0,nan,44.0,800.0,0.5460275411605835,0.030410463739810822,0.0,0.0,0.0,,,,,,,,,,,,
239.0,200.0,13.827014029986454,0.75,nan,92.0,800.0,0.10083357617259026,0.01929551861699963,0.0,0.0,0.0,,,,,,,,,,,,
240.0,200.0,8.35776074160822,0.5,0.0,91.0,800.0,0.08044387795962393,0.01170619807314209,0.0,0.0,0.0,1.0,0.0,0.25,0.5,0.25,-0.04277637600898743,3.193547248840332,8.233055382701053,47.0,1.0,140.0,2.804382381821051
241.0,200.0,6.250428199302401,0.25,nan,81.0,800.0,0.04397474089637399,0.015087509154840778,0.0,0.0,0.0,,,,,,,,,,,,
242.0,200.0,19.651734810695054,0.75,nan,114.0,800.0,0.47969119623303413,0.01797754371730864,0.0,0.0,0.0,,,,,,,,,,,,
243.0,74.0,0.10477475881576538,0.0,nan,17.0,296.0,0.02384348143823445,0.05792393276833252,0.0,0.0,0.0,,,,,,,,,,,,
244.0,63.0,-0.15852563261985778,0.0,nan,17.0,252.0,0.07175588328391314,0.03879291162604275,0.0,0.0,0.0,,,,,,,,,,,,
245.0,200.0,15.17426627567038,0.25,nan,109.0,800.0,-0.006543447962030768,0.016551161678215895,0.0,0.0,0.0,,,,,,,,,,,,
246.0,92.0,0.13034419568255526,0.0,nan,21.0,368.0,0.1050861869007349,0.016076552238511344,0.0,0.0,0.0,,,,,,,,,,,,
247.0,200.0,9.42687522545457,0.5,nan,74.0,800.0,0.35756937973201275,0.03672666680365211,0.0,0.0,0.0,,,,,,,,,,,,
248.0,200.0,31.097972054081055,0.75,nan,156.0,800.0,0.11383906736349066,0.005059307347527575,0.0,0.0,0.0,,,,,,,,,,,,
249.0,200.0,6.79674562541768,0.75,nan,66.0,800.0,0.6827786862850189,0.010396558441840398,0.0,0.0,0.0,,,,,,,,,,,,
250.0,200.0,19.244447691179822,0.75,0.0,124.0,800.0,0.47851472720503807,0.002383692840091989,0.0,0.0,0.0,1.0,0.0,0.25,0.0,0.25,0.4507032334804535,2.9407262802124023,10.747165418776888,104.0,1.0,200.0,14.622237868048252
251.0,200.0,17.72963530039415,0.5,nan,120.0,800.0,0.3874879293143749,0.011548579959072214,0.0,0.0,0.0,,,,,,,,,,,,
252.0,200.0,19.70929423538037,0.75,nan,113.0,800.0,0.26608722656965256,0.0023278263509256547,0.0,0.0,0.0,,,,,,,,,,,,
253.0,150.0,0.10859661400318132,0.0,nan,36.0,600.0,0.2864355817437172,0.03590835975444673,0.0,0.0,0.0,,,,,,,,,,,,
254.0,200.0,30.158370029437364,0.75,nan,153.0,800.0,0.21823356836102903,0.01177477701968721,0.0,0.0,0.0,,,,,,,,,,,,
255.0,83.0,0.19291202545166028,0.0,nan,20.0,332.0,0.021730756387114525,0.18714407336845612,0.0,0.0,0.0,,,,,,,,,,,,
256.0,200.0,15.517828613426547,0.5,nan,109.0,800.0,0.12859323201701045,0.009206650001784666,0.0,0.0,0.0,,,,,,,,,,,,
257.0,200.0,3.9864132096292435,0.75,nan,61.0,800.0,0.1806909777224064,0.02434381221047488,0.0,0.0,0.0,,,,,,,,,,,,
258.0,200.0,25.307543328800236,0.5,nan,143.0,800.0,0.08020776517999668,0.009085692945411505,0.0,0.0,0.0,,,,,,,,,,,,
259.0,100.0,5.0605721140280355,0.25,nan,39.0,400.0,0.05447142384946346,0.018901485088585468,0.0,0.0,0.0,,,,,,,,,,,,
260.0,80.0,-0.48712765872478503,0.0,0.0,17.0,320.0,0.24785903841257095,0.02258769312872433,0.0,0.0,0.0,1.0,0.0,0.5,0.0,0.5,0.4371967017650604,1.8628875017166138,11.51069134154929,96.0,1.0,200.0,14.754497303813707
261.0,200.0,21.441437760042025,0.75,nan,118.0,800.0,0.45741683803498745,0.005187852465836418,0.0,0.0,0.0,,,,,,,,,,,,
262.0,62.0,0.006537525653839138,0.0,nan,20.0,248.0,0.138501962646842,0.01949013950512782,0.0,0.0,0.0,,,,,,,,,,,,
263.0,200.0,28.43783959867433,0.5,nan,144.0,800.0,0.05788001247371236,0.0054155171105505495,0.0,0.0,0.0,,,,,,,,,,,,
264.0,200.0,18.963010064885033,0.25,nan,124.0,800.0,0.23309817537665367,0.016442718027785963,0.0,0.0,0.0,,,,,,,,,,,,
265.0,64.0,0.8144331911951302,0.25,nan,20.0,256.0,0.15365463122725487,0.03293263507635302,0.0,0.0,0.0,,,,,,,,,,,,
266.0,46.0,-0.25162537455558776,0.0,nan,14.0,184.0,0.2634873539209366,0.019314503000472265,0.0,0.0,0.0,,,,,,,,,,,,
267.0,200.0,6.1688080422580205,0.5,nan,73.0,800.0,0.6455802246928215,0.006413595675284434,0.0,0.0,0.0,,,,,,,,,,,,
268.0,200.0,8.099911725521087,0.25,nan,84.0,800.0,0.36706700176000595,0.0175799087890334,0.0,0.0,0.0,,,,,,,,,,,,
269.0,200.0,12.467642543092374,0.5,nan,88.0,800.0,0.11159551003947854,0.029651207929340728,0.0,0.0,0.0,,,,,,,,,,,,
270.0,200.0,28.182765813809272,0.75,0.0,143.0,800.0,-0.04084959890072544,0.010126273269612351,0.0,0.0,0.0,1.0,0.0,0.25,0.25,0.25,1.8758963346481323,2.1517701148986816,12.296423553984368,78.0,1.0,179.0,11.372562750210053
271.0,200.0,10.632615435961629,0.25,nan,87.0,800.0,0.06270601868163794,0.018412375041346962,0.0,0.0,0.0,,,,,,,,,,,,
272.0,200.0,36.02218597850006,1.0,nan,175.0,800.0,0.13489160686731339,0.008838235176562237,0.0,0.0,0.0,,,,,,,,,,,,
273.0,200.0,8.169756923476234,0.5,nan,82.0,800.0,0.10924958158284426,0.026186784807418206,0.0,0.0,0.0,,,,,,,,,,,,
274.0,200.0,19.485617393720894,0.5,nan,116.0,800.0,0.06706085614860058,0.011497206029367213,0.0,0.0,0.0,,,,,,,,,,,,
275.0,36.0,0.2551674747467041,0.0,nan,8.0,144.0,0.1700960136950016,0.05037567818319783,0.0,0.0,0.0,,,,,,,,,,,,
276.0,200.0,9.660653319815173,0.75,nan,90.0,800.0,0.08025677560362965,0.018130325409499548,0.0,0.0,0.0,,,,,,,,,,,,
277.0,200.0,10.029171234555543,0.75,nan,97.0,800.0,0.15568662714213133,0.024044807832196646,0.0,0.0,0.0,,,,,,,,,,,,
278.0,200.0,25.978162377269484,0.5,nan,137.0,800.0,0.01606695478161176,0.003699337562786214,0.0,0.0,0.0,,,,,,,,,,,,
279.0,200.0,21.48459490658716,0.75,nan,129.0,800.0,0.19199619931168854,0.011590397347057468,0.0,0.0,0.0,,,,,,,,,,,,
280.0,95.0,5.250014527700839,0.25,0.0,42.0,380.0,0.20632784441113472,0.028151833201928184,0.0,0.0,0.0,1.0,0.0,0.5,0.0,0.5,0.6106566190719604,1.7798916101455688,13.083125427514773,87.0,1.0,200.0,11.887607310712342
281.0,200.0,12.006164855230598,1.0,nan,80.0,800.0,0.1408445998094976,0.010381600778770483,0.0,0.0,0.0,,,,,,,,,,,,
282.0,200.0,-0.19247531667351753,0.25,nan,49.0,800.0,0.3317534253001213,0.011504992454816787,0.0,0.0,0.0,,,,,,,,,,,,
283.0,200.0,27.882218542031485,1.0,nan,145.0,800.0,0.14802928982923427,0.000856303551360682,0.0,0.0,0.0,,,,,,,,,,,,
284.0,37.0,-0.03549952030181888,0.0,nan,8.0,148.0,0.13970226421952248,0.033270309053453254,0.0,0.0,0.0,,,,,,,,,,,,
285.0,200.0,12.587536019377879,0.75,nan,90.0,800.0,0.15134774381294847,0.008614088258140029,0.0,0.0,0.0,,,,,,,,,,,,
286.0,200.0,44.03736757840962,0.75,nan,206.0,800.0,0.07155515800695866,0.0005066283071060163,0.0,0.0,0.0,,,,,,,,,,,,
287.0,200.0,17.200057028233996,0.75,nan,117.0,800.0,0.18686162889935076,0.010588396482511087,0.0,0.0,0.0,,,,,,,,,,,,
288.0,115.0,0.29531341791152965,0.0,nan,30.0,460.0,0.1172447893768549,0.03885112941807023,0.0,0.0,0.0,,,,,,,,,,,,
289.0,200.0,1.465586424991488,0.5,nan,49.0,800.0,0.21136004850268364,0.006015153063776424,0.0,0.0,0.0,,,,,,,,,,,,
290.0,200.0,10.066500510426703,1.0,0.0,81.0,800.0,0.2628613030537963,0.014339184261046745,0.0,0.0,0.0,1.0,0.0,0.75,0.0,0.75,0.5163211822509766,2.3748769760131836,13.299727477438864,88.0,1.0,200.0,12.034286527521907
291.0,200.0,52.406645242450764,1.0,nan,239.0,800.0,0.02708915463881567,0.004278152965678794,0.0,0.0,0.0,,,,,,,,,,,,
292.0,200.0,16.332318411185405,0.5,nan,112.0,800.0,0.15946669317781925,0.008599964387359549,0.0,0.0,0.0,,,,,,,,,,,,
293.0,200.0,16.48758759696502,0.75,nan,100.0,800.0,0.10755796451121569,0.026555896750907138,0.0,0.0,0.0,,,,,,,,,,,,
294.0,99.0,0.619595155715942,0.0,nan,23.0,396.0,0.12284996919333935,0.05888649310242511,0.0,0.0,0.0,,,,,,,,,,,,
295.0,200.0,31.678599512972873,0.75,nan,162.0,800.0,0.09604626211027303,0.013653625651952161,0.0,0.0,0.0,,,,,,,,,,,,
296.0,200.0,21.911680742166944,0.75,nan,119.0,800.0,0.03649595263414085,0.012605220926634075,0.0,0.0,0.0,,,,,,,,,,,,
297.0,200.0,11.38246473111212,0.5,nan,86.0,800.0,0.08528570190537721,0.008108636548740278,0.0,0.0,0.0,,,,,,,,,,,,
298.0,34.0,-0.10477209925651546,0.0,nan,9.0,136.0,0.2641771584749222,0.013551507562249968,0.0,0.0,0.0,,,,,,,,,,,,
299.0,130.0,0.1370253622531889,0.25,nan,38.0,520.0,0.27214784175157547,0.039708992792341746,0.0,0.0,0.0,,,,,,,,,,,,
300.0,200.0,7.389653465675655,1.0,0.0,67.0,800.0,0.13127159792929888,0.022772182180521128,0.0,0.0,0.0,1.0,0.0,0.25,0.0,0.25,0.4031265079975128,2.6750497817993164,12.979670302792556,71.0,1.0,200.0,8.968376565165814
301.0,200.0,4.131308701448141,0.5,nan,58.0,800.0,0.02900025714188814,0.03248998941386061,0.0,0.0,0.0,,,,,,,,,,,,
302.0,200.0,13.035127917770295,1.0,nan,86.0,800.0,0.09636833914555609,0.010079311001540248,0.0,0.0,0.0,,,,,,,,,,,,
303.0,52.0,0.44162877827882774,0.0,nan,12.0,208.0,0.062021007761359215,0.06561607297699258,0.0,0.0,0.0,,,,,,,,,,,,
304.0,200.0,-0.48500859811902086,0.0,nan,56.0,800.0,0.14501957222819328,0.034178499821026165,0.0,0.0,0.0,,,,,,,,,,,,
305.0,200.0,0.08750295192003199,0.25,nan,46.0,800.0,0.12210651114583015,0.11593312152193835,0.0,0.0,0.0,,,,,,,,,,,,
306.0,200.0,37.872854469879535,0.75,nan,187.0,800.0,0.2048392950867613,0.010583414231483346,0.0,0.0,0.0,,,,,,,,,,,,
307.0,200.0,25.281725206226128,0.75,nan,143.0,800.0,0.10119272295075157,0.011346847031689644,0.0,0.0,0.0,,,,,,,,,,,,
308.0,200.0,31.109807469882092,0.75,nan,169.0,800.0,0.07407186296768486,0.015142795798619657,0.0,0.0,0.0,,,,,,,,,,,,
309.0,200.0,7.775039748381824,0.5,nan,77.0,800.0,0.12937927711755037,0.025152072941972747,0.0,0.0,0.0,,,,,,,,,,,,
310.0,200.0,37.83793974699222,0.75,0.0,185.0,800.0,0.0049818932699660454,0.012079298393220306,0.0,0.0,0.0,1.0,0.0,0.5,0.0,0.5,2.426330327987671,1.2153187990188599,12.719380507666898,148.0,1.0,200.0,26.93220465709456
311.0,56.0,2.6008635440468795,0.25,nan,20.0,224.0,0.4008808061480522,0.03147132877477584,0.0,0.0,0.0,,,,,,,,,,,,
312.0,200.0,14.742900435160848,0.75,nan,102.0,800.0,0.13210000633262098,0.013623822421854788,0.0,0.0,0.0,,,,,,,,,,,,
313.0,170.0,53.46806491275785,1.0,nan,242.0,680.0,0.3190642837435007,0.018073889855422465,0.0,0.0,0.0,,,,,,,,,,,,
314.0,25.0,-0.25059714317321774,0.0,nan,8.0,100.0,0.19558414816856384,0.031103780439109413,0.0,0.0,0.0,,,,,,,,,,,,
315.0,60.0,0.0425776898860932,0.0,nan,13.0,240.0,0.21834296733140945,0.08796527138709583,0.0,0.0,0.0,,,,,,,,,,,,
316.0,200.0,10.997112090885645,0.25,nan,100.0,800.0,0.2663393132388592,0.010543147357972682,0.0,0.0,0.0,,,,,,,,,,,,
317.0,84.0,2.0032513032108548,0.25,nan,28.0,336.0,0.12086313776671886,0.013384660974106843,0.0,0.0,0.0,,,,,,,,,,,,
318.0,200.0,16.093667116016146,1.0,nan,103.0,800.0,0.2900686766952276,0.017546414961894463,0.0,0.0,0.0,,,,,,,,,,,,
319.0,200.0,14.63062009054702,0.5,nan,99.0,800.0,0.045502755558118224,0.014538962243584308,0.0,0.0,0.0,,,,,,,,,,,,
320.0,200.0,42.046157178480655,0.75,0.0,205.0,800.0,0.04367613379145041,0.003459197223059096,0.0,0.0,0.0,1.0,0.0,0.25,0.0,0.25,1.0321296453475952,2.6388862133026123,13.825588430351615,128.0,1.0,200.0,18.988750321138653
321.0,194.0,45.54039732789622,1.0,nan,212.0,776.0,-0.029273635242134333,0.00679429385847008,0.0,0.0,0.0,,,,,,,,,,,,
322.0,166.0,22.784707110361204,1.0,nan,130.0,664.0,0.016511426074430346,0.012023135226599549,0.0,0.0,0.0,,,,,,,,,,,,
323.0,200.0,10.686607746419028,0.25,nan,93.0,800.0,0.34717187844216824,0.008843845459856947,0.0,0.0,0.0,,,,,,,,,,,,
324.0,79.0,-0.20532368659973144,0.0,nan,17.0,316.0,0.1709677055478096,0.005403710781766602,0.0,0.0,0.0,,,,,,,,,,,,
325.0,200.0,57.32730306612792,0.75,nan,255.0,800.0,0.030017842131201178,0.00040477134016647653,0.0,0.0,0.0,,,,,,,,,,,,
326.0,200.0,18.33754841776099,0.5,nan,115.0,800.0,0.39184581115841866,0.002893375008638177,0.0,0.0,0.0,,,,,,,,,,,,
327.0,200.0,29.488718461198737,1.0,nan,149.0,800.0,0.3031415728231271,0.02244648054587728,0.0,0.0,0.0,,,,,,,,,,,,
328.0,200.0,64.76993377723267,1.0,nan,283.0,800.0,-0.04710615375079215,0.0010952440269085262,0.0,0.0,0.0,,,,,,,,,,,,
329.0,56.0,-0.19940851688385014,0.0,nan,14.0,224.0,0.32606426626443863,0.027762199461821218,0.0,0.0,0.0,,,,,,,,,,,,
330.0,200.0,39.95088374149056,0.75,0.0,199.0,800.0,0.10600776015780866,0.0013736100237584647,0.0,0.0,0.0,1.0,0.0,0.5,0.0,0.5,2.9257137775421143,0.36689019203186035,12.966151793763856,139.0,1.0,200.0,22.71735660489649
331.0,193.0,29.008855206314472,1.0,nan,147.0,772.0,0.012341002002358437,0.007398174634220782,0.0,0.0,0.0,,,,,,,,,,,,
332.0,156.0,0.39617485940456376,0.0,nan,33.0,624.0,0.2835968881845474,0.026189044988619847,0.0,0.0,0.0,,,,,,,,,,,,
333.0,200.0,10.910732243955128,0.75,nan,83.0,800.0,0.4136155634187162,0.029382881869079114,0.0,0.0,0.0,,,,,,,,,,,,
334.0,51.0,0.4634256505966188,0.0,nan,12.0,204.0,0.16981759294867516,0.1750708056544289,0.0,0.0,0.0,,,,,,,,,,,,
335.0,200.0,11.051305440440773,0.5,nan,85.0,800.0,0.04644470929633826,0.012520860814827284,0.0,0.0,0.0,,,,,,,,,,,,
336.0,200.0,41.683360859239485,0.75,nan,233.0,800.0,0.4479293189942837,0.01256185954445721,0.0,0.0,0.0,,,,,,,,,,,,
337.0,47.0,2.705288949906825,0.25,nan,22.0,188.0,0.2250230424106121,0.012901046684693208,0.0,0.0,0.0,,,,,,,,,,,,
338.0,55.0,0.3325231492519377,0.0,nan,12.0,220.0,0.121346490457654,0.07374425332960445,0.0,0.0,0.0,,,,,,,,,,,,
339.0,47.0,-0.007105751037597682,0.0,nan,12.0,188.0,0.14022767916321754,0.009446438920022691,0.0,0.0,0.0,,,,,,,,,,,,
340.0,200.0,24.45109514417127,0.75,0.0,137.0,800.0,0.021600358964254458,0.02102128681707427,0.0,0.0,0.0,1.0,0.0,0.25,0.25,0.25,0.7042921781539917,3.4654088020324707,10.114085622073617,127.0,1.0,174.0,17.818159109740527
341.0,200.0,16.310671591665596,0.5,nan,108.0,800.0,0.26678382651880383,0.04685444066785038,0.0,0.0,0.0,,,,,,,,,,,,
342.0,74.0,1.8557962679676714,0.25,nan,20.0,296.0,0.05049696937203407,0.019728084823335656,0.0,0.0,0.0,,,,,,,,,,,,
343.0,200.0,0.9490207940340046,0.25,nan,44.0,800.0,0.8406242579221725,0.007434192775375159,0.0,0.0,0.0,,,,,,,,,,,,
344.0,200.0,19.037581540830434,0.5,nan,128.0,800.0,0.2571417633444071,0.008600501326951893,0.0,0.0,0.0,,,,,,,,,,,,
345.0,200.0,-0.24311777949333224,0.25,nan,90.0,800.0,0.09643522650003433,0.011579150299279695,0.0,0.0,0.0,,,,,,,,,,,,
346.0,200.0,48.8186762112193,0.75,nan,233.0,800.0,0.3432149840518832,0.004210288509232107,0.0,0.0,0.0,,,,,,,,,,,,
347.0,200.0,48.03032820387746,0.5,nan,244.0,800.0,0.03262502304278314,0.004544058062361245,0.0,0.0,0.0,,,,,,,,,,,,
348.0,150.0,21.474247044883683,1.0,nan,116.0,600.0,0.9267613664269447,0.013492976129708012,0.0,0.0,0.0,,,,,,,,,,,,
349.0,46.0,0.1330191807448865,0.0,nan,15.0,184.0,0.20116397365927696,0.017411784369118243,0.0,0.0,0.0,,,,,,,,,,,,
350.0,85.0,5.178796719759703,0.25,0.0,40.0,340.0,0.30886200070381165,0.03616886143385045,0.0,0.0,0.0,1.0,0.0,0.25,0.0,0.25,2.9445302486419678,2.0907535552978516,10.107990341377445,139.0,1.0,200.0,20.949073809711265
351.0,40.0,-0.3636165499687194,0.0,nan,9.0,160.0,0.4442187547683716,0.027986060731589647,0.0,0.0,0.0,,,,,,,,,,,,
352.0,200.0,9.971726499136999,0.25,nan,87.0,800.0,0.07221184589434415,0.0028428558739055365,0.0,0.0,0.0,,,,,,,,,,,,
353.0,179.0,28.57327057974413,1.0,nan,139.0,716.0,0.09213223191909492,0.0019074668984613297,0.0,0.0,0.0,,,,,,,,,,,,
354.0,200.0,13.2958147611469,1.0,nan,90.0,800.0,0.10853230580687523,0.05242106905716781,0.0,0.0,0.0,,,,,,,,,,,,
355.0,120.0,9.938947592861949,0.25,nan,67.0,480.0,0.28028990398161113,0.0042241649386434155,0.0,0.0,0.0,,,,,,,,,,,,
356.0,200.0,2.0808967888355263,0.25,nan,48.0,800.0,0.25887199491262436,0.02365514165453697,0.0,0.0,0.0,,,,,,,,,,,,
357.0,200.0,16.881200983002778,0.75,nan,112.0,800.0,0.3147900979965925,0.02256737147322091,0.0,0.0,0.0,,,,,,,,,,,,
358.0,200.0,3.9502991046756515,0.5,nan,61.0,800.0,0.21495447307825089,0.07842115165875302,0.0,0.0,0.0,,,,,,,,,,,,
359.0,200.0,47.79223380573096,0.75,nan,223.0,800.0,-0.035734995210077614,0.004885833794167738,0.0,0.0,0.0,,,,,,,,,,,,
360.0,32.0,0.02082329273223879,0.0,0.0,9.0,128.0,0.2338157370686531,0.6372000998423033,0.0,0.0,0.0,1.0,0.0,0.25,0.0,0.25,0.822312593460083,2.0139269828796387,10.404536239540903,129.0,1.0,200.0,21.16700070400257
361.0,171.0,53.16117441594601,1.0,nan,236.0,684.0,-0.05905556396464817,0.044969508861644414,0.0,0.0,0.0,,,,,,,,,,,,
362.0,200.0,24.15967241562905,0.25,nan,137.0,800.0,0.17925369273871183,0.046505906801255215,0.0,0.0,0.0,,,,,,,,,,,,
363.0,200.0,4.651563529670238,0.25,nan,65.0,800.0,0.32958107255399227,0.015430058805199653,0.0,0.0,0.0,,,,,,,,,,,,
364.0,200.0,49.32560618370773,0.75,nan,230.0,800.0,0.049145252734888345,0.00348217365515641,0.0,0.0,0.0,,,,,,,,,,,,
365.0,200.0,50.41820049367382,0.75,nan,239.0,800.0,0.019505082396790385,0.021103974505034317,0.0,0.0,0.0,,,,,,,,,,,,
366.0,200.0,8.01243770420551,0.5,nan,88.0,800.0,0.4045438691973686,0.012735423435295878,0.0,0.0,0.0,,,,,,,,,,,,
367.0,61.0,0.5804119729995728,0.0,nan,16.0,244.0,0.07820146530866623,0.1429687709534071,0.0,0.0,0.0,,,,,,,,,,,,
368.0,200.0,41.86505897901954,0.75,nan,202.0,800.0,0.07180190406506881,0.005808009864264108,0.0,0.0,0.0,,,,,,,,,,,,
369.0,200.0,15.800381914922044,0.5,nan,111.0,800.0,0.42583553958684206,0.004987191684858061,0.0,0.0,0.0,,,,,,,,,,,,
370.0,200.0,20.757391793793065,0.5,0.0,121.0,800.0,0.07697562873363495,0.009694730324917966,0.0,0.0,0.0,1.0,0.0,0.25,0.0,0.25,0.01730920374393463,2.616572856903076,13.31368396957987,133.0,1.0,200.0,22.422235699766325
371.0,117.0,4.931067662425339,0.5,nan,43.0,468.0,0.161883182823658,0.0279818605691311,0.0,0.0,0.0,,,,,,,,,,,,
372.0,124.0,14.630873040612784,1.0,nan,74.0,496.0,0.23747955868020654,0.008300156795201907,0.0,0.0,0.0,,,,,,,,,,,,
373.0,200.0,32.21438644366574,0.5,nan,159.0,800.0,0.1615576980014642,0.2624473898590338,0.0,0.0,0.0,,,,,,,,,,,,
374.0,38.0,0.012672562599182119,0.0,nan,9.0,152.0,0.10466512851417065,0.02948985255090077,0.0,0.0,0.0,,,,,,,,,,,,
375.0,200.0,29.032681411388346,0.75,nan,156.0,800.0,0.38663705686728156,0.0007723326626788429,0.0,0.0,0.0,,,,,,,,,,,,
376.0,28.0,-0.16013474941253664,0.0,nan,8.0,112.0,0.22761715203523636,0.04984610362480473,0.0,0.0,0.0,,,,,,,,,,,,
377.0,41.0,0.05484100371599197,0.0,nan,12.0,164.0,0.16175807639956474,0.018126913561448462,0.0,0.0,0.0,,,,,,,,,,,,
378.0,45.0,-0.1647682070732117,0.0,nan,16.0,180.0,0.34496502578258514,0.016502228222373343,0.0,0.0,0.0,,,,,,,,,,,,
379.0,125.0,0.5532921791076659,0.0,nan,34.0,500.0,0.11398592591285706,0.052683289966957814,0.0,0.0,0.0,,,,,,,,,,,,
380.0,200.0,2.326199138909574,0.5,0.0,55.0,800.0,0.2029181830585003,0.06537147091823758,0.0,0.0,0.0,1.0,0.0,0.5,0.0,0.5,1.5299378633499146,0.4183504581451416,10.126407533223755,119.0,1.0,200.0,20.429142181389047
381.0,200.0,8.856417125253936,0.5,nan,85.0,800.0,0.24705291935242712,0.01209028670414547,0.0,0.0,0.0,,,,,,,,,,,,
382.0,200.0,37.84889764706023,0.5,nan,193.0,800.0,0.2052783984108828,0.018463800428539123,0.0,0.0,0.0,,,,,,,,,,,,
383.0,151.0,15.098203020447398,1.0,nan,88.0,604.0,0.04402236989699304,0.06497934836183417,0.0,0.0,0.0,,,,,,,,,,,,
384.0,200.0,32.338233056780886,1.0,nan,188.0,800.0,-0.03160336109188695,0.042816353725783074,0.0,0.0,0.0,,,,,,,,,,,,
385.0,200.0,47.40413130950184,0.75,nan,217.0,800.0,0.005671009072102606,0.000946226939100403,0.0,0.0,0.0,,,,,,,,,,,,
386.0,47.0,0.3007679562270642,0.0,nan,13.0,188.0,0.16139166429638863,0.043703085333565005,0.0,0.0,0.0,,,,,,,,,,,,
387.0,200.0,7.683266955427824,0.5,nan,76.0,800.0,0.143856231123209,0.012364320674743023,0.0,0.0,0.0,,,,,,,,,,,,
388.0,200.0,21.97173826060025,0.5,nan,131.0,800.0,-0.029629538922260203,0.013755032124047162,0.0,0.0,0.0,,,,,,,,,,,,
389.0,200.0,37.936575857130826,1.0,nan,195.0,800.0,0.5212523629888892,0.0317837776527643,0.0,0.0,0.0,,,,,,,,,,,,
390.0,200.0,19.30307707209141,0.5,0.0,117.0,800.0,0.10408554994501173,0.027358563480500475,0.0,0.0,0.0,1.0,0.0,0.5,0.0,0.5,1.9462047815322876,0.4298030138015747,9.57221894168788,141.0,1.0,200.0,25.426434747874758
391.0,200.0,12.92012771097943,0.5,nan,95.0,800.0,0.5698785074055195,0.015736029632682058,0.0,0.0,0.0,,,,,,,,,,,,
392.0,200.0,11.33062062188983,0.5,nan,84.0,800.0,0.2773596290498972,0.02730841216011015,0.0,0.0,0.0,,,,,,,,,,,,
393.0,200.0,27.89486393278931,0.5,nan,143.0,800.0,0.10181823186576366,0.017846732653938005,0.0,0.0,0.0,,,,,,,,,,,,
394.0,200.0,37.08852833330168,0.5,nan,179.0,800.0,0.043287315561125674,0.001941114821135903,0.0,0.0,0.0,,,,,,,,,,,,
395.0,135.0,29.900925066508353,1.0,nan,136.0,540.0,0.44144102434317267,0.03551692954899721,0.0,0.0,0.0,,,,,,,,,,,,
396.0,200.0,39.75100854916966,0.5,nan,189.0,800.0,0.20797962012390295,0.01027921127164877,0.0,0.0,0.0,,,,,,,,,,,,
397.0,68.0,-0.3401312637329101,0.0,nan,19.0,272.0,0.31680450588464737,0.017560293055970178,0.0,0.0,0.0,,,,,,,,,,,,
398.0,37.0,0.1861936900019645,0.25,nan,12.0,148.0,0.3033904358744621,0.03445270325169138,0.0,0.0,0.0,,,,,,,,,,,,
399.0,200.0,46.64370079364746,0.75,nan,219.0,800.0,0.12552428134949878,0.0032378558313671535,0.0,0.0,0.0,,,,,,,,,,,,
400.0,200.0,34.2450365693716,0.5,0.0,168.0,800.0,0.07608401232088605,0.0023317652598224825,0.0,0.0,0.0,1.0,0.0,0.5,0.0,0.5,0.982028603553772,1.967520833015442,10.01523748132422,126.0,1.0,200.0,20.89847096977757
401.0,200.0,17.513783606328076,0.5,nan,109.0,800.0,0.21532615087926388,0.021195369241502338,0.0,0.0,0.0,,,,,,,,,,,,
402.0,69.0,0.5458557224273681,0.0,nan,18.0,276.0,0.07101096399128437,0.008966162835071179,0.0,0.0,0.0,,,,,,,,,,,,
403.0,59.0,0.7113032451272009,0.0,nan,13.0,236.0,0.016052700811997056,0.026711867958850246,0.0,0.0,0.0,,,,,,,,,,,,
404.0,57.0,0.1790168571472168,0.0,nan,16.0,228.0,0.14846083149313927,0.08753240384359878,0.0,0.0,0.0,,,,,,,,,,,,
405.0,54.0,0.3081196315959097,0.0,nan,13.0,216.0,0.10874606296420097,0.027160433394078188,0.0,0.0,0.0,,,,,,,,,,,,
406.0,79.0,0.19045834079384788,0.0,nan,16.0,316.0,0.5241379737854004,0.04030659598113884,0.0,0.0,0.0,,,,,,,,,,,,
407.0,175.0,35.64540917028208,1.0,nan,167.0,700.0,0.021347682612637676,0.025676808223535907,0.0,0.0,0.0,,,,,,,,,,,,
408.0,176.0,45.22129983195104,1.0,nan,204.0,704.0,0.012403407599776983,0.011499531989045408,0.0,0.0,0.0,,,,,,,,,,,,
409.0,200.0,14.497651184257114,0.5,nan,100.0,800.0,0.13491350645199418,0.19170856357901833,0.0,0.0,0.0,,,,,,,,,,,,
410.0,200.0,45.892890075803756,0.75,0.0,208.0,800.0,0.20128655177541077,0.015175053123069882,0.0,0.0,0.0,1.0,0.0,0.0,0.0,0.0,1.0775580406188965,1.7251960039138794,13.018482728259869,50.0,1.0,200.0,-0.4140145182609563
411.0,41.0,-0.05812399148941032,0.0,nan,12.0,164.0,0.27750498056411743,0.03214333948553703,0.0,0.0,0.0,,,,,,,,,,,,
412.0,107.0,0.1888600158691406,0.0,nan,24.0,428.0,0.12380908243358135,0.05228394207402989,0.0,0.0,0.0,,,,,,,,,,,,
413.0,33.0,0.1834924948215485,0.0,nan,9.0,132.0,0.11041565239429474,0.16135907586563422,0.0,0.0,0.0,,,,,,,,,,,,
414.0,120.0,0.0971338510513304,0.0,nan,29.0,480.0,0.18779391795396805,0.030847525897771177,0.0,0.0,0.0,,,,,,,,,,,,
415.0,200.0,28.703592259995638,0.75,nan,157.0,800.0,0.2542916592986633,0.04868069489781057,0.0,0.0,0.0,,,,,,,,,,,,
416.0,200.0,42.597280551306945,0.75,nan,204.0,800.0,-0.018801412952598184,0.0061586389107832415,0.0,0.0,0.0,,,,,,,,,,,,
417.0,198.0,51.61114711324221,0.75,nan,243.0,792.0,0.17699261580128223,0.005991487478755886,0.0,0.0,0.0,,,,,,,,,,,,
418.0,200.0,26.237993357749666,0.5,nan,141.0,800.0,0.1678959884836028,0.009707348978198027,0.0,0.0,0.0,,,,,,,,,,,,
419.0,200.0,8.17386185186915,0.5,nan,81.0,800.0,0.2515552844852209,0.054819033327204725,0.0,0.0,0.0,,,,,,,,,,,,
420.0,200.0,14.927063648751938,0.5,0.0,95.0,800.0,0.2045884570106864,0.008659252994945632,0.0,0.0,0.0,1.0,0.0,0.25,0.0,0.25,2.042281150817871,3.214468002319336,9.478681341074662,115.0,1.0,200.0,18.895916773611688
421.0,48.0,0.042576627507805886,0.25,nan,14.0,192.0,0.4058440774679184,0.011781177762467602,0.0,0.0,0.0,,,,,,,,,,,,
422.0,108.0,7.575934368725864,0.5,nan,52.0,432.0,0.02111122664064169,0.03867072742516342,0.0,0.0,0.0,,,,,,,,,,,,
423.0,74.0,1.2691476157773285,0.5,nan,27.0,296.0,0.16612380370497704,0.040879162031526306,0.0,0.0,0.0,,,,,,,,,,,,
424.0,90.0,-0.3951716169714929,0.0,nan,22.0,360.0,0.2664870657026768,0.01586607307786947,0.0,0.0,0.0,,,,,,,,,,,,
425.0,42.0,0.08385653972625735,0.0,nan,12.0,168.0,0.1094003114849329,0.06487394171522608,0.0,0.0,0.0,,,,,,,,,,,,
426.0,200.0,23.753362505929545,0.75,nan,142.0,800.0,0.13185574890424806,0.06358184249150645,0.0,0.0,0.0,,,,,,,,,,,,
427.0,200.0,15.493206963315606,0.75,nan,93.0,800.0,0.17385397665202618,0.011565698177591344,0.0,0.0,0.0,,,,,,,,,,,,
428.0,200.0,11.670714030042292,0.5,nan,102.0,800.0,0.2314601195976138,0.024347625460784846,0.0,0.0,0.0,,,,,,,,,,,,
429.0,200.0,23.972506691707537,0.75,nan,131.0,800.0,0.1812606065844496,0.007149453357110369,0.0,0.0,0.0,,,,,,,,,,,,
430.0,200.0,15.40672175616491,0.75,0.0,97.0,800.0,0.06424777640495449,0.011042330162313416,0.0,0.0,0.0,1.0,0.0,0.25,0.0,0.25,1.0057283639907837,1.6160310506820679,9.696073971075606,82.0,1.0,200.0,11.121286311838775
431.0,200.0,11.663828888605343,0.75,nan,87.0,800.0,0.09925086470320821,0.004812983738880505,0.0,0.0,0.0,,,,,,,,,,,,
432.0,30.0,-0.22898509502410883,0.0,nan,8.0,120.0,0.17289495468139648,0.05024225574755595,0.0,0.0,0.0,,,,,,,,,,,,
433.0,200.0,0.8199096319498489,0.5,nan,60.0,800.0,0.12226504273712635,0.044737428320584804,0.0,0.0,0.0,,,,,,,,,,,,
434.0,170.0,3.6047355952672664,0.25,nan,49.0,680.0,0.14461302384734154,0.028213831566972658,0.0,0.0,0.0,,,,,,,,,,,,
435.0,200.0,74.6456603578292,1.0,nan,328.0,800.0,0.2987235168305536,0.003882376691551226,0.0,0.0,0.0,,,,,,,,,,,,
436.0,128.0,9.595887883361426,0.5,nan,68.0,512.0,0.12586212530732155,0.016245876675089255,0.0,0.0,0.0,,,,,,,,,,,,
437.0,142.0,30.875418964326386,1.0,nan,147.0,568.0,-0.03592862095683813,0.007567876668080897,0.0,0.0,0.0,,,,,,,,,,,,
438.0,200.0,37.19536872273312,0.75,nan,183.0,800.0,0.22382602716485658,0.0038287342175651884,0.0,0.0,0.0,,,,,,,,,,,,
439.0,200.0,31.18816000181251,1.0,nan,152.0,800.0,-0.01549030898604542,0.026265233637821073,0.0,0.0,0.0,,,,,,,,,,,,
440.0,28.0,-0.011993150711059594,0.0,0.0,8.0,112.0,0.06791048683226109,0.04961227487354236,0.0,0.0,0.0,1.0,0.0,0.25,0.0,0.25,0.9321515560150146,2.197514057159424,9.828817744366603,118.0,1.0,200.0,18.57209012077657
441.0,200.0,40.078878901526345,1.0,nan,187.0,800.0,0.06085244643812378,0.003301255574838402,0.0,0.0,0.0,,,,,,,,,,,,
442.0,200.0,23.35593051714824,0.75,nan,134.0,800.0,-0.03344155879070361,0.001639771566962378,0.0,0.0,0.0,,,,,,,,,,,,
443.0,200.0,15.157422393746677,0.25,nan,99.0,800.0,0.49009208381175995,0.00021436525403757678,0.0,0.0,0.0,,,,,,,,,,,,
444.0,62.0,0.29891083009541025,0.25,nan,16.0,248.0,0.20632683485746384,0.029048047341790048,0.0,0.0,0.0,,,,,,,,,,,,
445.0,188.0,23.331510755680505,1.0,nan,117.0,752.0,0.22896476835012436,0.024841371966680015,0.0,0.0,0.0,,,,,,,,,,,,
446.0,69.0,0.30455044418573385,0.0,nan,18.0,276.0,0.1822890341281891,0.022003465795009447,0.0,0.0,0.0,,,,,,,,,,,,
447.0,163.0,23.312377508897335,1.0,nan,114.0,652.0,0.029133897507563233,0.008623784857504035,0.0,0.0,0.0,,,,,,,,,,,,
448.0,200.0,13.145393019099721,0.25,nan,99.0,800.0,0.20258263358846307,0.008212656327680534,0.0,0.0,0.0,,,,,,,,,,,,
449.0,177.0,40.64276703327894,1.0,nan,194.0,708.0,0.07566671771928668,0.012596118492082198,0.0,0.0,0.0,,,,,,,,,,,,
450.0,200.0,43.72155748754741,0.5,0.0,205.0,800.0,0.05651660714647733,0.025481418128755706,0.0,0.0,0.0,1.0,0.0,0.25,0.5,0.25,-0.00800122320652008,3.788135051727295,7.141579394826977,39.0,1.0,109.0,2.257775394748896
451.0,200.0,23.217563045118006,0.75,nan,140.0,800.0,0.10660970459381738,0.01672085561000758,0.0,0.0,0.0,,,,,,,,,,,,
452.0,200.0,30.7940903706418,0.75,nan,155.0,800.0,0.01033580838702619,0.0010330054238001374,0.0,0.0,0.0,,,,,,,,,,,,
453.0,37.0,-0.3063678693771362,0.0,nan,10.0,148.0,0.12552087754011154,0.007753827844746988,0.0,0.0,0.0,,,,,,,,,,,,
454.0,135.0,32.858925485191875,1.0,nan,149.0,540.0,0.10244127223268151,0.0038283386667197217,0.0,0.0,0.0,,,,,,,,,,,,
455.0,200.0,23.510772435972463,0.75,nan,127.0,800.0,0.04846134805120528,0.016307182905655804,0.0,0.0,0.0,,,,,,,,,,,,
456.0,52.0,0.024127184152603315,0.0,nan,13.0,208.0,0.11106295697391033,0.006128566883101227,0.0,0.0,0.0,,,,,,,,,,,,
457.0,190.0,20.273078625893685,0.5,nan,118.0,760.0,0.2210812931880355,0.00460931666273412,0.0,0.0,0.0,,,,,,,,,,,,
458.0,200.0,27.1300781812519,0.75,nan,141.0,800.0,-0.0178951706426839,0.010188695244844226,0.0,0.0,0.0,,,,,,,,,,,,
459.0,33.0,-0.23749781131744385,0.0,nan,8.0,132.0,0.33790913969278336,0.03815676961335157,0.0,0.0,0.0,,,,,,,,,,,,
460.0,200.0,40.86186171965676,1.0,0.0,207.0,800.0,0.20534811483230442,0.004216223386176242,0.0,0.0,0.0,1.0,0.0,0.5,0.0,0.5,0.7948620319366455,2.82997989654541,10.947449831779522,132.0,1.0,200.0,22.614523246278996
461.0,106.0,0.1872330898046492,0.0,nan,36.0,424.0,0.15495822206139565,0.022104160259601713,0.0,0.0,0.0,,,,,,,,,,,,
462.0,200.0,24.20450425144518,1.0,nan,141.0,800.0,0.06339792488142848,0.001287340670759085,0.0,0.0,0.0,,,,,,,,,,,,
463.0,200.0,34.016048175832864,0.75,nan,199.0,800.0,0.05100179597502574,0.009061850249638459,0.0,0.0,0.0,,,,,,,,,,,,
464.0,200.0,22.74219410577789,0.75,nan,130.0,800.0,0.08057607958714166,0.037843005273979546,0.0,0.0,0.0,,,,,,,,,,,,
465.0,200.0,28.733359855739423,0.5,nan,154.0,800.0,0.07757537617969015,0.03575865153990965,0.0,0.0,0.0,,,,,,,,,,,,
466.0,200.0,27.657668675109743,0.75,nan,141.0,800.0,0.15800321179752547,0.009718500650905071,0.0,0.0,0.0,,,,,,,,,,,,
467.0,200.0,40.81767098347191,0.75,nan,203.0,800.0,0.2395941603463143,0.005023308086738898,0.0,0.0,0.0,,,,,,,,,,,,
468.0,200.0,11.253189822100104,0.25,nan,94.0,800.0,0.2907106000930071,0.02201658078214308,0.0,0.0,0.0,,,,,,,,,,,,
469.0,200.0,50.35332969471348,0.75,nan,232.0,800.0,0.20663427142426372,0.0002575508112601099,0.0,0.0,0.0,,,,,,,,,,,,
470.0,200.0,39.121922635263765,0.75,0.0,189.0,800.0,0.18044511259843904,0.0005446614695712171,0.0,0.0,0.0,1.0,0.0,0.25,0.0,0.25,0.9991090297698975,3.0175366401672363,10.950455504360434,113.0,1.0,200.0,17.428037363104544
471.0,200.0,55.05023326592055,0.75,nan,254.0,800.0,0.155932764231693,0.0018549982626459016,0.0,0.0,0.0,,,,,,,,,,,,
472.0,133.0,1.4665630060411057,0.5,nan,37.0,532.0,0.27525656670331955,0.014766056697665064,0.0,0.0,0.0,,,,,,,,,,,,
473.0,170.0,9.219620859250426,1.0,nan,92.0,680.0,0.05463394010439515,0.039289825318308935,0.0,0.0,0.0,,,,,,,,,,,,
474.0,49.0,0.5323778136074545,0.25,nan,16.0,196.0,0.06287496816366911,0.013321633084487706,0.0,0.0,0.0,,,,,,,,,,,,
475.0,200.0,30.6057234467473,0.75,nan,153.0,800.0,0.008732666571935017,0.06707946576020873,0.0,0.0,0.0,,,,,,,,,,,,
476.0,52.0,0.19385461091995243,0.0,nan,12.0,208.0,0.1722964234650135,0.009758047675125643,0.0,0.0,0.0,,,,,,,,,,,,
477.0,200.0,6.26142604574561,0.25,nan,77.0,800.0,0.2750985138118267,0.03340664082030642,0.0,0.0,0.0,,,,,,,,,,,,
478.0,200.0,37.462896546488636,0.75,nan,184.0,800.0,0.04659143563670416,0.01595455410829061,0.0,0.0,0.0,,,,,,,,,,,,
479.0,198.0,32.423162344824526,1.0,nan,179.0,792.0,0.02816108784948786,0.01404225724577618,0.0,0.0,0.0,,,,,,,,,,,,
480.0,200.0,29.221682791062644,0.75,0.0,167.0,800.0,0.1836915152768294,0.00234881366069839,0.0,0.0,0.0,1.0,0.0,0.25,0.25,0.25,0.4454004466533661,3.0594778060913086,9.550263411645574,62.0,1.0,149.0,6.551575926705263
481.0,200.0,52.80064483918252,0.75,nan,243.0,800.0,0.006006480485666543,0.0026042409573118763,0.0,0.0,0.0,,,,,,,,,,,,
482.0,200.0,25.281063497328436,0.5,nan,145.0,800.0,0.05788619831825296,0.00023466358492552075,0.0,0.0,0.0,,,,,,,,,,,,
483.0,200.0,34.74306845394894,0.75,nan,165.0,800.0,0.6138964320222536,0.0019197504021360445,0.0,0.0,0.0,,,,,,,,,,,,
484.0,94.0,15.686446916745044,1.0,nan,74.0,376.0,0.18491780944168568,0.03996045106813284,0.0,0.0,0.0,,,,,,,,,,,,
485.0,200.0,60.16880104988816,0.75,nan,269.0,800.0,0.10700752190314233,0.004563477319116577,0.0,0.0,0.0,,,,,,,,,,,,
486.0,200.0,52.9380609409651,0.75,nan,246.0,800.0,0.0836945841438137,0.009794782456678641,0.0,0.0,0.0,,,,,,,,,,,,
487.0,51.0,1.6695421546325089,0.25,nan,17.0,204.0,0.14606314152479172,0.06142970084386864,0.0,0.0,0.0,,,,,,,,,,,,
488.0,197.0,43.15314531521406,1.0,nan,201.0,788.0,0.10325672419276088,0.00437940582968821,0.0,0.0,0.0,,,,,,,,,,,,
489.0,200.0,28.31135560057592,0.5,nan,154.0,800.0,0.03924841666594148,0.002663144335263379,0.0,0.0,0.0,,,,,,,,,,,,
490.0,200.0,24.095401607919477,0.75,0.0,129.0,800.0,0.022278963432957728,0.0024630246333945394,0.0,0.0,0.0,1.0,0.0,0.25,0.25,0.25,0.5751893520355225,-0.0899590253829956,8.959069573145825,31.0,1.0,91.0,3.5011488032620397
491.0,200.0,39.19810351401102,0.75,nan,187.0,800.0,-0.004865492694079876,0.00027704117817428653,0.0,0.0,0.0,,,,,,,,,,,,
492.0,200.0,41.56403123559433,0.75,nan,197.0,800.0,-0.09844087285455316,0.0028095829954661866,0.0,0.0,0.0,,,,,,,,,,,,
493.0,200.0,13.395377437351272,0.75,nan,86.0,800.0,0.24316049925982952,0.03757155076902041,0.0,0.0,0.0,,,,,,,,,,,,
494.0,200.0,37.26963100170255,0.75,nan,181.0,800.0,0.25029264483600855,0.00021415190990148325,0.0,0.0,0.0,,,,,,,,,,,,
495.0,151.0,19.173276380551982,0.5,nan,100.0,604.0,0.02944132185075432,0.02126301298516453,0.0,0.0,0.0,,,,,,,,,,,,
496.0,200.0,55.307577706873445,0.75,nan,248.0,800.0,0.3294516997411847,0.0018183490210759035,0.0,0.0,0.0,,,,,,,,,,,,
497.0,194.0,34.99355330475607,1.0,nan,174.0,776.0,-0.008056345861405134,0.010135583988161834,0.0,0.0,0.0,,,,,,,,,,,,
498.0,55.0,0.33070598021149633,0.0,nan,13.0,220.0,0.08427473530173302,0.042548068884996,0.0,0.0,0.0,,,,,,,,,,,,
499.0,200.0,33.84701786341613,0.75,nan,171.0,800.0,-0.014565355454881985,0.0018942114798706777,0.0,0.0,0.0,,,,,,,,,,,,
500.0,200.0,26.798524279100818,0.75,0.2,143.0,800.0,0.07659173314459622,0.020231637778092837,0.0,0.0,0.0,1.0,1.0,1.0,0.0,1.0,0.992416501045227,1.6589280366897583,12.344956491637276,118.0,1.0,159.0,21.709931204668244
501.0,200.0,20.763814613316207,0.75,nan,130.0,800.0,0.5873386313517888,0.06744793416573813,0.0,0.0,0.0,,,,,,,,,,,,
502.0,200.0,18.276961923181087,0.25,nan,118.0,800.0,0.3899450860917568,0.01309719058557613,0.0,0.0,0.0,,,,,,,,,,,,
503.0,47.0,-0.10708957545459259,0.0,nan,12.0,188.0,0.12771866656839848,0.02057523329695969,0.0,0.0,0.0,,,,,,,,,,,,
504.0,139.0,27.363658022999306,0.75,nan,130.0,556.0,0.2653033522268136,0.030034828226527033,0.0,0.0,0.0,,,,,,,,,,,,
505.0,200.0,33.415289451461305,0.5,nan,170.0,800.0,0.39176857968171436,0.002410808040024026,0.0,0.0,0.0,,,,,,,,,,,,
506.0,200.0,31.31747602375691,0.75,nan,167.0,800.0,0.21364363096654415,0.016567796645965416,0.0,0.0,0.0,,,,,,,,,,,,
507.0,90.0,0.4511353492736816,0.0,nan,24.0,360.0,0.0795009657740593,0.012670722355711206,0.0,0.0,0.0,,,,,,,,,,,,
508.0,200.0,8.888474791124464,0.5,nan,89.0,800.0,0.17455300339497626,0.03130811305691594,0.0,0.0,0.0,,,,,,,,,,,,
509.0,158.0,36.31769884415437,1.0,nan,160.0,632.0,0.008520195183033744,0.012034925615701741,0.0,0.0,0.0,,,,,,,,,,,,
510.0,37.0,0.18436651855707167,0.0,0.2,8.0,148.0,0.2070545218884945,0.05030105804686123,0.0,0.0,0.0,1.0,0.0,0.75,0.0,0.75,1.9474045038223267,2.932643413543701,12.977947583149216,192.0,1.0,200.0,38.54018326709047
511.0,45.0,0.09425175189971938,0.0,nan,12.0,180.0,0.1264254990965128,0.005524973583516157,0.0,0.0,0.0,,,,,,,,,,,,
512.0,192.0,53.97524485808796,1.0,nan,242.0,768.0,0.023337333230301738,0.007145843525609763,0.0,0.0,0.0,,,,,,,,,,,,
513.0,149.0,23.999926807978195,1.0,nan,117.0,596.0,0.01518017950002104,0.015838286166946602,0.0,0.0,0.0,,,,,,,,,,,,
514.0,200.0,70.79138175669362,0.75,nan,309.0,800.0,0.14034560061991216,0.0031180607169205565,0.0,0.0,0.0,,,,,,,,,,,,
515.0,44.0,0.09141011595726005,0.0,nan,16.0,176.0,0.18512634560465813,0.03057911786641015,0.0,0.0,0.0,,,,,,,,,,,,
516.0,197.0,47.051855639852604,1.0,nan,212.0,788.0,0.018019176844973117,0.006755620174194288,0.0,0.0,0.0,,,,,,,,,,,,
517.0,200.0,67.30440592472442,0.75,nan,296.0,800.0,0.1362216344801709,0.0006829082621237492,0.0,0.0,0.0,,,,,,,,,,,,
518.0,200.0,26.72024363486562,0.75,nan,147.0,800.0,0.03474145693083604,0.006077705547725909,0.0,0.0,0.0,,,,,,,,,,,,
519.0,200.0,29.88185941861012,1.0,nan,155.0,800.0,0.011525300176193316,0.011611820757991609,0.0,0.0,0.0,,,,,,,,,,,,
520.0,165.0,24.455248735938227,0.5,0.2,130.0,660.0,0.04604659446825583,0.005211431686738877,0.0,0.0,0.0,1.0,0.0,0.75,0.0,0.75,3.085188627243042,0.84743332862854,13.918233394251729,122.0,1.0,200.0,21.227850753813996
521.0,200.0,42.88322711461806,0.75,nan,204.0,800.0,0.10162939695874229,0.004059496010554442,0.0,0.0,0.0,,,,,,,,,,,,
522.0,105.0,16.97884825990768,1.0,nan,83.0,420.0,-0.015729303006082773,0.06300610812367324,0.0,0.0,0.0,,,,,,,,,,,,
523.0,200.0,21.074474380072203,0.75,nan,135.0,800.0,0.24622044960657755,0.009477552509320475,0.0,0.0,0.0,,,,,,,,,,,,
524.0,200.0,31.205280194804082,0.75,nan,158.0,800.0,0.03454274532850832,0.005586315164553879,0.0,0.0,0.0,,,,,,,,,,,,
525.0,200.0,18.460309122363107,0.5,nan,106.0,800.0,0.19371061027050018,0.004248175698661871,0.0,0.0,0.0,,,,,,,,,,,,
526.0,45.0,-0.04135653376579285,0.0,nan,13.0,180.0,0.16620652005076408,0.052227613501943576,0.0,0.0,0.0,,,,,,,,,,,,
527.0,200.0,32.84453791454437,0.75,nan,168.0,800.0,0.08586616953834891,0.019641158017003946,0.0,0.0,0.0,,,,,,,,,,,,
528.0,94.0,4.404108393415809,0.5,nan,35.0,376.0,0.17307285964488983,0.06936613087881982,0.0,0.0,0.0,,,,,,,,,,,,
529.0,182.0,21.039129458299143,0.5,nan,120.0,728.0,0.26212041825056076,0.003574866877338656,0.0,0.0,0.0,,,,,,,,,,,,
530.0,200.0,16.235657777742034,0.5,0.2,111.0,800.0,0.03162237978540361,0.027633997732931626,0.0,0.0,0.0,1.0,0.0,0.5,0.0,0.5,2.4224677085876465,0.5051455497741699,11.407410153573437,111.0,1.0,200.0,17.632212160783816
531.0,43.0,-0.11825398534536363,0.0,nan,14.0,172.0,0.19380009919404984,0.01305845114922154,0.0,0.0,0.0,,,,,,,,,,,,
532.0,200.0,-1.1968922734260572,0.25,nan,54.0,800.0,0.350728414952755,0.011860197037506987,0.0,0.0,0.0,,,,,,,,,,,,
533.0,200.0,18.91953102662228,0.75,nan,148.0,800.0,0.20198994999130565,0.013748956176671712,0.0,0.0,0.0,,,,,,,,,,,,
534.0,142.0,12.750484555368606,1.0,nan,86.0,568.0,-0.0003249489236623049,0.016464165978732126,0.0,0.0,0.0,,,,,,,,,,,,
535.0,200.0,12.298460253188386,0.25,nan,92.0,800.0,0.2968841418623924,0.010906518395728426,0.0,0.0,0.0,,,,,,,,,,,,
536.0,200.0,23.388756239588847,0.75,nan,133.0,800.0,0.2225831306229035,0.0061225414658792054,0.0,0.0,0.0,,,,,,,,,,,,
537.0,200.0,29.46311958951412,0.5,nan,160.0,800.0,0.25964787043631077,0.006882674710498193,0.0,0.0,0.0,,,,,,,,,,,,
538.0,58.0,-0.02085212573409076,0.25,nan,17.0,232.0,0.14354253187775612,0.04633112787200917,0.0,0.0,0.0,,,,,,,,,,,,
539.0,200.0,43.83810578347186,0.75,nan,212.0,800.0,0.13566505315247923,0.00572943145104432,0.0,0.0,0.0,,,,,,,,,,,,
540.0,73.0,1.162432073596865,0.25,0.2,18.0,292.0,0.8792233318090439,0.0287459683541762,0.0,0.0,0.0,1.0,0.0,0.5,0.0,0.5,2.1174633502960205,2.8297507762908936,13.26864062893219,114.0,1.0,200.0,17.216329893394146
541.0,72.0,0.514970760345459,0.0,nan,16.0,288.0,0.13282723538577557,0.08375517756554052,0.0,0.0,0.0,,,,,,,,,,,,
542.0,200.0,29.257888698612806,0.75,nan,150.0,800.0,0.1128212867770344,0.028248396278814702,0.0,0.0,0.0,,,,,,,,,,,,
543.0,200.0,27.83803016471211,0.5,nan,161.0,800.0,0.06376453729656835,0.014006956208381993,0.0,0.0,0.0,,,,,,,,,,,,
544.0,118.0,8.452465521153062,0.5,nan,52.0,472.0,0.08293352834880352,0.01176380424759893,0.0,0.0,0.0,,,,,,,,,,,,
545.0,38.0,-0.08763030052185054,0.0,nan,9.0,152.0,0.08340224251151085,0.024556826769212062,0.0,0.0,0.0,,,,,,,,,,,,
546.0,143.0,14.047016540383918,0.75,nan,80.0,572.0,0.17088213004171848,0.008746610374293251,0.0,0.0,0.0,,,,,,,,,,,,
547.0,200.0,60.206953291292336,1.0,nan,262.0,800.0,0.0896610866766423,0.0031600743090969274,0.0,0.0,0.0,,,,,,,,,,,,
548.0,109.0,9.14938570781611,0.5,nan,63.0,436.0,0.1690238043665886,0.008759324652896083,0.0,0.0,0.0,,,,,,,,,,,,
549.0,74.0,0.6662195032835005,0.0,nan,16.0,296.0,0.09698736667633057,0.029337633744848546,0.0,0.0,0.0,,,,,,,,,,,,
550.0,96.0,0.4117764258384704,0.0,0.2,20.0,384.0,0.12176759168505669,0.015114842963402791,0.0,0.0,0.0,1.0,0.0,0.5,0.0,0.5,1.0554741621017456,1.7747408151626587,9.764291913686975,136.0,1.0,200.0,23.430695803742864
551.0,200.0,14.606829175632452,0.25,nan,115.0,800.0,0.5167389996349812,0.014734758857155583,0.0,0.0,0.0,,,,,,,,,,,,
552.0,200.0,55.83449825234712,0.5,nan,268.0,800.0,0.04236219418235124,0.004358168410740604,0.0,0.0,0.0,,,,,,,,,,,,
553.0,146.0,2.339680577218532,0.25,nan,47.0,584.0,0.08644570782780647,0.0013871588178973049,0.0,0.0,0.0,,,,,,,,,,,,
554.0,50.0,0.866582367941737,0.25,nan,13.0,200.0,0.06633214093744755,0.023841344008396846,0.0,0.0,0.0,,,,,,,,,,,,
555.0,58.0,0.33989342309534554,0.25,nan,16.0,232.0,0.13460082188248634,0.13638667398834634,0.0,0.0,0.0,,,,,,,,,,,,
556.0,200.0,13.810779479146008,0.5,nan,88.0,800.0,0.22597678937017918,0.005816898728073783,0.0,0.0,0.0,,,,,,,,,,,,
557.0,200.0,24.730587310530257,0.5,nan,131.0,800.0,0.16513867614169914,0.005599523143819063,0.0,0.0,0.0,,,,,,,,,,,,
558.0,200.0,18.786839149612934,0.5,nan,110.0,800.0,0.1324206826975569,0.014400745970075235,0.0,0.0,0.0,,,,,,,,,,,,
559.0,140.0,34.54108549435624,0.75,nan,158.0,560.0,0.06509075065453847,0.006399859906891514,0.0,0.0,0.0,,,,,,,,,,,,
560.0,53.0,0.32583478808403016,0.0,0.2,12.0,212.0,0.061157614924013615,0.019944348821028607,0.0,0.0,0.0,1.0,0.0,0.75,0.0,0.75,1.2385303974151611,1.1999872922897339,10.155818678663309,110.0,1.0,200.0,18.43462201924995
561.0,200.0,9.210028227418666,0.5,nan,107.0,800.0,0.31054510921239853,0.004259388476200519,0.0,0.0,0.0,,,,,,,,,,,,
562.0,98.0,1.7260862444341185,0.25,nan,21.0,392.0,0.1375097632408142,0.010188538207769327,0.0,0.0,0.0,,,,,,,,,,,,
563.0,200.0,17.400257260631758,1.0,nan,105.0,800.0,0.13657477451488376,0.00562165137958015,0.0,0.0,0.0,,,,,,,,,,,,
564.0,26.0,-0.031240317821502717,0.0,nan,8.0,104.0,0.16129130497574806,0.035845561171789504,0.0,0.0,0.0,,,,,,,,,,,,
565.0,70.0,0.9832273244857787,0.0,nan,16.0,280.0,0.08099879883229733,0.00351007116900659,0.0,0.0,0.0,,,,,,,,,,,,
566.0,119.0,3.9793106034770602,0.25,nan,50.0,476.0,0.35606765002012253,0.009399646039996101,0.0,0.0,0.0,,,,,,,,,,,,
567.0,200.0,25.411613416299232,0.5,nan,140.0,800.0,0.21340195089578629,0.004977052649129732,0.0,0.0,0.0,,,,,,,,,,,,
568.0,200.0,38.106771967280665,0.75,nan,189.0,800.0,0.13610243052244186,0.0016506565669498485,0.0,0.0,0.0,,,,,,,,,,,,
569.0,200.0,34.1366597889457,0.75,nan,163.0,800.0,0.1115077951302131,0.0028564755965279076,0.0,0.0,0.0,,,,,,,,,,,,
570.0,200.0,35.61516907140613,0.5,0.2,179.0,800.0,0.1820423857619365,0.035259056457235705,0.0,0.0,0.0,1.0,0.0,0.25,0.0,0.25,0.9374459981918335,1.8936291933059692,9.967687062742698,86.0,1.0,200.0,12.138255582749848
571.0,195.0,30.39891967307777,1.0,nan,144.0,780.0,0.06317200100359817,0.02478405801268657,0.0,0.0,0.0,,,,,,,,,,,,
572.0,52.0,0.3122412073612213,0.0,nan,13.0,208.0,0.19579271227121353,0.008773986788934365,0.0,0.0,0.0,,,,,,,,,,,,
573.0,200.0,36.033823194960135,1.0,nan,172.0,800.0,0.0379452632041648,0.004072854255532832,0.0,0.0,0.0,,,,,,,,,,,,
574.0,200.0,47.67798328408973,0.75,nan,229.0,800.0,0.030087828519754112,0.0027540703137773903,0.0,0.0,0.0,,,,,,,,,,,,
575.0,200.0,12.189211376477036,0.25,nan,104.0,800.0,0.39066674932837486,0.016616360371196848,0.0,0.0,0.0,,,,,,,,,,,,
576.0,200.0,14.961261955741799,0.75,nan,114.0,800.0,0.22051885956898332,0.011641894129705843,0.0,0.0,0.0,,,,,,,,,,,,
577.0,200.0,31.061478239530707,0.75,nan,166.0,800.0,0.23501261106381813,0.0048843761979657785,0.0,0.0,0.0,,,,,,,,,,,,
578.0,200.0,33.0041686784476,0.25,nan,186.0,800.0,0.2775036295255025,0.006022668818219199,0.0,0.0,0.0,,,,,,,,,,,,
579.0,200.0,33.81908227100503,1.0,nan,161.0,800.0,0.05295064750437935,0.0018871905716205395,0.0,0.0,0.0,,,,,,,,,,,,
580.0,200.0,42.46528263813819,1.0,0.2,202.0,800.0,-0.04129249631660059,0.007533655103387105,0.0,0.0,0.0,1.0,0.0,0.5,0.0,0.5,0.6406522989273071,2.784883975982666,10.85931242648951,76.0,1.0,200.0,9.658655500199526
581.0,99.0,7.89145645004697,0.5,nan,46.0,396.0,0.04862972069531679,0.012449732227665322,0.0,0.0,0.0,,,,,,,,,,,,
582.0,21.0,-0.17992022991180423,0.0,nan,8.0,84.0,0.2034851536154747,0.03948168967751068,0.0,0.0,0.0,,,,,,,,,,,,
583.0,68.0,0.520985699892044,0.0,nan,17.0,272.0,0.25042807310819626,0.013684971908036192,0.0,0.0,0.0,,,,,,,,,,,,
584.0,71.0,0.19396161079406748,0.0,nan,16.0,284.0,0.24547790363430977,0.013117881202028503,0.0,0.0,0.0,,,,,,,,,,,,
585.0,200.0,37.879040356981584,0.75,nan,178.0,800.0,0.14456708969858784,0.0013963918387647212,0.0,0.0,0.0,,,,,,,,,,,,
586.0,200.0,39.745649671438166,0.75,nan,201.0,800.0,0.14726683218032122,0.032517527515491196,0.0,0.0,0.0,,,,,,,,,,,,
587.0,200.0,35.227850617934024,1.0,nan,175.0,800.0,0.01072385332857569,0.005164534679435784,0.0,0.0,0.0,,,,,,,,,,,,
588.0,90.0,7.723444224218837,0.5,nan,45.0,360.0,0.18239371851086617,0.06681591803138787,0.0,0.0,0.0,,,,,,,,,,,,
589.0,200.0,25.184790155873642,0.75,nan,135.0,800.0,0.17196105622376004,0.0023472993581155066,0.0,0.0,0.0,,,,,,,,,,,,
590.0,73.0,0.8052856785058973,0.0,0.2,16.0,292.0,0.32304835319519043,0.010342277005626954,0.0,0.0,0.0,1.0,0.0,0.5,0.0,0.5,0.5707958936691284,2.8455777168273926,10.56870606380221,82.0,1.0,200.0,10.177796697290612
591.0,133.0,18.96674666421488,1.0,nan,94.0,532.0,0.17550692055374384,0.0024569373876075495,0.0,0.0,0.0,,,,,,,,,,,,
592.0,200.0,21.018846798350573,0.5,nan,113.0,800.0,0.07480880082584918,0.005510530483006204,0.0,0.0,0.0,,,,,,,,,,,,
593.0,200.0,15.340081441635274,0.25,nan,106.0,800.0,0.14809035509824753,0.003621273764212063,0.0,0.0,0.0,,,,,,,,,,,,
594.0,95.0,1.0295383577700703,0.25,nan,22.0,380.0,0.21130980923771858,0.004868455741148248,0.0,0.0,0.0,,,,,,,,,,,,
595.0,200.0,46.034335244147236,0.75,nan,214.0,800.0,0.13948159606661648,0.006614268663309497,0.0,0.0,0.0,,,,,,,,,,,,
596.0,28.0,-0.18088183879852296,0.0,nan,8.0,112.0,0.12500580213963985,0.018057064382868963,0.0,0.0,0.0,,,,,,,,,,,,
597.0,174.0,45.490202018783904,1.0,nan,200.0,696.0,0.0878400673973374,0.004672099572699651,0.0,0.0,0.0,,,,,,,,,,,,
598.0,200.0,49.474248871381874,0.75,nan,227.0,800.0,0.10442923766095191,0.005122554538644408,0.0,0.0,0.0,,,,,,,,,,,,
599.0,31.0,-0.16154271125793468,0.0,nan,8.0,124.0,0.35797760635614395,0.031768555116814826,0.0,0.0,0.0,,,,,,,,,,,,
600.0,35.0,0.2280647277832031,0.0,0.0,8.0,140.0,0.014725157874636352,0.004321837684027617,0.0,0.0,0.0,1.0,0.0,0.75,0.0,0.75,0.41866740584373474,2.937692165374756,10.303660276103699,127.0,1.0,200.0,23.43999766923953
601.0,196.0,47.30033175794876,1.0,nan,215.0,784.0,0.017776763590518385,0.0256016759544897,0.0,0.0,0.0,,,,,,,,,,,,
602.0,96.0,6.4108399002905925,0.25,nan,45.0,384.0,0.3851076364517212,0.026476227466710966,0.0,0.0,0.0,,,,,,,,,,,,
603.0,55.0,0.21236267387866986,0.0,nan,12.0,220.0,0.0846930555999279,0.004452500074321299,0.0,0.0,0.0,,,,,,,,,,,,
604.0,200.0,50.80054185707124,0.75,nan,229.0,800.0,0.18490839330479503,0.003968964844914713,0.0,0.0,0.0,,,,,,,,,,,,
605.0,36.0,0.4014609360694885,0.0,nan,8.0,144.0,0.03208197234198451,0.01635720158515773,0.0,0.0,0.0,,,,,,,,,,,,
606.0,43.0,0.6330565047264098,0.0,nan,12.0,172.0,0.12162011489272118,0.04172963415944227,0.0,0.0,0.0,,,,,,,,,,,,
607.0,46.0,0.7259809461981059,0.0,nan,12.0,184.0,0.09029450826346874,0.03267286863126134,0.0,0.0,0.0,,,,,,,,,,,,
608.0,200.0,57.20595560800287,0.75,nan,265.0,800.0,0.12765166172757744,0.0036462170989402243,0.0,0.0,0.0,,,,,,,,,,,,
609.0,200.0,41.82475575460121,0.75,nan,193.0,800.0,0.05709144414868206,0.0045521649536623965,0.0,0.0,0.0,,,,,,,,,,,,
610.0,141.0,3.5025725641846654,0.25,0.0,46.0,564.0,0.2609574943780899,0.011556986303448813,0.0,0.0,0.0,1.0,0.0,0.25,0.25,0.25,3.577153444290161,-0.10019755363464355,4.41201647499247,13.0,1.0,52.0,0.3317122944816946
611.0,101.0,1.9163629427179705,0.5,nan,27.0,404.0,0.240541722625494,0.015273166712045594,0.0,0.0,0.0,,,,,,,,,,,,
612.0,200.0,23.939227966824554,0.5,nan,143.0,800.0,0.1962332452336947,0.0056930949687275245,0.0,0.0,0.0,,,,,,,,,,,,
613.0,46.0,-0.14626723289489746,0.0,nan,13.0,184.0,0.13845058344304562,0.023298508575244316,0.0,0.0,0.0,,,,,,,,,,,,
614.0,106.0,2.026057570204139,0.25,nan,28.0,424.0,0.2538437955081463,0.04033787574859815,0.0,0.0,0.0,,,,,,,,,,,,
615.0,111.0,5.696666678842157,0.5,nan,43.0,444.0,0.10708899423480034,0.15513886530935397,0.0,0.0,0.0,,,,,,,,,,,,
616.0,200.0,55.789931714814166,0.75,nan,250.0,800.0,0.02698446047725156,0.0016534689080945908,0.0,0.0,0.0,,,,,,,,,,,,
617.0,200.0,20.27733347676695,0.5,nan,108.0,800.0,0.09034398337826133,0.009105628799446486,0.0,0.0,0.0,,,,,,,,,,,,
618.0,200.0,31.513900361768915,0.75,nan,153.0,800.0,0.1307806538340325,0.004565704003107296,0.0,0.0,0.0,,,,,,,,,,,,
619.0,200.0,35.699676557444036,0.75,nan,171.0,800.0,0.02873174217529595,0.009931188037896277,0.0,0.0,0.0,,,,,,,,,,,,
620.0,66.0,0.26837981171905995,0.0,0.0,20.0,264.0,0.15912550687789917,0.03532344016911759,0.0,0.0,0.0,1.0,0.0,0.5,0.0,0.5,0.38748160004615784,3.508336067199707,10.056129775420686,117.0,1.0,200.0,20.42819607625715
621.0,51.0,0.26290879637002934,0.0,nan,13.0,204.0,0.17583083733916283,0.013413546115707638,0.0,0.0,0.0,,,,,,,,,,,,
622.0,65.0,0.9091002371162173,0.25,nan,16.0,260.0,0.1603054329752922,0.009606958908559893,0.0,0.0,0.0,,,,,,,,,,,,
623.0,200.0,31.44768836650766,0.5,nan,159.0,800.0,0.05145819097136457,0.0015992081025502092,0.0,0.0,0.0,,,,,,,,,,,,
624.0,39.0,-0.002799024581909143,0.0,nan,8.0,156.0,0.06487325113266706,0.004876337505409187,0.0,0.0,0.0,,,,,,,,,,,,
625.0,200.0,22.442316553508874,0.5,nan,122.0,800.0,0.2468088660389185,0.033612576174798736,0.0,0.0,0.0,,,,,,,,,,,,
626.0,14.0,-0.3189507269859314,0.0,nan,4.0,56.0,0.39074039459228516,0.05401314699091537,0.0,0.0,0.0,,,,,,,,,,,,
627.0,61.0,1.449195826132782,0.25,nan,19.0,244.0,0.06073562428355217,0.15156010919446083,0.0,0.0,0.0,,,,,,,,,,,,
628.0,200.0,19.273782410798596,0.5,nan,109.0,800.0,0.04475657024886459,0.00708655687709836,0.0,0.0,0.0,,,,,,,,,,,,
629.0,32.0,-0.24556163668632514,0.0,nan,8.0,128.0,0.2104235291481018,0.030280902509125518,0.0,0.0,0.0,,,,,,,,,,,,
630.0,200.0,32.87325141415933,0.75,0.0,168.0,800.0,0.4368559618790944,0.02778372250841432,0.0,0.0,0.0,1.0,0.0,0.25,0.25,0.25,0.2745803892612457,3.7732367515563965,8.292099129772623,75.0,1.0,142.0,11.02040150083602
631.0,138.0,13.701938453787005,1.0,nan,72.0,552.0,0.07674272148869932,0.06518188269972569,0.0,0.0,0.0,,,,,,,,,,,,
632.0,200.0,53.81767561919992,0.5,nan,248.0,800.0,0.2269108125474304,0.004643725656910291,0.0,0.0,0.0,,,,,,,,,,,,
633.0,41.0,0.295638837814331,0.0,nan,12.0,164.0,0.1418856866657734,0.007478949474639555,0.0,0.0,0.0,,,,,,,,,,,,
634.0,97.0,2.1091736061684787,0.5,nan,49.0,388.0,0.17650651931762695,0.029598995924725813,0.0,0.0,0.0,,,,,,,,,,,,
635.0,199.0,55.99748957386709,1.0,nan,254.0,796.0,0.5306654102168977,0.01594667611082239,0.0,0.0,0.0,,,,,,,,,,,,
636.0,200.0,33.323914154502575,0.75,nan,188.0,800.0,0.14307367615401745,0.0032460044508462182,0.0,0.0,0.0,,,,,,,,,,,,
637.0,64.0,0.7201129153743384,0.25,nan,16.0,256.0,0.1564718335866928,0.015265365768692973,0.0,0.0,0.0,,,,,,,,,,,,
638.0,171.0,61.870573532683785,1.0,nan,259.0,684.0,0.3476879039779306,0.0010585950660805254,0.0,0.0,0.0,,,,,,,,,,,,
639.0,27.0,-0.26944536685943604,0.0,nan,8.0,108.0,0.28463684022426605,0.03149718344177241,0.0,0.0,0.0,,,,,,,,,,,,
640.0,200.0,40.7278958482668,0.5,0.0,201.0,800.0,0.29273170640226454,0.006281657967929011,0.0,0.0,0.0,1.0,0.0,0.5,0.0,0.5,0.8091776371002197,2.2030835151672363,9.761864027959973,136.0,1.0,200.0,24.90918549201453
641.0,200.0,50.87120037507266,0.75,nan,236.0,800.0,0.15395330666797236,0.005558448702138286,0.0,0.0,0.0,,,,,,,,,,,,
642.0,34.0,0.1487028217315674,0.0,nan,8.0,136.0,0.055681885220110416,0.010835307562040404,0.0,0.0,0.0,,,,,,,,,,,,
643.0,129.0,5.268035415038465,0.5,nan,45.0,516.0,0.27098166942596436,0.013732348868909838,0.0,0.0,0.0,,,,,,,,,,,,
644.0,32.0,-0.08918282806873323,0.0,nan,8.0,128.0,0.22023765742778778,0.020290630164364387,0.0,0.0,0.0,,,,,,,,,,,,
645.0,118.0,7.092401777608319,0.25,nan,67.0,472.0,0.2757787380833179,0.02652672521031718,0.0,0.0,0.0,,,,,,,,,,,,
646.0,31.0,0.007330712080001869,0.0,nan,8.0,124.0,0.10372138395905495,0.024231999842604345,0.0,0.0,0.0,,,,,,,,,,,,
647.0,68.0,0.00322720825672157,0.0,nan,17.0,272.0,0.13189059868454933,0.036491040457463986,0.0,0.0,0.0,,,,,,,,,,,,
648.0,53.0,0.4832609002292154,0.0,nan,12.0,212.0,0.054928915575146675,0.0797658424031517,0.0,0.0,0.0,,,,,,,,,,,,
649.0,164.0,19.234467124533836,1.0,nan,115.0,656.0,0.10823009465821087,0.012367710774265739,0.0,0.0,0.0,,,,,,,,,,,,
650.0,49.0,1.111502216770314,0.25,0.0,15.0,196.0,0.24755294620990753,0.030260429473384778,0.0,0.0,0.0,1.0,0.0,0.25,0.0,0.25,0.0026883333921432495,3.609520435333252,9.480556269886392,51.0,1.0,200.0,-0.2567401929758498
651.0,112.0,19.49370985421818,1.0,nan,93.0,448.0,0.12371819640975446,0.021838460827230843,0.0,0.0,0.0,,,,,,,,,,,,
652.0,150.0,44.958736900443924,1.0,nan,205.0,600.0,-0.024987708311527967,0.00894418086481305,0.0,0.0,0.0,,,,,,,,,,,,
653.0,200.0,18.545362909277898,0.5,nan,114.0,800.0,0.17699482198804617,0.010011188680238092,0.0,0.0,0.0,,,,,,,,,,,,
654.0,200.0,29.094664396698867,0.75,nan,145.0,800.0,0.15178609391053516,0.0024672081888608144,0.0,0.0,0.0,,,,,,,,,,,,
655.0,46.0,0.40415649652481067,0.0,nan,12.0,184.0,0.06367412954568863,0.017892745050586897,0.0,0.0,0.0,,,,,,,,,,,,
656.0,200.0,58.02985383989292,0.75,nan,263.0,800.0,0.06861310077365489,0.002357961799660385,0.0,0.0,0.0,,,,,,,,,,,,
657.0,200.0,32.79912837827579,0.75,nan,166.0,800.0,0.0782260960744073,0.0027137805698873585,0.0,0.0,0.0,,,,,,,,,,,,
658.0,174.0,31.89342782120453,1.0,nan,155.0,696.0,-0.004809512135883172,0.005400516641057784,0.0,0.0,0.0,,,,,,,,,,,,
659.0,60.0,0.3915666371583938,0.0,nan,13.0,240.0,0.11948009021580219,0.01387597150986745,0.0,0.0,0.0,,,,,,,,,,,,
660.0,182.0,17.961450202688578,0.5,0.0,109.0,728.0,0.3518569841980934,0.011552949690923242,0.0,0.0,0.0,1.0,0.0,0.5,0.0,0.5,1.1184993982315063,1.6862684488296509,10.003910203975465,138.0,1.0,200.0,25.396142107085332
661.0,200.0,13.223324343631969,0.5,nan,92.0,800.0,0.29663784615695477,0.007762590102263545,0.0,0.0,0.0,,,,,,,,,,,,
662.0,200.0,9.722713163867589,0.25,nan,82.0,800.0,0.28725665155798197,0.011234316943689038,0.0,0.0,0.0,,,,,,,,,,,,
663.0,175.0,21.643028011033316,0.75,nan,131.0,700.0,0.09298068525580068,0.0121988520902254,0.0,0.0,0.0,,,,,,,,,,,,
664.0,151.0,17.83781595516543,1.0,nan,88.0,604.0,0.11159275891259313,0.011865019989706127,0.0,0.0,0.0,,,,,,,,,,,,
665.0,68.0,0.5734860184416173,0.0,nan,19.0,272.0,0.10079994052648544,0.013887927167765213,0.0,0.0,0.0,,,,,,,,,,,,
666.0,63.0,2.9453065980738034,0.25,nan,25.0,252.0,0.19153690338134766,0.018855656230357003,0.0,0.0,0.0,,,,,,,,,,,,
667.0,200.0,25.472632980765784,0.5,nan,138.0,800.0,0.11598666035570204,0.011309008623493266,0.0,0.0,0.0,,,,,,,,,,,,
668.0,200.0,40.95385087430478,0.75,nan,191.0,800.0,0.032686419164141015,0.0016820772604990708,0.0,0.0,0.0,,,,,,,,,,,,
669.0,34.0,0.010297355651855515,0.0,nan,8.0,136.0,0.09469879418611526,0.010797605115528257,0.0,0.0,0.0,,,,,,,,,,,,
670.0,38.0,0.05886450007557881,0.0,0.0,8.0,152.0,0.07096107117831707,0.009205395735635665,0.0,0.0,0.0,1.0,0.0,0.5,0.0,0.5,1.1230779886245728,1.6219209432601929,9.652800340571957,134.0,1.0,200.0,24.171884987177336
671.0,200.0,52.995498850196626,0.75,nan,243.0,800.0,0.07146572979399934,0.025977467984039215,0.0,0.0,0.0,,,,,,,,,,,,
672.0,111.0,0.46955227196216553,0.0,nan,43.0,444.0,0.14495711401104927,0.025123625157998042,0.0,0.0,0.0,,,,,,,,,,,,
673.0,55.0,-0.3136179387569427,0.0,nan,12.0,220.0,0.21212435141205788,0.004330479156657581,0.0,0.0,0.0,,,,,,,,,,,,
674.0,200.0,33.87301236534259,0.75,nan,169.0,800.0,0.1915373131632805,0.021545526155350936,0.0,0.0,0.0,,,,,,,,,,,,
675.0,55.0,0.5323508944362401,0.25,nan,18.0,220.0,0.07500079832971096,0.04036041199047521,0.0,0.0,0.0,,,,,,,,,,,,
676.0,50.0,0.19700933992862696,0.0,nan,12.0,200.0,0.18242881447076797,0.009601155516789391,0.0,0.0,0.0,,,,,,,,,,,,
677.0,91.0,5.591183070271509,0.5,nan,38.0,364.0,0.05544314254075289,0.013842463364923674,0.0,0.0,0.0,,,,,,,,,,,,
678.0,57.0,0.6047230768203735,0.0,nan,12.0,228.0,0.10765326768159866,0.025592214801603206,0.0,0.0,0.0,,,,,,,,,,,,
679.0,200.0,30.048186280881065,0.5,nan,152.0,800.0,0.04786463462126751,0.0019052220123545738,0.0,0.0,0.0,,,,,,,,,,,,
680.0,27.0,0.12678878486156464,0.0,0.0,8.0,108.0,0.04904414154589176,0.018567559735587297,0.0,0.0,0.0,1.0,0.0,0.75,0.0,0.75,0.5347912311553955,2.899806022644043,10.999774262947824,181.0,1.0,200.0,36.175927277375024
681.0,200.0,-1.411532357335091,0.0,nan,47.0,800.0,0.29512951523065567,0.010182466058182859,0.0,0.0,0.0,,,,,,,,,,,,
682.0,200.0,30.026117296144374,0.5,nan,152.0,800.0,0.18079465938111144,0.0015171507944771179,0.0,0.0,0.0,,,,,,,,,,,,
683.0,200.0,48.7742486899486,0.75,nan,219.0,800.0,0.2649556640535593,0.0020731712121189183,0.0,0.0,0.0,,,,,,,,,,,,
684.0,47.0,0.27931386411190035,0.0,nan,12.0,188.0,0.04909306112676859,0.060826479416004504,0.0,0.0,0.0,,,,,,,,,,,,
685.0,200.0,7.840426638070494,0.25,nan,74.0,800.0,0.45439470279961824,0.0022910852316532226,0.0,0.0,0.0,,,,,,,,,,,,
686.0,60.0,0.6246642231941225,0.0,nan,12.0,240.0,0.12523013353347778,0.05739336733940945,0.0,0.0,0.0,,,,,,,,,,,,
687.0,200.0,21.73448006385006,0.5,nan,122.0,800.0,0.1798658287152648,0.025351171853658983,0.0,0.0,0.0,,,,,,,,,,,,
688.0,200.0,3.6373264797031846,0.25,nan,65.0,800.0,0.47291327361017466,0.026577741891636197,0.0,0.0,0.0,,,,,,,,,,,,
689.0,38.0,0.1679092359542847,0.0,nan,8.0,152.0,0.0910524558275938,0.06813607509082574,0.0,0.0,0.0,,,,,,,,,,,,
690.0,200.0,29.600601227022715,1.0,0.0,143.0,800.0,0.24170594569295645,0.00421688290811062,0.0,0.0,0.0,1.0,0.0,0.5,0.0,0.5,0.8496110439300537,2.043943405151367,9.735583479726301,140.0,1.0,200.0,20.908026846870783
691.0,115.0,11.490299472329207,0.75,nan,69.0,460.0,-0.012248566374182701,0.012702809964206807,0.0,0.0,0.0,,,,,,,,,,,,
692.0,148.0,38.00794320980087,1.0,nan,167.0,592.0,0.6037648034592469,0.004625043648978089,0.0,0.0,0.0,,,,,,,,,,,,
693.0,200.0,29.54066882077606,0.5,nan,158.0,800.0,0.27648576845725376,0.007820106655199166,0.0,0.0,0.0,,,,,,,,,,,,
694.0,53.0,1.5840782751142983,0.0,nan,17.0,212.0,0.22337468713521957,0.039464256666149486,0.0,0.0,0.0,,,,,,,,,,,,
695.0,200.0,13.817451580287889,0.75,nan,98.0,800.0,0.13272808399051428,0.03151849533538975,0.0,0.0,0.0,,,,,,,,,,,,
696.0,200.0,20.621280643157657,0.75,nan,114.0,800.0,0.28422544710338116,0.0073278412644945945,0.0,0.0,0.0,,,,,,,,,,,,
697.0,139.0,23.13207473517628,1.0,nan,111.0,556.0,-0.012221088400110602,0.020330917148908778,0.0,0.0,0.0,,,,,,,,,,,,
698.0,200.0,39.16204282548279,0.5,nan,201.0,800.0,0.15837738860864192,0.002969744803505217,0.0,0.0,0.0,,,,,,,,,,,,
699.0,200.0,56.65459446385503,1.0,nan,245.0,800.0,0.07692704402143136,0.0010178809119195664,0.0,0.0,0.0,,,,,,,,,,,,
700.0,62.0,0.7976949087530376,0.25,0.0,16.0,248.0,0.17540638893842697,0.020242380778643477,0.0,0.0,0.0,1.0,0.0,0.25,0.0,0.25,0.8774338960647583,2.1175007820129395,10.833358069399765,92.0,1.0,200.0,12.708188966475431
701.0,157.0,9.139893572144212,0.25,nan,71.0,628.0,0.42296983674168587,0.016335626745797218,0.0,0.0,0.0,,,,,,,,,,,,
702.0,47.0,0.20888684272766123,0.0,nan,12.0,188.0,0.06775218434631824,0.011943538165345468,0.0,0.0,0.0,,,,,,,,,,,,
703.0,153.0,30.587376781906926,0.75,nan,146.0,612.0,0.1053658762636284,0.0071250666699720355,0.0,0.0,0.0,,,,,,,,,,,,
704.0,67.0,0.6179561781883236,0.0,nan,16.0,268.0,0.088080283254385,0.027926216633829437,0.0,0.0,0.0,,,,,,,,,,,,
705.0,200.0,29.013452956988495,0.5,nan,144.0,800.0,0.18275383207947016,0.0076949186370097455,0.0,0.0,0.0,,,,,,,,,,,,
706.0,184.0,17.859817226571042,0.5,nan,102.0,736.0,0.08084958465769887,0.012503262668541737,0.0,0.0,0.0,,,,,,,,,,,,
707.0,40.0,0.13306502103805545,0.0,nan,8.0,160.0,0.0734963659197092,0.00915960980163959,0.0,0.0,0.0,,,,,,,,,,,,
708.0,50.0,-0.15369699895381927,0.0,nan,12.0,200.0,0.08331900276243687,0.009055449906328193,0.0,0.0,0.0,,,,,,,,,,,,
709.0,200.0,18.438930608751257,0.75,nan,109.0,800.0,0.3965717665851116,0.002915241652214462,0.0,0.0,0.0,,,,,,,,,,,,
710.0,200.0,44.19210085766393,0.75,0.0,210.0,800.0,0.1269502552167978,0.006020528038341411,0.0,0.0,0.0,1.0,0.0,0.75,0.0,0.75,0.5957789421081543,2.831042766571045,9.864105404185011,134.0,1.0,200.0,25.207591282809158
711.0,63.0,0.34078368589282015,0.0,nan,18.0,252.0,0.48403384536504745,0.01908542129403183,0.0,0.0,0.0,,,,,,,,,,,,
712.0,200.0,47.71642248670105,1.0,nan,213.0,800.0,0.011378465977031738,0.0013998903734441237,0.0,0.0,0.0,,,,,,,,,,,,
713.0,121.0,10.83727440930437,0.75,nan,61.0,484.0,0.12455636076629162,0.059780401418478846,0.0,0.0,0.0,,,,,,,,,,,,
714.0,162.0,19.216301920237022,0.5,nan,110.0,648.0,0.08261135034263134,0.012467058911176832,0.0,0.0,0.0,,,,,,,,,,,,
715.0,57.0,0.2871094274520873,0.0,nan,12.0,228.0,0.10201220586895943,0.008103426075204848,0.0,0.0,0.0,,,,,,,,,,,,
716.0,150.0,9.45172128807753,0.5,nan,61.0,600.0,-0.00650388840585947,0.011770962716235012,0.0,0.0,0.0,,,,,,,,,,,,
717.0,84.0,0.8567678785324098,0.0,nan,20.0,336.0,0.09940972179174423,0.011758536905605244,0.0,0.0,0.0,,,,,,,,,,,,
718.0,200.0,7.910648211278021,0.25,nan,83.0,800.0,0.1962845427915454,0.007322949450097482,0.0,0.0,0.0,,,,,,,,,,,,
719.0,54.0,0.4638954257965088,0.0,nan,12.0,216.0,0.10803564451634884,0.010872584088167356,0.0,0.0,0.0,,,,,,,,,,,,
720.0,200.0,21.624977705907078,0.5,0.0,121.0,800.0,0.036082766484469175,0.06840608839443973,0.0,0.0,0.0,1.0,0.0,0.5,0.0,0.5,1.1165975332260132,1.8524318933486938,10.10641527405096,101.0,1.0,200.0,17.51420153933578
721.0,81.0,2.273987750671804,0.25,nan,22.0,324.0,0.13665490970015526,0.012451328484574198,0.0,0.0,0.0,,,,,,,,,,,,
722.0,54.0,0.5088365665078164,0.25,nan,13.0,216.0,0.14019111543893814,0.04850387085906294,0.0,0.0,0.0,,,,,,,,,,,,
723.0,200.0,16.131692554615434,1.0,nan,93.0,800.0,0.45001560635864735,0.005433984829551264,0.0,0.0,0.0,,,,,,,,,,,,
724.0,139.0,13.577668146546928,1.0,nan,73.0,556.0,-0.05583265074528754,0.02923834378421475,0.0,0.0,0.0,,,,,,,,,,,,
725.0,200.0,41.454702251870174,1.0,nan,191.0,800.0,0.03185592816832165,0.0026785342545530555,0.0,0.0,0.0,,,,,,,,,,,,
726.0,56.0,1.84067148488015,0.5,nan,18.0,224.0,0.02889517927542329,0.03038558347960166,0.0,0.0,0.0,,,,,,,,,,,,
727.0,200.0,23.904590359935536,1.0,nan,125.0,800.0,0.008217835740651935,0.0063941108096372545,0.0,0.0,0.0,,,,,,,,,,,,
728.0,200.0,22.229866415308784,0.5,nan,124.0,800.0,0.08283862378448248,0.004450992783033403,0.0,0.0,0.0,,,,,,,,,,,,
729.0,52.0,0.6661617215909064,0.25,nan,15.0,208.0,0.16107305511832237,0.07596853492609276,0.0,0.0,0.0,,,,,,,,,,,,
730.0,45.0,0.3352093309164048,0.25,0.0,12.0,180.0,0.245708379894495,0.03576373461010213,0.0,0.0,0.0,1.0,0.0,0.75,0.0,0.75,1.8266187906265259,3.029921054840088,13.204911030716175,127.0,1.0,200.0,24.28977347416803
731.0,181.0,34.20592006771826,1.0,nan,153.0,724.0,0.3549659109363953,0.0059958466795038134,0.0,0.0,0.0,,,,,,,,,,,,
732.0,170.0,16.14977410701103,0.5,nan,92.0,680.0,0.2097182241268456,0.010434191479521182,0.0,0.0,0.0,,,,,,,,,,,,
733.0,35.0,0.3024999499320984,0.0,nan,8.0,140.0,0.010774537804536521,0.013781892825194778,0.0,0.0,0.0,,,,,,,,,,,,
734.0,113.0,22.901498045776968,0.75,nan,105.0,452.0,0.05528829077957198,0.006388652466250866,0.0,0.0,0.0,,,,,,,,,,,,
735.0,59.0,0.7349027006328106,0.0,nan,13.0,236.0,0.036928195506334305,0.008589805614942672,0.0,0.0,0.0,,,,,,,,,,,,
736.0,58.0,0.43740460395812986,0.0,nan,13.0,232.0,0.12207771465182304,0.008588027588559569,0.0,0.0,0.0,,,,,,,,,,,,
737.0,200.0,65.38706924384464,0.75,nan,282.0,800.0,0.29822380356490613,0.012875898203785319,0.0,0.0,0.0,,,,,,,,,,,,
738.0,24.0,-0.19705065727233884,0.0,nan,8.0,96.0,0.1357537917792797,0.008001911388937208,0.0,0.0,0.0,,,,,,,,,,,,
739.0,200.0,23.401419227477156,1.0,nan,132.0,800.0,-0.028667920269072056,0.040096100284461755,0.0,0.0,0.0,,,,,,,,,,,,
740.0,200.0,18.628552304301415,0.5,0.0,113.0,800.0,0.2567611890845001,0.008266380250957273,0.0,0.0,0.0,1.0,0.0,0.75,0.0,0.75,0.8620741367340088,2.16817569732666,10.003044010682515,174.0,1.0,200.0,36.18830418875444
741.0,23.0,-0.3283906388282776,0.0,nan,8.0,92.0,0.0990343950688839,0.016075858987799337,0.0,0.0,0.0,,,,,,,,,,,,
742.0,75.0,1.1244634157046676,0.25,nan,17.0,300.0,0.13905595242977142,0.019026597998387018,0.0,0.0,0.0,,,,,,,,,,,,
743.0,127.0,4.316593027040362,0.0,nan,44.0,508.0,0.1383240409195423,0.01541257569704868,0.0,0.0,0.0,,,,,,,,,,,,
744.0,200.0,8.94837891658535,0.5,nan,75.0,800.0,0.19145632535219193,0.007399425567522044,0.0,0.0,0.0,,,,,,,,,,,,
745.0,127.0,5.147918174946682,0.25,nan,44.0,508.0,0.21639123186469078,0.007420248344435443,0.0,0.0,0.0,,,,,,,,,,,,
746.0,200.0,7.9070306423120185,0.25,nan,75.0,800.0,0.45943562290631235,0.006473703265679198,0.0,0.0,0.0,,,,,,,,,,,,
747.0,62.0,-0.27146762579679484,0.0,nan,18.0,248.0,0.12722287885844707,0.02524650543450851,0.0,0.0,0.0,,,,,,,,,,,,
748.0,200.0,46.31926216166468,0.75,nan,219.0,800.0,0.16024186369031668,0.004463297171246383,0.0,0.0,0.0,,,,,,,,,,,,
749.0,200.0,53.79048553414763,0.75,nan,247.0,800.0,0.1721277294564061,0.005132223245819079,0.0,0.0,0.0,,,,,,,,,,,,
750.0,200.0,47.0761224139482,0.75,0.0,219.0,800.0,0.08190686738817021,0.0015074376711050608,0.0,0.0,0.0,1.0,0.0,0.5,0.0,0.5,2.2860562801361084,0.09819257259368896,11.015545613260315,114.0,1.0,200.0,18.892872624937446
751.0,38.0,0.05061269521713263,0.0,nan,9.0,152.0,0.12575167044997215,0.010476623400047408,0.0,0.0,0.0,,,,,,,,,,,,
752.0,35.0,0.015204373002052317,0.0,nan,8.0,140.0,0.034039816819131374,0.05122593694005835,0.0,0.0,0.0,,,,,,,,,,,,
753.0,200.0,15.561733627691861,0.75,nan,101.0,800.0,-0.007446530391462147,0.014896712018448,0.0,0.0,0.0,,,,,,,,,,,,
754.0,191.0,25.753010412128646,1.0,nan,127.0,764.0,0.04218266159296036,0.009685685066217253,0.0,0.0,0.0,,,,,,,,,,,,
755.0,96.0,10.236943347761406,1.0,nan,56.0,384.0,-0.0279749040491879,0.012189362670248727,0.0,0.0,0.0,,,,,,,,,,,,
756.0,200.0,31.23675461057575,0.5,nan,167.0,800.0,0.3084580680976311,0.0038450483457750373,0.0,0.0,0.0,,,,,,,,,,,,
757.0,183.0,60.9629285827442,1.0,nan,259.0,732.0,-0.09590777703560889,0.012638886070463151,0.0,0.0,0.0,,,,,,,,,,,,
758.0,120.0,29.66685196048675,1.0,nan,136.0,480.0,-0.017501169815659523,0.014219217289050512,0.0,0.0,0.0,,,,,,,,,,,,
759.0,89.0,6.105332339033485,0.25,nan,39.0,356.0,0.05018619820475578,0.017557255617379752,0.0,0.0,0.0,,,,,,,,,,,,
760.0,11.0,-0.20821624755859375,0.0,0.0,4.0,44.0,0.5258825272321701,0.09382846636063649,0.0,0.0,0.0,1.0,0.0,0.5,0.0,0.5,1.2488504648208618,1.3875969648361206,10.137648084631564,120.0,1.0,200.0,20.14878889811226
761.0,200.0,23.14711018175295,0.75,nan,128.0,800.0,0.07894820743240416,0.005492550655584072,0.0,0.0,0.0,,,,,,,,,,,,
762.0,200.0,20.118123858049515,0.5,nan,118.0,800.0,0.237726965919137,0.00667321386702701,0.0,0.0,0.0,,,,,,,,,,,,
763.0,116.0,20.456830712091186,1.0,nan,97.0,464.0,-0.00846119609195739,0.02982007613145754,0.0,0.0,0.0,,,,,,,,,,,,
764.0,200.0,20.464058657491123,0.5,nan,114.0,800.0,0.09878393146209419,0.03336518663364085,0.0,0.0,0.0,,,,,,,,,,,,
765.0,200.0,15.765676901116976,0.5,nan,97.0,800.0,0.21785969752818346,0.016001008822641438,0.0,0.0,0.0,,,,,,,,,,,,
766.0,82.0,1.0902942190133036,0.25,nan,25.0,328.0,0.33496564626693726,0.016472167843432528,0.0,0.0,0.0,,,,,,,,,,,,
767.0,200.0,34.35470838178881,0.75,nan,165.0,800.0,0.11506612816204627,0.008548408966464027,0.0,0.0,0.0,,,,,,,,,,,,
768.0,200.0,17.87354362113401,0.75,nan,103.0,800.0,0.06116395862773061,0.006289986742124221,0.0,0.0,0.0,,,,,,,,,,,,
769.0,26.0,-0.07611224412918088,0.0,nan,8.0,104.0,0.1564459316432476,0.05786314895024593,0.0,0.0,0.0,,,,,,,,,,,,
770.0,200.0,43.53985331396108,0.75,0.0,198.0,800.0,0.1142744449316524,0.0010635537696197517,0.0,0.0,0.0,1.0,0.0,0.5,0.0,0.5,1.28886878490448,1.4455705881118774,10.797111862168094,73.0,1.0,200.0,9.20500521489885
771.0,200.0,-0.4394048869609831,0.0,nan,43.0,800.0,0.2648613899946213,0.011716018877033552,0.0,0.0,0.0,,,,,,,,,,,,
772.0,24.0,-0.1996695423126221,0.0,nan,8.0,96.0,0.2660403177142143,0.0072900204641630495,0.0,0.0,0.0,,,,,,,,,,,,
773.0,200.0,42.49135342501104,0.75,nan,208.0,800.0,0.13456534408032894,0.019325483222452533,0.0,0.0,0.0,,,,,,,,,,,,
774.0,114.0,2.953635823577642,0.25,nan,33.0,456.0,0.19500282034277916,0.02267031536317532,0.0,0.0,0.0,,,,,,,,,,,,
775.0,162.0,12.687443741150204,0.75,nan,78.0,648.0,0.08452124975156039,0.004489674186167747,0.0,0.0,0.0,,,,,,,,,,,,
776.0,200.0,32.03630551546813,0.75,nan,163.0,800.0,0.050057904717201986,0.0014405562131845212,0.0,0.0,0.0,,,,,,,,,,,,
777.0,194.0,48.81690888641403,1.0,nan,217.0,776.0,0.09405946487095207,0.006095617272549814,0.0,0.0,0.0,,,,,,,,,,,,
778.0,38.0,0.4032510471343993,0.0,nan,8.0,152.0,0.05293292831629515,0.028870612317662466,0.0,0.0,0.0,,,,,,,,,,,,
779.0,186.0,12.187245539352297,0.5,nan,89.0,744.0,0.3315025679767132,0.006857219343801901,0.0,0.0,0.0,,,,,,,,,,,,
780.0,87.0,1.097628818750381,0.0,0.0,20.0,348.0,0.09743919223546982,0.027974464912526642,0.0,0.0,0.0,1.0,0.0,0.5,0.0,0.5,2.0452544689178467,0.435183048248291,10.380216641275183,112.0,1.0,200.0,19.351877008378516
781.0,200.0,10.12287441641092,0.5,nan,76.0,800.0,0.18885819986462593,0.01068173280420126,0.0,0.0,0.0,,,,,,,,,,,,
782.0,200.0,48.67146065985145,1.0,nan,210.0,800.0,0.07962131829117425,0.001452909951661141,0.0,0.0,0.0,,,,,,,,,,,,
783.0,200.0,29.562502502743158,0.5,nan,150.0,800.0,0.2333958038749794,0.0011648750056161283,0.0,0.0,0.0,,,,,,,,,,,,
784.0,200.0,52.695523072010836,0.75,nan,240.0,800.0,0.10308889171574265,0.006264799550138367,0.0,0.0,0.0,,,,,,,,,,,,
785.0,76.0,2.8054719283804292,0.0,nan,23.0,304.0,0.056682610884308815,0.015026796824365363,0.0,0.0,0.0,,,,,,,,,,,,
786.0,200.0,28.11542793880218,0.5,nan,150.0,800.0,0.008025263552553952,0.005520875383181273,0.0,0.0,0.0,,,,,,,,,,,,
787.0,200.0,25.55823197523133,0.75,nan,130.0,800.0,0.08896500741442044,0.00553307107033163,0.0,0.0,0.0,,,,,,,,,,,,
788.0,200.0,31.910448832856495,0.5,nan,159.0,800.0,0.07122190172473589,0.0022759271608641107,0.0,0.0,0.0,,,,,,,,,,,,
789.0,200.0,30.53624300356024,0.75,nan,146.0,800.0,0.004413537448272109,0.022763657261101855,0.0,0.0,0.0,,,,,,,,,,,,
790.0,200.0,55.43152245702223,1.0,0.0,247.0,800.0,0.1706182308262214,0.004657455386938736,0.0,0.0,0.0,1.0,0.0,0.5,0.0,0.5,0.1993941366672516,2.9763407707214355,13.720423465962085,133.0,1.0,200.0,25.143604206026072
791.0,200.0,27.977585492935038,0.5,nan,142.0,800.0,0.25202464001874125,0.017594566592198824,0.0,0.0,0.0,,,,,,,,,,,,
792.0,200.0,54.90356055436425,1.0,nan,241.0,800.0,0.07453161937883124,0.0017437814270540863,0.0,0.0,0.0,,,,,,,,,,,,
793.0,200.0,40.17736653860193,1.0,nan,188.0,800.0,0.09267849482906361,0.004094167658642983,0.0,0.0,0.0,,,,,,,,,,,,
794.0,169.0,31.63368028420024,1.0,nan,145.0,676.0,0.023173567683746416,0.0058263267516651725,0.0,0.0,0.0,,,,,,,,,,,,
795.0,200.0,33.69941504066811,0.75,nan,158.0,800.0,0.006150175739700595,0.0058152298193299146,0.0,0.0,0.0,,,,,,,,,,,,
796.0,200.0,28.792828970542196,0.5,nan,157.0,800.0,0.2539801544820269,0.003999017833357321,0.0,0.0,0.0,,,,,,,,,,,,
797.0,54.0,1.215052755726501,0.25,nan,15.0,216.0,0.12963589280843735,0.021336127108901967,0.0,0.0,0.0,,,,,,,,,,,,
798.0,32.0,-0.12637164115905763,0.0,nan,8.0,128.0,0.16918479278683662,0.0191775281278197,0.0,0.0,0.0,,,,,,,,,,,,
799.0,15.0,-0.3656017899513245,0.0,nan,4.0,60.0,0.2207479365170002,0.01775216658360629,0.0,0.0,0.0,,,,,,,,,,,,
800.0,200.0,27.721773427771407,0.5,0.0,152.0,800.0,0.5127638851602871,0.008154492139915703,0.0,0.0,0.0,1.0,0.0,0.5,0.0,0.5,1.3128726482391357,1.1107410192489624,9.760081795469205,112.0,1.0,200.0,19.920355845592
801.0,54.0,0.3850060057267548,0.0,nan,12.0,216.0,0.04130736691877246,0.015996078256619143,0.0,0.0,0.0,,,,,,,,,,,,
802.0,200.0,40.29784213777167,0.75,nan,185.0,800.0,0.08939656436753769,0.0017201758249423271,0.0,0.0,0.0,,,,,,,,,,,,
803.0,200.0,31.659853312186904,0.5,nan,162.0,800.0,0.2538731701982518,0.003359576731152003,0.0,0.0,0.0,,,,,,,,,,,,
804.0,125.0,13.195073050982316,1.0,nan,70.0,500.0,0.005214097269345075,0.026112938457263368,0.0,0.0,0.0,,,,,,,,,,,,
805.0,118.0,10.6835091708973,0.75,nan,58.0,472.0,0.12572028674185276,0.01537290912227185,0.0,0.0,0.0,,,,,,,,,,,,
806.0,200.0,35.26732456325553,0.75,nan,167.0,800.0,-0.009001398226246238,0.0007413133279469408,0.0,0.0,0.0,,,,,,,,,,,,
807.0,150.0,45.74318725466729,1.0,nan,203.0,600.0,0.12310227227862924,0.019610222787750625,0.0,0.0,0.0,,,,,,,,,,,,
808.0,77.0,0.9174695327132936,0.25,nan,18.0,308.0,0.12169353663921356,0.022602388137688667,0.0,0.0,0.0,,,,,,,,,,,,
809.0,200.0,11.354468634026123,0.75,nan,85.0,800.0,0.1283301217481494,0.006635656723425143,0.0,0.0,0.0,,,,,,,,,,,,
810.0,200.0,14.752301183249804,0.75,0.0,96.0,800.0,0.08616546401754022,0.00615127218751077,0.0,0.0,0.0,1.0,0.0,0.5,0.0,0.5,1.3594861030578613,1.125886082649231,9.745415690796676,98.0,1.0,200.0,15.67732931841165
811.0,200.0,21.52917994693854,0.5,nan,127.0,800.0,0.309506319463253,0.008193986278318022,0.0,0.0,0.0,,,,,,,,,,,,
812.0,200.0,34.46984654662667,0.5,nan,168.0,800.0,0.021425801096484065,0.004411772038014572,0.0,0.0,0.0,,,,,,,,,,,,
813.0,138.0,6.22404175352305,0.25,nan,57.0,552.0,0.4238315299153328,0.019286997210910095,0.0,0.0,0.0,,,,,,,,,,,,
814.0,200.0,20.945333603350445,0.75,nan,121.0,800.0,0.22181822918355465,0.011359184379696075,0.0,0.0,0.0,,,,,,,,,,,,
815.0,200.0,39.07198661507574,1.0,nan,186.0,800.0,0.24257873309155303,0.0026927013125117583,0.0,0.0,0.0,,,,,,,,,,,,
816.0,50.0,0.22948313951492313,0.0,nan,12.0,200.0,0.09099507331848145,0.005992336854765892,0.0,0.0,0.0,,,,,,,,,,,,
817.0,42.0,-0.09588664367794988,0.0,nan,14.0,168.0,0.2059640772640705,0.02550508136858359,0.0,0.0,0.0,,,,,,,,,,,,
818.0,107.0,5.260339634045958,0.25,nan,43.0,428.0,0.4452691450715065,0.00239097540393296,0.0,0.0,0.0,,,,,,,,,,,,
819.0,122.0,17.091068688053642,0.25,nan,93.0,488.0,0.3924616388976574,0.002214781446161898,0.0,0.0,0.0,,,,,,,,,,,,
820.0,200.0,36.45306137717561,0.75,0.0,175.0,800.0,0.18947949198385078,0.0015661293054345382,0.0,0.0,0.0,1.0,0.0,0.75,0.0,0.75,0.6371322870254517,2.5365705490112305,9.660675710443684,194.0,1.0,200.0,41.68823409285397
821.0,200.0,11.852595759881664,0.75,nan,87.0,800.0,0.09144764090888202,0.03420230513372341,0.0,0.0,0.0,,,,,,,,,,,,
822.0,92.0,14.31999522505328,1.0,nan,67.0,368.0,0.5874076045583934,0.011808362858206856,0.0,0.0,0.0,,,,,,,,,,,,
823.0,19.0,-0.23241349697113034,0.0,nan,4.0,76.0,0.13296616077423096,0.017535496427638606,0.0,0.0,0.0,,,,,,,,,,,,
824.0,200.0,15.402452277019623,0.25,nan,99.0,800.0,0.11711529339663684,0.008444014982949888,0.0,0.0,0.0,,,,,,,,,,,,
825.0,200.0,7.851427108049392,0.5,nan,75.0,800.0,0.2911340594291687,0.012436828223677754,0.0,0.0,0.0,,,,,,,,,,,,
826.0,26.0,-0.12342108249664309,0.0,nan,8.0,104.0,0.19648872315883636,0.07408214567126728,0.0,0.0,0.0,,,,,,,,,,,,
827.0,200.0,9.47037123320624,0.5,nan,79.0,800.0,0.13108525052666664,0.004632617568185671,0.0,0.0,0.0,,,,,,,,,,,,
828.0,18.0,-0.3394452500343323,0.0,nan,5.0,72.0,0.13409209996461868,0.021444069807819863,0.0,0.0,0.0,,,,,,,,,,,,
829.0,187.0,31.080534344185153,1.0,nan,148.0,748.0,0.13408623201151687,0.013111866085081247,0.0,0.0,0.0,,,,,,,,,,,,
830.0,26.0,-0.11666929483413697,0.0,0.0,8.0,104.0,0.170457623898983,0.08883065757709119,0.0,0.0,0.0,1.0,0.0,0.5,0.0,0.5,1.031282663345337,1.7111133337020874,10.023654688980315,114.0,1.0,200.0,20.137736010877425
831.0,39.0,0.08316927760839467,0.0,nan,8.0,156.0,0.08107518032193184,0.027471297240549867,0.0,0.0,0.0,,,,,,,,,,,,
832.0,32.0,-0.3185994338989258,0.0,nan,8.0,128.0,0.18653461709618568,0.05385852280651266,0.0,0.0,0.0,,,,,,,,,,,,
833.0,200.0,28.23743928610348,0.75,nan,141.0,800.0,-0.007538152819809814,0.011358515693468463,0.0,0.0,0.0,,,,,,,,,,,,
834.0,143.0,25.49944688182324,1.0,nan,117.0,572.0,0.022822900617029518,0.013128637276529354,0.0,0.0,0.0,,,,,,,,,,,,
835.0,200.0,34.367749273823584,0.5,nan,179.0,800.0,0.24797078718741733,0.0018084989207318714,0.0,0.0,0.0,,,,,,,,,,,,
836.0,156.0,8.344051500000056,0.25,nan,67.0,624.0,0.5930426061386243,0.007529764262824812,0.0,0.0,0.0,,,,,,,,,,,,
837.0,156.0,20.92100476906402,1.0,nan,111.0,624.0,0.07089758245274425,0.03471161931957045,0.0,0.0,0.0,,,,,,,,,,,,
838.0,63.0,0.3935628008842466,0.0,nan,16.0,252.0,0.0432284907437861,0.015715819430458137,0.0,0.0,0.0,,,,,,,,,,,,
839.0,133.0,15.331533299298025,0.75,nan,85.0,532.0,0.2206685021519661,0.01655136003264346,0.0,0.0,0.0,,,,,,,,,,,,
840.0,200.0,49.983469902677484,1.0,0.0,220.0,800.0,0.04937344728386961,0.004438715214121203,0.0,0.0,0.0,1.0,0.0,0.5,0.0,0.5,1.042786955833435,1.5828944444656372,9.58273387577745,118.0,1.0,200.0,21.12630732101389
841.0,200.0,15.460771612357352,0.75,nan,95.0,800.0,0.02409573586191982,0.009916144277923422,0.0,0.0,0.0,,,,,,,,,,,,
842.0,108.0,8.663552909418938,0.5,nan,48.0,432.0,0.01867417525500059,0.011736472919532837,0.0,0.0,0.0,,,,,,,,,,,,
843.0,200.0,29.216543417389033,0.75,nan,155.0,800.0,0.11680252337828279,0.002737515722603945,0.0,0.0,0.0,,,,,,,,,,,,
844.0,38.0,0.024962015151977573,0.0,nan,8.0,152.0,0.2878800332546234,0.010214230418313264,0.0,0.0,0.0,,,,,,,,,,,,
845.0,191.0,43.366303713046946,1.0,nan,196.0,764.0,0.028075941547285765,0.003493471612501853,0.0,0.0,0.0,,,,,,,,,,,,
846.0,60.0,2.355310103413649,0.25,nan,20.0,240.0,0.2102522924542427,0.010540995832764988,0.0,0.0,0.0,,,,,,,,,,,,
847.0,32.0,-0.017839295864105223,0.0,nan,8.0,128.0,0.13380166888237,0.023616291211958185,0.0,0.0,0.0,,,,,,,,,,,,
848.0,41.0,1.0439770340546966,0.5,nan,14.0,164.0,0.39765889197587967,0.05498548131516106,0.0,0.0,0.0,,,,,,,,,,,,
849.0,200.0,31.221653599265853,0.75,nan,159.0,800.0,0.178025567283233,0.00497058531021477,0.0,0.0,0.0,,,,,,,,,,,,
850.0,200.0,30.352267628721897,0.75,0.0,159.0,800.0,0.19719907889763513,0.0033094996965170598,0.0,0.0,0.0,1.0,0.0,0.75,0.0,0.75,0.5825283527374268,2.793604850769043,10.98339867656506,126.0,1.0,200.0,23.936211235541855
851.0,74.0,3.582504037618637,0.25,nan,28.0,296.0,0.36334648728370667,0.009423615195256252,0.0,0.0,0.0,,,,,,,,,,,,
852.0,200.0,14.561082253744823,0.75,nan,98.0,800.0,0.1992072844877839,0.007517391236814275,0.0,0.0,0.0,,,,,,,,,,,,
853.0,71.0,0.5736903583258388,0.0,nan,16.0,284.0,0.14515765011310577,0.01592264084195949,0.0,0.0,0.0,,,,,,,,,,,,
854.0,153.0,22.349135992750533,1.0,nan,115.0,612.0,0.2897475576028228,0.027350503340592525,0.0,0.0,0.0,,,,,,,,,,,,
855.0,71.0,1.8428304427862165,0.25,nan,22.0,284.0,0.336381234228611,0.07320913609745068,0.0,0.0,0.0,,,,,,,,,,,,
856.0,200.0,30.486978318355984,0.75,nan,152.0,800.0,0.10715186859791477,0.006047855118227918,0.0,0.0,0.0,,,,,,,,,,,,
857.0,200.0,47.93678461259555,0.75,nan,216.0,800.0,0.11962176967062987,0.0033462383412157237,0.0,0.0,0.0,,,,,,,,,,,,
858.0,91.0,4.862696963697671,0.25,nan,35.0,364.0,0.15810227394104004,0.01318435885144531,0.0,0.0,0.0,,,,,,,,,,,,
859.0,200.0,46.82230113605038,0.75,nan,218.0,800.0,0.14548933634068817,0.0029017992614388533,0.0,0.0,0.0,,,,,,,,,,,,
860.0,81.0,0.6507820570468903,0.0,0.0,20.0,324.0,0.18434955179691315,0.007632857017648986,0.0,0.0,0.0,1.0,0.0,0.75,0.0,0.75,1.0115488767623901,1.5509847402572632,9.682304479024452,127.0,1.0,200.0,22.190066365234088
861.0,50.0,0.599838573485613,0.25,nan,13.0,200.0,0.03348176274448633,0.012755516769024667,0.0,0.0,0.0,,,,,,,,,,,,
862.0,120.0,6.238184845028445,0.5,nan,49.0,480.0,0.3553946763277054,0.017526474413135595,0.0,0.0,0.0,,,,,,,,,,,,
863.0,200.0,60.29365279690831,0.75,nan,268.0,800.0,0.19578849598765374,0.0010392895769488764,0.0,0.0,0.0,,,,,,,,,,,,
864.0,40.0,0.07375763356685641,0.0,nan,8.0,160.0,0.17055810242891312,0.049375470214903475,0.0,0.0,0.0,,,,,,,,,,,,
865.0,200.0,21.420689415838574,0.5,nan,119.0,800.0,0.06509497342631221,0.0034081988492493664,0.0,0.0,0.0,,,,,,,,,,,,
866.0,154.0,29.433993021243957,1.0,nan,146.0,616.0,-0.007717970564650992,0.009795419984615084,0.0,0.0,0.0,,,,,,,,,,,,
867.0,200.0,28.33509914878523,0.75,nan,151.0,800.0,0.1949805828432242,0.0061022098780068035,0.0,0.0,0.0,,,,,,,,,,,,
868.0,200.0,42.84818830911537,0.75,nan,196.0,800.0,-0.031023204675875604,0.003719768915824595,0.0,0.0,0.0,,,,,,,,,,,,
869.0,147.0,30.878114300810275,1.0,nan,139.0,588.0,-0.009030026422503093,0.041166610944612714,0.0,0.0,0.0,,,,,,,,,,,,
870.0,142.0,8.55401356259361,0.75,0.0,62.0,568.0,0.15210863947868347,0.016321980069499364,0.0,0.0,0.0,1.0,0.0,0.5,0.0,0.5,1.2287671566009521,1.3971296548843384,9.55801388121202,153.0,1.0,200.0,24.14727546537761
871.0,200.0,35.767195933102634,0.75,nan,198.0,800.0,0.22364823706448078,0.00477566648269756,0.0,0.0,0.0,,,,,,,,,,,,
872.0,200.0,36.10138914268465,0.75,nan,177.0,800.0,0.18003962220003206,0.009418678798140512,0.0,0.0,0.0,,,,,,,,,,,,
873.0,158.0,33.26859624056844,1.0,nan,150.0,632.0,0.008890114220169682,0.0036478144754634734,0.0,0.0,0.0,,,,,,,,,,,,
874.0,200.0,37.17518219448394,0.75,nan,178.0,800.0,0.17004623543471098,0.0018610492414510849,0.0,0.0,0.0,,,,,,,,,,,,
875.0,66.0,0.9382038721442223,0.25,nan,16.0,264.0,0.10992511548101902,0.0187427749808714,0.0,0.0,0.0,,,,,,,,,,,,
876.0,200.0,36.45892001325266,0.5,nan,185.0,800.0,0.052599781192839146,0.025937310369982924,0.0,0.0,0.0,,,,,,,,,,,,
877.0,200.0,39.694836863130355,0.5,nan,184.0,800.0,0.12440007676680882,0.0029728638702163634,0.0,0.0,0.0,,,,,,,,,,,,
878.0,149.0,33.815903759785,0.75,nan,157.0,596.0,0.01232780438537399,0.06891724294491652,0.0,0.0,0.0,,,,,,,,,,,,
879.0,139.0,24.24521248968318,1.0,nan,119.0,556.0,-0.009881806559860706,0.04727930582572748,0.0,0.0,0.0,,,,,,,,,,,,
880.0,100.0,17.08166473112069,1.0,0.0,80.0,400.0,0.034802033798769116,0.010641735442002087,0.0,0.0,0.0,1.0,0.0,0.5,0.0,0.5,0.5748072862625122,2.7534146308898926,9.769872496953326,154.0,1.0,200.0,30.689809775890907
881.0,200.0,45.70869816028281,0.75,nan,218.0,800.0,0.16225809368188493,0.001912985763342978,0.0,0.0,0.0,,,,,,,,,,,,
882.0,18.0,-0.3018397453427315,0.0,nan,4.0,72.0,0.2776225656270981,0.061113346717048794,0.0,0.0,0.0,,,,,,,,,,,,
883.0,200.0,31.13729110667483,0.5,nan,164.0,800.0,0.1293902768132587,0.005581117396037505,0.0,0.0,0.0,,,,,,,,,,,,
884.0,200.0,20.51558343870565,0.5,nan,124.0,800.0,0.2591632008552551,0.007671875895410851,0.0,0.0,0.0,,,,,,,,,,,,
885.0,53.0,0.011456866264343196,0.0,nan,12.0,212.0,0.10822609066963196,0.03741043486028457,0.0,0.0,0.0,,,,,,,,,,,,
886.0,176.0,29.80700284304097,1.0,nan,148.0,704.0,0.02318455329320083,0.016829154465905494,0.0,0.0,0.0,,,,,,,,,,,,
887.0,34.0,-0.13335391521453854,0.0,nan,9.0,136.0,0.184547558426857,0.04528927663417715,0.0,0.0,0.0,,,,,,,,,,,,
888.0,200.0,35.132315916754315,0.75,nan,172.0,800.0,0.15060869969117144,0.06539690608735715,0.0,0.0,0.0,,,,,,,,,,,,
889.0,116.0,8.884923960790037,0.5,nan,61.0,464.0,0.2940734252333641,0.09286657877090931,0.0,0.0,0.0,,,,,,,,,,,,
890.0,141.0,21.90612119812053,0.5,0.0,112.0,564.0,0.26187408715486526,0.010300477173965206,0.0,0.0,0.0,1.0,0.0,0.25,0.0,0.25,1.4587881565093994,1.0145615339279175,9.731276465481443,127.0,1.0,200.0,20.867716652574014
891.0,48.0,0.21690485000610343,0.0,nan,12.0,192.0,0.1501436047255993,0.03261388844702869,0.0,0.0,0.0,,,,,,,,,,,,
892.0,200.0,23.623123151448087,0.75,nan,124.0,800.0,0.025661072926595807,0.019212146216571746,0.0,0.0,0.0,,,,,,,,,,,,
893.0,135.0,12.570824934355915,1.0,nan,68.0,540.0,0.18594702053815126,0.011175014202500222,0.0,0.0,0.0,,,,,,,,,,,,
894.0,43.0,-0.009361259937286329,0.0,nan,12.0,172.0,0.20037919282913208,0.03668815638401304,0.0,0.0,0.0,,,,,,,,,,,,
895.0,200.0,17.018488238658758,0.5,nan,106.0,800.0,0.2393856355920434,0.0069464660089031405,0.0,0.0,0.0,,,,,,,,,,,,
896.0,200.0,45.01730821123349,0.75,nan,207.0,800.0,0.05928709893487394,0.0011002282838701305,0.0,0.0,0.0,,,,,,,,,,,,
897.0,200.0,23.207629867107602,0.5,nan,132.0,800.0,0.24534344129885235,0.0061962234847099396,0.0,0.0,0.0,,,,,,,,,,,,
898.0,133.0,1.4634291320852935,0.25,nan,34.0,532.0,0.30864317715168,0.04707207512881251,0.0,0.0,0.0,,,,,,,,,,,,
899.0,200.0,28.366052526887508,1.0,nan,145.0,800.0,0.025584962451830506,0.015913114319367594,0.0,0.0,0.0,,,,,,,,,,,,
900.0,179.0,31.161412442675797,1.0,0.0,147.0,716.0,0.04884734066824118,0.0015050761941816093,0.0,0.0,0.0,1.0,0.0,0.5,0.0,0.5,1.4260985851287842,1.0111221075057983,9.719010829325128,169.0,1.0,200.0,30.436771673837224
901.0,104.0,10.30414086593315,0.25,nan,59.0,416.0,0.2582666873931885,0.0035704614102920473,0.0,0.0,0.0,,,,,,,,,,,,
902.0,107.0,11.110300051649102,0.5,nan,64.0,428.0,0.1999155953526497,0.01716373461714249,0.0,0.0,0.0,,,,,,,,,,,,
903.0,200.0,40.17259720349685,0.75,nan,189.0,800.0,0.05239541929525633,0.0011754700372907934,0.0,0.0,0.0,,,,,,,,,,,,
904.0,139.0,26.93278151132632,1.0,nan,126.0,556.0,-0.024296401417814195,0.01086412062728448,0.0,0.0,0.0,,,,,,,,,,,,
905.0,200.0,28.66927090357058,0.75,nan,148.0,800.0,0.11912505545963843,0.002556144473899735,0.0,0.0,0.0,,,,,,,,,,,,
906.0,46.0,0.2143689358234407,0.0,nan,12.0,184.0,0.11500474251806736,0.01720818737824706,0.0,0.0,0.0,,,,,,,,,,,,
907.0,200.0,43.05394611041995,0.5,nan,230.0,800.0,0.3453097282908857,0.007423709781051002,0.0,0.0,0.0,,,,,,,,,,,,
908.0,62.0,0.5379929403960705,0.0,nan,16.0,248.0,0.18127570301294327,0.010246010982654978,0.0,0.0,0.0,,,,,,,,,,,,
909.0,135.0,11.670066472282633,1.0,nan,66.0,540.0,-0.32417562883347273,0.029768728568889458,0.0,0.0,0.0,,,,,,,,,,,,
910.0,200.0,54.27104629324751,0.75,0.0,270.0,800.0,0.09419019327033312,0.0041521390433603145,0.0,0.0,0.0,1.0,0.0,0.5,0.0,0.5,1.4665014743804932,0.9518800973892212,9.91148550199,143.0,1.0,200.0,27.63576093760786
911.0,69.0,0.3013242511451244,0.25,nan,17.0,276.0,0.2552577070891857,0.004145503162543723,0.0,0.0,0.0,,,,,,,,,,,,
912.0,200.0,28.13965612855972,1.0,nan,144.0,800.0,0.07882521642992893,0.0057151999429572165,0.0,0.0,0.0,,,,,,,,,,,,
913.0,88.0,2.1218971450626842,0.25,nan,28.0,352.0,0.3866467997431755,0.004693720698785264,0.0,0.0,0.0,,,,,,,,,,,,
914.0,76.0,0.1407327049970626,0.0,nan,17.0,304.0,0.22665032371878624,0.010950438828421838,0.0,0.0,0.0,,,,,,,,,,,,
915.0,92.0,-0.22549349039793037,0.0,nan,23.0,368.0,0.23185906931757927,0.008749207388775972,0.0,0.0,0.0,,,,,,,,,,,,
916.0,127.0,12.056761832414193,0.75,nan,67.0,508.0,-0.009445854928344488,0.00521952724523711,0.0,0.0,0.0,,,,,,,,,,,,
917.0,200.0,20.29220155435614,0.5,nan,115.0,800.0,0.0009810066549107432,0.01229975905663655,0.0,0.0,0.0,,,,,,,,,,,,
918.0,167.0,25.692034704431425,1.0,nan,125.0,668.0,0.01109114638529718,0.011884144048579515,0.0,0.0,0.0,,,,,,,,,,,,
919.0,200.0,30.830179689200317,0.75,nan,158.0,800.0,0.09138054905148843,0.007280856052730655,0.0,0.0,0.0,,,,,,,,,,,,
920.0,200.0,30.57437810921111,0.75,0.0,152.0,800.0,0.12545101499805847,0.007871420718879474,0.0,0.0,0.0,1.0,0.0,0.75,0.0,0.75,0.8921303749084473,1.9638091325759888,9.620255249544414,161.0,1.0,200.0,32.688199590193115
921.0,200.0,28.202521179220657,0.75,nan,141.0,800.0,0.15447969400944808,0.0062183367143110735,0.0,0.0,0.0,,,,,,,,,,,,
922.0,99.0,10.880667663076892,0.5,nan,58.0,396.0,0.03779301606118679,0.011059783707304316,0.0,0.0,0.0,,,,,,,,,,,,
923.0,200.0,39.464953830582104,0.75,nan,184.0,800.0,0.06772091356106102,0.0002011693349848187,0.0,0.0,0.0,,,,,,,,,,,,
924.0,163.0,28.158290278241036,1.0,nan,135.0,652.0,0.05339607084169984,0.007090745344973559,0.0,0.0,0.0,,,,,,,,,,,,
925.0,44.0,-0.1366817140579224,0.0,nan,12.0,176.0,0.27587760984897614,0.015730386421568262,0.0,0.0,0.0,,,,,,,,,,,,
926.0,142.0,9.808557376284151,0.5,nan,67.0,568.0,0.24492616654606536,0.020193325927250427,0.0,0.0,0.0,,,,,,,,,,,,
927.0,200.0,9.351764417270896,0.5,nan,76.0,800.0,0.2535434679593891,0.0031926901158700893,0.0,0.0,0.0,,,,,,,,,,,,
928.0,59.0,0.19912490010261524,0.0,nan,16.0,236.0,0.09844079799950123,0.0066690199887871815,0.0,0.0,0.0,,,,,,,,,,,,
929.0,38.0,0.28041147708892833,0.0,nan,8.0,152.0,0.14815343543887138,0.00838553691712425,0.0,0.0,0.0,,,,,,,,,,,,
930.0,94.0,-0.6789779031276703,0.0,0.0,20.0,376.0,0.2419787235558033,0.011503325280910193,0.0,0.0,0.0,1.0,0.0,0.5,0.0,0.5,0.9906368255615234,1.728875756263733,10.782527068787687,154.0,1.0,200.0,29.18542320262641
931.0,200.0,59.86997153679841,0.75,nan,268.0,800.0,0.019450659723952414,0.000264500684693747,0.0,0.0,0.0,,,,,,,,,,,,
932.0,73.0,0.5998013009130956,0.0,nan,16.0,292.0,0.09400966204702854,0.005850366276226593,0.0,0.0,0.0,,,,,,,,,,,,
933.0,168.0,22.642085769951812,1.0,nan,115.0,672.0,0.23775172082241625,0.01835504027632595,0.0,0.0,0.0,,,,,,,,,,,,
934.0,200.0,48.60055087762886,0.75,nan,222.0,800.0,0.19723226642236114,0.005091041694248899,0.0,0.0,0.0,,,,,,,,,,,,
935.0,200.0,33.05442209667527,1.0,nan,165.0,800.0,0.026087024093916018,0.028739629751028506,0.0,0.0,0.0,,,,,,,,,,,,
936.0,200.0,24.3911223269708,0.5,nan,131.0,800.0,-0.10387104322823384,0.02650896526537805,0.0,0.0,0.0,,,,,,,,,,,,
937.0,200.0,55.62236640541818,0.75,nan,252.0,800.0,0.11969399615190923,0.00036177133670367567,0.0,0.0,0.0,,,,,,,,,,,,
938.0,200.0,42.5394461836666,0.75,nan,196.0,800.0,-0.10116940591251478,0.004479355975032129,0.0,0.0,0.0,,,,,,,,,,,,
939.0,14.0,-0.126676824092865,0.0,nan,4.0,56.0,5.950399994850159,0.06359447942226584,0.0,0.0,0.0,,,,,,,,,,,,
940.0,181.0,33.467019544481296,1.0,0.0,158.0,724.0,-0.020086724155892927,0.012488496572678538,0.0,0.0,0.0,1.0,0.0,0.75,0.0,0.75,1.3850879669189453,1.0705476999282837,9.538846001293564,132.0,1.0,200.0,24.684936662903056
941.0,155.0,27.129662031820047,1.0,nan,133.0,620.0,-0.0049664778634905815,0.008778608975969937,0.0,0.0,0.0,,,,,,,,,,,,
942.0,146.0,18.689131194327494,1.0,nan,96.0,584.0,-0.022397646331228316,0.009573731111501171,0.0,0.0,0.0,,,,,,,,,,,,
943.0,98.0,1.8102147363871337,0.25,nan,26.0,392.0,0.10980501398444176,0.006173108285175588,0.0,0.0,0.0,,,,,,,,,,,,
944.0,99.0,2.5152196994423863,0.25,nan,28.0,396.0,0.1233203336596489,0.04174970922060961,0.0,0.0,0.0,,,,,,,,,,,,
945.0,28.0,-0.09565892696380612,0.0,nan,8.0,112.0,0.20658694952726364,0.007557874448784181,0.0,0.0,0.0,,,,,,,,,,,,
946.0,50.0,-0.11019338369369513,0.0,nan,12.0,200.0,0.3473861441016197,0.006941145178057048,0.0,0.0,0.0,,,,,,,,,,,,
947.0,150.0,26.201740668155253,1.0,nan,121.0,600.0,-0.028518118371721357,0.014259037558957743,0.0,0.0,0.0,,,,,,,,,,,,
948.0,84.0,1.8921862908080227,0.25,nan,23.0,336.0,0.11046267859637737,0.0027274880841105797,0.0,0.0,0.0,,,,,,,,,,,,
949.0,31.0,-0.16009056329727173,0.0,nan,8.0,124.0,0.25310346111655235,0.022293215408117174,0.0,0.0,0.0,,,,,,,,,,,,
950.0,154.0,35.10238074210008,1.0,0.0,154.0,616.0,-0.049158846183369555,0.0014476922616886156,0.0,0.0,0.0,1.0,0.0,0.5,0.0,0.5,0.8392993211746216,1.1134264469146729,10.55419320187724,107.0,1.0,200.0,17.908640170027503
951.0,50.0,0.034482554346322886,0.0,nan,13.0,200.0,0.2011748105287552,0.02144363597977474,0.0,0.0,0.0,,,,,,,,,,,,
952.0,200.0,26.59409846980125,1.0,nan,141.0,800.0,-0.00600794741573433,0.014833530821245944,0.0,0.0,0.0,,,,,,,,,,,,
953.0,150.0,12.453416830135392,0.5,nan,78.0,600.0,0.29932787641882896,0.014671355760931704,0.0,0.0,0.0,,,,,,,,,,,,
954.0,200.0,38.03230359170121,0.75,nan,185.0,800.0,0.09112177385638157,0.0038931303062563205,0.0,0.0,0.0,,,,,,,,,,,,
955.0,200.0,42.152829217282125,0.75,nan,194.0,800.0,0.05187665388802998,0.020896750644507023,0.0,0.0,0.0,,,,,,,,,,,,
956.0,48.0,0.026421637535095355,0.0,nan,12.0,192.0,0.10063022933900356,0.026372809646791968,0.0,0.0,0.0,,,,,,,,,,,,
957.0,86.0,1.5013671212457118,0.25,nan,22.0,344.0,0.05123422108590603,0.011816536384209542,0.0,0.0,0.0,,,,,,,,,,,,
958.0,200.0,-1.6708993524312974,0.0,nan,41.0,800.0,0.3027758449316025,0.00018855396847117234,0.0,0.0,0.0,,,,,,,,,,,,
959.0,166.0,26.367741401223466,0.75,nan,130.0,664.0,-0.10725460345080742,0.03099232155968301,0.0,0.0,0.0,,,,,,,,,,,,
960.0,113.0,20.281773411883044,1.0,0.0,95.0,452.0,0.008403326792176813,0.008635774001300334,0.0,0.0,0.0,1.0,0.0,0.5,0.0,0.5,1.0507534742355347,1.6993767023086548,11.519028860825841,119.0,1.0,200.0,20.178439658088614
961.0,200.0,39.02666246071459,0.75,nan,186.0,800.0,0.07579515121566752,0.002940417365738135,0.0,0.0,0.0,,,,,,,,,,,,
962.0,64.0,0.6325330591201782,0.0,nan,16.0,256.0,0.05590904038399458,0.018579049346672927,0.0,0.0,0.0,,,,,,,,,,,,
963.0,99.0,8.621653888970613,0.5,nan,47.0,396.0,0.01974794501438737,0.008023974660108735,0.0,0.0,0.0,,,,,,,,,,,,
964.0,61.0,0.4436795377731324,0.0,nan,16.0,244.0,0.0706839021295309,0.00910210354069958,0.0,0.0,0.0,,,,,,,,,,,,
965.0,137.0,31.613510153891998,1.0,nan,142.0,548.0,-0.014647809322923422,0.008894249662067255,0.0,0.0,0.0,,,,,,,,,,,,
966.0,56.0,0.45537040770053855,0.0,nan,12.0,224.0,0.09633131325244904,0.008060938364043377,0.0,0.0,0.0,,,,,,,,,,,,
967.0,200.0,50.09031745891554,1.0,nan,226.0,800.0,0.035821880446746945,0.005128245248885999,0.0,0.0,0.0,,,,,,,,,,,,
968.0,110.0,5.030330805573611,0.25,nan,43.0,440.0,0.2915470451116562,0.0030756838033705325,0.0,0.0,0.0,,,,,,,,,,,,
969.0,199.0,37.45298273543828,1.0,nan,182.0,796.0,0.017879281270628173,0.006419613555916248,0.0,0.0,0.0,,,,,,,,,,,,
970.0,200.0,49.34564217760928,1.0,0.0,225.0,800.0,-0.028225668997038156,0.015597879110154977,0.0,0.0,0.0,1.0,0.0,0.5,0.0,0.5,0.2625564932823181,2.643643379211426,11.104814413967688,123.0,1.0,200.0,22.242143858096107
971.0,74.0,0.9572630605101586,0.0,nan,16.0,296.0,0.096891850233078,0.014800032308752264,0.0,0.0,0.0,,,,,,,,,,,,
972.0,200.0,34.03359230224742,0.75,nan,164.0,800.0,0.041901740788792566,0.0001353662406233247,0.0,0.0,0.0,,,,,,,,,,,,
973.0,200.0,21.843782795171137,0.75,nan,119.0,800.0,0.06852057413198054,0.0031538743775469946,0.0,0.0,0.0,,,,,,,,,,,,
974.0,200.0,65.22924214340749,0.75,nan,286.0,800.0,0.11345997196622193,0.00027231285281226203,0.0,0.0,0.0,,,,,,,,,,,,
975.0,200.0,28.3316687851213,0.5,nan,147.0,800.0,0.2642056361461679,0.001057061874715437,0.0,0.0,0.0,,,,,,,,,,,,
976.0,200.0,32.13043154259214,0.5,nan,160.0,800.0,0.1050257560952256,0.005845804425964999,0.0,0.0,0.0,,,,,,,,,,,,
977.0,195.0,43.36641364563258,1.0,nan,196.0,780.0,0.00996325648156926,0.00635944205466954,0.0,0.0,0.0,,,,,,,,,,,,
978.0,33.0,-0.11650649785995484,0.0,nan,8.0,132.0,0.17815646529197693,0.02046369988312368,0.0,0.0,0.0,,,,,,,,,,,,
979.0,200.0,9.331364666420267,0.5,nan,74.0,800.0,0.08248555683530867,0.010866794957973713,0.0,0.0,0.0,,,,,,,,,,,,
980.0,200.0,26.770330842863782,0.5,0.0,143.0,800.0,0.10194984885553518,0.024621258149512215,0.0,0.0,0.0,1.0,0.0,0.5,0.0,0.5,1.1209701299667358,1.6125966310501099,10.248228584545814,120.0,1.0,200.0,21.57830961211586
981.0,135.0,15.165025504305955,1.0,nan,80.0,540.0,-0.030291497008875012,0.050943769376685766,0.0,0.0,0.0,,,,,,,,,,,,
982.0,200.0,18.611695707449687,0.75,nan,112.0,800.0,0.020247828448191285,0.007899220746772073,0.0,0.0,0.0,,,,,,,,,,,,
983.0,178.0,19.852754383189602,1.0,nan,102.0,712.0,-0.03133314265869558,0.015303070670835195,0.0,0.0,0.0,,,,,,,,,,,,
984.0,89.0,0.6643776214122767,0.0,nan,20.0,356.0,0.17176243662834167,0.02314283561792685,0.0,0.0,0.0,,,,,,,,,,,,
985.0,52.0,-0.2255352687835693,0.0,nan,12.0,208.0,0.20787037909030914,0.013321214151825796,0.0,0.0,0.0,,,,,,,,,,,,
986.0,143.0,32.96591128451284,1.0,nan,147.0,572.0,-0.06787212875982125,0.004078423015934085,0.0,0.0,0.0,,,,,,,,,,,,
987.0,37.0,0.15252075672149668,0.0,nan,8.0,148.0,0.08093861863017082,0.007887318346214454,0.0,0.0,0.0,,,,,,,,,,,,
988.0,34.0,0.10939529486000535,0.25,nan,11.0,136.0,0.22558977454900742,0.04091676709552918,0.0,0.0,0.0,,,,,,,,,,,,
989.0,57.0,-0.2514231783151626,0.0,nan,15.0,228.0,0.416614294052124,0.03490459461978078,0.0,0.0,0.0,,,,,,,,,,,,
990.0,47.0,-0.04796347141265869,0.0,0.0,12.0,188.0,0.15700272843241692,0.018445056765862198,0.0,0.0,0.0,1.0,0.0,0.75,0.0,0.75,0.9533488750457764,1.7434459924697876,10.545864900674985,131.0,1.0,200.0,25.182371469237843
991.0,78.0,1.4103825674206016,0.5,nan,21.0,312.0,0.1727764904499054,0.04032286653387396,0.0,0.0,0.0,,,,,,,,,,,,
992.0,200.0,41.57880258715015,0.75,nan,195.0,800.0,0.10392338264500722,0.0036713727874919666,0.0,0.0,0.0,,,,,,,,,,,,
993.0,120.0,9.648311880091205,1.0,nan,57.0,480.0,0.05702337995171547,0.01967495203954428,0.0,0.0,0.0,,,,,,,,,,,,
994.0,84.0,0.46811606645584114,0.0,nan,20.0,336.0,0.15041739493608475,0.13712830130904846,0.0,0.0,0.0,,,,,,,,,,,,
995.0,200.0,29.901292006461883,0.75,nan,151.0,800.0,0.07642375538125634,0.005354163615042262,0.0,0.0,0.0,,,,,,,,,,,,
996.0,129.0,10.089309584741711,0.5,nan,65.0,516.0,-0.011635125149041414,0.04502941721804987,0.0,0.0,0.0,,,,,,,,,,,,
997.0,80.0,0.1994111955165861,0.0,nan,16.0,320.0,0.14106258004903793,0.01216445323202288,0.0,0.0,0.0,,,,,,,,,,,,
998.0,200.0,41.93235372095369,0.75,nan,195.0,800.0,0.886828163638711,0.005585972726681376,0.0,0.0,0.0,,,,,,,,,,,,
999.0,67.0,0.42446995481848704,0.0,nan,16.0,268.0,0.1777075044810772,0.004643407729708431,0.0,0.0,0.0,,,,,,,,,,,,
1000.0,92.0,1.0771857964992522,0.25,0.0,22.0,368.0,0.04882766492664814,0.021572311054460933,0.0,0.0,0.0,1.0,0.0,0.25,0.0,0.25,1.5807055234909058,0.8297953605651855,12.329006068668605,117.0,1.0,200.0,19.266512077278453
