iteration,steps_collected,episode_return_mean,safe_reach_ratio,skill_entropy_norm,top1_skill_ratio,high_div_bonus_mean,conv_eval_success_delta_w5,high_entropy_coef,high_samples,low_samples,loss_high_total,loss_low_mean,loss_low_actor,loss_low_value,low_entropy,eval_n_episodes,eval_success_rate,eval_reach_rate,eval_collision_rate,eval_safe_reach_ratio,eval_min_h_agent,eval_min_h_obstacle,eval_avg_traj_length,eval_avg_skill_switches,eval_qp_feasible_rate,eval_avg_steps,eval_avg_episode_return
1.0,26.0,-0.6373706912994386,0.0,0.8065148780296397,0.4117647058823529,0.0,nan,0.05,17.0,104.0,-0.01310317125171423,0.9548449462655788,0.6205914347268006,0.6479112536669093,4.594692707061768,1.0,0.0,0.0,0.25,0.0,7.996879577636719,2.1563005447387695,3.938096155412495,22.0,1.0,34.0,-0.7344160461425782
2.0,36.0,-0.7878466701507569,0.0,0.8626920619488389,0.4090909090909091,0.0,nan,0.049942775393419174,22.0,144.0,0.03332302160561085,0.4011650596480144,0.08628537610638887,0.5344297190943289,4.53851630538702,,,,,,,,,,,,
3.0,39.0,-0.8041733884811402,0.0,0.970552447652831,0.2727272727272727,0.0,nan,0.049885550786838345,22.0,156.0,-0.016977212391793728,0.4460398453610161,0.1568678405482131,0.46506132657742255,4.594692707061768,,,,,,,,,,,,
4.0,17.0,-0.6299749445915223,0.0,0.915538589816123,0.3333333333333333,0.0,nan,0.049828326180257516,12.0,68.0,-0.06365922838449478,0.33262041549417465,0.11104713146136526,0.35683385552968155,4.594692707061768,,,,,,,,,,,,
5.0,27.0,-0.3784648489952088,0.0,0.9244658916590112,0.3333333333333333,0.0,nan,0.04977110157367668,21.0,108.0,0.11337406001985073,0.3141725666053524,0.06324887524695239,0.43155901021353,4.594692707061768,,,,,,,,,,,,
6.0,21.0,-0.660893259048462,0.0,0.7106260257991471,0.4166666666666667,0.0,nan,0.04971387696709585,12.0,84.0,0.05754581093788147,0.29534858485151616,0.05652754307153546,0.3761214579983408,4.575387937682016,,,,,,,,,,,,
7.0,20.0,-0.5966597080230713,0.0,0.6854961529295863,0.42857142857142855,0.0,nan,0.04965665236051502,14.0,80.0,-0.0029565319418907166,0.33160152823547834,0.06995743469233276,0.4706685652412503,4.594692707061768,,,,,,,,,,,,
8.0,20.0,-0.313466477394104,0.0,0.7521619369530277,0.4666666666666667,0.0,nan,0.049599427753934194,15.0,80.0,0.013935031369328499,0.2636418978800066,0.05957491538283648,0.33722690708985414,4.594692707061768,,,,,,,,,,,,
9.0,34.0,-0.7367785596847536,0.0,0.8972429058539405,0.375,0.0,nan,0.049542203147353366,24.0,136.0,0.025568727403879166,0.4092469878891921,0.076222977553484,0.5474061038202147,4.594692707061768,,,,,,,,,,,,
10.0,31.0,-0.6224996304512025,0.0,0.891454717897596,0.3333333333333333,0.0,nan,0.04948497854077254,21.0,124.0,-0.029777036048471928,0.2859935688170334,0.04651110503642309,0.40664159762502916,4.594406085629617,1.0,0.0,0.0,0.25,0.0,1.530869483947754,3.8871617317199707,9.603100047446787,36.0,1.0,64.0,-1.3853624248504641
11.0,36.0,-0.14950045108795168,0.0,0.8401749693899792,0.4166666666666667,0.0,nan,0.04942775393419171,24.0,144.0,0.005925141274929047,0.38272458172610235,0.09099417997317182,0.4528029657604178,4.594692707061768,,,,,,,,,,,,
12.0,29.0,-0.6269229793548584,0.0,0.8691981256463971,0.42105263157894735,0.0,nan,0.04937052932761087,19.0,116.0,-0.02208044845610857,0.3624287232162495,0.07193218493729357,0.5389759714975286,4.594692707061768,,,,,,,,,,,,
13.0,16.0,-0.4101319885253907,0.0,0.7521619369530277,0.4666666666666667,0.0,nan,0.049313304721030043,15.0,64.0,-0.015182537026703358,0.3491334264690522,0.06333732856546703,0.48406094198188043,4.594692707061768,,,,,,,,,,,,
14.0,29.0,-0.28537220001220703,0.0,0.9346262184156411,0.36363636363636365,0.0,nan,0.049256080114449215,22.0,116.0,-0.050930860452353954,0.2687137052487052,0.04097473633913163,0.38561310027074225,4.594692707061768,,,,,,,,,,,,
15.0,10.0,-0.3880862712860107,0.0,0.7258947361835145,0.5,0.0,nan,0.049198855507868386,10.0,40.0,-0.045734855346381664,0.23835065090097488,0.03108957759104669,0.29259909418124436,4.594692707061768,,,,,,,,,,,,
16.0,23.0,-0.23334143638610844,0.0,0.9592101294518872,0.3125,0.0,nan,0.04914163090128756,16.0,92.0,-0.0693232249468565,0.22755351268848323,0.03768382912106893,0.33697380353726947,4.594692707061768,,,,,,,,,,,,
17.0,19.0,-0.3043024682998657,0.0,0.9501753536407261,0.26666666666666666,0.0,nan,0.04908440629470673,15.0,76.0,0.006176491267979145,0.35220447312550324,0.05736401974909792,0.45094361952253265,4.594692707061768,,,,,,,,,,,,
18.0,8.0,-0.3376300919055939,0.0,0.6397594243321503,0.5,0.0,nan,0.0490271816881259,10.0,32.0,0.22265170514583588,0.19421103068452794,-0.02994901014608331,0.2800332461682373,4.594692707061768,,,,,,,,,,,,
19.0,9.0,-0.39244452357292176,0.0,0.6053757909600438,0.5,0.0,nan,0.048969957081545064,8.0,36.0,0.171328853815794,0.23768844372696346,0.038950743412392005,0.25913565899635516,4.594692707061768,,,,,,,,,,,,
20.0,15.0,-0.6637262821197509,0.0,0.42200649869016466,0.5833333333333334,0.0,nan,0.048912732474964235,12.0,60.0,-0.03665891848504543,0.3976969285557667,0.054688637144863605,0.5120711968451966,4.594692707061768,1.0,0.0,0.0,0.25,0.0,3.7792437076568604,1.3950914144515991,6.689329884015024,25.0,1.0,45.0,-0.8455227375030518
21.0,12.0,-0.4620421361923218,0.0,0.9134444399160676,0.35714285714285715,0.0,nan,0.048855507868383406,14.0,48.0,-0.07794883474707603,0.32339152119432885,0.07987300213426352,0.36134441477958984,4.594692707061768,,,,,,,,,,,,
22.0,48.0,-1.3882420706748964,0.0,0.9912920348425566,0.2413793103448276,0.0,nan,0.04879828326180258,29.0,192.0,0.0717880055308342,0.38918489148606267,0.09524525021576362,0.46839377044288383,4.594692707061768,,,,,,,,,,,,
23.0,43.0,-0.9926259803771974,0.0,0.9325022187504486,0.3076923076923077,0.0,nan,0.04874105865522175,26.0,172.0,0.061920544132590294,0.4051396660709775,0.08090264455660322,0.4396212980621751,4.594692707061768,,,,,,,,,,,,
24.0,17.0,-0.10240740299224854,0.0,0.7582039590163822,0.38461538461538464,0.0,nan,0.04868383404864092,13.0,68.0,0.01232338696718216,0.4410109402721419,0.08752038773245123,0.5471441933984806,4.594692707061768,,,,,,,,,,,,
25.0,35.0,-0.940227508544922,0.0,0.8163790773395743,0.375,0.0,nan,0.04862660944206009,24.0,140.0,-0.017347129061818123,0.37049578934508776,0.07547528130068842,0.47045118641549055,4.594692707061768,,,,,,,,,,,,
26.0,20.0,-0.6420431137084961,0.0,0.877787525185177,0.38461538461538464,0.0,nan,0.048569384835479255,13.0,80.0,-0.08252972550690174,0.3047596372576663,0.055620567360892895,0.4132168457742239,4.594692707061768,,,,,,,,,,,,
27.0,12.0,-0.30827823400497434,0.0,0.66952341768758,0.4166666666666667,0.0,nan,0.04851216022889843,12.0,48.0,0.042046744376420975,0.5053099743284596,0.10370674292789772,0.7288847924561802,4.594692707061768,,,,,,,,,,,,
28.0,20.0,-0.19582966566085824,0.0,0.7439493258888201,0.42857142857142855,0.0,nan,0.0484549356223176,14.0,80.0,-0.04466408770531416,0.4853198567288928,0.08797705119359307,0.5440459167669073,4.594692707061768,,,,,,,,,,,,
29.0,30.0,-0.09510414600372324,0.0,0.9346262184156411,0.36363636363636365,0.0,nan,0.04839771101573677,22.0,120.0,0.20220663398504257,0.4322814625610287,0.0888962608393437,0.5095397583134722,4.594692707061768,,,,,,,,,,,,
30.0,27.0,-0.1799907785654068,0.0,0.8239370674998562,0.5,0.0,nan,0.04834048640915594,26.0,108.0,0.03507777489721775,0.3496152544695953,0.08240032673213002,0.37681299686858405,4.594692707061768,1.0,0.0,0.0,0.5,0.0,-0.01369716227054596,2.299286365509033,8.584214571164921,35.0,1.0,62.0,-1.1541560363769532
31.0,34.0,-0.5228474879264833,0.0,0.9351319608383617,0.2727272727272727,0.0,nan,0.04828326180257511,22.0,136.0,-0.04828217066824436,0.43903686221593113,0.07164946433862068,0.6177651984456832,4.594692707061768,,,,,,,,,,,,
32.0,15.0,-0.3162613153457642,0.0,0.9426312884329151,0.3333333333333333,0.0,nan,0.04822603719599428,12.0,60.0,0.10114998929202557,0.5207514824035268,0.1278013156183685,0.5634429461573679,4.594692707061768,,,,,,,,,,,,
33.0,13.0,-0.3014532613754272,0.0,0.7683955428471756,0.4166666666666667,0.0,nan,0.048168812589413454,12.0,52.0,-0.04231350403279066,0.39548130091637945,0.08569786452258435,0.508684513158519,4.594606527915368,,,,,,,,,,,,
34.0,28.0,-0.2900957036018372,0.0,0.9812326639913408,0.23529411764705882,0.0,nan,0.04811158798283262,17.0,112.0,-0.08353334106504917,0.3048417057684024,0.03225201099017535,0.41540736579295867,4.594692707061768,,,,,,,,,,,,
35.0,25.0,-0.15556985735893253,0.0,0.8823679457213573,0.3125,0.0,nan,0.04805436337625179,16.0,100.0,-0.02449150290340185,0.4851382338348776,0.09472465807775735,0.5557715252365597,4.594692707061768,,,,,,,,,,,,
36.0,36.0,-0.9385893738269807,0.0,0.7772680337069335,0.47619047619047616,0.0,nan,0.04799713876967096,21.0,144.0,-0.010298899374902248,0.33335463596611387,0.0630364698574542,0.4130033432508349,4.594692707061768,,,,,,,,,,,,
37.0,35.0,-0.6068821966648101,0.0,0.9087678038838249,0.34782608695652173,0.0,nan,0.04793991416309013,23.0,140.0,0.05419377237558365,0.35218193732933806,0.07881578879730244,0.3841320454290943,4.594692707061768,,,,,,,,,,,,
38.0,23.0,-0.06593516349792483,0.0,0.8483515089017754,0.47368421052631576,0.0,nan,0.0478826895565093,19.0,92.0,0.055745470337569714,0.5230633152810775,0.08892329270905897,0.5562661398048185,4.594692707061768,,,,,,,,,,,,
39.0,19.0,-0.5263505959510802,0.0,0.901435871994507,0.2857142857142857,0.0,nan,0.047825464949928474,14.0,76.0,-0.017865320667624474,0.375314273601888,0.07990048021862381,0.43347074033971167,4.594692707061768,,,,,,,,,,,,
40.0,45.0,0.1109016656875611,0.0,0.9642508881774653,0.2857142857142857,0.0,nan,0.047768240343347645,28.0,180.0,-0.004589461721479893,0.2817453933194176,0.031186630428096072,0.40371087267749317,4.594692707061768,1.0,0.0,0.0,0.5,0.0,-0.05735637992620468,2.275308132171631,5.686581689398736,28.0,1.0,41.0,-0.8425456619262698
41.0,35.0,-0.7282712697982788,0.0,0.8914546438286999,0.3333333333333333,0.0,nan,0.04771101573676681,21.0,140.0,0.04202281590551138,0.44734298176398235,0.07708314728307804,0.45237779821558693,4.594692707061768,,,,,,,,,,,,
42.0,11.0,-0.3631966924667358,0.0,0.8866829033338366,0.4444444444444444,0.0,nan,0.04765379113018598,9.0,44.0,-0.03117108019068837,0.27037538203347306,0.013827684459763324,0.3128067107199141,4.594692707061768,,,,,,,,,,,,
43.0,10.0,-0.32172315120697026,0.0,0.7548534525003066,0.4444444444444444,0.0,nan,0.04759656652360515,9.0,40.0,0.007885187864303589,0.3537965375231579,0.0607084640301764,0.39084756346296673,4.594692707061768,,,,,,,,,,,,
44.0,104.0,-0.8213006520271307,0.0,0.8650564151819471,0.49056603773584906,0.0,nan,0.04753934191702432,53.0,416.0,0.09712659753859043,0.33888169911006116,0.04222076546102471,0.5056735552208522,4.594692707061768,,,,,,,,,,,,
45.0,30.0,-0.3287801027297973,0.0,0.8014736008217888,0.4,0.0,nan,0.047482117310443495,20.0,120.0,0.07372111268341541,0.36624150464776906,0.024020574486348777,0.4919266536304415,4.594692707061768,,,,,,,,,,,,
46.0,27.0,-0.40091669082641607,0.0,0.7773869142852092,0.375,0.0,nan,0.047424892703862666,16.0,108.0,0.16833283752202988,0.3107289529741845,0.05619139041044508,0.3665525140458562,4.594692707061768,,,,,,,,,,,,
47.0,47.0,-0.7098311257362365,0.0,0.9134444399160676,0.35714285714285715,0.0,nan,0.04736766809728184,28.0,188.0,0.054210325703024864,0.3293474007811536,0.04946277140109661,0.5177726591414781,4.594692707061768,,,,,,,,,,,,
48.0,14.0,-0.4195102119445801,0.0,0.77024370994321,0.42857142857142855,0.0,nan,0.047310443490701,14.0,56.0,0.3586936220526695,0.2272232996245813,-0.004395535813403383,0.37401629453409313,4.594692707061768,,,,,,,,,,,,
49.0,91.0,-1.2685888862609869,0.0,0.9373137342425293,0.34615384615384615,0.0,nan,0.04725321888412017,52.0,364.0,0.18421094864606857,0.34792191503493086,0.050146845700396625,0.4708401338915529,4.594692707061768,,,,,,,,,,,,
50.0,12.0,-0.4365718674659729,0.0,0.6554587712785707,0.4,0.0,nan,0.047195994277539344,10.0,48.0,0.06860790587961674,0.35440015893739957,0.02914964657005233,0.41011877527627877,4.594692707061768,1.0,0.0,0.0,0.25,0.0,0.05953496694564819,2.139708995819092,9.044412776362151,29.0,1.0,52.0,-0.8157475185394285
51.0,57.0,-0.17201654434204128,0.0,0.9482515622017512,0.32432432432432434,0.0,nan,0.047138769670958515,37.0,228.0,0.016507289372384548,0.28098109369002805,0.04483889383999141,0.28187684878212604,4.594692707061768,,,,,,,,,,,,
52.0,48.0,-0.1421558189392092,0.0,0.7219173105306629,0.46153846153846156,0.0,nan,0.047081545064377686,26.0,192.0,0.10439375415444374,0.26869783664157393,0.03304536245741474,0.34448595197106374,4.594692707061768,,,,,,,,,,,,
53.0,81.0,0.659873166084289,0.0,0.9488490019178707,0.3488372093023256,0.0,nan,0.04702432045779686,43.0,324.0,-0.0225500101223588,0.36173339317610953,0.04172358067160076,0.36639622573491604,4.594692707061768,,,,,,,,,,,,
54.0,48.0,-1.0928359436988833,0.0,0.900834506626893,0.42857142857142855,0.0,nan,0.04696709585121603,28.0,192.0,0.05230226181447506,0.3019078948812724,0.03428371394511487,0.4829225677527127,4.594692707061768,,,,,,,,,,,,
55.0,122.0,-2.9291201663017272,0.0,0.7665241181177588,0.5873015873015873,0.0,nan,0.04690987124463519,63.0,488.0,0.4332670792937279,0.32729062661928765,0.047296519544943294,0.4983948074857729,4.594692707061768,,,,,,,,,,,,
56.0,28.0,-0.1738578426837921,0.0,0.7035322994797575,0.5652173913043478,0.0,nan,0.046852646638054364,23.0,112.0,0.2713034674525261,0.3743790888235838,0.07986753986084036,0.3807446492998809,4.594692707061768,,,,,,,,,,,,
57.0,54.0,-0.44674877166748056,0.0,0.9383667717386949,0.35294117647058826,0.0,nan,0.046795422031473535,34.0,216.0,0.011779782362282276,0.2729018960725861,0.014962412274919054,0.41229571464309034,4.594692707061768,,,,,,,,,,,,
58.0,83.0,-1.438136451244354,0.0,0.9358013214526155,0.39215686274509803,0.0,nan,0.046738197424892707,51.0,332.0,0.2081041820347309,0.31372078582171525,0.048555243694636374,0.3966582840003288,4.594692707061768,,,,,,,,,,,,
59.0,21.0,-0.35891836643218994,0.0,0.7597554801834483,0.375,0.0,nan,0.04668097281831188,16.0,84.0,0.02097451500594616,0.38416707615501117,0.09303798494372695,0.4544334969639398,4.594692707061768,,,,,,,,,,,,
60.0,57.0,-0.506813622713089,0.0,0.9691543231696333,0.3125,0.0,nan,0.04662374821173105,32.0,228.0,0.03493456169962883,0.2838655836592232,0.019787333238223494,0.4108374460406756,4.594692707061768,1.0,0.0,0.0,0.25,0.0,20.938440322875977,3.8871617317199707,5.465350608341396,22.0,1.0,36.0,-0.4278747653961181
61.0,39.0,0.012005720138549891,0.0,0.8031200042447871,0.5,0.0,nan,0.04656652360515022,24.0,156.0,0.11908533424139023,0.27927105346073705,0.02270618933835067,0.43481031573672513,4.594692707061768,,,,,,,,,,,,
62.0,46.0,-0.4862704372406006,0.0,0.8445616997628006,0.5,0.0,nan,0.046509298998569384,26.0,184.0,0.06444638967514038,0.2552589543509226,0.046176428976532014,0.35110305244311035,4.594692707061768,,,,,,,,,,,,
63.0,10.0,-0.30275352001190187,0.0,0.8813534240511752,0.4,0.0,nan,0.046452074391988556,10.0,40.0,0.16413313895463943,0.1584360372275114,-0.06488267063396051,0.36751303863954804,4.594692707061768,,,,,,,,,,,,
64.0,16.0,-0.46328242778778084,0.0,0.8324610642033604,0.3333333333333333,0.0,nan,0.04639484978540773,15.0,64.0,0.09295877441763878,0.17948125199472997,0.011944934056373313,0.23178348674200677,4.594692707061768,,,,,,,,,,,,
65.0,51.0,0.27330613970756523,0.0,0.9471431211712865,0.3125,0.0,nan,0.0463376251788269,32.0,204.0,-0.04485510382801294,0.30097184889475065,0.04915306240767606,0.37064653577953566,4.594692707061768,,,,,,,,,,,,
66.0,38.0,-0.12961889982223507,0.0,0.8588995122607075,0.4,0.0,nan,0.04628040057224607,25.0,152.0,0.19784579798579216,0.2658928321600941,0.02732742074294947,0.3959048208778193,4.594665481855995,,,,,,,,,,,,
67.0,123.0,-1.001981430053712,0.0,0.8446957644647812,0.47058823529411764,0.0,nan,0.04622317596566524,68.0,492.0,-0.1601187433116138,0.3467809710309666,0.042402610663430096,0.5509702135236242,4.594692707061768,,,,,,,,,,,,
68.0,59.0,-0.1564961457252505,0.0,0.9060174035641292,0.3783783783783784,0.0,nan,0.04616595135908441,37.0,236.0,0.07619167678058147,0.26390840781268554,0.019021607367163997,0.3455534256147737,4.594692707061768,,,,,,,,,,,,
69.0,105.0,-1.0808405160903936,0.0,0.939004727140993,0.38596491228070173,0.0,nan,0.046108726752503576,57.0,420.0,0.13812114298343658,0.3243887817052382,0.054121338497907345,0.4532646961716216,4.594692707061768,,,,,,,,,,,,
70.0,29.0,-0.1138846182823181,0.0,0.9256444759341034,0.3157894736842105,0.0,nan,0.04605150214592275,19.0,116.0,-0.01971233170479536,0.33060052284392816,0.02552272424358746,0.46009346453113187,4.594692707061768,1.0,0.0,0.0,0.25,0.0,13.37518310546875,3.876190662384033,7.854193568695337,33.0,1.0,50.0,-0.3367974758148194
71.0,40.0,-0.5291603088378907,0.0,0.76834236137976,0.5555555555555556,0.0,nan,0.04599427753934192,27.0,160.0,0.04453473910689354,0.23648871170298663,0.033238026716571764,0.32660037224682126,4.594692707061768,,,,,,,,,,,,
72.0,33.0,-0.3302304315567017,0.0,0.9346262184156411,0.36363636363636365,0.0,nan,0.04593705293276109,22.0,132.0,0.10076849535107613,0.24223232898944072,0.008342885416795703,0.39576962580592967,4.594692707061768,,,,,,,,,,,,
73.0,159.0,-0.7276305997371685,0.0,0.9360775243662542,0.31521739130434784,0.0,nan,0.04587982832618026,92.0,636.0,0.08372305100783706,0.33169561894101207,0.04359024647169463,0.5005841198062749,4.594692707061768,,,,,,,,,,,,
74.0,105.0,-0.4135594785213472,0.0,0.92008908651827,0.3582089552238806,0.0,nan,0.04582260371959943,67.0,420.0,-0.012371256947517395,0.28207812152982115,0.03852982410310801,0.3944538180643211,4.594692707061768,,,,,,,,,,,,
75.0,30.0,-0.09371811747550962,0.0,0.7765417881804579,0.48,0.0,nan,0.0457653791130186,25.0,120.0,0.1199587918817997,0.32176425327634206,0.07200659052808381,0.32834860311929376,4.594692707061768,,,,,,,,,,,,
76.0,43.0,-0.22473681449890154,0.0,0.7878590710945125,0.42857142857142855,0.0,nan,0.04570815450643777,28.0,172.0,0.06672970578074455,0.18075012909194324,0.0199749632440724,0.2548099192288264,4.594692707061768,,,,,,,,,,,,
77.0,10.0,-0.23079290390014648,0.0,0.7952181862687071,0.4,0.0,nan,0.04565092989985694,10.0,40.0,0.10132861137390137,0.1303410134045407,0.012503919121809304,0.17251744879925468,4.594692707061768,,,,,,,,,,,,
78.0,53.0,-0.18606395006179827,0.0,0.8073030451532732,0.5,0.0,nan,0.04559370529327611,32.0,212.0,0.09245050698518753,0.28372196593972027,0.04930315544841952,0.3747526104203855,4.5920769594750315,,,,,,,,,,,,
79.0,129.0,-0.941001334190369,0.0,0.8833950591038802,0.410958904109589,0.0,nan,0.04553648068669528,73.0,516.0,0.2498756367713213,0.26560344856034135,0.03485683002759288,0.4299644259600063,4.594310193322599,,,,,,,,,,,,
80.0,25.0,0.11614845693111428,0.0,0.8438241216952184,0.3157894736842105,0.0,nan,0.04547925608011445,19.0,100.0,-0.037492851726710796,0.2334709257882787,0.008366571007063612,0.3131226451256225,4.594692707061768,1.0,0.0,0.0,0.25,0.0,2.0164401531219482,2.5122766494750977,16.245069475844502,60.0,1.0,101.0,-1.1152199602127073
81.0,38.0,0.02093280971050271,0.0,0.7808957801011935,0.43478260869565216,0.0,nan,0.045422031473533624,23.0,152.0,0.06190286576747894,0.31724394319768945,0.04058626718975383,0.3645093704306076,4.594692707061768,,,,,,,,,,,,
82.0,57.0,-0.1112522673606875,0.0,0.9094494599348351,0.3888888888888889,0.0,nan,0.045364806866952795,36.0,228.0,0.007429847493767738,0.30294956301600395,0.05508618227925086,0.3759779290899166,4.594692707061768,,,,,,,,,,,,
83.0,12.0,-0.32604562759399414,0.0,0.8401750434588753,0.4166666666666667,0.0,nan,0.04530758226037196,12.0,48.0,0.04806051682680845,0.18101915439668423,0.010938630846794695,0.30537720823444187,4.594692707061768,,,,,,,,,,,,
84.0,164.0,-1.6406556630134586,0.0,0.7125798151410515,0.6162790697674418,0.0,nan,0.04525035765379113,86.0,656.0,0.14560940489172935,0.26561258765559614,0.03205780957796378,0.41292105980580474,4.594692707061768,,,,,,,,,,,,
85.0,129.0,0.38251110970974034,0.0,0.9198110318822283,0.33783783783783783,0.0,nan,0.0451931330472103,74.0,516.0,0.07771000545471907,0.30971144891191216,0.040980152375595935,0.4595748559099033,4.594692707061768,,,,,,,,,,,,
86.0,57.0,0.15548811435699467,0.0,0.6962044413797263,0.6333333333333333,0.0,nan,0.04513590844062947,30.0,228.0,0.20189516991376877,0.28862493537394984,0.039372280605133265,0.3907151402072137,4.594692707061768,,,,,,,,,,,,
87.0,112.0,0.2443396854400634,0.0,0.8016381078400756,0.42857142857142855,0.0,nan,0.045078683834048644,70.0,448.0,0.04037315817549825,0.2777864731178852,0.05182685261024744,0.2893068912280661,4.594692707061768,,,,,,,,,,,,
88.0,101.0,-0.8328056311607361,0.0,0.8367655040325904,0.5,0.0,nan,0.045021459227467815,58.0,404.0,0.1436578519642353,0.2859610873856582,0.026889783412570978,0.4611978476697607,4.594692707061768,,,,,,,,,,,,
89.0,72.0,-0.6633189988136292,0.0,0.7817966800847246,0.48,0.0,nan,0.044964234620886986,50.0,288.0,-0.0013523204252123833,0.24897002206284924,0.03033675808103453,0.38893782316601216,4.594692707061768,,,,,,,,,,,,
90.0,99.0,0.2864670372009277,0.0,0.7832224322661756,0.5094339622641509,0.0,0.0,0.04490701001430615,53.0,396.0,0.06571215204894543,0.27775171270332066,0.03689252790900355,0.3756902331736814,4.594692707061768,1.0,0.0,0.0,0.25,0.0,8.389331817626953,3.8871617317199707,7.3458487435709685,29.0,1.0,48.0,-0.2297287511825562
91.0,78.0,0.5438504171371459,0.0,0.7589093171141513,0.43478260869565216,0.0,nan,0.04484978540772532,46.0,312.0,0.16043834015727043,0.2624835442284166,0.02979415799927665,0.3572131493550299,4.594692707061768,,,,,,,,,,,,
92.0,36.0,-0.19244867026805884,0.0,0.7409824221857599,0.5652173913043478,0.0,nan,0.04479256080114449,23.0,144.0,0.0545496791601181,0.28343842027404914,0.01584234065052846,0.4290358947671275,4.594692707061768,,,,,,,,,,,,
93.0,37.0,-0.01636303782463079,0.0,0.8716049944258794,0.45454545454545453,0.0,nan,0.044735336194563664,22.0,148.0,0.07738915085792542,0.2375193008511151,0.004699483168912372,0.34564536066113993,4.594692707061768,,,,,,,,,,,,
94.0,52.0,-0.6031628561019899,0.0,0.7665368579678918,0.5757575757575758,0.0,nan,0.044678111587982836,33.0,208.0,0.03303506691008806,0.2014634998049587,0.03728755593608814,0.2711668771937964,4.594692707061768,,,,,,,,,,,,
95.0,28.0,-0.559063379764557,0.0,0.9412329417430291,0.3,0.0,nan,0.04462088698140201,20.0,112.0,0.03769061714410782,0.2333333372870194,0.025229630833824297,0.3112125517109559,4.5946908465453555,,,,,,,,,,,,
96.0,200.0,-2.280279505252838,0.0,0.8663512876239506,0.45714285714285713,0.0,nan,0.04456366237482118,105.0,800.0,0.2446648608893156,0.18460883800344163,0.015976613013663155,0.2638866810722494,4.594692707061768,,,,,,,,,,,,
97.0,97.0,-0.6430248928070073,0.0,0.9590716206161393,0.3,0.0,nan,0.04450643776824034,50.0,388.0,0.007015344686806202,0.2716495395097809,0.026699068235757295,0.3627105497914579,4.594692707061768,,,,,,,,,,,,
98.0,135.0,-0.8814391255378735,0.0,0.868311743166506,0.48,0.0,nan,0.044449213161659513,75.0,540.0,0.19383544195443392,0.2231524930566593,0.024308096857566852,0.33947692106551564,4.594692707061768,,,,,,,,,,,,
99.0,99.0,-0.816127624511719,0.0,0.9352475083163119,0.37037037037037035,0.0,nan,0.044391988555078685,54.0,396.0,0.07227029465138912,0.2754642505569791,0.00917586416562699,0.42938947129307264,4.594692707061768,,,,,,,,,,,,
100.0,200.0,-1.2052222967147834,0.0,0.9180599691090097,0.411214953271028,0.0,0.0,0.044334763948497856,107.0,800.0,0.0834456724114716,0.2617112426851236,0.04148683433277256,0.37501263622001135,4.594692707061768,1.0,0.0,0.0,0.25,0.0,5.41239070892334,2.3377461433410645,9.593695565825328,33.0,1.0,63.0,-0.056960289478302006
101.0,10.0,-0.22002410888671872,0.0,0.6438264733493095,0.45454545454545453,0.0,nan,0.04427753934191703,11.0,40.0,0.04778686724603176,0.20490919589065015,0.011627196706831456,0.3094271791923745,4.594692707061768,,,,,,,,,,,,
102.0,97.0,0.1508201885223385,0.0,0.8231742319386964,0.37037037037037035,0.0,nan,0.0442203147353362,54.0,388.0,0.021192495711147785,0.26213361537406854,0.05266144333086231,0.3351717560107297,4.594614785164595,,,,,,,,,,,,
103.0,200.0,-1.557387268543244,0.0,0.8040291258757877,0.5504587155963303,0.0,nan,0.04416309012875537,109.0,800.0,0.02582842903211713,0.24228914491777687,0.019034473780550343,0.37556713140038644,4.594692707061768,,,,,,,,,,,,
104.0,46.0,-0.3668054080009461,0.0,0.8944924314653487,0.34375,0.0,nan,0.04410586552217454,32.0,184.0,0.07037245854735374,0.2517523250660262,0.03220493617371413,0.3683152642950841,4.594692707061768,,,,,,,,,,,,
105.0,105.0,0.05884398818016057,0.0,0.9121083110989241,0.40350877192982454,0.0,nan,0.044048640915593705,57.0,420.0,0.21172362193465233,0.2746776404146658,0.01740235581928573,0.4207321146523796,4.594692707061768,,,,,,,,,,,,
106.0,22.0,-0.17111900568008426,0.0,0.925633958150854,0.3333333333333333,0.0,nan,0.043991416309012876,15.0,88.0,0.16206643730401993,0.27996489507230843,-0.009327760939909653,0.4122048968028635,4.594692707061768,,,,,,,,,,,,
107.0,23.0,-0.20683339118957522,0.0,0.8409926159342691,0.3,0.0,nan,0.04393419170243205,20.0,92.0,0.12064850144088268,0.2504586447890767,0.016192305590147556,0.3514920219602019,4.594692707061768,,,,,,,,,,,,
108.0,30.0,-0.44196872711181645,0.0,0.9737442245245174,0.25,0.0,nan,0.04387696709585122,20.0,120.0,0.08433162793517113,0.259715100802714,0.03679281126436156,0.265862590405383,4.594692707061768,,,,,,,,,,,,
109.0,25.0,-0.34468048810958873,0.0,0.525876644822276,0.5882352941176471,0.0,nan,0.04381974248927039,17.0,100.0,0.11400444991886616,0.22109950007870793,0.01977249402552843,0.3347290053302913,4.594692707061768,,,,,,,,,,,,
110.0,47.0,0.022436921596526965,0.0,0.7419062835270889,0.3793103448275862,0.0,0.0,0.04376251788268956,29.0,188.0,0.08950379863381386,0.27312908374129774,0.025329557659867358,0.3285815424315668,4.594692707061768,1.0,0.0,0.0,0.25,0.0,1.757678508758545,0.34615397453308105,13.387186505948193,55.0,1.0,97.0,-0.6983017158508301
111.0,18.0,-0.22589948654174807,0.0,0.6669373762483788,0.38461538461538464,0.0,nan,0.043705293276108725,13.0,72.0,0.0584912458434701,0.22931781836086884,0.012721568378361149,0.32094839576499445,4.594692707061768,,,,,,,,,,,,
112.0,31.0,-0.4481275177001953,0.0,0.9333297164579228,0.2857142857142857,0.0,nan,0.043648068669527904,21.0,124.0,0.06422393396496773,0.2366925021042041,0.017137256651861412,0.35752074571067005,4.594692707061768,,,,,,,,,,,,
113.0,63.0,-0.08228538513183598,0.0,0.7968425171606611,0.4523809523809524,0.0,nan,0.04359084406294707,42.0,252.0,0.0188065804541111,0.2681211215833808,0.027941777414294877,0.3748529815134098,4.594692707061768,,,,,,,,,,,,
114.0,170.0,-1.0666454002261163,0.0,0.8163306362815105,0.4125,0.0,nan,0.04353361945636624,80.0,680.0,0.17125584301538765,0.32967869181629794,0.005363822398066986,0.5542009883002452,4.594692707061768,,,,,,,,,,,,
115.0,49.0,0.6083070850372316,0.0,0.703714286757529,0.5925925925925926,0.0,nan,0.04347639484978541,27.0,196.0,0.22770937532186508,0.24547339126952372,0.019442506369716506,0.35534793428262107,4.594692707061768,,,,,,,,,,,,
116.0,44.0,-0.2243354284763337,0.0,0.7326458197894442,0.56,0.0,nan,0.04341917024320458,25.0,176.0,0.12040161155164242,0.36023415243041446,0.02538673257963224,0.5857855011810138,4.594692707061768,,,,,,,,,,,,
117.0,92.0,-0.27071374773979184,0.0,0.8408906971332053,0.48,0.0,nan,0.04336194563662375,50.0,368.0,0.05823497474193573,0.23169802320171584,0.02336010614362749,0.3748934681307676,4.594689195044339,,,,,,,,,,,,
118.0,132.0,0.30525369226932475,0.0,0.9275598975878165,0.36363636363636365,0.0,nan,0.043304721030042924,66.0,528.0,-0.05489465640857816,0.2580600987694197,0.005265503397140492,0.44674222634699845,4.594692707061768,,,,,,,,,,,,
119.0,140.0,-1.8028227567672737,0.0,0.891454717897596,0.38961038961038963,0.0,nan,0.04324749642346209,77.0,560.0,0.07241202238947153,0.2557967808779722,0.04377709896016313,0.3614786294915895,4.594692707061768,,,,,,,,,,,,
120.0,15.0,-0.1989275455474854,0.0,0.7865210164860698,0.38461538461538464,0.0,0.0,0.04319027181688126,13.0,60.0,0.07100639306008816,0.2524799136444926,0.009203764020154874,0.4409645066546394,4.594692707061768,1.0,0.0,0.0,0.25,0.0,1.1637191772460938,2.467893600463867,17.587689745007083,61.0,1.0,117.0,-0.3903793644905089
121.0,69.0,-0.17822150230407735,0.0,0.8324538054515405,0.40540540540540543,0.0,nan,0.04313304721030043,37.0,276.0,0.09051832370460033,0.2693070298928433,0.028854915233750944,0.3661764357857835,4.594692707061768,,,,,,,,,,,,
122.0,200.0,-2.105428075790405,0.0,0.7637320170095464,0.5523809523809524,0.0,nan,0.0430758226037196,105.0,800.0,0.0893206549808383,0.24462762485200074,0.003994141340626811,0.4282134275994002,4.594692707061768,,,,,,,,,,,,
123.0,26.0,-0.00959690570831298,0.0,0.919481573432278,0.3333333333333333,0.0,nan,0.04301859799713877,18.0,104.0,0.0776129812002182,0.2042658444126853,0.04689473329255214,0.23830335024934504,4.594692707061768,,,,,,,,,,,,
124.0,84.0,-0.6698473268747331,0.0,0.8334798078006215,0.46808510638297873,0.0,nan,0.042961373390557944,47.0,336.0,0.0333849610760808,0.2625612758201896,0.014323194708140363,0.3747462163475531,4.594692707061768,,,,,,,,,,,,
125.0,40.0,-0.19608222246170046,0.0,0.7773262518592853,0.391304347826087,0.0,nan,0.04290414878397711,23.0,160.0,0.08964429423213005,0.2645491676259553,0.019332601609130508,0.4031483319149832,4.594692707061768,,,,,,,,,,,,
126.0,26.0,-0.20112937450408935,0.0,0.5597661275539051,0.6111111111111112,0.0,nan,0.04284692417739629,18.0,104.0,0.020386907272040844,0.17335527283676827,-8.593934650819462e-05,0.3183069924707732,4.594692707061768,,,,,,,,,,,,
127.0,54.0,-0.6197522962093354,0.0,0.7708065594848406,0.3684210526315789,0.0,nan,0.04278969957081545,38.0,216.0,0.0013853516429662704,0.25643163912469324,0.025805715883844067,0.3946591148543612,4.594692707061768,,,,,,,,,,,,
128.0,48.0,-0.5623575139045716,0.0,0.8696440944699473,0.4,0.0,nan,0.04273247496423462,30.0,192.0,0.05406833905726671,0.22430726663606038,0.023974738445758703,0.3614929985735529,4.594692707061768,,,,,,,,,,,,
129.0,200.0,-1.531386959552764,0.0,0.8100769993819358,0.5089285714285714,0.0,nan,0.04267525035765379,112.0,800.0,0.04199656145647168,0.23779692912467,0.030264183627878083,0.3837059914561216,4.594692707061768,,,,,,,,,,,,
130.0,17.0,-0.3206008982658386,0.0,0.7965801651305972,0.4375,0.0,0.0,0.042618025751072965,16.0,68.0,0.057824622839689255,0.22817415876873864,0.05583583713750533,0.32013698944939256,4.594692707061768,1.0,0.0,0.0,0.5,0.0,-0.08526692539453506,2.4223241806030273,12.879174252040684,48.0,1.0,87.0,-0.3774499726295474
131.0,76.0,-0.0881917214393616,0.0,0.8288345029114383,0.5,0.0,nan,0.042560801144492136,48.0,304.0,0.055240227840840816,0.2579093644490058,0.01688461013691267,0.3927287673021813,4.594692707061768,,,,,,,,,,,,
132.0,200.0,-1.3503011703491212,0.0,0.7502557739113298,0.6037735849056604,0.0,nan,0.04250357653791131,106.0,800.0,0.05024262797087431,0.2077776239943887,0.017388796605700918,0.3306487860289369,4.594692707061768,,,,,,,,,,,,
133.0,46.0,0.22379208743572218,0.0,0.8081522450473112,0.34615384615384615,0.0,nan,0.04244635193133047,26.0,184.0,0.18383553251624107,0.25781798521664157,0.01321265852311626,0.3809252243471581,4.586098963799684,,,,,,,,,,,,
134.0,15.0,-0.2240151286125183,0.0,0.811529638572679,0.38461538461538464,0.0,nan,0.04238912732474964,13.0,60.0,0.13659187965095043,0.20692916600188863,-0.013788484688848256,0.41479868117185104,4.592789483070374,,,,,,,,,,,,
135.0,22.0,-0.29016211748123166,0.0,0.9256338840819579,0.3333333333333333,0.0,nan,0.042331902718168814,15.0,88.0,0.15448837727308273,0.21773533009267834,0.012474646791815758,0.36459853121389396,4.594692707061768,,,,,,,,,,,,
136.0,83.0,0.16722464084625221,0.0,0.8778518169870109,0.3695652173913043,0.0,nan,0.042274678111587985,46.0,332.0,0.10297162272036076,0.28383198583196645,0.01882778488106851,0.3903158244363154,4.594692707061768,,,,,,,,,,,,
137.0,23.0,-0.024898927211761512,0.0,0.8339095555359209,0.375,0.0,nan,0.042217453505007156,16.0,92.0,0.11691300384700298,0.2092989717190073,0.031992804942369134,0.28468383758101246,4.594692707061768,,,,,,,,,,,,
138.0,128.0,-0.4493060398101808,0.0,0.6688910915213869,0.6231884057971014,0.0,nan,0.04216022889842633,69.0,512.0,0.11823811545036733,0.2653368732717354,0.025479362651822157,0.41560674603683045,4.594692707061768,,,,,,,,,,,,
139.0,200.0,-1.609037798643112,0.0,0.7340259455308842,0.5943396226415094,0.0,nan,0.0421030042918455,106.0,800.0,0.06638330966234207,0.26108800337715365,0.024229951819052076,0.444255312046693,4.594639073126018,,,,,,,,,,,,
140.0,58.0,0.17445513129234325,0.0,0.8469071654273976,0.5,0.0,0.0,0.04204577968526467,30.0,232.0,0.07905745878815651,0.2358931504673694,0.029769862821357775,0.3611967607341031,4.594692707061768,1.0,0.0,0.0,0.25,0.0,0.06031221151351929,2.70664644241333,14.66248731361702,64.0,1.0,111.0,-0.1577484464645389
141.0,46.0,-0.3189853525161744,0.0,0.8034801272177319,0.4230769230769231,0.0,nan,0.041988555078683834,26.0,184.0,0.023345994763076305,0.1788591437102498,-0.0056013214381654625,0.3140673863574958,4.594692707061768,,,,,,,,,,,,
142.0,99.0,-0.1423961246013645,0.0,0.7378873792924089,0.4153846153846154,0.0,nan,0.041931330472103005,65.0,396.0,-0.17067561484873295,0.23238749756455945,0.026510136043953025,0.32990245427270404,4.594692707061768,,,,,,,,,,,,
143.0,69.0,-0.5248665118217469,0.0,0.863272317681058,0.43902439024390244,0.0,nan,0.041874105865522177,41.0,276.0,-0.01919960556551814,0.19322345484306425,0.00984689990627885,0.32132088287430416,4.594692707061768,,,,,,,,,,,,
144.0,200.0,-0.5838618993759159,0.0,0.7610204287914186,0.5321100917431193,0.0,nan,0.04181688125894135,109.0,800.0,0.05086750094778836,0.21038609705192357,0.01580077304788574,0.36679031665238926,4.594692707061768,,,,,,,,,,,,
145.0,116.0,0.28676226377487174,0.0,0.7773274369616233,0.47761194029850745,0.0,nan,0.04175965665236052,67.0,464.0,-0.19448621664196253,0.31368737513003,0.020680221872680704,0.431122347593353,4.594692707061768,,,,,,,,,,,,
146.0,30.0,-0.45128792524337763,0.0,0.8515489890784631,0.45,0.0,nan,0.04170243204577968,20.0,120.0,0.8721948117017746,0.20141180631083747,0.010640425035186732,0.35608007002222924,4.594692707061768,,,,,,,,,,,,
147.0,20.0,-0.18484162092208864,0.0,0.8398466960423667,0.3076923076923077,0.0,nan,0.04164520743919886,13.0,80.0,0.08142989687621593,0.20408554485766217,0.08244971270323731,0.18181414130310714,4.594692707061768,,,,,,,,,,,,
148.0,41.0,-0.8806626772880555,0.0,0.8296359283674777,0.48148148148148145,0.0,nan,0.041587982832618026,27.0,164.0,0.10197162255644798,0.26743194599431463,0.015502350543989095,0.40860042102021576,4.594692707061768,,,,,,,,,,,,
149.0,93.0,0.16774550795555096,0.0,0.7540149925962062,0.45901639344262296,0.0,nan,0.0415307582260372,61.0,372.0,0.10319828987121582,0.2802268001369157,0.00642130471260316,0.4933493302388712,4.594692707061768,,,,,,,,,,,,
150.0,80.0,0.24759658575057977,0.0,0.9049386641610093,0.32,0.0,0.0,0.04147353361945637,50.0,320.0,0.058986956253647804,0.24156506448116488,0.017912506486936763,0.3378996109771407,4.594692707061768,1.0,0.0,0.0,0.5,0.0,-0.0722813531756401,1.1951935291290283,11.944756246171892,44.0,1.0,82.0,-0.17598428249359163
151.0,43.0,-0.0634766626358034,0.0,0.7389422685109774,0.5416666666666666,0.0,nan,0.04141630901287554,24.0,172.0,0.14640279486775398,0.25924109843854665,0.03199538135519359,0.34680086711830954,4.594692707061768,,,,,,,,,,,,
152.0,34.0,-0.5260326647758484,0.0,0.924716096390111,0.3181818181818182,0.0,nan,0.04135908440629471,22.0,136.0,-0.025329267140477896,0.22066356634775944,0.009810930857544435,0.37945204752649303,4.594692707061768,,,,,,,,,,,,
153.0,122.0,-1.011890633106232,0.0,0.7060217550784156,0.569620253164557,0.0,nan,0.04130185979971388,79.0,488.0,0.058176088612526655,0.2604211599361861,0.02848126331923595,0.39958385486533826,4.594692707061768,,,,,,,,,,,,
154.0,119.0,-0.21397671937942522,0.0,0.8396827075063528,0.4444444444444444,0.0,nan,0.04124463519313305,63.0,476.0,0.08126994036138058,0.2333711965184193,0.009522873332116433,0.3788337681078514,4.594692707061768,,,,,,,,,,,,
155.0,13.0,-0.38553097724914553,0.0,0.7903938568575972,0.35714285714285715,0.0,nan,0.04118741058655222,14.0,52.0,0.031243467703461647,0.18358018557326153,-0.032354504366174715,0.3536981133867042,4.594692707061768,,,,,,,,,,,,
156.0,16.0,-0.1990089750289917,0.0,0.679013791278787,0.38461538461538464,0.0,nan,0.04113018597997139,13.0,64.0,0.129152350127697,0.20618227589329763,-0.001489731868787203,0.37633810736105033,4.594692707061768,,,,,,,,,,,,
157.0,48.0,-0.33356246232986464,0.0,0.9199859085459722,0.32142857142857145,0.0,nan,0.04107296137339056,28.0,192.0,0.12388920411467552,0.2829579342396755,0.025557637794918264,0.421434292652562,4.590071049829324,,,,,,,,,,,,
158.0,139.0,-0.9008566641807559,0.0,0.8498160731847944,0.5,0.0,nan,0.04101573676680973,70.0,556.0,0.16611726116389036,0.22341404578037327,0.006664922430900333,0.4063697411528491,4.594692707061768,,,,,,,,,,,,
159.0,200.0,-1.5375246763229378,0.0,0.7738535316646086,0.5784313725490197,0.0,nan,0.0409585121602289,102.0,800.0,-0.004246721509844065,0.24431723988163867,0.014599738636206894,0.3978843073968146,4.594692707061768,,,,,,,,,,,,
160.0,137.0,0.12232470393180828,0.0,0.834251531629316,0.4246575342465753,0.0,0.0,0.04090128755364807,73.0,548.0,0.02215436240658164,0.23819241536330082,0.021485949957423145,0.3599605477487042,4.594692707061768,1.0,0.0,0.0,0.25,0.0,1.8811265230178833,1.1199979782104492,14.185445707524195,65.0,1.0,104.0,0.11000357627868607
161.0,90.0,0.5563459575176242,0.0,0.8320119844861732,0.4482758620689655,0.0,nan,0.040844062947067244,58.0,360.0,0.16560376808047295,0.2564517531936872,0.02363835751202714,0.2863281172000407,4.594692707061768,,,,,,,,,,,,
162.0,200.0,-0.34372059106826824,0.0,0.7675734521691182,0.5607476635514018,0.0,nan,0.04078683834048641,107.0,800.0,0.005244863219559193,0.2157978358809487,0.021248939606948625,0.33378093821814603,4.594692707061768,,,,,,,,,,,,
163.0,144.0,-0.4942530655860902,0.0,0.8824390518616344,0.4430379746835443,0.0,nan,0.04072961373390558,79.0,576.0,0.12555647967383265,0.25275713100654684,0.016740446226322092,0.40916003819723823,4.594692707061768,,,,,,,,,,,,
164.0,145.0,-1.0177502393722535,0.0,0.9058719322521457,0.4266666666666667,0.0,nan,0.04067238912732475,75.0,580.0,-0.029302919749170542,0.2610270704792583,-0.004792593595766448,0.4367828811644081,4.594692707061768,,,,,,,,,,,,
165.0,38.0,0.1466482532024383,0.0,0.8489719840445888,0.3333333333333333,0.0,nan,0.04061516452074392,24.0,152.0,0.09693983010947704,0.20255242987829997,0.00875778531496364,0.3001750432308355,4.594692707061768,,,,,,,,,,,,
166.0,49.0,0.24481061458587652,0.0,0.8893232372738952,0.3333333333333333,0.0,nan,0.040557939914163094,30.0,196.0,0.10272189788520336,0.2439920216708501,0.006361613666629229,0.3689341438489885,4.594692707061768,,,,,,,,,,,,
167.0,82.0,0.154959260225296,0.0,0.9050597668061687,0.3469387755102041,0.0,nan,0.040500715307582265,49.0,328.0,0.09405638463795185,0.27550673412952165,0.0584436368144452,0.3529284783503306,4.594692707061768,,,,,,,,,,,,
168.0,154.0,-1.0326462769508362,0.0,0.9143687456707732,0.4166666666666667,0.0,nan,0.040443490701001436,84.0,616.0,0.007395094260573387,0.24322850903263316,0.016562697875087906,0.4029308914863796,4.594692707061768,,,,,,,,,,,,
169.0,12.0,-0.23628220081329346,0.0,0.8979445605069036,0.3333333333333333,0.0,nan,0.0403862660944206,12.0,48.0,0.08170181699097157,0.24715264726061528,0.04668027780523213,0.37625606867792766,4.594692707061768,,,,,,,,,,,,
170.0,40.0,0.06269796490669248,0.0,0.8392105182935754,0.4583333333333333,0.0,0.0,0.04032904148783977,24.0,160.0,0.04548142198473215,0.1714264696172904,0.028511851746588945,0.21107438304835,4.594692707061768,1.0,0.0,0.0,0.25,0.0,0.33979666233062744,0.7137787342071533,10.966591662261635,52.0,1.0,86.0,-0.04529907464981092
171.0,101.0,-0.3971149957180026,0.0,0.869179830629055,0.43548387096774194,0.0,nan,0.04027181688125894,62.0,404.0,0.06890309322625399,0.23072758661419357,0.006976473844588327,0.4011195713020026,4.594692707061768,,,,,,,,,,,,
172.0,16.0,-0.14799788951873777,0.0,0.8398466960423667,0.3076923076923077,0.0,nan,0.040214592274678114,13.0,64.0,0.07578730396926403,0.19496287545189261,0.007122491631889716,0.31542155662825166,4.594692707061768,,,,,,,,,,,,
173.0,200.0,-1.024795663356782,0.0,0.7824145628161737,0.5555555555555556,0.0,nan,0.040157367668097285,108.0,800.0,0.0363274987321347,0.23472313357888197,0.024922249259361706,0.38836343067698387,4.594692707061768,,,,,,,,,,,,
174.0,53.0,0.11973712563514705,0.0,0.7467638698725574,0.43902439024390244,0.0,nan,0.040100143061516456,41.0,212.0,0.04708757344633341,0.17996545177049725,0.019237846808226884,0.22380424665736195,4.594692707061768,,,,,,,,,,,,
175.0,200.0,-0.4354810833930971,0.0,0.6611486698097614,0.6347826086956522,0.0,nan,0.04004291845493563,115.0,800.0,0.04098583059385419,0.2145552573238092,0.030431752561582925,0.3297732333635075,4.594692707061768,,,,,,,,,,,,
176.0,200.0,-0.33947277963161554,0.0,0.8313363280157489,0.49107142857142855,0.0,nan,0.03998569384835479,112.0,800.0,0.05732197128236294,0.20036021780470037,0.01375553380466954,0.3523105313998123,4.594692707061768,,,,,,,,,,,,
177.0,129.0,-1.2935116910934452,0.0,0.7698103328320006,0.5441176470588235,0.0,nan,0.03992846924177396,68.0,516.0,0.03745597833767533,0.2918884882965358,0.013554647518958518,0.5265941423166876,4.594692707061768,,,,,,,,,,,,
178.0,71.0,0.1801427030563355,0.0,0.8349263733418829,0.40476190476190477,0.0,nan,0.039871244635193134,42.0,284.0,0.45562031120061874,0.2103017062163417,-0.0006556819066645403,0.31281470848703635,4.594692707061768,,,,,,,,,,,,
179.0,67.0,0.27641321301460264,0.0,0.7983004893119252,0.42857142857142855,0.0,nan,0.039814020028612306,42.0,268.0,0.035225968807935715,0.2649993958880259,0.031484026832913514,0.40097172179962426,4.594692707061768,,,,,,,,,,,,
180.0,200.0,-0.7702506661415108,0.0,0.8455000045388732,0.3684210526315789,0.0,0.0,0.03975679542203148,114.0,800.0,0.01121492637321353,0.26342292597837513,0.019532144327740752,0.44559818409731594,4.594692707061768,1.0,0.0,0.0,0.5,0.0,-0.039737120270729065,3.50462007522583,3.1001410451717675,29.0,1.0,30.0,-0.4368282794952393
181.0,110.0,-0.5965055584907534,0.0,0.704804062426171,0.5714285714285714,0.0,nan,0.03969957081545065,56.0,440.0,0.04039858840405941,0.22527139651901962,-0.006009562954204739,0.4465382779528499,4.594692707061768,,,,,,,,,,,,
182.0,47.0,-0.576274938583374,0.0,0.8863213730518655,0.40625,0.0,nan,0.03964234620886982,32.0,188.0,0.04329161625355482,0.18820411486655197,0.031647336613535484,0.2657494171113815,4.594692707061768,,,,,,,,,,,,
183.0,87.0,-0.1493208897113799,0.0,0.8954502163611014,0.3793103448275862,0.0,nan,0.03958512160228898,58.0,348.0,0.008472986984997988,0.1683776166601092,0.03854577414932692,0.22170114004231967,4.594692707061768,,,,,,,,,,,,
184.0,67.0,0.07389683008193965,0.0,0.6803549567808668,0.46808510638297873,0.0,nan,0.039527896995708155,47.0,268.0,0.06247461307793856,0.2129135144959946,0.017239674517441017,0.3691310768033551,4.594692707061768,,,,,,,,,,,,
185.0,160.0,-0.7927841603755954,0.0,0.7937141432640551,0.422680412371134,0.0,nan,0.039470672389127326,97.0,640.0,0.04456206830218434,0.23698357978537388,0.006564172348589636,0.41823881407225516,4.594692707061768,,,,,,,,,,,,
186.0,169.0,-0.5167110466957094,0.0,0.7536960519295052,0.42105263157894735,0.0,nan,0.0394134477825465,114.0,676.0,0.004472402622923255,0.2509807159981392,0.02344381121929473,0.3935169676055672,4.594692707061768,,,,,,,,,,,,
187.0,200.0,-0.6264711022377014,0.0,0.7589199089662967,0.4838709677419355,0.0,nan,0.03935622317596567,124.0,800.0,0.003996672574430704,0.21076523965530214,0.002747057480064541,0.3853905579421997,4.594692707061768,,,,,,,,,,,,
188.0,103.0,0.028568203449249152,0.0,0.8759522460770678,0.3448275862068966,0.0,nan,0.03929899856938484,58.0,412.0,0.0357487415894866,0.2283872932785016,0.03597240894941933,0.3380233305364584,4.594692707061768,,,,,,,,,,,,
189.0,97.0,0.633688073158264,0.0,0.8857965208539454,0.41509433962264153,0.0,nan,0.03924177396280401,53.0,388.0,0.14012900739908218,0.22293311661815096,0.03557301792261569,0.31513817107096465,4.594692707061768,,,,,,,,,,,,
190.0,183.0,-0.40494292259216325,0.0,0.8336405373052062,0.415929203539823,0.0,0.0,0.039184549356223175,113.0,732.0,-0.004385944921523333,0.2382933744274851,0.014049855904886499,0.39472931527061106,4.594692707061768,1.0,0.0,0.0,0.5,0.0,-0.1281777322292328,3.8871617317199707,3.6685411538928747,28.0,1.0,31.0,-0.44397517204284664
191.0,115.0,0.5682330369949342,0.0,0.9453813924770263,0.3333333333333333,0.0,nan,0.03912732474964235,66.0,460.0,0.2582311467267573,0.2066787107323762,0.020226902792273904,0.2903900286229779,4.594692707061768,,,,,,,,,,,,
192.0,91.0,-0.0741491711139681,0.0,0.9126085724233316,0.3469387755102041,0.0,nan,0.03907010014306152,49.0,364.0,0.08225301466882229,0.22205725168225854,0.01658057155032111,0.33317749424113363,4.594692707061768,,,,,,,,,,,,
193.0,68.0,-0.5052316474914553,0.0,0.8004475984727077,0.42857142857142855,0.0,nan,0.03901287553648069,42.0,272.0,0.10212364606559277,0.2683851389992924,0.006526535068587691,0.39765227537202463,4.594692707061768,,,,,,,,,,,,
194.0,52.0,-0.242736406326294,0.0,0.5664452161928042,0.5277777777777778,0.0,nan,0.03895565092989986,36.0,208.0,0.023040645755827427,0.2529538467239875,0.02032726708379274,0.38332405990236507,4.594692707061768,,,,,,,,,,,,
195.0,121.0,0.09453674793243395,0.0,0.8671072347777711,0.36363636363636365,0.0,nan,0.03889842632331903,66.0,484.0,-0.1364058491308242,0.23995338457552862,0.02527668771926983,0.34310283630807525,4.594692707061768,,,,,,,,,,,,
196.0,180.0,-1.2041587352752692,0.0,0.6181629340831901,0.5416666666666666,0.0,nan,0.0388412017167382,120.0,720.0,0.008047104347497225,0.21177719457909916,0.011001649395069535,0.3568189964025388,4.594692707061768,,,,,,,,,,,,
197.0,121.0,-0.4304955548048025,0.0,0.8657751797499142,0.40298507462686567,0.0,nan,0.03878397711015737,67.0,484.0,0.3552116244100034,0.2736884281166567,0.010053268357296474,0.44670440752389595,4.594692707061768,,,,,,,,,,,,
198.0,150.0,-0.31056771278381423,0.0,0.9105899727973206,0.3372093023255814,0.0,nan,0.038726752503576545,86.0,600.0,-0.0026756301522254944,0.22745521235037813,0.008080244497477906,0.39640826386831474,4.594692707061768,,,,,,,,,,,,
199.0,70.0,-0.1848194241523745,0.0,0.7993504159144535,0.3958333333333333,0.0,nan,0.03866952789699571,48.0,280.0,-0.025005990639328957,0.24080994798714528,0.000582823832246504,0.4159504282438018,4.594692707061768,,,,,,,,,,,,
200.0,36.0,-0.3316163396835327,0.0,0.820256361844869,0.41379310344827586,0.0,0.0,0.03861230329041488,29.0,144.0,0.013369775842875242,0.180572054348886,0.019357846592255454,0.2727992098757465,4.594692707061768,1.0,0.0,0.0,0.25,0.0,0.7737268209457397,1.7687876224517822,21.60165547579527,114.0,1.0,177.0,-0.8332732510566716
201.0,131.0,-1.1232765114307406,0.0,0.8537806108497208,0.3815789473684211,0.0,nan,0.03855507868383405,76.0,524.0,0.07638296135701239,0.2628411617479287,0.031235101126185327,0.4312863452802972,4.594692707061768,,,,,,,,,,,,
202.0,39.0,-0.08318081140518188,0.0,0.7969890254371903,0.4838709677419355,0.0,nan,0.03849785407725322,31.0,156.0,0.006001518573611975,0.2080912003050635,0.010531765437031609,0.27351709044275235,4.594692707061768,,,,,,,,,,,,
203.0,55.0,-0.49054323434829716,0.0,0.9563105543754019,0.3225806451612903,0.0,nan,0.038440629470672394,31.0,220.0,0.006801723502576351,0.24065014424373987,0.03416867574335563,0.36187873758873884,4.594692707061768,,,,,,,,,,,,
204.0,39.0,-0.1585035109519958,0.0,0.800850459198715,0.4782608695652174,0.0,nan,0.03838340486409156,23.0,156.0,0.047343590296804905,0.18049580761446402,0.022749897931368113,0.2284508375743144,4.594692707061768,,,,,,,,,,,,
205.0,196.0,-1.3806921428442014,0.0,0.6572115376364001,0.584070796460177,0.0,nan,0.03832618025751073,113.0,784.0,0.09430070547387004,0.1789891816765703,0.00016914911361709528,0.32726746833285847,4.594692707061768,,,,,,,,,,,,
206.0,200.0,-1.2967271447181703,0.0,0.8051746013543134,0.46956521739130436,0.0,nan,0.0382689556509299,115.0,800.0,0.025650301482528448,0.22727746511964142,-0.0016259788999377633,0.4261411052558288,4.594692707061768,,,,,,,,,,,,
207.0,200.0,-0.6061515331268315,0.0,0.8123659504787918,0.4672131147540984,0.0,nan,0.03821173104434907,122.0,800.0,0.1154829072766006,0.22788077737732237,0.05048520482068852,0.3279377854943697,4.594692707061768,,,,,,,,,,,,
208.0,70.0,-0.4054981470108032,0.0,0.8913246529160059,0.34210526315789475,0.0,nan,0.03815450643776824,38.0,280.0,0.022296014707535505,0.2812604345199361,0.04580295092864617,0.39174446016750175,4.594692707061768,,,,,,,,,,,,
209.0,128.0,-0.987073569297791,0.0,0.8862878939108184,0.37333333333333335,0.0,nan,0.038097281831187414,75.0,512.0,0.12427818938158453,0.23768014932488768,0.0022551580555045803,0.4093682271978203,4.594692707061768,,,,,,,,,,,,
210.0,77.0,-0.4566974592208864,0.0,0.8874267031886931,0.4146341463414634,0.0,0.0,0.038040057224606585,41.0,308.0,0.0307804886251688,0.1918897501000174,0.008512609319041076,0.30391779945631336,4.594692707061768,1.0,0.0,0.0,0.0,0.0,0.9217078685760498,0.8116838932037354,22.738289635628462,124.0,1.0,200.0,-0.6733154296874997
211.0,200.0,-1.502314150333405,0.0,0.758192330199691,0.4918032786885246,0.0,nan,0.03798283261802575,122.0,800.0,0.07362128654494882,0.2116557290773926,0.003284995636477106,0.3561340971882263,4.594692707061768,,,,,,,,,,,,
212.0,34.0,-0.3716126585006714,0.0,0.7521487526895181,0.5238095238095238,0.0,nan,0.03792560801144493,21.0,136.0,0.12308009527623653,0.16927919385644224,0.04120846968806505,0.22848697253276196,4.594692707061768,,,,,,,,,,,,
213.0,28.0,-0.2237572240829467,0.0,0.6519450169154423,0.6785714285714286,0.0,nan,0.03786838340486409,28.0,112.0,-0.008215486072003841,0.3411369052482769,0.07822946617047169,0.1937270004545683,4.594692707061768,,,,,,,,,,,,
214.0,50.0,-0.284433937072754,0.0,0.9687668687740195,0.3225806451612903,0.0,nan,0.03781115879828326,31.0,200.0,0.08229262940585613,0.18916263189865276,0.013348327681887895,0.2998065052336028,4.594692707061768,,,,,,,,,,,,
215.0,48.0,-0.8842059779167176,0.0,0.8986548071518169,0.32142857142857145,0.0,nan,0.037753934191702435,28.0,192.0,0.04329457925632596,0.28825305383603944,0.03967230527753903,0.4121845069169317,4.594692707061768,,,,,,,,,,,,
216.0,17.0,-0.45112779855728147,0.0,0.7683956169160717,0.4166666666666667,0.0,nan,0.037696709585121606,12.0,68.0,0.014097395818680525,0.1920513061888735,-0.021112586070290384,0.40823335612832823,4.594692707061768,,,,,,,,,,,,
217.0,102.0,0.2495524960756299,0.0,0.5747483394480728,0.5487804878048781,0.0,nan,0.03763948497854078,82.0,408.0,-0.016826677601784468,0.2707730479592101,0.003636734662904928,0.4249013195221014,4.594692707061768,,,,,,,,,,,,
218.0,35.0,-0.329446268081665,0.0,0.7290831799548754,0.48,0.0,nan,0.03758226037195995,25.0,140.0,0.08270919881761074,0.20970858588615165,0.027427934041978526,0.229460775484329,4.594692707061768,,,,,,,,,,,,
219.0,166.0,-0.4093023753166209,0.0,0.8328940709700893,0.4,0.0,nan,0.03752503576537912,100.0,664.0,0.07322713849134743,0.19244400461775513,0.012270339562746813,0.3390578376105875,4.594692707061768,,,,,,,,,,,,
220.0,200.0,-1.4229401648044584,0.0,0.7543772635671386,0.5087719298245614,0.0,0.0,0.037467811158798284,114.0,800.0,0.019880435429513454,0.21252682627118702,0.018093006259846334,0.2943204425761117,4.594692707061768,1.0,0.0,0.0,0.0,0.0,0.34220120310783386,1.3295888900756836,24.725893349852413,131.0,1.0,200.0,-0.40750867724418716
221.0,188.0,-1.5844805765151981,0.0,0.8115489705545669,0.47572815533980584,0.0,nan,0.037410586552217455,103.0,752.0,0.0522828062530607,0.20179291902195473,0.018377528156179324,0.31830405570764064,4.594692707061768,,,,,,,,,,,,
222.0,98.0,-1.3906174230575568,0.0,0.8483012901902047,0.38235294117647056,0.0,nan,0.037353361945636626,68.0,392.0,-0.12752625835128129,0.2285060140297901,0.03462961493914918,0.32232253694014723,4.594692707061768,,,,,,,,,,,,
223.0,85.0,-0.020648956298828215,0.0,0.8797614612668265,0.375,0.0,nan,0.0372961373390558,48.0,340.0,0.06358769629150629,0.14811702323913778,0.01069553828710923,0.24176457388426353,4.591933130286634,,,,,,,,,,,,
224.0,31.0,-0.40850011765956884,0.0,0.87862879970733,0.4,0.0,nan,0.03723891273247497,25.0,124.0,0.019571345765143633,0.1666175475608813,-0.0015138683703562787,0.2468245470225215,4.585228393154759,,,,,,,,,,,,
225.0,27.0,-0.6258182597160339,0.0,0.651422460853302,0.6333333333333333,0.0,nan,0.03718168812589413,30.0,108.0,0.06508208345621824,0.22915592750413688,0.011939683501690591,0.2490753015374678,4.594692707061768,,,,,,,,,,,,
226.0,14.0,-0.3020435714721679,0.0,0.5593605262787413,0.625,0.0,nan,0.03712446351931331,16.0,56.0,0.1440957821905613,0.15693900985310652,0.0022655600582116415,0.11034039962650866,4.594692707061768,,,,,,,,,,,,
227.0,71.0,-0.24115003108978278,0.0,0.8373816091105327,0.37209302325581395,0.0,nan,0.037067238912732475,43.0,284.0,0.018537782598286867,0.24931110110082955,0.01599471882764192,0.35499810986146096,4.591279589571059,,,,,,,,,,,,
228.0,70.0,-0.44940631389617935,0.0,0.8570024596932326,0.4,0.0,nan,0.037010014306151647,45.0,280.0,0.10293037630617619,0.21769555563423637,0.02221218911017786,0.2880072889743196,4.594692707061768,,,,,,,,,,,,
229.0,175.0,-0.45219830274582007,0.0,0.871694099307914,0.45544554455445546,0.0,nan,0.03695278969957082,101.0,700.0,0.019708544947206974,0.20483917934870988,0.02740832568360929,0.30633004998271396,4.5830067321658134,,,,,,,,,,,,
230.0,200.0,-0.1722594976425174,0.0,0.8830010866454077,0.3888888888888889,0.0,0.0,0.03689556509298999,108.0,800.0,0.02748995111323893,0.251882604932689,0.025284767123594065,0.3800817043526803,4.594692707061768,1.0,0.0,0.0,0.25,0.0,1.2589421272277832,0.5950040817260742,17.125598377082497,73.0,1.0,122.0,0.02684922695159886
231.0,140.0,0.6014626026153566,0.0,0.9326643555640595,0.33783783783783783,0.0,nan,0.03683834048640916,74.0,560.0,0.07064376305788755,0.2389045317140699,0.030687918113471824,0.3220313427731085,4.592983055859804,,,,,,,,,,,,
232.0,15.0,-0.2898800134658813,0.0,0.8312595926393666,0.4666666666666667,0.0,nan,0.036781115879828324,15.0,60.0,0.08319118805229664,0.2099263117959102,0.034336776162187256,0.2770445503742394,4.594692707061768,,,,,,,,,,,,
233.0,63.0,-0.45552065849304224,0.0,0.8862997449341979,0.3888888888888889,0.0,nan,0.036723891273247496,36.0,252.0,0.11355772241950035,0.23055981620968347,0.03731128629916052,0.3479752402625668,4.594692707061768,,,,,,,,,,,,
234.0,139.0,-0.4685172700881964,0.0,0.8613903010994959,0.4578313253012048,0.0,nan,0.03666666666666667,83.0,556.0,0.17920603649690747,0.21205461838690098,0.019076881755609065,0.31444230550935126,4.594692707061768,,,,,,,,,,,,
235.0,93.0,-0.04312049478292477,0.0,0.7839548995799255,0.4117647058823529,0.0,nan,0.03660944206008584,51.0,372.0,0.07618800364434719,0.2054328419999365,0.007986349435668672,0.3570084045903892,4.594692707061768,,,,,,,,,,,,
236.0,61.0,0.04318158268928529,0.0,0.7903151216210197,0.3902439024390244,0.0,nan,0.03655221745350501,41.0,244.0,0.08182762004435062,0.1643561209945846,0.0041566833364204735,0.23827533635660764,4.594692707061768,,,,,,,,,,,,
237.0,17.0,-0.3015023899078369,0.0,0.739799097501316,0.5,0.0,nan,0.03649499284692418,18.0,68.0,0.09628831222653389,0.08600030175533474,-0.0178530430284274,0.13070707680515592,4.594692707061768,,,,,,,,,,,,
238.0,190.0,-1.7391477346420285,0.0,0.7394180130307686,0.5825242718446602,0.0,nan,0.03643776824034335,103.0,760.0,0.09883043961599469,0.23237917157484844,0.022892172382626086,0.35796605151268013,4.594692707061768,,,,,,,,,,,,
239.0,200.0,-1.1946565210819242,0.0,0.8497027477737278,0.48148148148148145,0.0,nan,0.03638054363376252,108.0,800.0,0.08961361879482865,0.23946445122101068,0.03834257691869425,0.36847319094718767,4.592208436690271,,,,,,,,,,,,
240.0,41.0,-0.4215448236465454,0.0,0.5053276369022722,0.4838709677419355,0.0,0.0,0.036323319027181694,31.0,164.0,0.03221227368339896,0.17843950276331202,-0.005386687065588265,0.304633942187442,4.594692707061768,1.0,0.0,0.0,0.25,0.0,0.8674091100692749,1.2368971109390259,21.4455376281403,110.0,1.0,170.0,0.08133886456489497
241.0,200.0,-0.36275682449340874,0.0,0.7906150265814174,0.5042016806722689,0.0,nan,0.03626609442060086,119.0,800.0,0.04826737567782402,0.21543400062546425,0.033021752189597464,0.2784666711861965,4.5937883304432034,,,,,,,,,,,,
242.0,176.0,-1.3256299650669099,0.0,0.8575565691051208,0.4,0.0,nan,0.03620886981402003,115.0,704.0,0.029245300451293588,0.16716633823853044,0.03018835122929886,0.23373144745425714,4.594692707061768,,,,,,,,,,,,
243.0,200.0,-1.0152600288391118,0.0,0.9053776705083241,0.3577981651376147,0.0,nan,0.0361516452074392,109.0,800.0,0.006444071419537067,0.315438262443422,0.08315521050553798,0.3972070245389996,4.59435049071908,,,,,,,,,,,,
244.0,43.0,-0.11960304260253907,0.0,0.9362386982842156,0.34615384615384615,0.0,nan,0.03609442060085837,26.0,172.0,0.1932026743888855,0.2400358473248563,0.034342462753979924,0.3119631992859781,4.594692707061768,,,,,,,,,,,,
245.0,179.0,-1.1083009862899784,0.0,0.8072157919936416,0.47,0.0,nan,0.03603719599427754,100.0,716.0,0.007723336340859532,0.23368645447499148,0.034716286245384254,0.35985613583927056,4.594692707061768,,,,,,,,,,,,
246.0,81.0,-0.06521196126937882,0.0,0.9341963225425494,0.32653061224489793,0.0,nan,0.035979971387696714,49.0,324.0,0.0975929033011198,0.168068913812931,0.015208179586807091,0.22023645995895447,4.594692707061768,,,,,,,,,,,,
247.0,200.0,0.20359961837530052,0.0,0.8531214717431317,0.42857142857142855,0.0,nan,0.035922746781115886,105.0,800.0,0.08552824193611741,0.146376493154321,0.017444545980652038,0.23390692391883938,4.594692707061768,,,,,,,,,,,,
248.0,93.0,-0.8791057693958284,0.0,0.92670551287105,0.2708333333333333,0.0,nan,0.03586552217453505,48.0,372.0,0.1399262249469757,0.2077731269796459,0.0398749341866278,0.29834548615971107,4.594692707061768,,,,,,,,,,,,
249.0,200.0,-1.1654027342796334,0.0,0.8993323894135403,0.3125,0.0,nan,0.03580829756795422,112.0,800.0,0.015229743206873536,0.17178017575952254,0.04117930359871025,0.24273214559630812,4.594692707061768,,,,,,,,,,,,
250.0,62.0,-0.09774032652378079,0.0,0.891345984758089,0.4117647058823529,0.0,0.0,0.03575107296137339,34.0,248.0,0.04685691837221384,0.13608676214672386,0.02011299300272273,0.20215988011784702,4.594692707061768,1.0,0.0,0.0,0.5,0.0,-0.015079721808433533,1.8556225299835205,6.515249724499881,34.0,1.0,55.0,-0.39829201698303224
251.0,35.0,-0.2329268693923951,0.0,0.6813406656504575,0.36363636363636365,0.0,nan,0.035693848354792564,22.0,140.0,0.059058587066829205,0.22915954099901553,0.020931177167221905,0.38222108078527006,4.594692707061768,,,,,,,,,,,,
252.0,24.0,-0.24322062969207764,0.0,0.6856371801078024,0.5217391304347826,0.0,nan,0.035636623748211735,23.0,96.0,-0.018474498763680458,0.2472751136907997,0.017322657091426663,0.3397578529111816,4.594692707061768,,,,,,,,,,,,
253.0,82.0,-0.6021532964706421,0.0,0.7907977545481502,0.47058823529411764,0.0,nan,0.0355793991416309,51.0,328.0,0.0562461419031024,0.18446927952936676,0.022262017122557154,0.29228995556810844,4.594692707061768,,,,,,,,,,,,
254.0,146.0,-0.7207876420021047,0.0,0.8586907861114359,0.3924050632911392,0.0,nan,0.03552217453505008,79.0,584.0,0.02344380784779787,0.19666552740955012,0.029393182526746386,0.311544286706507,4.594692707061768,,,,,,,,,,,,
255.0,200.0,-0.9693763673305517,0.0,0.8952176400272785,0.3838383838383838,0.0,nan,0.03546494992846924,99.0,800.0,0.06359441997483373,0.21602726357878055,0.07212276647851468,0.22424288115124064,4.594692707061768,,,,,,,,,,,,
256.0,138.0,-0.9138259100914004,0.0,0.936529937183767,0.3488372093023256,0.0,nan,0.03540772532188841,86.0,552.0,0.06153990235179663,0.14637105764359148,0.03290290856421052,0.20026413244912628,4.594692707061768,,,,,,,,,,,,
257.0,93.0,-0.42928308725357045,0.0,0.917074852790588,0.2982456140350877,0.0,nan,0.035350500715307584,57.0,372.0,0.01738327881321311,0.24996980354944753,0.052511880833549185,0.307167169126469,4.594692707061768,,,,,,,,,,,,
258.0,26.0,-0.12441470384597775,0.0,0.5512746100613503,0.7142857142857143,0.0,nan,0.035293276108726755,21.0,104.0,0.06860947050154209,0.18985304541778392,0.012250963150738524,0.2915942689139902,4.594692707061768,,,,,,,,,,,,
259.0,66.0,-0.2133275485038758,0.0,0.9024310616828013,0.39473684210526316,0.0,nan,0.035236051502145926,38.0,264.0,-0.005129711236804724,0.17174052981874866,0.024368520215261924,0.22285475664734805,4.594692707061768,,,,,,,,,,,,
260.0,35.0,-0.02436965703964239,0.0,0.7488426134422195,0.55,0.0,0.0,0.0351788268955651,20.0,140.0,0.05911201797425747,0.21345838205888867,-0.0018762257382539766,0.3714426077179139,4.594692707061768,1.0,0.0,0.0,0.25,0.0,1.6439334154129028,1.1273014545440674,8.528954037465155,40.0,1.0,60.0,0.16086275577545134
261.0,94.0,0.5847767329216,0.0,0.8688609640312501,0.42857142857142855,0.0,nan,0.03512160228898427,49.0,376.0,0.13278713449835777,0.205735259075027,0.024088463957014028,0.30181547521457786,4.594692707061768,,,,,,,,,,,,
262.0,137.0,-0.36746396243572216,0.0,0.8349751106755311,0.3670886075949367,0.0,nan,0.03506437768240343,79.0,548.0,0.1867089227307588,0.17149961744144093,0.020116911397053627,0.27831076875752636,4.594692707061768,,,,,,,,,,,,
263.0,56.0,-0.2742266392707824,0.0,0.7823701214785006,0.525,0.0,nan,0.035007153075822604,40.0,224.0,0.0024089301005005836,0.1710392887060672,0.04248034384259621,0.22813639319513918,4.594692707061768,,,,,,,,,,,,
264.0,97.0,0.11961862325668332,0.0,0.8488552514643006,0.46296296296296297,0.0,nan,0.034949928469241776,54.0,388.0,0.15285858884453773,0.14284016462715954,0.020559317381867004,0.1966819570086733,4.594692707061768,,,,,,,,,,,,
265.0,159.0,-0.8481388235092168,0.0,0.8972957169768755,0.38823529411764707,0.0,nan,0.03489270386266095,85.0,636.0,0.13249535951763391,0.1566212246707437,0.0047057004858288565,0.2601695554540553,4.594692707061768,,,,,,,,,,,,
266.0,34.0,-0.11625970244407652,0.0,0.6065410057993861,0.5,0.0,nan,0.03483547925608012,24.0,136.0,0.0964299738407135,0.15855406375382752,0.03983635875492302,0.19887332026185417,4.594692707061768,,,,,,,,,,,,
267.0,168.0,-1.2522742915153504,0.0,0.9014229840065818,0.43956043956043955,0.0,nan,0.03477825464949929,91.0,672.0,0.3954032070469111,0.15354802498359277,0.024743859943555435,0.2075920690416897,4.594692707061768,,,,,,,,,,,,
268.0,31.0,-0.20422059059143072,0.0,0.6941224387786349,0.625,0.0,nan,0.03472103004291846,24.0,124.0,0.015349159482866526,0.13001709418641705,0.0006034958848519431,0.21241458051969359,4.594692707061768,,,,,,,,,,,,
269.0,103.0,-0.27466682076454174,0.0,0.9313344485341902,0.39622641509433965,0.0,nan,0.034663805436337625,53.0,412.0,0.08267618156969547,0.24121713691238256,0.03267913320087246,0.35264376815519716,4.594692707061768,,,,,,,,,,,,
270.0,45.0,-0.24604361653327939,0.0,0.839424058921095,0.3333333333333333,0.0,0.0,0.034606580829756796,24.0,180.0,0.11708284355700016,0.23295571679947089,0.028067359775822195,0.3599311455738861,4.594692707061768,1.0,0.0,0.0,0.25,0.0,6.617578506469727,1.8013782501220703,8.533305209130049,32.0,1.0,53.0,0.2908553671836853
271.0,35.0,-0.40626385807991017,0.0,0.9663408161504418,0.2857142857142857,0.0,nan,0.03454935622317597,21.0,140.0,0.18134097009897232,0.17953442741418257,0.027034520169919623,0.26084878307769294,4.594692707061768,,,,,,,,,,,,
272.0,20.0,-0.36913691163063056,0.0,0.7217373231130866,0.5,0.0,nan,0.03449213161659514,18.0,80.0,0.07365244068205357,0.1366364525281824,0.013315040845191107,0.1812885802823306,4.594692707061768,,,,,,,,,,,,
273.0,14.0,-0.35528563499450677,0.0,0.5938097476583638,0.5714285714285714,0.0,nan,0.03443490701001431,14.0,56.0,-0.012561346869915724,0.09812149118183047,-0.019876009443708296,0.18719371003627394,4.594692707061768,,,,,,,,,,,,
274.0,46.0,-0.7410843229293825,0.0,0.9369317609452285,0.34615384615384615,0.0,nan,0.03437768240343348,26.0,184.0,0.012513117864727974,0.1715750487422591,0.034021544722592174,0.22727367444333693,4.594692707061768,,,,,,,,,,,,
275.0,113.0,-0.16182770013809228,0.0,0.9486709402915936,0.3050847457627119,0.0,nan,0.03432045779685265,59.0,452.0,0.05600449629127979,0.17005303353153067,0.03395742770817378,0.21748380198682993,4.594692707061768,,,,,,,,,,,,
276.0,22.0,-0.31964751005172726,0.0,0.7096391318272185,0.5,0.0,nan,0.034263233190271816,20.0,88.0,0.07577591389417648,0.22797697798391295,0.011050041182897985,0.39127732221738204,4.594692707061768,,,,,,,,,,,,
277.0,54.0,-0.1286696577072143,0.0,0.8869524400468244,0.36363636363636365,0.0,nan,0.034206008583690994,33.0,216.0,0.11475700326263905,0.2299568435873543,0.02829113903701202,0.329733522373503,4.594692707061768,,,,,,,,,,,,
278.0,52.0,-0.7622297835350036,0.0,0.9531053710335176,0.3448275862068966,0.0,nan,0.03414878397711016,29.0,208.0,0.03054313361644745,0.15289906112817475,0.006001107632003438,0.2395817704985699,4.594692707061768,,,,,,,,,,,,
279.0,37.0,-0.3222184282541275,0.0,0.9345195592052256,0.3333333333333333,0.0,nan,0.03409155937052933,21.0,148.0,0.055565036833286285,0.22048365108738024,0.03496031541018621,0.33374455974213435,4.594692707061768,,,,,,,,,,,,
280.0,46.0,0.31099313735961925,0.0,0.7618496300835037,0.4838709677419355,0.0,0.0,0.0340343347639485,31.0,184.0,0.028451472520828247,0.2109797924438127,0.020403948739049552,0.29710996022610975,4.594692707061768,1.0,0.0,0.0,0.25,0.0,7.4495086669921875,1.2352070808410645,6.420913717709482,26.0,1.0,44.0,-0.034384777545928946
281.0,62.0,-0.5833577346801758,0.0,0.9401127978269771,0.2894736842105263,0.0,nan,0.033977110157367665,38.0,248.0,0.015303535386919975,0.21513564771861815,0.023012038335324295,0.3272694104420286,4.594692707061768,,,,,,,,,,,,
282.0,57.0,-0.9267706465721133,0.0,0.9293514760472138,0.34375,0.0,nan,0.033919885550786844,32.0,228.0,0.026716497726738453,0.1529815407335072,0.0121015122184824,0.2265343838756182,4.594692707061768,,,,,,,,,,,,
283.0,11.0,-0.3458030200004577,0.0,0.6397594243321503,0.5,0.0,nan,0.03386266094420601,10.0,44.0,0.15591617301106453,0.1696661994660231,0.061158880205105313,0.19329290473898586,4.594692707061768,,,,,,,,,,,,
284.0,23.0,-0.2768549489974976,0.0,0.7333644362196192,0.5,0.0,nan,0.033805436337625186,16.0,92.0,0.07367363758385181,0.1605573949371161,0.020004721140772428,0.23372279252417566,4.594692707061768,,,,,,,,,,,,
285.0,15.0,-0.49365069866180417,0.0,0.799072435347308,0.3333333333333333,0.0,nan,0.03374821173104435,12.0,60.0,0.13494819030165672,0.16086299476058533,-0.010392067581415176,0.2788955436745406,4.594692707061768,,,,,,,,,,,,
286.0,22.0,-0.595120210647583,0.0,0.846536228395619,0.3333333333333333,0.0,nan,0.03369098712446352,15.0,88.0,0.11200572736561298,0.178499373332174,0.008300350433935157,0.2573227693404412,4.594692707061768,,,,,,,,,,,,
287.0,105.0,-1.3143952369689944,0.0,0.8979050817852706,0.42592592592592593,0.0,nan,0.03363376251788269,54.0,420.0,0.14304133877158165,0.18326402076309023,0.029559081618572236,0.23763982741105671,4.594692707061768,,,,,,,,,,,,
288.0,46.0,-0.2503320670127869,0.0,0.8697380138302299,0.4230769230769231,0.0,nan,0.033576537911301864,26.0,184.0,0.05936083383858204,0.18547794951945948,0.009126724925843755,0.2820291627544943,4.594692707061768,,,,,,,,,,,,
289.0,63.0,0.5063135933876036,0.0,0.6938360884262275,0.6153846153846154,0.0,nan,0.033519313304721035,39.0,252.0,0.1588367447257042,0.19492259769818732,0.035591404375967584,0.18873512110168295,4.594692707061768,,,,,,,,,,,,
290.0,18.0,-0.16699231147766114,0.0,0.6230373340680784,0.5294117647058824,0.0,0.0,0.0334620886981402,17.0,72.0,0.06806487031280994,0.1779601459339675,0.007651642301223344,0.29017477159242033,4.594692707061768,1.0,0.0,0.0,0.25,0.0,26.766231536865234,1.9404544830322266,7.399369412334636,25.0,1.0,45.0,0.18671691417694097
291.0,24.0,0.05741033315658575,0.0,0.5324826644951509,0.5263157894736842,0.0,nan,0.03340486409155937,19.0,96.0,0.017267113085836172,0.22968596256881332,0.0001208270841743797,0.39377171731793287,4.594692707061768,,,,,,,,,,,,
292.0,120.0,-0.9735739052295691,0.0,0.9508070872557501,0.2833333333333333,0.0,nan,0.03334763948497854,60.0,480.0,0.14074960350990295,0.1639030357946467,0.047972467000363395,0.1914814793701518,4.594692707061768,,,,,,,,,,,,
293.0,95.0,-1.0849722623825078,0.0,0.8631452154553129,0.3191489361702128,0.0,nan,0.03329041487839771,47.0,380.0,0.06200065463781357,0.15272733688561857,0.03170004222101852,0.2030981180914423,4.594692707061768,,,,,,,,,,,,
294.0,97.0,-0.09226339578628578,0.0,0.9046299450019731,0.34615384615384615,0.0,nan,0.033233190271816884,52.0,388.0,0.03402158245444298,0.1754485913688768,0.0317039899455267,0.22261820271408084,4.594692707061768,,,,,,,,,,,,
295.0,58.0,0.09752857804298407,0.0,0.759927245953555,0.42105263157894735,0.0,nan,0.03317596566523605,38.0,232.0,0.05359140783548355,0.23010613463602253,0.021583262933588764,0.304123762558824,4.594692707061768,,,,,,,,,,,,
296.0,69.0,0.49924831002950654,0.0,0.7230468611965224,0.525,0.0,nan,0.03311874105865523,40.0,276.0,-0.00926879420876503,0.15323847353829478,0.02195055079755548,0.1763570033768927,4.594692707061768,,,,,,,,,,,,
297.0,200.0,-0.5495551407337191,0.0,0.8774308093814538,0.44565217391304346,0.0,nan,0.03306151645207439,92.0,800.0,0.04053591238334775,0.12109293284402156,0.021786309326444098,0.15128590693652655,4.594692707061768,,,,,,,,,,,,
298.0,109.0,0.07511459350585892,0.0,0.9270633397082151,0.288135593220339,0.0,nan,0.03300429184549357,59.0,436.0,0.09126738458871841,0.16673090571089233,0.041054029223232646,0.20415441662519845,4.594692707061768,,,,,,,,,,,,
299.0,67.0,0.16501379489898682,0.0,0.8614630367554876,0.42857142857142855,0.0,nan,0.03294706723891273,35.0,268.0,0.0549741555005312,0.12064827328617866,0.03459831435424121,0.13391591684050042,4.594692707061768,,,,,,,,,,,,
300.0,37.0,-0.023804272413253794,0.0,0.6639694355807729,0.4782608695652174,0.0,0.0,0.032889842632331905,23.0,148.0,0.13259714469313622,0.20776748316790405,0.02276787528063397,0.32578998376243207,4.594692707061768,1.0,0.0,0.0,0.25,0.0,0.7361226081848145,0.6366021633148193,22.172654170310125,85.0,1.0,166.0,-0.020531711578369416
301.0,31.0,-0.07288690567016595,0.0,0.7954109876053125,0.4782608695652174,0.0,nan,0.032832618025751076,23.0,124.0,0.033295202534645796,0.13731273106719938,0.01371571833583256,0.19299351150354413,4.594692707061768,,,,,,,,,,,,
302.0,200.0,-1.0189321041107176,0.0,0.946608862223559,0.3402061855670103,0.0,nan,0.03277539341917024,97.0,800.0,0.04938009404577315,0.1769788843648712,0.06608227420292678,0.17645553250705093,4.594692707061768,,,,,,,,,,,,
303.0,66.0,-0.3093493199348449,0.0,0.7866087140590782,0.4473684210526316,0.0,nan,0.03271816881258942,38.0,264.0,0.08367251977324486,0.16228347583091818,0.06888552638173451,0.1413977377414749,4.594692707061768,,,,,,,,,,,,
304.0,125.0,-0.7599766671657565,0.0,0.8450383331093452,0.40625,0.0,nan,0.03266094420600858,64.0,500.0,0.07366927526891232,0.15863170051306952,0.0277662828452776,0.2229171192960639,4.594692707061768,,,,,,,,,,,,
305.0,14.0,-0.29170792341232304,0.0,0.7658843850619537,0.5,0.0,nan,0.03260371959942776,14.0,56.0,0.15675507858395576,0.18518967409285583,0.06783787723231528,0.1988701453628181,4.594692707061768,,,,,,,,,,,,
306.0,200.0,-1.4587437629699713,0.0,0.9073972330299847,0.4105263157894737,0.0,nan,0.032546494992846925,95.0,800.0,0.030685006408020854,0.15461619953089212,0.044794807944640525,0.18687110214681857,4.594692707061768,,,,,,,,,,,,
307.0,200.0,-0.1414821505546572,0.0,0.9156970972538239,0.25961538461538464,0.0,nan,0.032489270386266096,104.0,800.0,0.026030642446130514,0.1692993538290466,0.021610412865811668,0.2657473068404953,4.594692707061768,,,,,,,,,,,,
308.0,45.0,-0.16644145250320452,0.0,0.8430729890196459,0.46875,0.0,nan,0.03243204577968527,32.0,180.0,-0.018754308577626944,0.12685322789847203,0.029539900669543488,0.13736997081742225,4.583457530869378,,,,,,,,,,,,
309.0,79.0,0.1291123902797698,0.0,0.9378054776438828,0.2619047619047619,0.0,nan,0.03237482117310444,42.0,316.0,0.027533425483852625,0.14351291934644905,0.022642305516455963,0.17001091013260894,4.594692707061768,,,,,,,,,,,,
310.0,91.0,0.291784908771515,0.0,0.7952648496732639,0.3829787234042553,0.0,0.0,0.03231759656652361,47.0,364.0,0.17063871026039124,0.10848000449732353,0.02287545208582742,0.11397174283657824,4.594692707061768,1.0,0.0,0.0,0.25,0.0,3.5562241077423096,0.8563265800476074,6.684360862243921,29.0,1.0,44.0,-0.10386283636093147
311.0,102.0,-0.3484289658069615,0.0,0.8785338433825016,0.32142857142857145,0.0,nan,0.032260371959942774,56.0,408.0,0.020777125842869282,0.17642029588887453,0.0512236157248509,0.18530302894607287,4.594692707061768,,,,,,,,,,,,
312.0,73.0,-0.2403410124778746,0.0,0.9013669879211137,0.2972972972972973,0.0,nan,0.03220314735336195,37.0,292.0,0.053498187102377415,0.1585889650041281,0.01711489793842702,0.20598806377164097,4.594692707061768,,,,,,,,,,,,
313.0,29.0,-0.286135026216507,0.0,0.8942091179376823,0.3684210526315789,0.0,nan,0.032145922746781116,19.0,116.0,0.0961783193051815,0.10575413539130561,0.02398354370259391,0.12503828410938495,4.594692707061768,,,,,,,,,,,,
314.0,133.0,-0.69298577785492,0.0,0.7724871086689511,0.4117647058823529,0.0,nan,0.03208869814020029,68.0,532.0,0.001364218071103096,0.11187626139872009,0.021569511501184024,0.13626237510279088,4.594692707061768,,,,,,,,,,,,
315.0,82.0,0.0967808532714843,0.0,0.9147676066763898,0.4,0.0,nan,0.03203147353361946,40.0,328.0,0.14748279377818108,0.11504005620008684,0.017607598665563273,0.1407447608949035,4.594692707061768,,,,,,,,,,,,
316.0,61.0,-0.30517412185668935,0.0,0.7149789066864409,0.47058823529411764,0.0,nan,0.03197424892703863,34.0,244.0,0.03423809725791216,0.2132932357618883,0.04447522738809177,0.18981153433772113,4.594692707061768,,,,,,,,,,,,
317.0,67.0,-0.5892720651626588,0.0,0.5994279474981085,0.6764705882352942,0.0,nan,0.0319170243204578,34.0,268.0,0.047430213540792465,0.1305196964890456,0.04010079692307045,0.13217647096766072,4.594692707061768,,,,,,,,,,,,
318.0,107.0,-0.007044137716293586,0.0,0.8849387289679573,0.2903225806451613,0.0,nan,0.031859799713876966,62.0,428.0,0.01918320683762431,0.11607448852737434,0.014070547751998674,0.15895795838902757,4.594692707061768,,,,,,,,,,,,
319.0,112.0,-0.4289439436793331,0.0,0.7355713189795722,0.46296296296296297,0.0,nan,0.031802575107296144,54.0,448.0,0.3016480877995491,0.12132959030486745,0.030334062344536505,0.13097456832091292,4.594692707061768,,,,,,,,,,,,
320.0,65.0,-0.6466092944145203,0.0,0.855224065497345,0.3939393939393939,0.0,0.0,0.03174535050071531,33.0,260.0,0.11865768767893314,0.1931344681797782,0.06640027844014185,0.17963252903969806,4.594692707061768,1.0,0.0,0.0,0.25,0.0,1.7872954607009888,0.5739624500274658,8.627277477644384,37.0,1.0,63.0,-0.24152427196502702
321.0,20.0,-0.061569857597351105,0.0,0.5273179514719127,0.6666666666666666,0.0,nan,0.03168812589413448,18.0,80.0,0.06948931887745857,0.15583042999787722,-0.003531624539755285,0.24698848058073963,4.594692707061768,,,,,,,,,,,,
322.0,52.0,0.4386918473243713,0.0,0.6804559867551772,0.5555555555555556,0.0,nan,0.03163090128755365,27.0,208.0,0.12835499458014965,0.11031739898540903,0.015422899640935402,0.0999549140604675,4.594692707061768,,,,,,,,,,,,
323.0,17.0,-0.5128581237792968,0.0,0.6601903664317358,0.5333333333333333,0.0,nan,0.031573676680972815,15.0,68.0,0.0527724688872695,0.12377049897194785,0.035869303940083176,0.1240277513065841,4.594692707061768,,,,,,,,,,,,
324.0,200.0,-1.7374793618917481,0.0,0.7960388696377381,0.42,0.0,nan,0.03151645207439199,100.0,800.0,0.10833741538226604,0.09604771923841326,0.0403325673614745,0.06958666260681134,4.594692707061768,,,,,,,,,,,,
325.0,23.0,-0.36681856393814083,0.0,0.768002829559937,0.5263157894736842,0.0,nan,0.03145922746781116,19.0,92.0,0.0674569820985198,0.135033580545417,0.04395203462437443,0.11878066689170845,4.594692707061768,,,,,,,,,,,,
326.0,200.0,-1.0945328176021585,0.0,0.7823858981533746,0.42105263157894735,0.0,nan,0.031402002861230335,95.0,800.0,0.04324019164778292,0.10990601541470824,0.04373883449807181,0.10254444600511725,4.594692707061768,,,,,,,,,,,,
327.0,55.0,-0.14964656829833975,0.0,0.8558798715036086,0.3,0.0,nan,0.0313447782546495,30.0,220.0,0.1214247103780508,0.15235572877996179,0.01841865623824891,0.18487500570562695,4.594692707061768,,,,,,,,,,,,
328.0,24.0,-0.021154736876487668,0.0,0.6802251880748612,0.375,0.0,nan,0.03128755364806867,16.0,96.0,0.11712339334189892,0.17303740857702601,0.02759502219547964,0.20197141092924653,4.594692707061768,,,,,,,,,,,,
329.0,66.0,-0.2367668604850769,0.0,0.8775805026205162,0.358974358974359,0.0,nan,0.031230329041487842,39.0,264.0,0.15836239978671074,0.15219610730309796,0.00904455568377216,0.17951927099445167,4.594692707061768,,,,,,,,,,,,
330.0,50.0,-0.37828564643859885,0.0,0.8685746877477388,0.35294117647058826,0.0,0.0,0.031173104434907013,34.0,200.0,0.13336094096302986,0.2292978149279952,0.042087942185025894,0.2811139359139429,4.594692707061768,1.0,0.0,0.0,0.25,0.0,3.796102523803711,0.7809396982192993,5.415047333110124,23.0,1.0,36.0,-0.17845877170562743
331.0,200.0,-0.7213556528091436,0.0,0.7065105357239242,0.4536082474226804,0.0,nan,0.031115879828326184,97.0,800.0,0.07789187924936414,0.13292488583556406,0.05823565244736528,0.09931251413061523,4.594692707061768,,,,,,,,,,,,
332.0,124.0,-0.6953688764572146,0.0,0.8087930891365581,0.3384615384615385,0.0,nan,0.031058655221745352,65.0,496.0,-0.3296131007373333,0.20156130058512645,0.0632747802205813,0.15906550886529056,4.594692707061768,,,,,,,,,,,,
333.0,37.0,-0.5041201543807983,0.0,0.6554587712785707,0.4,0.0,nan,0.031001430615164523,20.0,148.0,0.1140938401222229,0.10203622605115163,0.017749468068752716,0.11713688005875204,4.594692707061768,,,,,,,,,,,,
334.0,107.0,-0.4348621559143066,0.0,0.9252899081283676,0.37735849056603776,0.0,nan,0.03094420600858369,53.0,428.0,-0.004622789332643151,0.14738461798944513,0.06302473559330224,0.105818260487291,4.594692707061768,,,,,,,,,,,,
335.0,77.0,-0.4964792293310165,0.0,0.9577650452885483,0.3076923076923077,0.0,nan,0.030886981402002866,39.0,308.0,0.009913038462400436,0.15905729119640455,0.05369223045340732,0.14341691833823084,4.594692707061768,,,,,,,,,,,,
336.0,200.0,-0.2997525379061707,0.0,0.8307608126928815,0.38144329896907214,0.0,nan,0.030829756795422034,97.0,800.0,0.09699815884232521,0.11565315803545673,0.03425996378518903,0.12982342332880367,4.594692707061768,,,,,,,,,,,,
337.0,42.0,-0.16588908553123474,0.0,0.8122935851672807,0.4230769230769231,0.0,nan,0.030772532188841205,26.0,168.0,0.09902438521385193,0.12144059564473407,0.0416108287172392,0.10817303791105781,4.594692707061768,,,,,,,,,,,,
338.0,84.0,0.04301707506179789,0.0,0.8462843941488045,0.3829787234042553,0.0,nan,0.030715307582260373,47.0,336.0,-0.009873799746856093,0.13364627714395283,0.041965586702986,0.09966435264572518,4.594692707061768,,,,,,,,,,,,
339.0,200.0,-0.8309495955705654,0.0,0.6808904008309322,0.4375,0.0,nan,0.030658082975679544,96.0,800.0,-0.036127698607742786,0.12626838837559262,0.029967461310661747,0.1437024174228167,4.594692707061768,,,,,,,,,,,,
340.0,42.0,-0.4191899132728577,0.0,0.8398466960423667,0.3076923076923077,0.0,0.0,0.030600858369098715,26.0,168.0,0.06437094509601593,0.162408493334494,0.04015420252108015,0.18502324673480008,4.594692707061768,1.0,0.0,0.0,0.5,0.0,-0.029074445366859436,0.4457838535308838,11.668109581369208,50.0,1.0,95.0,-0.36102260947227516
341.0,34.0,-0.22393362760543822,0.0,0.9118931409556899,0.3181818181818182,0.0,nan,0.030543633762517886,22.0,136.0,0.039621549658477306,0.15882194945794148,0.06381390332139478,0.13465073309564116,4.594692707061768,,,,,,,,,,,,
342.0,29.0,-0.19794044733047483,0.0,0.8344075207245487,0.45454545454545453,0.0,nan,0.030486409155937054,22.0,116.0,0.013326216489076614,0.16053357631809095,0.018064347179084696,0.22366014720054064,4.594692707061768,,,,,,,,,,,,
343.0,101.0,0.2408348345756531,0.0,0.8334846963477656,0.46153846153846156,0.0,nan,0.030429184549356225,52.0,404.0,0.06404183618724346,0.10033400684096705,0.020996241957256245,0.07497637599604975,4.594692707061768,,,,,,,,,,,,
344.0,200.0,-1.1088115096092233,0.0,0.6688503536285199,0.5591397849462365,0.0,nan,0.030371959942775396,93.0,800.0,0.028994274325668812,0.10208484177292121,0.023015878577439253,0.13399423109949193,4.594692707061768,,,,,,,,,,,,
345.0,54.0,-0.07178639411926269,0.0,0.7738360514051238,0.4666666666666667,0.0,nan,0.030314735336194564,30.0,216.0,0.09575284086167812,0.15629246648125075,0.04955798421347195,0.12912762923462376,4.594692707061768,,,,,,,,,,,,
346.0,200.0,-1.6185198068618771,0.0,0.8544534527020924,0.37254901960784315,0.0,nan,0.030257510729613735,102.0,800.0,0.08834735257551074,0.742134258308397,0.6641010217908949,0.12608923709857403,4.594268065877259,,,,,,,,,,,,
347.0,92.0,0.0797141361236568,0.0,0.8930436438572037,0.4074074074074074,0.0,nan,0.030200286123032907,54.0,368.0,0.07612474635243416,0.19419334595045257,0.05843449148242996,0.18608325655403193,4.594640934839845,,,,,,,,,,,,
348.0,57.0,0.22310722053050994,0.0,0.8898846054376033,0.3333333333333333,0.0,nan,0.030143061516452078,30.0,228.0,0.3265294060111046,0.17372883332274414,0.06277539977842632,0.12435169758037302,4.594692707061768,,,,,,,,,,,,
349.0,59.0,0.553636155128479,0.0,0.6584190828498759,0.5789473684210527,0.0,nan,0.030085836909871246,38.0,236.0,0.15676135197281837,0.22475893665657584,0.0786632277914593,0.08318440259589324,4.594692707061768,,,,,,,,,,,,
350.0,38.0,-0.17944424629211422,0.0,0.6150723353236063,0.6333333333333333,0.0,0.0,0.030028612303290417,30.0,152.0,-0.002601688727736473,0.22270809642443629,0.06895249836012035,0.12744177233477624,4.594692707061768,1.0,0.0,0.0,0.25,0.0,0.16775232553482056,0.46431219577789307,12.207277710782364,48.0,1.0,100.0,-0.25481897592544556
351.0,38.0,0.03313201189041132,0.0,0.8071669805910973,0.391304347826087,0.0,nan,0.029971387696709588,23.0,152.0,0.0136392074637115,0.17201901775528264,0.047745456577486994,0.16679519435225737,4.594692707061768,,,,,,,,,,,,
352.0,77.0,-0.23043380498886118,0.0,0.8725761857918302,0.3333333333333333,0.0,nan,0.029914163090128756,42.0,308.0,0.037695260252803564,0.14840788566073115,0.03776814646107596,0.10236689136966505,4.594692707061768,,,,,,,,,,,,
353.0,200.0,-0.6627953261137013,0.0,0.6308828596831056,0.5208333333333334,0.0,nan,0.029856938483547927,96.0,800.0,0.029567207442596555,0.1192118753504019,0.07108305053907316,0.06371506107254103,4.594692707061768,,,,,,,,,,,,
354.0,106.0,-0.740220013856888,0.0,0.7792686345911869,0.4827586206896552,0.0,nan,0.0297997138769671,58.0,424.0,0.0635419487953186,0.08967920981103816,0.019049304072041195,0.0860823541014005,4.594692707061768,,,,,,,,,,,,
355.0,89.0,0.6795217430591584,0.0,0.8394582046822072,0.4166666666666667,0.0,nan,0.02974248927038627,48.0,356.0,0.08084753528237343,0.2288709364636361,0.04158624315130055,0.11090475602359524,4.594692707061768,,,,,,,,,,,,
356.0,104.0,-0.21538154125213663,0.0,0.8516120957779589,0.39655172413793105,0.0,nan,0.02968526466380544,58.0,416.0,0.0131348785944283,0.24178593867782183,0.13074509715306704,0.1295228851624115,4.594692707061768,,,,,,,,,,,,
357.0,53.0,0.3165574145317076,0.0,0.6825191017877574,0.631578947368421,0.0,nan,0.02962804005722461,38.0,212.0,0.047660975717008114,0.18624273573382283,0.0610065458329803,0.06434197750277736,4.594692707061768,,,,,,,,,,,,
358.0,72.0,-0.09963135242462157,0.0,0.7781147152585033,0.5277777777777778,0.0,nan,0.02957081545064378,36.0,288.0,0.14930086582899094,0.12786687360949145,0.0624140787763281,0.07119058466365535,4.594692707061768,,,,,,,,,,,,
359.0,69.0,-0.9118854188919069,0.0,0.711576626011976,0.5945945945945946,0.0,nan,0.02951359084406295,37.0,276.0,0.07209904305636883,0.13308493450313108,0.07540682506351004,0.08987672925020729,4.594692707061768,,,,,,,,,,,,
360.0,173.0,-0.5598867374658592,0.0,0.6997926349834572,0.47674418604651164,0.0,0.0,0.02945636623748212,86.0,692.0,0.06270160572603345,0.11777068648098066,0.08266085214836494,0.045711653216855164,4.594692707061768,1.0,0.0,0.0,0.25,0.0,1.1740543842315674,3.299480438232422,13.124072006845381,55.0,1.0,102.0,0.26724866509437517
361.0,87.0,-0.21772968888282768,0.0,0.6963228034757292,0.5476190476190477,0.0,nan,0.02939914163090129,42.0,348.0,0.061966015957295895,0.07825370153022959,0.025652297915257805,0.07468528889754471,4.594692707061768,,,,,,,,,,,,
362.0,52.0,0.14501246690750103,0.0,0.6008468853411163,0.5588235294117647,0.0,nan,0.029341917024320457,34.0,208.0,0.05552272591739893,0.17964777409808727,0.04181750467775531,0.11618356692505202,4.594692707061768,,,,,,,,,,,,
363.0,20.0,-0.327521276473999,0.0,0.6284208095760127,0.5,0.0,nan,0.029284692417739632,12.0,80.0,0.10546701774001122,0.015891366684809328,-0.019179600859933997,0.049299393200058717,4.594692707061768,,,,,,,,,,,,
364.0,52.0,0.4764245438575745,0.0,0.675954597731159,0.625,0.0,nan,0.029227467811158803,40.0,208.0,1.4980950057506561,0.21514107617605743,0.05162195340895218,0.07681385033053527,4.594692707061768,,,,,,,,,,,,
365.0,35.0,-0.21622056961059571,0.0,0.845450008033991,0.48,0.0,nan,0.02917024320457797,25.0,140.0,0.09049352258443832,0.2075296882107588,0.025791998679882713,0.21024220147651776,4.594692707061768,,,,,,,,,,,,
366.0,50.0,-1.123906242847443,0.0,0.9049069626734692,0.2962962962962963,0.0,nan,0.029113018597997142,27.0,200.0,0.20614366978406906,0.16328282556962223,0.04520977433538064,0.1298622094336872,4.594692707061768,,,,,,,,,,,,
367.0,174.0,-1.6102244699001316,0.0,0.6074223515943409,0.6666666666666666,0.0,nan,0.02905579399141631,81.0,696.0,0.14931066834833473,0.08493787544531983,0.06357638858486325,0.028867821317469386,4.594692707061768,,,,,,,,,,,,
368.0,77.0,0.15471328377723664,0.0,0.8150538366501606,0.4166666666666667,0.0,nan,0.02899856938483548,36.0,308.0,0.1179537009447813,0.12605161898159167,0.008817269068117639,0.1316669720566574,4.594692707061768,,,,,,,,,,,,
369.0,200.0,-0.6130813479423527,0.0,0.7736662854952123,0.55,0.0,nan,0.02894134477825465,100.0,800.0,-0.01400372595526278,0.09189578924269881,0.036838908444224217,0.08086757878989395,4.594692707061768,,,,,,,,,,,,
370.0,66.0,-0.2620358920097352,0.0,0.8074102228459616,0.43243243243243246,0.0,0.0,0.02888412017167382,37.0,264.0,0.07896758615970612,0.1278898576656502,0.027973174005637702,0.13704344247365607,4.594692707061768,1.0,0.0,0.0,0.25,0.0,5.497797012329102,0.6513453722000122,4.764804699458182,23.0,1.0,36.0,-0.2614942288398743
371.0,13.0,-0.31467686176300047,0.0,0.6284208095760127,0.5,0.0,nan,0.028826895565092995,12.0,52.0,0.13161221891641617,0.029007576115103663,-0.02450947886245558,0.0961308257046469,4.594692707061768,,,,,,,,,,,,
372.0,200.0,-0.43831251561641704,0.0,0.8260318840199767,0.4563106796116505,0.0,nan,0.028769670958512163,103.0,800.0,0.0450142587069422,0.06575946201110128,0.03821053591195778,0.038906837551331765,4.594692707061768,,,,,,,,,,,,
373.0,200.0,-1.1096825480461128,0.0,0.6827479746767742,0.5957446808510638,0.0,nan,0.028712446351931334,94.0,800.0,0.050262827426195145,0.09063778344852835,0.03048713080590204,0.07954969899317355,4.594692707061768,,,,,,,,,,,,
374.0,200.0,-1.5269444346427927,0.0,0.7449737727910826,0.5714285714285714,0.0,nan,0.0286552217453505,98.0,800.0,0.02486851019784808,0.07535244361542937,0.035049611370141065,0.06511262199691696,4.594692707061768,,,,,,,,,,,,
375.0,49.0,-0.549336245059967,0.0,0.8768972911226875,0.4230769230769231,0.0,nan,0.028597997138769673,26.0,196.0,0.15213580429553986,0.14024954970138462,0.0704799315797721,0.11616644183586623,4.594692707061768,,,,,,,,,,,,
376.0,200.0,-0.8829826056957255,0.0,0.8406610835552274,0.4563106796116505,0.0,nan,0.028540772532188844,103.0,800.0,0.04953709081746638,0.09646312890663467,0.052921935878757154,0.06949562795336739,4.594692707061768,,,,,,,,,,,,
377.0,80.0,-0.0651830613613133,0.0,0.721360312431826,0.48,0.0,nan,0.028483547925608012,50.0,320.0,0.062232994474470615,0.25230762580213195,0.13717755705283707,0.13035467569785364,4.594692707061768,,,,,,,,,,,,
378.0,111.0,0.7007612133026124,0.0,0.8221505257253952,0.49056603773584906,0.0,nan,0.028426323319027186,53.0,444.0,0.14564141631126404,0.19860957690707437,0.07091560904677863,0.17570740382564015,4.594692707061768,,,,,,,,,,,,
379.0,50.0,-0.24906948208808902,0.0,0.6989381021288985,0.5185185185185185,0.0,nan,0.02836909871244635,27.0,200.0,0.1067917812615633,0.09931348358164542,0.05163913958822377,0.07056477612555635,4.594692707061768,,,,,,,,,,,,
380.0,200.0,-0.9179547697305677,0.0,0.8272699456186549,0.44680851063829785,0.0,0.0,0.028311874105865525,94.0,800.0,0.0719543369486928,0.12058963737092654,0.055983439359351905,0.08938952786216536,4.594692707061768,1.0,0.0,0.0,0.25,0.0,0.3546445071697235,1.0563859939575195,18.2147219479084,71.0,1.0,140.0,0.3896734178066248
381.0,200.0,-1.134331810474396,0.0,0.8358706776985414,0.41414141414141414,0.0,nan,0.028254649499284697,99.0,800.0,0.04217143263667822,0.1367852405544454,0.02014493007103013,0.20136032521968916,4.594692707061768,,,,,,,,,,,,
382.0,111.0,0.3017909461259838,0.0,0.8394253921612251,0.3870967741935484,0.0,nan,0.028197424892703864,62.0,444.0,0.08628597296774387,0.09853828970017275,0.04786290431948714,0.05186718057086621,4.594692707061768,,,,,,,,,,,,
383.0,200.0,-0.24585051834583432,0.0,0.8828786507601181,0.4411764705882353,0.0,nan,0.028140200286123036,102.0,800.0,0.13168731844052672,0.08797559359891238,0.03656889623107418,0.08296369863909928,4.594692707061768,,,,,,,,,,,,
384.0,146.0,-0.38409760951995886,0.0,0.7669070543107092,0.5633802816901409,0.0,nan,0.028082975679542203,71.0,584.0,-0.047848242335021496,0.1348420647855164,0.04224212063718369,0.14359691110334752,4.594692707061768,,,,,,,,,,,,
385.0,200.0,-0.7453834295272832,0.0,0.7613258148501294,0.5638297872340425,0.0,nan,0.028025751072961375,94.0,800.0,0.053146947640925646,0.11428237914560668,0.058934010438122186,0.09235306346047611,4.594692707061768,,,,,,,,,,,,
386.0,143.0,-0.14515120267868065,0.0,0.9061236183611681,0.39436619718309857,0.0,nan,0.02796852646638055,71.0,572.0,0.0256057595834136,0.10729051355656338,0.032965674072093165,0.11297600366565286,4.594692707061768,,,,,,,,,,,,
387.0,200.0,0.08843241631984686,0.0,0.8386861105090322,0.42857142857142855,0.0,nan,0.027911301859799717,98.0,800.0,0.08354040561243892,0.07536487939614744,0.030054092961108836,0.07297661438207897,4.594692707061768,,,,,,,,,,,,
388.0,89.0,0.15694631695747366,0.0,0.7992113145275366,0.425531914893617,0.0,nan,0.027854077253218888,47.0,356.0,0.06181601993739605,0.12963064411314917,0.05473763077498006,0.09320970684632413,4.594692707061768,,,,,,,,,,,,
389.0,200.0,-0.732824715971947,0.0,0.8635908880032784,0.43010752688172044,0.0,nan,0.027796852646638056,93.0,800.0,0.0010290471836924553,0.14646852000987565,0.10307036902599975,0.06095973858458591,4.594692707061768,,,,,,,,,,,,
390.0,58.0,-0.45561475634574894,0.0,0.7238368059736628,0.5588235294117647,0.0,0.0,0.027739628040057227,34.0,232.0,0.02811540849506855,0.1453141810082437,0.04295643246085343,0.1795113549063276,4.594692707061768,1.0,0.0,0.0,0.0,0.0,0.5101994276046753,0.3305748701095581,20.038451179862022,97.0,1.0,200.0,-0.5877926111221315
391.0,119.0,-0.419180255532265,0.0,0.8977600548866639,0.4032258064516129,0.0,nan,0.0276824034334764,62.0,476.0,0.04016720037907362,0.13475521047075745,0.05943368464977539,0.1289819260121865,4.594692707061768,,,,,,,,,,,,
392.0,120.0,-0.7280456960201265,0.0,0.8287008826228345,0.44642857142857145,0.0,nan,0.027625178826895566,56.0,480.0,0.022306230384856462,0.10358504065743546,0.023186264780633792,0.13007560371958315,4.594692707061768,,,,,,,,,,,,
393.0,20.0,-0.40518722534179685,0.0,0.8085465878502643,0.42857142857142855,0.0,nan,0.027567954220314737,14.0,80.0,0.05677618086338043,0.14160118135041558,0.02686912280623801,0.16410521183176283,4.594692707061768,,,,,,,,,,,,
394.0,173.0,0.04359534502029379,0.0,0.8682754494074062,0.45121951219512196,0.0,nan,0.027510729613733905,82.0,692.0,0.07175155892036855,0.13463753985706717,0.020619799824999063,0.15021063051618366,4.594692707061768,,,,,,,,,,,,
395.0,200.0,-0.6827353119850166,0.0,0.8127634782442782,0.41935483870967744,0.0,nan,0.02745350500715308,93.0,800.0,0.03838300472125411,0.12035214056004406,0.03914070245855328,0.13636123895679172,4.594692707061768,,,,,,,,,,,,
396.0,144.0,0.26548086762428247,0.0,0.837901794967997,0.3380281690140845,0.0,nan,0.02739628040057225,71.0,576.0,-0.09185161371715367,0.11068295188397315,0.017290998917701472,0.1199093842718113,4.594692707061768,,,,,,,,,,,,
397.0,170.0,-1.2563183605670942,0.0,0.9138807057142257,0.2988505747126437,0.0,nan,0.02733905579399142,87.0,680.0,0.04767452250234783,0.16117483411835565,0.09755420854060048,0.08726390402780244,4.594692707061768,,,,,,,,,,,,
398.0,83.0,0.23935462951660139,0.0,0.729850163374218,0.4666666666666667,0.0,nan,0.02728183118741059,45.0,332.0,0.08195351250469685,0.1482819773400479,0.05593950841966944,0.10985858618520983,4.594692707061768,,,,,,,,,,,,
399.0,31.0,-0.3760781443119049,0.0,0.7237442198535103,0.5,0.0,nan,0.027224606580829758,20.0,124.0,0.0695586372166872,0.2247335955673348,0.07633108401580924,0.20812595668928313,4.594692707061768,,,,,,,,,,,,
400.0,200.0,-1.4779172897338868,0.0,0.8979814468171724,0.41935483870967744,0.0,0.0,0.02716738197424893,93.0,800.0,0.04712634137831628,0.08097677935302272,0.0198464754255383,0.09698738140090883,4.594692707061768,1.0,0.0,0.0,0.25,0.0,12.488325119018555,2.7562901973724365,4.286848401650786,26.0,1.0,40.0,-0.18336092233657833
401.0,129.0,0.07328372955322227,0.0,0.9152250561788389,0.34782608695652173,0.0,nan,0.027110157367668097,69.0,516.0,0.07757405377924442,0.11993204976170091,0.0345341988850123,0.10401451169537484,4.594692707061768,,,,,,,,,,,,
402.0,53.0,-0.1258413362503053,0.0,0.7830602954525647,0.42857142857142855,0.0,nan,0.027052932761087268,35.0,212.0,0.013462566304951906,0.19527241720198565,0.019768224099778926,0.2286508959703808,4.594692707061768,,,,,,,,,,,,
403.0,200.0,-0.7570694327354435,0.0,0.8933364382035737,0.44680851063829785,0.0,nan,0.026995708154506443,94.0,800.0,0.016106172231957316,0.09386164222129878,0.036832933049367966,0.10028355502537428,4.594692707061768,,,,,,,,,,,,
404.0,200.0,-0.3493358612060552,0.0,0.9246581745133436,0.3829787234042553,0.0,nan,0.02693848354792561,94.0,800.0,0.048994910437613726,0.122876819631756,0.03575779721427352,0.1406421423938674,4.594692707061768,,,,,,,,,,,,
405.0,23.0,-0.2590711641311645,0.0,0.8927519605442755,0.4,0.0,nan,0.02688125894134478,15.0,92.0,0.00521691283211112,0.14430011393826292,0.019887396602628185,0.2247047801798228,4.594692707061768,,,,,,,,,,,,
406.0,131.0,-0.24346006870269812,0.0,0.9241770970330317,0.35714285714285715,0.0,nan,0.02682403433476395,70.0,524.0,0.036832354962825775,0.1460921559205417,0.044540598479670734,0.1529196516921592,4.594692707061768,,,,,,,,,,,,
407.0,25.0,-0.3529571115970611,0.0,0.8203850195174328,0.3888888888888889,0.0,nan,0.02676680972818312,18.0,100.0,0.12947367876768112,0.1299438508291496,0.03576137888187077,0.16799242295820363,4.594692707061768,,,,,,,,,,,,
408.0,28.0,-0.5548931884765624,0.0,0.516033407009944,0.625,0.0,nan,0.02670958512160229,16.0,112.0,0.18400269374251366,0.10227728589130233,0.0832675527241398,0.02280062473906508,4.594692707061768,,,,,,,,,,,,
409.0,42.0,-0.3531587433815002,0.0,0.854547297993479,0.4074074074074074,0.0,nan,0.02665236051502146,27.0,168.0,0.11629127152264118,0.07962297595908499,0.003681129186588805,0.12467150074483724,4.594692707061768,,,,,,,,,,,,
410.0,64.0,-0.33559686183929444,0.0,0.8748982456852527,0.37142857142857144,0.0,0.0,0.026595135908440634,35.0,256.0,0.04109086748212576,0.15503548003562173,0.043462243279918766,0.19178023937185507,4.594692707061768,1.0,0.0,0.0,0.25,0.0,9.701478958129883,3.8721141815185547,4.199042641790584,27.0,1.0,34.0,-0.10174017190933221
411.0,46.0,0.05730961799621584,0.0,0.9104660555341085,0.2962962962962963,0.0,nan,0.0265379113018598,27.0,184.0,0.0677313432097435,0.11085452263638296,0.018892890462429143,0.12123672767379602,4.594692707061768,,,,,,,,,,,,
412.0,30.0,-0.7675530433654785,0.0,0.7333644362196192,0.5,0.0,nan,0.026480686695278973,16.0,120.0,0.1594601608812809,0.11717894931474196,0.03670780123890533,0.10127073605286085,4.594692707061768,,,,,,,,,,,,
413.0,121.0,-0.2709815746545794,0.0,0.9003937226260714,0.44642857142857145,0.0,nan,0.026423462088698144,56.0,484.0,0.08767359144985676,0.10634166706086035,0.04107122347295444,0.09888158922662321,4.594692707061768,,,,,,,,,,,,
414.0,75.0,0.3602717161178588,0.0,0.9129416602491919,0.325,0.0,nan,0.026366237482117312,40.0,300.0,0.013092324137687683,0.1687358049384784,0.04617944458823331,0.17122343156738556,4.594692707061768,,,,,,,,,,,,
415.0,200.0,-1.1223132252693182,0.0,0.7256803067292416,0.5555555555555556,0.0,nan,0.026309012875536483,90.0,800.0,0.03925478924065828,0.10501733221394716,0.04458859830333495,0.09473929626150204,4.594692707061768,,,,,,,,,,,,
416.0,51.0,-0.22180047988891594,0.0,0.6978064775339475,0.48148148148148145,0.0,nan,0.02625178826895565,27.0,204.0,0.02304029045626521,0.0874564649768895,0.04624621639902448,0.06690465714629294,4.594692707061768,,,,,,,,,,,,
417.0,47.0,-0.1501537990570068,0.0,0.9119170652091372,0.32,0.0,nan,0.026194563662374822,25.0,188.0,0.20210714638233185,0.12945087800208638,0.044363322868408196,0.14159605252038152,4.594692707061768,,,,,,,,,,,,
418.0,128.0,-0.18773531198501625,0.0,0.9083905709958758,0.32786885245901637,0.0,nan,0.026137339055793997,61.0,512.0,0.021322006825357676,0.1564071077106064,0.06037948211417188,0.10441761075201464,4.594692707061768,,,,,,,,,,,,
419.0,200.0,-0.6603764265775686,0.0,0.8269521900542918,0.5217391304347826,0.0,nan,0.026080114449213165,92.0,800.0,0.02633724850602448,0.09009172416290312,0.04361001136931009,0.06910682472502849,4.594692707061768,,,,,,,,,,,,
420.0,200.0,-0.11485149264335759,0.0,0.7636389864760172,0.5851063829787234,0.0,0.0,0.026022889842632336,94.0,800.0,0.07474611746147275,0.10221668168424003,0.039061918888705804,0.07870483224138664,4.594692707061768,1.0,0.0,0.0,0.25,0.0,1.632811188697815,0.33755171298980713,10.78229274856858,42.0,1.0,86.0,0.1602359139919281
421.0,27.0,-0.41506985545158387,0.0,0.8887263160400485,0.4117647058823529,0.0,nan,0.025965665236051504,17.0,108.0,0.08923603594303131,0.08672754056951143,0.02521414796393839,0.09481538125497216,4.594692707061768,,,,,,,,,,,,
422.0,115.0,-0.6416206121444703,0.0,0.7889012945318442,0.5357142857142857,0.0,nan,0.025908440629470675,56.0,460.0,0.02355658123269677,0.12124404416147172,0.06303630936849913,0.07717223733254756,4.594692707061768,,,,,,,,,,,,
423.0,82.0,-0.08187722980976136,0.0,0.9199046549669264,0.41304347826086957,0.0,nan,0.025851216022889846,46.0,328.0,0.0017725504003465176,0.15365393792490067,0.07284359364984994,0.09835526436785358,4.594692707061768,,,,,,,,,,,,
424.0,31.0,-0.5777296638488769,0.0,0.6943355349927777,0.5,0.0,nan,0.025793991416309014,18.0,124.0,0.045990816317498684,0.10796403514799632,0.06298778146024674,0.07457222914485269,4.594692707061768,,,,,,,,,,,,
425.0,200.0,-0.8948294162750248,0.0,0.8892818327609631,0.42391304347826086,0.0,nan,0.025736766809728185,92.0,800.0,0.008857492706738412,0.1426436926567476,0.04335210518377153,0.15296537508657823,4.594692707061768,,,,,,,,,,,,
426.0,107.0,-0.5783863854408269,0.0,0.9284754632127797,0.35294117647058826,0.0,nan,0.025679542203147353,51.0,428.0,0.05767675954848528,0.19628649609921922,0.053796299734131026,0.23293981948565368,4.594692707061768,,,,,,,,,,,,
427.0,144.0,-0.6258359813690194,0.0,0.843257124295405,0.4142857142857143,0.0,nan,0.025622317596566527,70.0,576.0,-0.1059369845315814,0.0985323125096329,0.012436925907877594,0.13339272362794125,4.594692707061768,,,,,,,,,,,,
428.0,122.0,-0.39813808321952826,0.0,0.833524397276087,0.5,0.0,nan,0.0255650929899857,58.0,488.0,0.4252747744321823,0.09333603864752149,0.033579255590666435,0.09317937087759942,4.594692707061768,,,,,,,,,,,,
429.0,155.0,-0.10242371559143115,0.0,0.8943483674623915,0.3333333333333333,0.0,nan,0.025507868383404866,75.0,620.0,0.006429050583392382,0.17837698810944858,0.11019817311535007,0.11014203006225759,4.594692707061768,,,,,,,,,,,,
430.0,200.0,-0.10698392987251341,0.0,0.8194416780564239,0.5054945054945055,0.0,0.0,0.025450643776824038,91.0,800.0,0.08542193798348308,0.2472195013988312,0.18232284589737446,0.10522616080773119,4.594692707061768,1.0,0.0,0.0,0.25,0.0,1.3912944793701172,0.25405359268188477,14.52856968017295,64.0,1.0,125.0,0.38656578063964814
431.0,31.0,-0.48270947694778454,0.0,0.9388905869720692,0.3125,0.0,nan,0.025393419170243205,16.0,124.0,0.09529846720397472,0.20401826182440405,0.03666876285757509,0.3001130768834408,4.594692707061768,,,,,,,,,,,,
432.0,108.0,-0.3211715626716617,0.0,0.907360420788612,0.32142857142857145,0.0,nan,0.025336194563662377,56.0,432.0,0.147678192704916,0.15465582798947253,0.06537668877535907,0.1428443994289356,4.594692707061768,,,,,,,,,,,,
433.0,58.0,-0.5332062649726869,0.0,0.8555382657546943,0.4166666666666667,0.0,nan,0.025278969957081544,36.0,232.0,0.019350478891283274,0.11378282203102195,0.012821208108577812,0.15885669596891927,4.594692707061768,,,,,,,,,,,,
434.0,200.0,-1.192127871513367,0.0,0.9439631953229797,0.3564356435643564,0.0,nan,0.025221745350500716,101.0,800.0,0.05866832844913006,0.12440251174871264,0.03673918464082959,0.13383503809150965,4.594692707061768,,,,,,,,,,,,
435.0,200.0,-1.5737284779548653,0.0,0.8401557114769874,0.5227272727272727,0.0,nan,0.02516452074391989,88.0,800.0,0.0677363839931786,0.09744680903077096,0.026320145932938743,0.11450993481265283,4.554693385958672,,,,,,,,,,,,
436.0,200.0,-0.31200045943260246,0.0,0.8831139676430975,0.40404040404040403,0.0,nan,0.025107296137339058,99.0,800.0,0.03340473514981568,0.08235374819173558,0.026677302136562275,0.06827842142235109,4.594185676425695,,,,,,,,,,,,
437.0,102.0,0.8362717407941815,0.0,0.8386989984969574,0.38181818181818183,0.0,nan,0.02505007153075823,55.0,408.0,0.09551871009171009,0.1504021158878004,0.02236487930167641,0.15808224560044914,4.594641732051969,,,,,,,,,,,,
438.0,45.0,-1.0287424802780152,0.0,0.5956022890134107,0.5769230769230769,0.0,nan,0.024992846924177397,26.0,180.0,0.1442686691880226,0.14000258601477578,0.06871715314143027,0.07255018776775303,4.594638670815362,,,,,,,,,,,,
439.0,17.0,-0.43504137516021724,0.0,0.7002002361188162,0.5,0.0,nan,0.024935622317596568,12.0,68.0,0.1425480656325817,0.04344346681061913,0.002266108524054289,0.05881154462322149,4.594692707061768,,,,,,,,,,,,
440.0,88.0,-1.126248269081116,0.0,0.8549679352545554,0.3541666666666667,0.0,0.0,0.02487839771101574,48.0,352.0,0.023639127612113953,0.17295301886326797,0.05553527990653251,0.12480179734367347,4.594692707061768,1.0,0.0,0.0,0.25,0.0,3.711300849914551,0.5829129219055176,7.743493295274675,31.0,1.0,58.0,0.1721352291107176
441.0,68.0,0.3185167026519773,0.0,0.7571410703570324,0.41025641025641024,0.0,nan,0.024821173104434907,39.0,272.0,0.04577477555721998,0.14850444384501316,0.02493998257068597,0.13057372072714662,4.594692707061768,,,,,,,,,,,,
442.0,58.0,-0.3342770028114318,0.0,0.8521616869871836,0.375,0.0,nan,0.024763948497854082,32.0,232.0,0.09167041257023811,0.10826870396428195,-0.0016579216048583098,0.1184738126562418,4.594654791314026,,,,,,,,,,,,
443.0,51.0,-0.19104377985000615,0.0,0.8827474747450861,0.39285714285714285,0.0,nan,0.02470672389127325,28.0,204.0,0.05573170445859432,0.1788065850291876,0.038936385047147234,0.21112503567066115,4.594692707061768,,,,,,,,,,,,
444.0,62.0,-0.48359144449234015,0.0,0.8178244577784977,0.4,0.0,nan,0.02464949928469242,30.0,248.0,0.13689348846673965,0.16830515475463,0.0801010717028006,0.12943669742911784,4.594692707061768,,,,,,,,,,,,
445.0,99.0,-0.15153671741485628,0.0,0.7907742747080795,0.44680851063829785,0.0,nan,0.024592274678111592,47.0,396.0,0.08933766931295395,0.12584935414452048,0.039633074139601376,0.06535226056992283,4.594692707061768,,,,,,,,,,,,
446.0,26.0,-0.6014878845214844,0.0,0.803399984672128,0.35294117647058826,0.0,nan,0.02453505007153076,17.0,104.0,0.09914005734026432,0.11239998092283852,0.02469391259812535,0.12391653222113391,4.594692707061768,,,,,,,,,,,,
447.0,54.0,0.07923407614231104,0.0,0.6985876081124495,0.5555555555555556,0.0,nan,0.02447782546494993,36.0,216.0,0.022298939060419798,0.13272638692891364,0.04927858956027733,0.10050554708188406,4.594692707061768,,,,,,,,,,,,
448.0,90.0,-0.7264385938644414,0.0,0.8594843602644863,0.3488372093023256,0.0,nan,0.0244206008583691,43.0,360.0,0.1247573234140873,0.15727468328486793,0.04089054690211924,0.13369223354896478,4.594692707061768,,,,,,,,,,,,
449.0,63.0,-1.3914268422126777,0.0,0.6205759505810504,0.65625,0.0,nan,0.02436337625178827,32.0,252.0,0.062498132698237896,0.09689674639588385,0.04100776176034872,0.06940496782629864,4.594692707061768,,,,,,,,,,,,
450.0,64.0,-1.1969836854934695,0.0,0.8315851995067186,0.4838709677419355,0.0,0.0,0.024306151645207445,31.0,256.0,0.08616633899509907,0.13141372592667722,0.03307023858587854,0.12267025691000914,4.594692707061768,1.0,0.0,0.0,0.25,0.0,5.678282260894775,0.7515313625335693,8.058920191600919,30.0,1.0,58.0,0.19399464845657355
451.0,72.0,-0.8232483100891115,0.0,0.8085710305859846,0.4444444444444444,0.0,nan,0.024248927038626612,36.0,288.0,0.13022974133491516,0.10672642061007309,0.028743308092373354,0.10375408535041922,4.594692707061768,,,,,,,,,,,,
452.0,19.0,-0.43046237468719484,0.0,0.6284208095760127,0.5,0.0,nan,0.024191702432045784,12.0,76.0,0.14912692084908485,0.032112547919448266,-0.01725340222841815,0.0719061139794504,4.594692707061768,,,,,,,,,,,,
453.0,102.0,-1.2663535308837892,0.0,0.7940467126076426,0.4489795918367347,0.0,nan,0.02413447782546495,49.0,408.0,0.0685886675491929,0.1485422366167768,0.037343693587217786,0.10865641827672343,4.594692707061768,,,,,,,,,,,,
454.0,55.0,-0.32944393157958984,0.0,0.8442198718071978,0.34375,0.0,nan,0.024077253218884122,32.0,220.0,0.06402043346315622,0.12086180565092945,0.03272358788083445,0.14789713917887626,4.594692707061768,,,,,,,,,,,,
455.0,200.0,-1.5627940893173222,0.0,0.7186969430650736,0.5934065934065934,0.0,nan,0.024020028612303294,91.0,800.0,0.07780798780731857,0.09729414561979866,0.032355412922697724,0.10354046453546233,4.594692707061768,,,,,,,,,,,,
456.0,200.0,-0.7072744846343999,0.0,0.7830012625423556,0.4948453608247423,0.0,nan,0.02396280400572246,97.0,800.0,0.0977222053334117,0.07982692601467534,0.009918919929702952,0.10371161172909127,4.594692707061768,,,,,,,,,,,,
457.0,36.0,-0.43970042228698736,0.0,0.6447292991241398,0.5,0.0,nan,0.023905579399141633,22.0,144.0,0.11161734350025654,0.05064652596209069,0.005255946364021232,0.06519337564801869,4.594692707061768,,,,,,,,,,,,
458.0,83.0,0.2419913661479949,0.0,0.7862354068226236,0.5416666666666666,0.0,nan,0.0238483547925608,48.0,332.0,0.1655520349740982,0.13363543275590928,0.01938035479588507,0.1454962520589112,4.594692707061768,,,,,,,,,,,,
459.0,16.0,-0.4368047332763672,0.0,0.679013791278787,0.38461538461538464,0.0,nan,0.023791130185979975,13.0,64.0,0.11004987917840481,0.12316114797795308,0.0377095509757055,0.14272062943687835,4.594692707061768,,,,,,,,,,,,
460.0,100.0,0.2862591743469234,0.0,0.7636603183181004,0.45454545454545453,0.0,0.0,0.023733905579399146,44.0,400.0,-0.007528161164373159,0.16647739715517673,0.027577929835388204,0.1785400350782113,4.594692707061768,1.0,0.0,0.0,0.25,0.0,8.432109832763672,0.8405760526657104,6.824586797039956,27.0,1.0,47.0,0.23751578807830803
461.0,22.0,-0.31533752202987675,0.0,0.6278047044980704,0.45,0.0,nan,0.023676680972818314,20.0,88.0,0.07707377895712852,0.08140584748153659,-0.008683754594213415,0.13654974270150433,4.594692707061768,,,,,,,,,,,,
462.0,60.0,-0.26888197064399727,0.0,0.8500936834074594,0.39285714285714285,0.0,nan,0.023619456366237485,28.0,240.0,0.0179401736240834,0.15224898484860508,0.027534349856189997,0.1735594013183544,4.594692707061768,,,,,,,,,,,,
463.0,60.0,-0.05840412378311165,0.0,0.7639007459549122,0.42424242424242425,0.0,nan,0.023562231759656653,33.0,240.0,0.05249494593590498,0.09372851361452679,0.016935149193159305,0.07823298112093664,4.594692707061768,,,,,,,,,,,,
464.0,35.0,-0.430940979719162,0.0,0.8179083037689077,0.4583333333333333,0.0,nan,0.023505007153075824,24.0,140.0,0.07549525424838066,0.14040344788559844,0.040144238697497975,0.10811266179421142,4.594692707061768,,,,,,,,,,,,
465.0,24.0,-0.4123905801773072,0.0,0.7597554801834483,0.375,0.0,nan,0.023447782546494992,16.0,96.0,0.0805762093514204,0.10126029345944214,0.030123234810162103,0.0839981887580437,4.594692707061768,,,,,,,,,,,,
466.0,108.0,-0.5002787041664125,0.0,0.8976893190908675,0.36538461538461536,0.0,nan,0.023390557939914167,52.0,432.0,0.04143653158098459,0.148972472220521,0.040194619044996216,0.1559006993849995,4.594692707061768,,,,,,,,,,,,
467.0,51.0,-0.5360179340839386,0.0,0.7825929947869315,0.36,0.0,nan,0.023333333333333338,25.0,204.0,0.054801405407488346,0.15040495165871393,0.025801531050734305,0.12568873146667903,4.594692707061768,,,,,,,,,,,,
468.0,67.0,-0.9999636095762255,0.0,0.500742401887844,0.75,0.0,nan,0.023276108726752506,32.0,268.0,0.10883177071809769,0.11778881515419926,0.05240462437814131,0.054496667575547636,4.594692707061768,,,,,,,,,,,,
469.0,23.0,-0.029574345350265457,0.0,0.7531553489878151,0.5263157894736842,0.0,nan,0.023218884120171677,19.0,92.0,0.12230894528329372,0.10658328767369865,-0.008737416909476135,0.1472828914713773,4.594692707061768,,,,,,,,,,,,
470.0,43.0,-0.09888420283794411,0.0,0.7637173513681143,0.5,0.0,0.0,0.023161659513590845,26.0,172.0,0.04649874847382307,0.10199457353392485,0.04664588608876477,0.07295776046019489,4.594692707061768,1.0,0.0,0.0,0.25,0.0,7.753932952880859,0.8500125408172607,6.2978123978246,27.0,1.0,45.0,0.022867465019226096
471.0,65.0,-0.4345063328742982,0.0,0.8533751577123493,0.4166666666666667,0.0,nan,0.023104434907010016,36.0,260.0,0.09479228593409061,0.12313652395505414,0.020438008810145902,0.13158499511249477,4.594692707061768,,,,,,,,,,,,
472.0,23.0,-0.5807768452167511,0.0,0.8927519605442755,0.4,0.0,nan,0.023047210300429187,15.0,92.0,0.09748014248907566,0.09555811527104158,0.020261929799428046,0.10746696536016248,4.594692707061768,,,,,,,,,,,,
473.0,161.0,-1.2630195295810691,0.0,0.7926973995269894,0.5633802816901409,0.0,nan,0.022989985693848355,71.0,644.0,0.01959986495785415,0.1372051756940209,0.03157385180031724,0.15753517829556063,4.594692707061768,,,,,,,,,,,,
474.0,21.0,-0.3463429069519043,0.0,0.5580863560932038,0.5,0.0,nan,0.02293276108726753,14.0,84.0,0.18856387212872505,0.06973675784787961,0.03478432174250927,0.04066002787194006,4.594692707061768,,,,,,,,,,,,
475.0,44.0,0.04374875783920288,0.0,0.8525561779279291,0.375,0.0,nan,0.022875536480686697,24.0,176.0,0.08141751401126385,0.1550721168972483,0.09544084582673597,0.05581328216206391,4.594692707061768,,,,,,,,,,,,
476.0,73.0,-1.106627850532532,0.0,0.6618068460207008,0.5714285714285714,0.0,nan,0.02281831187410587,35.0,292.0,0.11601537093520164,0.0962871639721925,0.01691881825991004,0.07407707482751467,4.594692707061768,,,,,,,,,,,,
477.0,37.0,-0.20582839965820302,0.0,0.6113696312064709,0.5384615384615384,0.0,nan,0.02276108726752504,26.0,148.0,0.002286877133883536,0.0769607573432999,0.033000952375398296,0.03660372217620319,4.594692707061768,,,,,,,,,,,,
478.0,134.0,-1.3830204331874851,0.0,0.7486263322655434,0.4925373134328358,0.0,nan,0.022703862660944207,67.0,536.0,0.07251810096204281,0.06435984035397269,0.025622882857533114,0.0492153826572096,4.594692707061768,,,,,,,,,,,,
479.0,118.0,-0.504244332313538,0.0,0.9026086048268056,0.3508771929824561,0.0,nan,0.02264663805436338,57.0,472.0,0.0058680688962340355,0.10712496454834763,0.01984752266056944,0.1166148106210192,4.594692707061768,,,,,,,,,,,,
480.0,49.0,-0.19038042068481448,0.0,0.7088273367257222,0.5,0.0,0.0,0.022589413447782546,28.0,196.0,0.025621787179261446,0.11771846317795429,0.07699781382644706,0.03751121568316026,4.594692707061768,1.0,0.0,0.0,0.25,0.0,2.43096923828125,2.68583083152771,8.585931743611582,42.0,1.0,75.0,-0.3136824250221257
481.0,49.0,-0.7045434856414796,0.0,0.8706283219616155,0.3076923076923077,0.0,nan,0.022532188841201718,26.0,196.0,0.06309709511697292,0.1293791469901667,0.020808375078224937,0.16913727622083718,4.594692707061768,,,,,,,,,,,,
482.0,15.0,-0.2985858917236328,0.0,0.66952341768758,0.4166666666666667,0.0,nan,0.022474964234620892,12.0,60.0,0.113362492993474,0.03139843768440187,-0.0007389703881926834,0.05279949140550997,4.594692707061768,,,,,,,,,,,,
483.0,43.0,-0.661951779127121,0.0,0.5229685147882887,0.6521739130434783,0.0,nan,0.02241773962804006,23.0,172.0,0.09015090204775333,0.03778279779565542,0.01989111832115795,0.021738512892346736,4.594692707061768,,,,,,,,,,,,
484.0,55.0,-0.8498373270034789,0.0,0.8369464543458163,0.39285714285714285,0.0,nan,0.02236051502145923,28.0,220.0,0.005568361142650247,0.1183418096223084,0.02630047939230942,0.11921576904806776,4.594692707061768,,,,,,,,,,,,
485.0,50.0,-0.6291722655296328,0.0,0.7236037852264632,0.5416666666666666,0.0,nan,0.0223032904148784,24.0,200.0,0.09637805260717869,0.06334251327614765,0.0021631049469579013,0.06451795125483976,4.594692707061768,,,,,,,,,,,,
486.0,27.0,-0.6233024907112121,0.0,0.79298330546602,0.3888888888888889,0.0,nan,0.02224606580829757,18.0,108.0,0.08693847618997097,0.08300171539196055,0.005508222158015188,0.11916721982169697,4.594692707061768,,,,,,,,,,,,
487.0,54.0,-0.08598946571350091,0.0,0.7708804802431702,0.45454545454545453,0.0,nan,0.02218884120171674,33.0,216.0,0.1430078111588955,0.07316716695236715,0.009815718412398753,0.09418759460337979,4.594692707061768,,,,,,,,,,,,
488.0,99.0,-0.9103392028808593,0.0,0.8978592331385712,0.35555555555555557,0.0,nan,0.02213161659513591,45.0,396.0,0.04783717356622219,0.14185865123135954,0.04586360933603828,0.10289863626549722,4.594692707061768,,,,,,,,,,,,
489.0,73.0,-1.042434470653534,0.0,0.9298818093434469,0.2972972972972973,0.0,nan,0.022074391988555084,37.0,292.0,0.07115225493907928,0.11434105514945259,0.0321049623307772,0.08265570826011102,4.594692707061768,,,,,,,,,,,,
490.0,33.0,-0.11168307542800902,0.0,0.8631989894738974,0.3157894736842105,0.0,0.0,0.022017167381974248,19.0,132.0,0.04897401574999094,0.10126093514510572,0.014344928507467337,0.12154560532953372,4.594692707061768,1.0,0.0,0.0,0.25,0.0,5.731565475463867,3.5871529579162598,6.631496376590803,30.0,1.0,49.0,-0.009304800033569482
491.0,43.0,0.018945236206054705,0.0,0.7934320889076228,0.36,0.0,nan,0.021959942775393423,25.0,172.0,0.058620525524020195,0.12082095586878876,0.02923183556210228,0.10575971140378884,4.594692707061768,,,,,,,,,,,,
492.0,105.0,-1.6599081933498385,0.0,0.5435418543406686,0.7291666666666666,0.0,nan,0.021902718168812594,48.0,420.0,0.1717788316309452,0.08630787866377432,0.04237029189152963,0.03533834151170495,4.594692707061768,,,,,,,,,,,,
493.0,15.0,-0.33353490829467775,0.0,0.7188768564137538,0.5384615384615384,0.0,nan,0.02184549356223176,13.0,60.0,0.1527762934565544,0.13355984911322594,0.04340581102684761,0.1348382127869056,4.594692707061768,,,,,,,,,,,,
494.0,43.0,0.08003317534923556,0.0,0.8312139661993555,0.34782608695652173,0.0,nan,0.021788268955650933,23.0,172.0,0.020720371510833502,0.13491491729875507,0.030929914576835325,0.16078221238631982,4.594692707061768,,,,,,,,,,,,
495.0,21.0,-0.3715722417831421,0.0,0.7683956169160717,0.4166666666666667,0.0,nan,0.0217310443490701,12.0,84.0,0.09760216251015663,0.08927094418599847,0.0015732829148570697,0.13845138653163605,4.594692707061768,,,,,,,,,,,,
496.0,107.0,-0.9931287002563478,0.0,0.7689210616651607,0.5098039215686274,0.0,nan,0.021673819742489272,51.0,428.0,0.09485294297337532,0.09403373879968058,0.030401667515747022,0.06657353064038996,4.594692707061768,,,,,,,,,,,,
497.0,71.0,-0.1723554408550264,0.0,0.8767404132007013,0.3235294117647059,0.0,nan,0.02161659513590844,34.0,284.0,0.028800460509955883,0.11501308362312557,0.048880735156319854,0.07818185557324925,4.594692707061768,,,,,,,,,,,,
498.0,44.0,-0.6444413685798644,0.0,0.7692231146235459,0.4583333333333333,0.0,nan,0.021559370529327614,24.0,176.0,0.030068408232182264,0.1337653063105377,0.009985939713343132,0.16070016791643774,4.594692707061768,,,,,,,,,,,,
499.0,38.0,-0.4897078561782836,0.0,0.6135998086342542,0.4782608695652174,0.0,nan,0.021502145922746786,23.0,152.0,0.08337860740721226,0.07987239830024344,0.05979784392739499,0.014679340595563745,4.594692707061768,,,,,,,,,,,,
500.0,28.0,-0.021629648208618152,0.0,0.6737952672025163,0.5714285714285714,0.0,0.0,0.021444921316165953,21.0,112.0,0.04987353831529617,0.10097326729010092,0.01912020119457988,0.11590792173088614,4.594692707061768,1.0,0.0,0.0,0.25,0.0,8.771247863769531,0.4808642864227295,5.624855906818993,23.0,1.0,44.0,-0.1907676362991333
501.0,41.0,-0.5979789471626282,0.0,0.6042108723962861,0.5217391304347826,0.0,nan,0.021387696709585124,23.0,164.0,0.09611578658223152,0.07620552802748023,0.04284622922409099,0.024879046029352703,4.594692707061768,,,,,,,,,,,,
502.0,22.0,-0.32952029228210444,0.0,0.5936526475296892,0.6470588235294118,0.0,nan,0.021330472103004292,17.0,88.0,0.1310395859181881,0.07212884310733485,0.0473981688846834,0.03417529790747215,4.594692707061768,,,,,,,,,,,,
503.0,45.0,-0.49634900093078616,0.0,0.852556103859033,0.375,0.0,nan,0.021273247496423463,24.0,180.0,0.034091528970748186,0.07218422454639545,0.0161100620281003,0.0755346222775169,4.594692707061768,,,,,,,,,,,,
504.0,32.0,-0.1735391807556152,0.0,0.6435140507454672,0.6190476190476191,0.0,nan,0.021216022889842635,21.0,128.0,0.08380646258592606,0.06018899745163253,0.0011293735340132116,0.06990787815502272,4.594692707061768,,,,,,,,,,,,
505.0,55.0,-0.6061526775360109,0.0,0.6187213394910533,0.5517241379310345,0.0,nan,0.021158798283261802,29.0,220.0,0.10093555599451065,0.11091208179925822,0.07634139403896618,0.03226323758577275,4.594692707061768,,,,,,,,,,,,
506.0,96.0,0.7590212190151213,0.0,0.8196742543902468,0.32608695652173914,0.0,nan,0.021101573676680977,46.0,384.0,0.07869999669492245,0.11128989228382125,0.03497751237500779,0.08420256164675122,4.594692707061768,,,,,,,,,,,,
507.0,38.0,-0.5040778923034668,0.0,0.6206766472453281,0.47619047619047616,0.0,nan,0.021044349070100145,21.0,152.0,0.19597440585494041,0.0774071004833738,0.03283910434933396,0.057940366856814675,4.594692707061768,,,,,,,,,,,,
508.0,157.0,-1.4978238296508797,0.0,0.5388515155626433,0.6666666666666666,0.0,nan,0.020987124463519316,69.0,628.0,-0.046680133091285825,0.10223946217502089,0.07283240995275264,0.017056190261864917,4.594692707061768,,,,,,,,,,,,
509.0,193.0,-0.9571453142166144,0.0,0.8346364676824616,0.4943820224719101,0.0,nan,0.020929899856938487,89.0,772.0,0.20087169855833054,0.07303451670486538,0.03573785245635008,0.049718845877892354,4.594692707061768,,,,,,,,,,,,
510.0,22.0,-0.33141769886016836,0.0,0.6952545077869625,0.46153846153846156,0.0,0.0,0.020872675250357655,13.0,88.0,0.6521580964326859,0.10911644993426638,0.0039596962980629705,0.17290705986315247,4.594692707061768,1.0,0.0,0.0,0.25,0.0,3.9935495853424072,0.40900301933288574,6.499568178551272,29.0,1.0,54.0,0.016482458114623955
511.0,95.0,-0.0048392593860628885,0.0,0.8642983940990352,0.41304347826086957,0.0,nan,0.020815450643776826,46.0,380.0,0.03593849949538708,0.11583700291294008,0.04376547179072077,0.07025590620091739,4.594692707061768,,,,,,,,,,,,
512.0,28.0,-0.5343592929840087,0.0,0.6230373340680784,0.5294117647058824,0.0,nan,0.020758226037195994,17.0,112.0,0.0841729398816824,0.05603753268743666,0.02639615770853457,0.041727327611930064,4.594692707061768,,,,,,,,,,,,
513.0,102.0,0.05167270183563211,0.0,0.878464811171316,0.375,0.0,nan,0.020701001430615165,48.0,408.0,0.13578647375106812,0.11587669039636239,0.041191886906290165,0.11919878015752067,4.594692707061768,,,,,,,,,,,,
514.0,17.0,-0.26810590744018553,0.0,0.6573136045752561,0.46153846153846156,0.0,nan,0.02064377682403434,13.0,68.0,0.13896592147648335,0.05965116934042752,-0.0051679108873941,0.10272003355280196,4.594692707061768,,,,,,,,,,,,
515.0,95.0,-1.1048781871795654,0.0,0.6977906267901774,0.5681818181818182,0.0,nan,0.020586552217453508,44.0,380.0,0.07376227155327797,0.061027845994885865,0.03129037595522277,0.03565187046565749,4.594692707061768,,,,,,,,,,,,
516.0,87.0,-0.23470534205436716,0.0,0.9058144547887551,0.30434782608695654,0.0,nan,0.02052932761087268,46.0,348.0,0.07440897077322006,0.08897065239239055,0.029184364813318098,0.0885013298486434,4.594692707061768,,,,,,,,,,,,
517.0,192.0,-2.273081196546554,0.0,0.6480459561546876,0.6363636363636364,0.0,nan,0.020472103004291847,88.0,768.0,0.3267744171898812,0.09014957246472477,0.06241624484937347,0.02736992191827802,4.594692707061768,,,,,,,,,,,,
518.0,153.0,-0.5485998082160954,0.0,0.7849489041658818,0.5373134328358209,0.0,nan,0.020414878397711018,67.0,612.0,0.28235696582123637,0.07324783185413253,0.01985817586819394,0.05306597113817337,4.594692707061768,,,,,,,,,,,,
519.0,100.0,-1.4729786574840549,0.0,0.6577242425353561,0.6170212765957447,0.0,nan,0.02035765379113019,47.0,400.0,0.13487640023231506,0.10854450712986363,0.05803592776072719,0.061028744732835497,4.594692707061768,,,,,,,,,,,,
520.0,128.0,-0.5625252771377565,0.0,0.8032182196010448,0.4838709677419355,0.0,0.0,0.020300429184549357,62.0,512.0,0.07379601709544659,0.08391067402362751,0.027897660235339572,0.060931166008523115,4.594692707061768,1.0,0.0,0.0,0.25,0.0,0.754690408706665,1.8793349266052246,6.300885749980807,30.0,1.0,51.0,-0.001426849365234295
521.0,36.0,-0.3831890201568603,0.0,0.7650097054676498,0.35,0.0,nan,0.02024320457796853,20.0,144.0,0.15559418499469757,0.07621540945708855,0.013606814219706899,0.10458057917565237,4.594692707061768,,,,,,,,,,,,
522.0,100.0,-0.46029462814331046,0.0,0.7956883756212891,0.4318181818181818,0.0,nan,0.0201859799713877,44.0,400.0,0.0732958298176527,0.1417977015080396,0.048199261048466724,0.08522756935074483,4.594692707061768,,,,,,,,,,,,
523.0,78.0,-0.2600140798091888,0.0,0.8190483722180164,0.38461538461538464,0.0,nan,0.02012875536480687,39.0,312.0,0.06978106126189232,0.07103735417422286,0.016357386606159707,0.07347508430760091,4.594692707061768,,,,,,,,,,,,
524.0,120.0,-1.2377138078212742,0.0,0.5853638936402682,0.6896551724137931,0.0,nan,0.02007153075822604,58.0,480.0,0.1715027540922165,0.14948682257499968,0.13173840609579202,0.016391223154803833,4.594692707061768,,,,,,,,,,,,
525.0,85.0,-0.3888363003730774,0.0,0.6475488797928134,0.4634146341463415,0.0,nan,0.02001430615164521,41.0,340.0,0.13193172961473465,0.08694769676912983,0.027534256635817655,0.06277934611294139,4.594692707061768,,,,,,,,,,,,
526.0,101.0,-0.7319513535499576,0.0,0.8988643480589458,0.3829787234042553,0.0,nan,0.01995708154506438,47.0,404.0,0.05266423989087343,0.06727432254001542,0.019740443236912597,0.049519721462548225,4.594692707061768,,,,,,,,,,,,
527.0,23.0,-0.49317195892333987,0.0,0.6928294921279304,0.5294117647058824,0.0,nan,0.01989985693848355,17.0,92.0,0.17651576921343803,0.03751489842998917,0.013668549358439834,0.024623245656963354,4.594692707061768,,,,,,,,,,,,
528.0,52.0,-0.4638324213027954,0.0,0.7419062835270889,0.3793103448275862,0.0,nan,0.01984263233190272,29.0,208.0,0.07070605177432299,0.05792652546593812,0.010820304381643208,0.07994662417483783,4.594692707061768,,,,,,,,,,,,
529.0,101.0,-0.3933441734313965,0.0,0.910974760712674,0.3617021276595745,0.0,nan,0.019785407725321887,47.0,404.0,0.1151638887822628,0.07860498875265876,0.0294336174572436,0.07774754330545028,4.594692707061768,,,,,,,,,,,,
530.0,69.0,-0.358189537525177,0.0,0.8565086423627877,0.3888888888888889,0.0,0.0,0.019728183118741062,36.0,276.0,0.058849941939115524,0.10098515005756781,0.025570526713636355,0.12066055978682895,4.594692707061768,1.0,0.0,0.0,0.25,0.0,0.3164108097553253,1.4229106903076172,9.264580000308342,43.0,1.0,86.0,-0.37543792486190863
531.0,43.0,-0.5692188549041748,0.0,0.7565367422335736,0.36,0.0,nan,0.019670958512160233,25.0,172.0,0.11619112268090248,0.056838997589122385,0.018135992986445186,0.05781693431131554,4.594692707061768,,,,,,,,,,,,
532.0,200.0,-1.548120099306106,0.0,0.7935014914632891,0.4666666666666667,0.0,nan,0.0196137339055794,90.0,800.0,0.06131203519180417,0.03591639957494408,0.00889895463637913,0.03429411905182089,4.594692707061768,,,,,,,,,,,,
533.0,52.0,-0.661713309288025,0.0,0.8711362864512198,0.39285714285714285,0.0,nan,0.019556509298998572,28.0,208.0,0.5316602736711502,0.05490235098561523,0.012853871467926253,0.06664941741148155,4.594692707061768,,,,,,,,,,,,
534.0,65.0,-0.9281078100204467,0.0,0.3811330967776467,0.696969696969697,0.0,nan,0.01949928469241774,33.0,260.0,0.06788244470953941,0.021982327814384917,0.014396156604789212,0.008928891289968158,4.594692707061768,,,,,,,,,,,,
535.0,83.0,-0.04507579088211075,0.0,0.7646894315608186,0.4523809523809524,0.0,nan,0.01944206008583691,42.0,332.0,0.03393127070739865,0.13259574658513884,0.02668764201553131,0.13737514762913022,4.594692707061768,,,,,,,,,,,,
536.0,200.0,-1.428147247433663,0.0,0.6763397559909929,0.6477272727272727,0.0,nan,0.019384835479256082,88.0,800.0,0.11913372832350433,0.029000077976434113,0.019243761829557116,0.015609990754510139,4.594692707061768,,,,,,,,,,,,
537.0,197.0,-1.7146939468383784,0.0,0.6968401747151408,0.6292134831460674,0.0,nan,0.01932761087267525,89.0,788.0,0.12651280709542334,0.034958544839355454,0.02496374197289697,0.01330257156925551,4.594692707061768,,,,,,,,,,,,
538.0,81.0,-0.9050736284255982,0.0,0.8244619196977763,0.38461538461538464,0.0,nan,0.019270386266094425,39.0,324.0,0.19956880435347557,0.07708600676573951,0.04349281304280339,0.04490396836406652,4.594692707061768,,,,,,,,,,,,
539.0,39.0,-0.8571683549880981,0.0,0.7548533784314104,0.4444444444444444,0.0,nan,0.019213161659513592,18.0,156.0,0.22270098701119423,0.0602032797927304,0.026262250116232257,0.057164874907357444,4.594692707061768,,,,,,,,,,,,
540.0,107.0,-0.4175024938583372,0.0,0.76805682578521,0.52,0.0,0.0,0.019155937052932764,50.0,428.0,0.01136155566200614,0.06497342630359526,0.05088479626414255,0.021602897861652592,4.594692707061768,1.0,0.0,0.0,0.25,0.0,0.1899000108242035,0.537477970123291,6.956233475124463,37.0,1.0,76.0,-0.20454576969146765
541.0,70.0,-0.9376803278923038,0.0,0.8330508748231794,0.3548387096774194,0.0,nan,0.019098712446351935,31.0,280.0,0.14335891976952553,0.11023744873091346,0.018213370206240143,0.13439201818384505,4.594692707061768,,,,,,,,,,,,
542.0,58.0,-0.6015348303318023,0.0,0.6465490237640634,0.4444444444444444,0.0,nan,0.019041487839771103,27.0,232.0,0.06251905206590891,0.09237620168052421,0.03232775970938182,0.09983103937852751,4.594692707061768,,,,,,,,,,,,
543.0,101.0,0.3664154613018036,0.0,0.8328499259080006,0.35555555555555557,0.0,nan,0.018984263233190274,45.0,404.0,0.1175101064145565,0.11565980396335362,0.06470651394647575,0.05392935237577837,4.594692707061768,,,,,,,,,,,,
544.0,153.0,-1.092943041324616,0.0,0.795853549259641,0.5588235294117647,0.0,nan,0.01892703862660944,68.0,612.0,0.10367563785985112,0.06547718327055918,0.041001010737062416,0.031446727419133264,4.594692707061768,,,,,,,,,,,,
545.0,113.0,-0.39775335073471063,0.0,0.8850934588919561,0.3333333333333333,0.0,nan,0.018869814020028613,48.0,452.0,0.019664165563881397,0.07107269918378734,0.058006812185340095,0.017083842941848303,4.594692707061768,,,,,,,,,,,,
546.0,200.0,-2.4934389948844915,0.0,0.6372641913595947,0.6385542168674698,0.0,nan,0.018812589413447788,83.0,800.0,0.16967303381534293,0.06166685887728818,0.04882149557397497,0.014636890960898638,4.594692707061768,,,,,,,,,,,,
547.0,54.0,-0.47609917163848886,0.0,0.8750217185350879,0.32,0.0,nan,0.018755364806866955,25.0,216.0,0.4831871762871742,0.07867112072913356,0.018831356492969294,0.08865241500853874,4.594692707061768,,,,,,,,,,,,
548.0,141.0,-1.3981916463375097,0.0,0.7535442847613514,0.55,0.0,nan,0.018698140200286123,60.0,564.0,0.12411810643970966,0.06027082337823231,0.03170928765939607,0.03571065966178279,4.594692707061768,,,,,,,,,,,,
549.0,36.0,-0.4059855318069458,0.0,0.7096391318272185,0.5,0.0,nan,0.018640915593705294,20.0,144.0,0.04493309557437897,0.07722946386072888,0.043890639838840194,0.052720543832173346,4.594692707061768,,,,,,,,,,,,
550.0,90.0,-1.5039842605590825,0.0,0.4375320800062829,0.7894736842105263,0.0,0.0,0.018583690987124465,38.0,360.0,0.05404318869113922,0.05537613013802911,0.03594694458854519,0.01911632407914743,4.594692707061768,1.0,0.0,0.0,0.25,0.0,9.971978187561035,1.100954294204712,6.521460355259478,28.0,1.0,56.0,-0.22370470523834235
551.0,85.0,-1.201833820343018,0.0,0.6227260224976778,0.6842105263157895,0.0,nan,0.018526466380543637,38.0,340.0,0.03712561586871743,0.06286278911420595,0.048016115903919854,0.014242766146407432,4.594692707061768,,,,,,,,,,,,
552.0,160.0,-1.1504354238510133,0.0,0.5416505421126431,0.6176470588235294,0.0,nan,0.018469241773962808,68.0,640.0,0.2549598440527916,0.07094395743024506,0.041475019030713156,0.024379713676253995,4.594692707061768,,,,,,,,,,,,
553.0,130.0,-1.6546520650386811,0.0,0.7427851850484717,0.5964912280701754,0.0,nan,0.01841201716738198,57.0,520.0,0.08548536896705627,0.06144840231809212,0.04240850526457507,0.014498051058641437,4.594692707061768,,,,,,,,,,,,
554.0,61.0,-0.6990592932701112,0.0,0.639051547891913,0.6428571428571429,0.0,nan,0.018354792560801143,28.0,244.0,0.06036841310560703,0.07186722652948477,0.018163481840079453,0.06231448612895218,4.594692707061768,,,,,,,,,,,,
555.0,52.0,-0.604844446182251,0.0,0.7389150852261007,0.5185185185185185,0.0,nan,0.018297567954220315,27.0,208.0,0.2607475705444813,0.06604292146023628,0.025989926312726872,0.05006542256584183,4.594692707061768,,,,,,,,,,,,
556.0,49.0,-0.6395374321937561,0.0,0.8687723776314883,0.4166666666666667,0.0,nan,0.018240343347639493,24.0,196.0,0.031003862153738737,0.07859477956959864,0.040140542190709644,0.037381910067741726,4.594692707061768,,,,,,,,,,,,
557.0,49.0,-0.6317572736740114,0.0,0.8402305210620705,0.41379310344827586,0.0,nan,0.018183118741058657,29.0,196.0,0.09022319316864014,0.054267518671956484,0.022173542472918764,0.043773877196523224,4.594692707061768,,,,,,,,,,,,
558.0,66.0,-0.5897594666481019,0.0,0.790223572465413,0.43243243243243246,0.0,nan,0.018125894134477828,37.0,264.0,0.08813885599374771,0.06802944428454794,0.03058846792555414,0.04694675008447491,4.594692707061768,,,,,,,,,,,,
559.0,41.0,-0.706427446603775,0.0,0.8625329619599689,0.44,0.0,nan,0.018068669527897,25.0,164.0,0.0035414344165474176,0.06547988576973539,0.019737270737362162,0.06913914056192136,4.594692707061768,,,,,,,,,,,,
560.0,60.0,-0.18931155204772965,0.0,0.8399519479437559,0.41379310344827586,0.0,0.0,0.01801144492131617,29.0,240.0,0.12596862949430943,0.14061656990185536,0.038582095437353324,0.06775051157925584,4.594692707061768,1.0,0.0,0.0,0.25,0.0,10.458415985107422,0.846541166305542,6.110009848023765,28.0,1.0,55.0,-0.32568523883819595
561.0,92.0,-0.23104117631912224,0.0,0.8100329283887432,0.45454545454545453,0.0,nan,0.017954220314735335,44.0,368.0,0.03770189359784126,0.07603066386946011,0.040510641455341556,0.034798698131648376,4.594692707061768,,,,,,,,,,,,
562.0,78.0,-0.7370652782917024,0.0,0.9359696059846045,0.3611111111111111,0.0,nan,0.017896995708154506,36.0,312.0,0.06016817409545183,0.08544311679042949,0.010540897354303524,0.07738876737805025,4.594692707061768,,,,,,,,,,,,
563.0,45.0,-0.958402717113495,0.0,0.7090839113818885,0.5238095238095238,0.0,nan,0.017839771101573677,21.0,180.0,0.047129133716225624,0.0654102742128695,0.017276627738546164,0.07259888642019816,4.594692707061768,,,,,,,,,,,,
564.0,94.0,-1.6064856970310215,0.0,0.7216993998382722,0.6222222222222222,0.0,nan,0.01778254649499285,45.0,376.0,0.09477106295526028,0.02702941439292772,-0.00613477684191821,0.037726665979614826,4.594692707061768,,,,,,,,,,,,
565.0,49.0,-0.9646814250946045,0.0,0.4482705885660407,0.75,0.0,nan,0.01772532188841202,24.0,196.0,0.022624824196100235,0.06475338084048268,0.046090335733368896,0.014267607867344939,4.594692707061768,,,,,,,,,,,,
566.0,110.0,-1.2157207012176516,0.0,0.5119546551071976,0.6666666666666666,0.0,nan,0.01766809728183119,48.0,440.0,0.12671979889273643,0.05105524482860346,0.0102693873905082,0.04254399130004083,4.594692707061768,,,,,,,,,,,,
567.0,141.0,-2.6590979552268976,0.0,0.5110616434611035,0.7741935483870968,0.0,nan,0.017610872675250362,62.0,564.0,0.17106709629297256,0.055570219054061454,0.02814806727838004,0.014178860684711525,4.594692707061768,,,,,,,,,,,,
568.0,88.0,-1.4397972691059115,0.0,0.7143830224171399,0.5714285714285714,0.0,nan,0.017553648068669533,42.0,352.0,0.032752033323049545,0.07251544917198771,0.03264923463281377,0.035617508020532665,4.594692707061768,,,,,,,,,,,,
569.0,92.0,-0.6732431840896609,0.0,0.9618726840607823,0.3409090909090909,0.0,nan,0.017496423462088698,44.0,368.0,0.06037978921085596,0.05752536149066145,0.021986790811070023,0.03931346091246815,4.594692707061768,,,,,,,,,,,,
570.0,194.0,-3.746279784440993,0.0,0.4295565264441135,0.8072289156626506,0.0,0.0,0.01743919885550787,83.0,776.0,0.3460916713811457,0.04898020097607514,0.016211069404562295,0.01611673284434778,4.594692707061768,1.0,0.0,0.0,0.25,0.0,2.5059397220611572,0.6549539566040039,8.89897239394486,38.0,1.0,83.0,-0.888131980895996
571.0,31.0,-0.47269149780273445,0.0,0.5361236692218168,0.47368421052631576,0.0,nan,0.01738197424892704,19.0,124.0,0.175310879945755,0.05795600770732328,0.04232238733675331,0.017856156669031908,4.594692707061768,,,,,,,,,,,,
572.0,55.0,-1.2759127140045168,0.0,0.5654985045970217,0.6896551724137931,0.0,nan,0.01732474964234621,29.0,220.0,0.07700953632593155,0.10047725360861726,0.03692478062955409,0.08627881038060585,4.594692707061768,,,,,,,,,,,,
573.0,40.0,-0.850401794910431,0.0,0.49819787606491917,0.7,0.0,nan,0.017267525035765383,20.0,160.0,0.04915066435933113,0.0383762059325818,0.02058108156779781,0.014406571047240746,4.594692707061768,,,,,,,,,,,,
574.0,136.0,-2.8239736831188202,0.0,0.6021166484273346,0.6557377049180327,0.0,nan,0.017210300429184554,61.0,544.0,0.23540611192584038,0.053187165800409275,0.029925511889814516,0.01530226123766426,4.594692707061768,,,,,,,,,,,,
575.0,48.0,-0.44382211744785316,0.0,0.8059084019081934,0.44,0.0,nan,0.017153075822603725,25.0,192.0,0.09037813171744347,0.06504426342932372,0.028162678158575243,0.05207575939070804,4.594692707061768,,,,,,,,,,,,
576.0,57.0,-0.5353728663921358,0.0,0.7983285614235553,0.4482758620689655,0.0,nan,0.01709585121602289,29.0,228.0,0.0796513706445694,0.12610306696028842,0.050074686551580955,0.06855414392697852,4.594692707061768,,,,,,,,,,,,
577.0,46.0,-0.7002929306030273,0.0,0.5972804309583972,0.6666666666666666,0.0,nan,0.01703862660944206,24.0,184.0,0.04514804016798735,0.08172851701269594,0.026318880544631214,0.08823898861456839,4.594692707061768,,,,,,,,,,,,
578.0,38.0,-0.6936435508728027,0.0,0.948181567094916,0.35,0.0,nan,0.01698140200286123,20.0,152.0,0.01111388928256929,0.15893799179282628,0.06020844317084227,0.11945310392757673,4.594692707061768,,,,,,,,,,,,
579.0,94.0,-0.06331328392028829,0.0,0.8523110839506617,0.45098039215686275,0.0,nan,0.016924177396280403,51.0,376.0,0.07453341409564018,0.10174715787843525,0.04416384155911146,0.03666148088377405,4.594692707061768,,,,,,,,,,,,
580.0,168.0,-1.8982540416717526,0.0,0.7147512188997621,0.6266666666666667,0.0,0.0,0.016866952789699574,75.0,672.0,0.1894235296640545,0.07738417780001328,0.03518409946366319,0.03413272107658101,4.594692707061768,1.0,0.0,0.0,0.25,0.0,12.281211853027344,0.9801967144012451,6.848617034032941,31.0,1.0,55.0,-0.576778268814087
581.0,26.0,-0.47370053291320796,0.0,0.9080637049572898,0.375,0.0,nan,0.01680972818311874,16.0,104.0,0.09357070177793503,0.062260543958892904,0.013806329261569772,0.080471434834821,4.594692707061768,,,,,,,,,,,,
582.0,87.0,-0.15440732359886195,0.0,0.5579250710718983,0.6,0.0,nan,0.016752503576537917,40.0,348.0,0.07480178214609623,0.12015656028052035,0.01934370442245381,0.07681087066587766,4.594692707061768,,,,,,,,,,,,
583.0,128.0,-1.5944232511520386,0.0,0.5746848994385444,0.7142857142857143,0.0,nan,0.016695278969957088,56.0,512.0,0.07956024259328842,0.04633903766989533,0.006875085719002527,0.03538705777894402,4.594692707061768,,,,,,,,,,,,
584.0,32.0,-0.5917077493667603,0.0,0.7618038555057003,0.5555555555555556,0.0,nan,0.016638054363376252,18.0,128.0,0.062250384129583836,0.08082154288058518,0.03029949648589536,0.046266332407399975,4.594692707061768,,,,,,,,,,,,
585.0,28.0,-0.6749356317520141,0.0,0.46784944208463947,0.7058823529411765,0.0,nan,0.016580829756795423,17.0,112.0,0.07604796625673771,0.04482323660340626,0.0240227565269119,0.012764805597768705,4.594692707061768,,,,,,,,,,,,
586.0,124.0,-1.7307109498977664,0.0,0.4826890343193245,0.7678571428571429,0.0,nan,0.016523605150214594,56.0,496.0,0.06984757445752621,0.03892970068318391,0.010849291190424992,0.013036957137364564,4.594692707061768,,,,,,,,,,,,
587.0,84.0,-1.387079491615296,0.0,0.5193755067063098,0.6829268292682927,0.0,nan,0.016466380543633766,41.0,336.0,0.03248667065054178,0.046030458493078186,0.01243138649397224,0.02600285190302253,4.594692707061768,,,,,,,,,,,,
588.0,70.0,-0.9834264874458315,0.0,0.8100038193125673,0.43243243243243246,0.0,nan,0.016409155937052937,37.0,280.0,0.12522700056433678,0.07787359069334343,0.050957021751401044,0.032199421699299346,4.594692707061768,,,,,,,,,,,,
589.0,39.0,-1.0503166103363037,0.0,0.6973690266334515,0.55,0.0,nan,0.0163519313304721,20.0,156.0,0.03336514858528972,0.1445829800512188,0.03192287204579677,0.10338216121188423,4.594692707061768,,,,,,,,,,,,
590.0,65.0,-1.3000727176666262,0.0,0.23410046801559306,0.875,0.0,0.0,0.01629470672389128,32.0,260.0,0.08539658226072788,0.05334248313010903,0.025324796837594477,0.018915568659067687,4.594692707061768,1.0,0.0,0.0,0.25,0.0,8.563211441040039,1.696709156036377,6.900069098453969,34.0,1.0,61.0,-0.4778310394287112
591.0,57.0,-0.6556471300125123,0.0,0.9023492155525866,0.3870967741935484,0.0,nan,0.016237482117310444,31.0,228.0,0.012119622668251395,0.11007362497733547,0.03620918233329512,0.07268063681291762,4.594692707061768,,,,,,,,,,,,
592.0,16.0,-0.5416221237182617,0.0,0.6573136045752561,0.46153846153846156,0.0,nan,0.016180257510729615,13.0,64.0,0.15103979036211967,0.024594449147116393,-0.0052352997663547285,0.015221214155074658,4.594692707061768,,,,,,,,,,,,
593.0,155.0,-1.1420656323432925,0.0,0.9458491375560363,0.2972972972972973,0.0,nan,0.016123032904148786,74.0,620.0,0.07195433368906379,0.04775607465762732,0.015155332621816342,0.032969629245434465,4.594692707061768,,,,,,,,,,,,
594.0,17.0,-0.2757795286178589,0.0,0.6826062068095968,0.3333333333333333,0.0,nan,0.016065808297567957,12.0,68.0,0.15308872982859612,0.060660024351604724,-0.013063648181474385,0.100361252494399,4.594692707061768,,,,,,,,,,,,
595.0,70.0,-0.9645572423934937,0.0,0.5058356384263245,0.7575757575757576,0.0,nan,0.01600858369098713,33.0,280.0,0.02313726069405675,0.06329661010022392,0.03087347087193848,0.02122073026505668,4.594692707061768,,,,,,,,,,,,
596.0,105.0,-1.6781091451644903,0.0,0.5284922767854779,0.7291666666666666,0.0,nan,0.015951359084406293,48.0,420.0,0.1385863460600376,0.06417170159147645,0.017693214131668356,0.03153280004764603,4.594692707061768,,,,,,,,,,,,
597.0,19.0,-0.42438513278961176,0.0,0.826165059895204,0.3333333333333333,0.0,nan,0.01589413447782547,12.0,76.0,0.1493227370083332,0.048435198290175514,0.002985606830311314,0.045575054454664164,4.594692707061768,,,,,,,,,,,,
598.0,134.0,-0.4404827976226814,0.0,0.95241067885679,0.3548387096774194,0.0,nan,0.015836909871244635,62.0,536.0,0.07995317317545414,0.06740443027410947,0.023939857411278354,0.04993495811154755,4.594692707061768,,,,,,,,,,,,
599.0,33.0,-0.046133069992065456,0.0,0.8593986625516732,0.45,0.0,nan,0.015779685264663806,20.0,132.0,0.04929591342806816,0.11920089688801179,0.0028171000268423195,0.1285716692647828,4.594692707061768,,,,,,,,,,,,
600.0,115.0,-2.439762997627258,0.0,0.49435988510901707,0.7592592592592593,0.0,0.0,0.015722460658082978,54.0,460.0,0.17317261546850204,0.07786135336300504,0.04645210963712998,0.016396005820767112,4.594692707061768,1.0,0.0,0.0,0.25,0.0,10.701868057250977,1.2036526203155518,7.385749597102404,34.0,1.0,64.0,-0.8060935401916506
601.0,74.0,-0.8964436197280887,0.0,0.5132406392816666,0.6944444444444444,0.0,nan,0.01566523605150215,36.0,296.0,0.0835320632904768,0.10886206678060262,0.03625662535137053,0.06075588019802057,4.594692707061768,,,,,,,,,,,,
602.0,64.0,-1.0057085895538331,0.0,0.8910807440410764,0.45454545454545453,0.0,nan,0.01560801144492132,33.0,256.0,0.22899002954363823,0.15208872213042923,0.10002033511072383,0.07237045398927072,4.594692707061768,,,,,,,,,,,,
603.0,57.0,-0.007769293785095263,0.0,0.917907683458583,0.3793103448275862,0.0,nan,0.015550786838340484,29.0,228.0,0.00803817342966795,0.08379041435290945,0.017521143163832135,0.07061138973397728,4.594692707061768,,,,,,,,,,,,
604.0,84.0,-1.6035463118553162,0.0,0.5651111983392001,0.725,0.0,nan,0.015493562231759656,40.0,336.0,0.07378925383090973,0.087029477375836,0.02954318857882754,0.039264686529198685,4.594692707061768,,,,,,,,,,,,
605.0,109.0,-0.8091269159317017,0.0,0.5239215963091377,0.6458333333333334,0.0,nan,0.015436337625178834,48.0,436.0,0.07438703998923302,0.06788749108000047,0.016419427619894122,0.030497816954980307,4.594692707061768,,,,,,,,,,,,
606.0,56.0,-1.480377850532532,0.0,0.5926431255099953,0.6551724137931034,0.0,nan,0.015379113018597998,29.0,224.0,0.07066797278821468,0.09339597248390419,0.04848500910390742,0.03764283106245568,4.594692707061768,,,,,,,,,,,,
607.0,56.0,-1.3152659511566165,0.0,0.837647886792091,0.5172413793103449,0.0,nan,0.01532188841201717,29.0,224.0,0.04159673070535064,0.11647114219002626,0.038922492906359754,0.08446040758763619,4.594692707061768,,,,,,,,,,,,
608.0,123.0,-1.0568171787261962,0.0,0.8406366408195071,0.5,0.0,nan,0.01526466380543634,60.0,492.0,0.06818729266524315,0.06224372310498438,0.03001216718547539,0.01743116989316507,4.594692707061768,,,,,,,,,,,,
609.0,59.0,-0.7034440720081331,0.0,0.799867639016073,0.5357142857142857,0.0,nan,0.015207439198855512,28.0,236.0,0.005051786312833428,0.08143860369701712,0.015632552296017944,0.06414196066323276,4.594692707061768,,,,,,,,,,,,
610.0,42.0,-0.3885010433197022,0.0,0.7504011711544172,0.42857142857142855,0.0,0.0,0.015150214592274683,21.0,168.0,0.08086032792925835,0.13561218630500316,0.012282357099701628,0.12525388849615662,4.594692707061768,1.0,0.0,0.0,0.25,0.0,8.146509170532227,0.7536755800247192,5.969016128918156,25.0,1.0,51.0,-0.4904935455322267
611.0,33.0,-0.6175692367553711,0.0,0.580217401565476,0.6111111111111112,0.0,nan,0.015092989985693847,18.0,132.0,0.0544787272810936,0.10687112109735608,0.01603574867035742,0.05430910430295815,4.594692707061768,,,,,,,,,,,,
612.0,119.0,-2.3660721325874325,0.0,0.3547186100081951,0.8269230769230769,0.0,nan,0.015035765379113018,52.0,476.0,0.15172715112566948,0.08714592749220174,0.05402675081586494,0.018026778151505884,4.594692707061768,,,,,,,,,,,,
613.0,45.0,-0.5203996717929842,0.0,0.6504893408999579,0.6086956521739131,0.0,nan,0.01497854077253219,23.0,180.0,0.08030618540942669,0.12398890372779635,0.039086860961591204,0.0646704816921515,4.594692707061768,,,,,,,,,,,,
614.0,92.0,-1.6640258860588077,0.0,0.702766649300545,0.625,0.0,nan,0.01492131616595136,40.0,368.0,0.06384771876037121,0.07636649441610643,0.03832035065670425,0.033060298875242554,4.594692707061768,,,,,,,,,,,,
615.0,146.0,-2.5517978763580316,0.0,0.5771797620666195,0.7384615384615385,0.0,nan,0.014864091559370532,65.0,584.0,-0.07553479261696339,0.0625070447276812,0.02316553383570863,0.02141340235328118,4.594692707061768,,,,,,,,,,,,
616.0,14.0,-0.32840465545654296,0.0,0.8339017783018282,0.36363636363636365,0.0,nan,0.014806866952789703,11.0,56.0,0.18958977982401848,0.0580486596445553,-0.01673365186434239,0.09469023572950976,4.594692707061768,,,,,,,,,,,,
617.0,23.0,-0.45920403480529787,0.0,0.767438498640384,0.4,0.0,nan,0.014749642346208874,15.0,92.0,0.21579720452427864,0.15361925803185644,0.02222428367594662,0.21208498880510138,4.594692707061768,,,,,,,,,,,,
618.0,54.0,-0.7275633716583254,0.0,0.7833792361192657,0.4827586206896552,0.0,nan,0.014692417739628039,29.0,216.0,0.040190812200307846,0.10772887384303396,0.04162602235144867,0.06999870245206388,4.594692707061768,,,,,,,,,,,,
619.0,35.0,-0.7737054824829102,0.0,0.49819787606491917,0.7,0.0,nan,0.01463519313304721,20.0,140.0,0.10562553443014622,0.09680827737652829,0.0626203352851527,0.0256479967165316,4.594692707061768,,,,,,,,,,,,
620.0,52.0,-0.010171122550964362,0.0,0.8092277994878978,0.38461538461538464,0.0,0.0,0.014577968526466388,26.0,208.0,0.06412268802523613,0.15789717527178043,0.014479416887087818,0.14112082370205095,4.594692707061768,1.0,0.0,0.0,0.25,0.0,7.16064453125,0.624908447265625,5.5328153553418815,23.0,1.0,44.0,-0.3742728137969972
621.0,46.0,-0.9669140911102296,0.0,0.7039113840901094,0.5833333333333334,0.0,nan,0.014520743919885552,24.0,184.0,0.09477492049336433,0.09997865843457554,0.025607305077439534,0.08880210821896455,4.594692707061768,,,,,,,,,,,,
622.0,34.0,-0.34148561000823974,0.0,0.9249774114556292,0.3,0.0,nan,0.014463519313304724,20.0,136.0,0.03407924063503742,0.12724748086432502,0.025212488215937114,0.10890969202556973,4.594692707061768,,,,,,,,,,,,
623.0,48.0,-0.907021598815918,0.0,0.47177657495702435,0.76,0.0,nan,0.014406294706723895,25.0,192.0,0.04729342460632324,0.03194647483148098,-0.007901255385831973,0.02640452081726106,4.594692707061768,,,,,,,,,,,,
624.0,30.0,-0.495738387107849,0.0,0.7807682334620716,0.45,0.0,nan,0.014349070100143066,20.0,120.0,0.09273076429963112,0.07477327261585742,0.021394928926990058,0.04516944514415388,4.594692707061768,,,,,,,,,,,,
625.0,23.0,-0.47583177566528323,0.0,0.9812326639913408,0.23529411764705882,0.0,nan,0.01429184549356223,17.0,92.0,0.20859957113862038,0.06550098937599536,-0.029108976569976065,0.09230710888389536,4.594692707061768,,,,,,,,,,,,
626.0,76.0,0.17319549560546854,0.0,0.8809868570842678,0.3888888888888889,0.0,nan,0.014234620886981401,36.0,304.0,0.14196225628256798,0.21416239428435802,0.022715937114753615,0.10488440040894709,4.594692707061768,,,,,,,,,,,,
627.0,35.0,-0.3933613777160645,0.0,0.9349775271899474,0.3,0.0,nan,0.014177396280400573,20.0,140.0,0.11548831313848495,0.1839027585927397,0.03378614445682615,0.10017392947794164,4.594692707061768,,,,,,,,,,,,
628.0,23.0,-0.3551256048679352,0.0,0.9080637049572898,0.375,0.0,nan,0.014120171673819744,16.0,92.0,0.10281757079064846,0.10645155311035721,0.026050337590277195,0.07821802469757873,4.594692707061768,,,,,,,,,,,,
629.0,44.0,-1.00341392993927,0.0,0.8907014372240359,0.375,0.0,nan,0.014062947067238915,24.0,176.0,0.011908442014828324,0.09646341140614823,0.027164060145217016,0.05050894370890377,4.594692707061768,,,,,,,,,,,,
630.0,41.0,-0.6939621901512145,0.0,0.4271278443747234,0.75,0.0,0.0,0.014005722460658086,20.0,164.0,0.05795498564839363,0.04194163934259516,0.02318517645826654,0.01638590291388787,4.594692707061768,1.0,0.0,0.0,0.25,0.0,6.263228416442871,0.5421057939529419,5.859552700771019,24.0,1.0,50.0,-0.4125658988952637
631.0,14.0,-0.4810496830940246,0.0,0.39548850063838265,0.6666666666666666,0.0,nan,0.013948497854077258,12.0,56.0,0.20286495611071587,0.007130784982499401,-0.02950546709221921,0.030500040110875353,4.594692707061768,,,,,,,,,,,,
632.0,64.0,-1.4470938348770144,0.0,0.8235559089604128,0.5151515151515151,0.0,nan,0.013891273247496429,33.0,256.0,0.08850186504423618,0.1248880714756524,0.03244907388216234,0.11155556231315272,4.594692707061768,,,,,,,,,,,,
633.0,25.0,-0.49613404273986816,0.0,0.7333644362196192,0.5,0.0,nan,0.013834048640915593,16.0,100.0,0.15118396654725075,0.03517631511203945,0.0011485806480050088,0.0337878180305379,4.594692707061768,,,,,,,,,,,,
634.0,89.0,-0.6013081574440007,0.0,0.8096425853061806,0.46511627906976744,0.0,nan,0.013776824034334764,43.0,356.0,0.10303219966590405,0.04101898591261488,0.021085895702071866,0.014000665556061234,4.594692707061768,,,,,,,,,,,,
635.0,44.0,-0.8292276167869569,0.0,0.6014550650471735,0.5833333333333334,0.0,nan,0.013719599427753935,24.0,176.0,0.06517782248556614,0.08453935467034833,0.010013293994812888,0.07499651428703884,4.594692707061768,,,,,,,,,,,,
636.0,55.0,-0.8004971027374269,0.0,0.7340640169434909,0.4838709677419355,0.0,nan,0.013662374821173107,31.0,220.0,0.015979991061612964,0.05154398834195242,0.03105216252575205,0.013524176942448167,4.594692707061768,,,,,,,,,,,,
637.0,19.0,-0.4884546661376953,0.0,0.8902220633283349,0.35714285714285715,0.0,nan,0.013605150214592278,14.0,76.0,0.10597954131662846,0.05620489668523844,0.0016572881967907673,0.06844802122742386,4.594692707061768,,,,,,,,,,,,
638.0,11.0,-0.20470233917236327,0.0,0.6053757909600438,0.5,0.0,nan,0.013547925608011449,8.0,44.0,0.2728545814752579,0.12091237740506502,-0.018595818207937886,0.17893515461376677,4.594692707061768,,,,,,,,,,,,
639.0,47.0,-0.7780301165580751,0.0,0.4482705885660407,0.75,0.0,nan,0.01349070100143062,24.0,188.0,0.013015424716286361,0.06847793488030104,0.016726635767399592,0.04003052526006825,4.594692707061768,,,,,,,,,,,,
640.0,44.0,-0.5178913617134094,0.0,0.7448869640448277,0.5,0.0,0.0,0.013433476394849785,24.0,176.0,0.10028776526451111,0.14125813509004234,0.02373520122041968,0.0781677515566447,4.594692707061768,1.0,0.0,0.0,0.25,0.0,0.24974128603935242,0.465415358543396,6.670400771545246,26.0,1.0,52.0,-0.21663344621658331
641.0,48.0,-0.33005898475646983,0.0,0.796315813240338,0.4583333333333333,0.0,nan,0.013376251788268956,24.0,192.0,0.1079701129347086,0.1123714556718672,0.03071922925422162,0.10912824307895704,4.594692707061768,,,,,,,,,,,,
642.0,55.0,-0.5595701694488526,0.0,0.669231882512444,0.6071428571428571,0.0,nan,0.013319027181688127,28.0,220.0,0.041935854591429234,0.11793972565977708,0.011372910359006545,0.09317435358332718,4.594692707061768,,,,,,,,,,,,
643.0,57.0,-1.030211515426636,0.0,0.730757062938335,0.6071428571428571,0.0,nan,0.013261802575107298,28.0,228.0,0.05333941709250212,0.10416062776736605,0.028483140869515443,0.07041603619597535,4.594692707061768,,,,,,,,,,,,
644.0,51.0,-1.0177446579933167,0.0,0.4988193881722783,0.7083333333333334,0.0,nan,0.01320457796852647,24.0,204.0,0.043838270008563995,0.06002403530474825,0.0072736072758619,0.04154559769909152,4.594692707061768,,,,,,,,,,,,
645.0,85.0,-0.8592255949974066,0.0,0.7332376302694584,0.5365853658536586,0.0,nan,0.013147353361945634,41.0,340.0,0.07216693088412285,0.0688349533447763,0.017451412430091295,0.03384250081754703,4.594692707061768,,,,,,,,,,,,
646.0,55.0,-1.1563000202178957,0.0,0.4075806553092168,0.7857142857142857,0.0,nan,0.013090128755364812,28.0,220.0,0.040314966812729836,0.04102954688397321,0.014273602206429297,0.01210880513778303,4.594692707061768,,,,,,,,,,,,
647.0,42.0,-0.5733161759376526,0.0,0.939082499481921,0.25,0.0,nan,0.013032904148783983,20.0,168.0,0.10900686867535114,0.21801150106226228,0.03479101982139539,0.11494664862622737,4.594692707061768,,,,,,,,,,,,
648.0,51.0,-0.39524816036224364,0.0,0.8713153109731464,0.4166666666666667,0.0,nan,0.012975679542203147,24.0,204.0,0.066110510379076,0.15525902706020347,0.018934986655664284,0.13523790274964942,4.594692707061768,,,,,,,,,,,,
649.0,58.0,-0.528554790019989,0.0,0.7536270937872157,0.5714285714285714,0.0,nan,0.012918454935622319,28.0,232.0,0.07456820644438267,0.11056511293030906,0.01852433096240114,0.07052763800804747,4.594692707061768,,,,,,,,,,,,
650.0,26.0,-0.5508063411712647,0.0,0.8109019787469418,0.375,0.0,0.0,0.01286123032904149,16.0,104.0,0.03369156830012798,0.07701734371948987,-0.008410860967929833,0.0712358329548271,4.594692707061768,1.0,0.0,0.0,0.25,0.0,1.9737468957901,0.5415942668914795,7.718644398031756,28.0,1.0,62.0,-0.4960525822639465
651.0,41.0,-0.5673348999023438,0.0,0.8798767865380884,0.36363636363636365,0.0,nan,0.012804005722460661,22.0,164.0,0.03500370681285858,0.10008032654025932,0.004944289171295922,0.06559619758241708,4.594692707061768,,,,,,,,,,,,
652.0,31.0,0.1729108953475952,0.0,0.6482719403567556,0.4375,0.0,nan,0.012746781115879832,16.0,124.0,0.07929659076035023,0.22235093887655005,-0.004251634640123455,0.16006973629807728,4.594692707061768,,,,,,,,,,,,
653.0,22.0,-0.48438671350479123,0.0,0.5938097476583638,0.5714285714285714,0.0,nan,0.012689556509299003,14.0,88.0,0.08093285374343395,0.06262875043533066,0.012184047457677398,0.053249936385288195,4.594692707061768,,,,,,,,,,,,
654.0,28.0,-0.4564472961425781,0.0,0.8490078333903118,0.29411764705882354,0.0,nan,0.012632331902718175,17.0,112.0,0.13653739541769028,0.13016051328824169,0.029758861411080164,0.0969822090244311,4.594692707061768,,,,,,,,,,,,
655.0,23.0,-0.37312615394592286,0.0,0.7674385727092802,0.4,0.0,nan,0.012575107296137339,15.0,92.0,0.09664386324584484,0.06659628945129478,0.008751332964216683,0.03803541653992442,4.594692707061768,,,,,,,,,,,,
656.0,41.0,-0.8468689417839051,0.0,0.7124201226010126,0.5909090909090909,0.0,nan,0.01251788268955651,22.0,164.0,0.029718147590756416,0.08136434375632146,0.030647121229288508,0.0431466802483627,4.594692707061768,,,,,,,,,,,,
657.0,87.0,-1.1280579876899717,0.0,0.6400543666765078,0.65,0.0,nan,0.012460658082975681,40.0,348.0,0.13703987747430801,0.08350716710810957,0.027812441048467917,0.03354704235302647,4.594692707061768,,,,,,,,,,,,
658.0,79.0,-1.1168973648548126,0.0,0.4248308568026381,0.7777777777777778,0.0,nan,0.012403433476394853,36.0,316.0,0.038448359817266464,0.06776573361821647,0.01403253495050194,0.03797904564420196,4.594692707061768,,,,,,,,,,,,
659.0,73.0,-1.502324085235596,0.0,0.8228014431845148,0.5277777777777778,0.0,nan,0.012346208869814024,36.0,292.0,0.1113846655935049,0.1893545108159742,0.05705216021686965,0.11071310991769645,4.594692707061768,,,,,,,,,,,,
660.0,105.0,-2.5070626020431517,0.0,0.18356668587804414,0.9130434782608695,0.0,0.0,0.012288984263233188,46.0,420.0,0.14166438579559326,0.06526715213112766,0.0338430722049452,0.013232889505876776,4.594692707061768,1.0,0.0,0.0,0.5,0.0,-0.0021102726459503174,0.8404392004013062,7.595049373107031,28.0,1.0,60.0,-0.3807904958724976
661.0,32.0,0.04092730760574345,0.0,0.7965801651305972,0.4375,0.0,nan,0.012231759656652366,16.0,128.0,0.08099370636045933,0.207957908132812,0.017126112907135393,0.23201960237926514,4.594692707061768,,,,,,,,,,,,
662.0,14.0,-0.41535690069198605,0.0,0.8004361177938089,0.45454545454545453,0.0,nan,0.01217453505007153,11.0,56.0,0.2515421062707901,0.18324356645877873,0.038819196833563704,0.168608320380971,4.594692707061768,,,,,,,,,,,,
663.0,50.0,-0.03335421085357679,0.0,0.717531468984595,0.4583333333333333,0.0,nan,0.012117310443490702,24.0,200.0,0.07029682956635952,0.2606793015752919,0.06010832793777809,0.14334469581822976,4.594692707061768,,,,,,,,,,,,
664.0,33.0,-0.5100425887107849,0.0,0.7304591578381325,0.5,0.0,nan,0.012060085836909873,18.0,132.0,0.05813016835600138,0.12843550970799036,0.01468990791181568,0.1255039218816023,4.594692707061768,,,,,,,,,,,,
665.0,41.0,-0.643112382888794,0.0,0.8014736008217888,0.5,0.0,nan,0.012002861230329044,20.0,164.0,0.1303244363516569,0.11756214985436556,-0.01522402573591091,0.12355319659321269,4.594692707061768,,,,,,,,,,,,
666.0,66.0,-0.6812656140327453,0.0,0.6357903684645604,0.6363636363636364,0.0,nan,0.011945636623748215,33.0,264.0,0.05632225703448057,0.11231871864038112,0.03221346355167043,0.06440720808333188,4.594692707061768,,,,,,,,,,,,
667.0,25.0,-0.4342953920364381,0.0,0.8706620973782472,0.35294117647058826,0.0,nan,0.01188841201716738,17.0,100.0,0.13928723149001598,0.05604661151068285,0.004407499236986041,0.052616692098735394,4.594692707061768,,,,,,,,,,,,
668.0,48.0,-0.5122643518447876,0.0,0.852683057946986,0.2916666666666667,0.0,nan,0.01183118741058655,24.0,192.0,0.018232582369819283,0.16666689093714618,0.017788033769875256,0.11924540596525961,4.594692707061768,,,,,,,,,,,,
669.0,24.0,-0.6172255063056946,0.0,0.6856014048309755,0.5625,0.0,nan,0.011773962804005729,16.0,96.0,0.06301829032599926,0.052835851694302015,-0.0023960655574531606,0.048039907753187526,4.594692707061768,,,,,,,,,,,,
670.0,80.0,-1.197862982749939,0.0,0.4534273021484977,0.7777777777777778,0.0,0.0,0.011716738197424893,36.0,320.0,0.05111876782029867,0.054275729858090926,0.024042122185392145,0.023873491149475942,4.594692707061768,1.0,0.0,0.0,0.25,0.0,0.6020138263702393,1.4698009490966797,9.665514054708183,36.0,1.0,75.0,-0.5216715693473816
671.0,33.0,-0.31035895824432363,0.0,0.7591544851603149,0.42105263157894735,0.0,nan,0.011659513590844064,19.0,132.0,0.06314484681934118,0.050254434919528045,0.007311611930190614,0.04683649342423015,4.594692707061768,,,,,,,,,,,,
672.0,153.0,-2.237029104232789,0.0,0.37132778224012913,0.8181818181818182,0.0,nan,0.011602288984263236,66.0,612.0,0.17071306891739368,0.04913693706566846,0.02700021233761163,0.008920843872546998,4.594692707061768,,,,,,,,,,,,
673.0,34.0,-0.8005356276035309,0.0,0.5904362797844903,0.6,0.0,nan,0.011545064377682407,20.0,136.0,0.05749034881591797,0.03310423541594954,0.006230405273313141,0.013817555404705854,4.594692707061768,,,,,,,,,,,,
674.0,64.0,-0.7177553319931034,0.0,0.714117633562335,0.5806451612903226,0.0,nan,0.011487839771101578,31.0,256.0,0.031642676796764135,0.10818127355037177,0.026898048352450132,0.09417498951046577,4.594692707061768,,,,,,,,,,,,
675.0,41.0,-0.38592282295227054,0.0,0.7584059448961067,0.5,0.0,nan,0.011430615164520742,20.0,164.0,0.038250149227678776,0.11300444340038045,0.022404235980058907,0.075196604088431,4.594692707061768,,,,,,,,,,,,
676.0,39.0,-0.7687326812744142,0.0,0.6603159132106625,0.6,0.0,nan,0.01137339055793992,20.0,156.0,0.06363140791654587,0.11136907229550931,0.017523857021026348,0.08848439922119301,4.594692707061768,,,,,,,,,,,,
677.0,83.0,-0.6311577129364019,0.0,0.6218263816853808,0.6666666666666666,0.0,nan,0.011316165951359085,39.0,332.0,0.0391246285289526,0.07326124374367282,0.017334040448531596,0.03658993630310694,4.594692707061768,,,,,,,,,,,,
678.0,25.0,-0.2272186875343323,0.0,0.9822177803097625,0.25,0.0,nan,0.011258941344778256,16.0,100.0,0.07767344824969769,0.09374483540887013,0.008131631365977228,0.09713790618907808,4.594692707061768,,,,,,,,,,,,
679.0,31.0,-0.5088233089447022,0.0,0.8339095555359209,0.375,0.0,nan,0.011201716738197427,16.0,124.0,0.03988219890743494,0.09940935549281177,0.01688145947334687,0.06990016250594396,4.594692707061768,,,,,,,,,,,,
680.0,88.0,-1.2539472389221196,0.0,0.7409026499846366,0.5,0.0,0.0,0.011144492131616598,40.0,352.0,0.07895125448703766,0.04745528882267536,0.01671810147308861,0.03023159984493635,4.594692707061768,1.0,0.0,0.0,0.25,0.0,0.5448182821273804,1.856603741645813,10.74442336242646,40.0,1.0,84.0,-0.481722369194031
681.0,116.0,-1.8890226578712466,0.0,0.6865124522532753,0.6481481481481481,0.0,nan,0.01108726752503577,54.0,464.0,0.12723657116293907,0.0556060893582071,0.03242602031514252,0.018669989801407487,4.594692707061768,,,,,,,,,,,,
682.0,76.0,-0.7870851373672488,0.0,0.8769598052710145,0.4444444444444444,0.0,nan,0.011030042918454934,36.0,304.0,0.08999553322792053,0.14852793312184076,0.04806589329109556,0.07090589783017695,4.594692707061768,,,,,,,,,,,,
683.0,71.0,-0.31892418026924124,0.0,0.7993633779712749,0.4375,0.0,nan,0.010972818311874105,32.0,284.0,0.1534189134836197,0.16420894272778241,0.030679030542160035,0.0861124922055283,4.594692707061768,,,,,,,,,,,,
684.0,67.0,-1.040220994949341,0.0,0.7230261219056082,0.5625,0.0,nan,0.010915593705293283,32.0,268.0,0.10879035852849483,0.10586334009803977,0.017340938078973522,0.08030312859783334,4.594692707061768,,,,,,,,,,,,
685.0,25.0,-0.11950776576995845,0.0,0.8515409896376819,0.3125,0.0,nan,0.010858369098712448,16.0,100.0,0.06788726523518562,0.16939393449109047,0.013770005209371447,0.15380377174517748,4.594692707061768,,,,,,,,,,,,
686.0,51.0,-1.1067113077640534,0.0,0.27994942950787777,0.8333333333333334,0.0,nan,0.010801144492131619,24.0,204.0,0.026101868133991957,0.04288137696601231,0.025805404090194727,0.010269424807217827,4.594692707061768,,,,,,,,,,,,
687.0,123.0,-0.6841139841079715,0.0,0.6533388454026648,0.6607142857142857,0.0,nan,0.01074391988555079,56.0,492.0,0.10480534099042416,0.05304934077685175,0.01999986743021509,0.02278727609244735,4.594692707061768,,,,,,,,,,,,
688.0,47.0,-0.6683875393867494,0.0,0.8336377226871535,0.44,0.0,nan,0.010686695278969961,25.0,188.0,0.1257033720612526,0.16393254580783678,0.025747700830911623,0.13408353869837508,4.594692707061768,,,,,,,,,,,,
689.0,73.0,-1.4980345237255102,0.0,0.3885775022857257,0.8055555555555556,0.0,nan,0.010629470672389126,36.0,292.0,0.10091976821422577,0.07589147092039639,0.020491085052526614,0.07133635313443838,4.594692707061768,,,,,,,,,,,,
690.0,25.0,-0.7667231798171998,0.0,0.8075749520709369,0.47058823529411764,0.0,0.0,0.010572246065808297,17.0,100.0,0.07002714462578297,0.12251349799800665,0.02719636951573193,0.06882872618501296,4.594692707061768,1.0,0.0,0.0,0.25,0.0,10.99229621887207,1.7077258825302124,3.9713910231366754,20.0,1.0,33.0,-0.09445464491844177
691.0,67.0,-1.0649480533599855,0.0,0.7417968837675167,0.5151515151515151,0.0,nan,0.010515021459227468,33.0,268.0,0.02738838130608201,0.07138516111444915,0.012097382003048551,0.041416010306006085,4.594692707061768,,,,,,,,,,,,
692.0,35.0,-0.5278223037719726,0.0,0.6603159872795586,0.6,0.0,nan,0.01045779685264664,20.0,140.0,0.06260054558515549,0.05889528644620441,0.016977553713098004,0.04312907738492979,4.594692707061768,,,,,,,,,,,,
693.0,34.0,-0.45079211235046385,0.0,0.6515652656850252,0.45,0.0,nan,0.01040057224606581,20.0,136.0,0.09351455606520176,0.143556744507377,0.018660872160955265,0.16167829573706005,4.594692707061768,,,,,,,,,,,,
694.0,164.0,-2.4423540258407583,0.0,0.6430489721467175,0.6805555555555556,0.0,nan,0.010343347639484982,72.0,656.0,0.23902314889710397,0.03638591729031759,0.015451676729753672,0.012021454345266691,4.594692707061768,,,,,,,,,,,,
695.0,37.0,-0.5582944583892823,0.0,0.9213695895944259,0.35,0.0,nan,0.010286123032904153,20.0,148.0,0.03600920317694545,0.13486387257108692,0.025391010090085753,0.12038451677521508,4.594692707061768,,,,,,,,,,,,
696.0,46.0,-0.3370487546920776,0.0,0.7389422685109774,0.5416666666666666,0.0,nan,0.010228898426323324,24.0,184.0,0.07149339094758034,0.07793552605068291,0.00804771872500841,0.09075984684671505,4.594692707061768,,,,,,,,,,,,
697.0,80.0,-1.5263419389724735,0.0,0.46365292063705915,0.7777777777777778,0.0,nan,0.010171673819742488,36.0,320.0,0.06681540794670582,0.038941313676332356,0.011332481803037808,0.011058077420626911,4.594692707061768,,,,,,,,,,,,
698.0,60.0,-0.2647827982902528,0.0,0.7651482143033977,0.4642857142857143,0.0,nan,0.01011444921316166,28.0,240.0,0.0243036150932312,0.11434201837400906,0.004051195233963275,0.1135142328600766,4.594692707061768,,,,,,,,,,,,
699.0,58.0,-1.514616589546204,0.0,0.254819612189989,0.8571428571428571,0.0,nan,0.01005722460658083,28.0,232.0,0.03891522716730833,0.048881559440031135,0.01857231170388645,0.013587811747997763,4.594692707061768,,,,,,,,,,,,
700.0,98.0,-1.8290654945373541,0.0,0.4662231854013863,0.7727272727272727,0.0,0.0,0.010000000000000002,44.0,392.0,0.10368229448795319,0.08811528550450021,0.0250497490046655,0.03130941599524588,4.594692707061768,1.0,0.0,0.0,0.25,0.0,10.26241683959961,1.8690919876098633,3.1542695821262896,16.0,1.0,27.0,-0.11655156731605533
701.0,73.0,-1.5815522003173834,0.0,0.21674157041711276,0.8888888888888888,0.0,nan,0.010000000000000002,36.0,292.0,0.06341603118926287,0.02552530301727529,0.0018177282440774434,0.01344046496856044,4.594692707061768,,,,,,,,,,,,
702.0,40.0,-0.8778051912784575,0.0,0.5459988677628254,0.6190476190476191,0.0,nan,0.010000000000000002,21.0,160.0,0.11301659047603607,0.06563821415766143,0.0407007798403356,0.024323589951376855,4.594692707061768,,,,,,,,,,,,
703.0,10.0,-0.3566311359405518,0.0,0.7536839786994374,0.5,0.0,nan,0.010000000000000002,8.0,40.0,0.22818751260638237,0.07072178311645985,-0.014110727747902275,0.08974132178977748,4.594692707061768,,,,,,,,,,,,
704.0,29.0,-0.1632964515686035,0.0,0.672405882849061,0.375,0.0,nan,0.010000000000000002,16.0,116.0,0.0885534267872572,0.2144635647920699,0.028211866601787764,0.1525881593551994,4.594692707061768,,,,,,,,,,,,
705.0,48.0,-0.08517669320106513,0.0,0.7969929510886847,0.4166666666666667,0.0,nan,0.010000000000000002,24.0,192.0,0.07265655510127544,0.11529401834559394,0.03291643613920314,0.07465845582300924,4.594692707061768,,,,,,,,,,,,
706.0,47.0,-0.5022973132133485,0.0,0.5962422442759042,0.5833333333333334,0.0,nan,0.010000000000000002,24.0,188.0,0.05285384599119425,0.03279687912683894,0.012095289557188887,0.014233794553494598,4.594692707061768,,,,,,,,,,,,
707.0,9.0,-0.22704954385757442,0.0,0.6053757909600438,0.5,0.0,nan,0.010000000000000002,8.0,36.0,0.2704034149646759,0.16095198673428968,0.005353744995469849,0.2203891810365683,4.594692707061768,,,,,,,,,,,,
708.0,57.0,-0.862099702358246,0.0,0.254819612189989,0.8571428571428571,0.0,nan,0.010000000000000002,28.0,228.0,0.041993397288024426,0.03014752743030457,0.013489638420491758,0.01054711956270129,4.594692707061768,,,,,,,,,,,,
709.0,33.0,-0.7473160552978516,0.0,0.7873776973386161,0.5263157894736842,0.0,nan,0.010000000000000002,19.0,132.0,0.08066261187195778,0.06998370334181483,-0.0023907913253589704,0.052413667057481225,4.594692707061768,,,,,,,,,,,,
710.0,19.0,-0.24581383705139165,0.0,0.7898295259380442,0.46153846153846156,0.0,0.0,0.010000000000000002,13.0,76.0,0.18486253172159195,0.14441890872426724,-0.007947244301536366,0.1312043100967314,4.594692707061768,1.0,0.0,0.0,0.25,0.0,25.676610946655273,2.647639513015747,1.156090471893549,11.0,1.0,12.0,-0.2809385013580322
711.0,127.0,-2.672989661693573,0.0,0.5896650003691727,0.7241379310344828,0.0,nan,0.010000000000000002,58.0,508.0,0.1566837541759014,0.04493034076040203,0.021959992600386613,0.009193860899505135,4.594692707061768,,,,,,,,,,,,
712.0,42.0,0.13003311634063716,0.0,0.7153923592645935,0.5,0.0,nan,0.010000000000000002,22.0,168.0,0.14681818336248398,0.13905100257640393,0.005119135245054383,0.09134635827454358,4.594692707061768,,,,,,,,,,,,
713.0,45.0,-0.13636589050292963,0.0,0.5972804309583972,0.6666666666666666,0.0,nan,0.010000000000000002,24.0,180.0,0.11767733655869961,0.10613875043474966,0.022158369090822007,0.06994930617815379,4.594692707061768,,,,,,,,,,,,
714.0,62.0,-0.8107025814056397,0.0,0.5348770526656366,0.6666666666666666,0.0,nan,0.010000000000000002,30.0,248.0,0.054092115722596645,0.09763086690415343,0.021289181652454935,0.0642344538713541,4.594692707061768,,,,,,,,,,,,
715.0,56.0,-0.9263645505905153,0.0,0.6606955903721835,0.5714285714285714,0.0,nan,0.010000000000000002,28.0,224.0,0.03723388444632292,0.0479447541625372,0.003644792208693356,0.03070682190394709,4.594692707061768,,,,,,,,,,,,
716.0,176.0,-1.698847231864929,0.0,0.19370834727285138,0.9210526315789473,0.0,nan,0.010000000000000002,76.0,704.0,0.09915341762825847,0.057834169261695934,0.03935747654622901,0.01054263255556915,4.594692707061768,,,,,,,,,,,,
717.0,32.0,-0.6755933237075806,0.0,0.6114472924440548,0.5625,0.0,nan,0.010000000000000002,16.0,128.0,0.048121197149157524,0.10391811146473628,0.0010417015037091915,0.0634553757563781,4.594692707061768,,,,,,,,,,,,
718.0,17.0,-0.32531005859375006,0.0,0.8398466960423667,0.3076923076923077,0.0,nan,0.010000000000000002,13.0,68.0,0.15446074679493904,0.09892786379821379,0.011494074764949106,0.10697963330760922,4.594692707061768,,,,,,,,,,,,
719.0,12.0,-0.4134774398803711,0.0,0.6053757909600438,0.5,0.0,nan,0.010000000000000002,8.0,48.0,0.2607778273522854,0.010098847327753901,-0.019480074212575953,0.027312849699560122,4.594692707061768,,,,,,,,,,,,
720.0,16.0,-0.24654415607452393,0.0,0.8437590892044233,0.3333333333333333,0.0,0.0,0.010000000000000002,12.0,64.0,0.10880865529179573,0.056833281290892046,-0.039938811540196184,0.10709772980906518,4.594692707061768,1.0,0.0,0.0,0.25,0.0,16.554584503173828,2.8860726356506348,1.9909041449427605,12.0,1.0,22.0,-0.25766735792160034
721.0,52.0,-0.17345677137374893,0.0,0.856742107523364,0.2962962962962963,0.0,nan,0.010000000000000002,27.0,208.0,0.060191220603883266,0.13855794351659895,0.01963188668476225,0.08974681284485839,4.594692707061768,,,,,,,,,,,,
722.0,33.0,-0.8705065476894378,0.0,0.6640956489797647,0.3888888888888889,0.0,nan,0.010000000000000002,18.0,132.0,0.03256145864725113,0.04659546310237298,0.011095765016789577,0.025561080216012517,4.594692707061768,,,,,,,,,,,,
723.0,30.0,-0.667083740234375,0.0,0.4830643784504223,0.6875,0.0,nan,0.010000000000000002,16.0,120.0,0.03941929526627064,0.04685308635719897,0.03254055535750619,0.010699324163434198,4.594692707061768,,,,,,,,,,,,
724.0,103.0,-0.7272838521003723,0.0,0.287783974409055,0.8723404255319149,0.0,nan,0.010000000000000002,47.0,412.0,0.09043620526790619,0.037593678017401544,0.018817955489794258,0.019332757096018997,4.594692707061768,,,,,,,,,,,,
725.0,33.0,-0.6488457012176514,0.0,0.3291249547455667,0.7777777777777778,0.0,nan,0.010000000000000002,18.0,132.0,0.09492825344204903,0.04944046835104624,0.031141545588263507,0.01591846105013331,4.594692707061768,,,,,,,,,,,,
726.0,29.0,-0.6355215096473694,0.0,0.6856014048309755,0.5625,0.0,nan,0.010000000000000002,16.0,116.0,-0.029444898013025522,0.06693643558537588,0.010345964449666569,0.04463442146624239,4.594692707061768,,,,,,,,,,,,
727.0,57.0,-0.3267398190498353,0.0,0.825873524720068,0.5,0.0,nan,0.010000000000000002,28.0,228.0,0.050476291216909885,0.12123855464405527,0.020704713719488496,0.0561165047375423,4.594692707061768,,,,,,,,,,,,
728.0,185.0,-3.1977334022521964,0.0,0.1465907985380743,0.9367088607594937,0.0,nan,0.010000000000000002,79.0,740.0,0.2770087933167815,0.032372006027799216,0.020386231545671762,0.007760738673971223,4.594692707061768,,,,,,,,,,,,
729.0,59.0,-0.7183511757850648,0.0,0.4383432825566103,0.7857142857142857,0.0,nan,0.010000000000000002,28.0,236.0,0.012214957969263196,0.0551362030910549,0.021100591037963058,0.026514668099108178,4.594692707061768,,,,,,,,,,,,
730.0,52.0,-1.0367602539062502,0.0,0.7151528204545352,0.44,0.0,0.0,0.010000000000000002,25.0,208.0,0.005071724648587406,0.04450996774651755,0.00010365569799502667,0.03293328635912803,4.594692707061768,1.0,0.0,0.0,0.25,0.0,11.26765251159668,2.242668628692627,2.2337475013919175,17.0,1.0,25.0,-0.23994730710983275
731.0,39.0,-0.5042246127128601,0.0,0.8997886538136514,0.38095238095238093,0.0,nan,0.010000000000000002,21.0,156.0,0.04370642080903053,0.10436609840559331,0.033699249456194826,0.09362324730090767,4.594692707061768,,,,,,,,,,,,
732.0,58.0,-0.1513026762008668,0.0,0.8085465878502643,0.42857142857142855,0.0,nan,0.010000000000000002,28.0,232.0,0.08915073052048683,0.1388480080941949,-0.0005154399209302561,0.09190366512765938,4.594692707061768,,,,,,,,,,,,
733.0,24.0,-0.22738439083099365,0.0,0.8324610642033604,0.3333333333333333,0.0,nan,0.010000000000000002,15.0,96.0,0.09179763495922089,0.07226948468936219,-0.011475792897120604,0.051628599101620244,4.594692707061768,,,,,,,,,,,,
734.0,53.0,-0.6941172409057619,0.0,0.7003514848046972,0.42857142857142855,0.0,nan,0.010000000000000002,28.0,212.0,0.10741837695240974,0.06596569161980746,0.028676925221142877,0.03412958213002688,4.594692707061768,,,,,,,,,,,,
735.0,50.0,-0.7515633583068849,0.0,0.5390473537239897,0.6666666666666666,0.0,nan,0.010000000000000002,24.0,200.0,0.0219099298119545,0.11531416291603819,0.020250621110899373,0.07992775639615146,4.594692707061768,,,,,,,,,,,,
736.0,41.0,-0.6326187348365784,0.0,0.8100329283887432,0.45454545454545453,0.0,nan,0.010000000000000002,22.0,164.0,0.13200959004461765,0.05278095712873903,0.007282828696344684,0.03145731181484457,4.594692707061768,,,,,,,,,,,,
737.0,97.0,-1.7580944490432746,0.0,0.6000894197749254,0.4772727272727273,0.0,nan,0.010000000000000002,44.0,388.0,0.09285409934818745,0.04008360166790226,0.012222768913488835,0.015761347764831027,4.594692707061768,,,,,,,,,,,,
738.0,32.0,-0.322259087562561,0.0,0.9256444759341034,0.3157894736842105,0.0,nan,0.010000000000000002,19.0,128.0,0.1023989338427782,0.10786159281997243,0.011143318953656944,0.09961379711962298,4.594692707061768,,,,,,,,,,,,
739.0,82.0,-1.4431767892837528,0.0,0.7871617124375245,0.46153846153846156,0.0,nan,0.010000000000000002,39.0,328.0,0.08373796753585339,0.07122268850798719,0.03505540035075683,0.015818563823618348,4.594692707061768,,,,,,,,,,,,
740.0,37.0,-0.6239881706237793,0.0,0.7490988918228013,0.4,0.0,0.0,0.010000000000000002,20.0,148.0,0.0072682726895436645,0.06635366667320046,0.009189869443936323,0.0948771719896511,4.594692707061768,1.0,0.0,0.0,0.25,0.0,33.103187561035156,2.525331735610962,2.0454999848734587,12.0,1.0,21.0,-0.23503027915954586
741.0,33.0,-0.4326554107666017,0.0,0.6973690266334515,0.55,0.0,nan,0.010000000000000002,20.0,132.0,0.14750100299715996,0.05514823569947938,-0.0031886829220280615,0.061987445335415704,4.594692707061768,,,,,,,,,,,,
742.0,26.0,-0.5076419925689697,0.0,0.8504146980032518,0.4375,0.0,nan,0.010000000000000002,16.0,104.0,0.027056577149778605,0.059280313296207726,0.006067823716036331,0.03963164110959564,4.594692707061768,,,,,,,,,,,,
743.0,26.0,-0.15009463787078858,0.0,0.796580091061701,0.4375,0.0,nan,0.010000000000000002,16.0,104.0,0.11711662635207176,0.07654103671666235,0.01807839197751421,0.05654247437573176,4.594692707061768,,,,,,,,,,,,
744.0,53.0,-1.265078310966492,0.0,0.7811134685868959,0.5357142857142857,0.0,nan,0.010000000000000002,28.0,212.0,0.03364442568272352,0.1131054774928346,0.018953106477571088,0.055350223630130806,4.594692707061768,,,,,,,,,,,,
745.0,19.0,-0.32119760751724247,0.0,0.7683955428471756,0.4166666666666667,0.0,nan,0.010000000000000002,12.0,76.0,0.14376870542764664,0.07824476037517582,0.005972758381846545,0.06181310811752975,4.594692707061768,,,,,,,,,,,,
746.0,13.0,-0.29946408748626707,0.0,0.7683955428471756,0.4166666666666667,0.0,nan,0.010000000000000002,12.0,52.0,0.10603695549070835,0.13517518507545062,0.016727215583579473,0.10504764289438548,4.594692707061768,,,,,,,,,,,,
747.0,26.0,-0.4104348125308753,0.0,0.672405882849061,0.375,0.0,nan,0.010000000000000002,16.0,104.0,0.11054384335875511,0.15701777682988904,0.04903646236590038,0.15554930868816322,4.594692707061768,,,,,,,,,,,,
748.0,31.0,-0.6897893047332764,0.0,0.6114473294785029,0.5625,0.0,nan,0.010000000000000002,16.0,124.0,0.11585242114961147,0.015729413367807865,-0.007653296852485284,0.014096437318494866,4.594692707061768,,,,,,,,,,,,
749.0,101.0,-1.5378548002243047,0.0,0.5456866673656714,0.75,0.0,nan,0.010000000000000002,44.0,404.0,0.10307927802205086,0.06586216657615296,0.020320102659297845,0.020173856971918314,4.594692707061768,,,,,,,,,,,,
750.0,36.0,-0.6296318507194518,0.0,0.7490988918228013,0.4,0.0,0.0,0.010000000000000002,20.0,144.0,0.07410298474133015,0.0490421442146827,-0.0016284772330739845,0.04103168375167701,4.594692707061768,1.0,0.0,0.0,0.25,0.0,18.686565399169922,2.218761444091797,3.268858947791159,16.0,1.0,24.0,-0.053216513395309445
751.0,78.0,0.30217187225818637,0.0,0.7732513515391372,0.40540540540540543,0.0,nan,0.010000000000000002,37.0,312.0,0.10084370896220207,0.0701570332745689,0.0008426282847722177,0.028430163788703472,4.594692707061768,,,,,,,,,,,,
752.0,18.0,-0.36358509540557865,0.0,0.7990723612784119,0.3333333333333333,0.0,nan,0.010000000000000002,12.0,72.0,0.12068499997258186,0.0184592719855977,-0.023478185053035203,0.03298500825498449,4.594692707061768,,,,,,,,,,,,
753.0,77.0,-1.0259218883514405,0.0,0.6754378931118123,0.5555555555555556,0.0,nan,0.010000000000000002,36.0,308.0,0.07277507707476616,0.06685068536808103,0.01648109332882086,0.03596479851787521,4.594692707061768,,,,,,,,,,,,
754.0,124.0,-1.5637352848052977,0.0,0.25393819232613796,0.8928571428571429,0.0,nan,0.010000000000000002,56.0,496.0,0.1051828172057867,0.04263088997868181,0.022993983739524992,0.010832204813328916,4.594692707061768,,,,,,,,,,,,
755.0,31.0,-0.6219500517845155,0.0,0.6114472924440548,0.5625,0.0,nan,0.010000000000000002,16.0,124.0,0.047087437473237514,0.1295477170947819,0.013901418752803077,0.07635289739239727,4.594692707061768,,,,,,,,,,,,
756.0,63.0,-0.29910078525543227,0.0,0.7544195569068243,0.45161290322580644,0.0,nan,0.010000000000000002,31.0,252.0,0.06589679885655642,0.06920377695623467,0.017712500875339692,0.03681996617079426,4.594692707061768,,,,,,,,,,,,
757.0,188.0,-3.451859812736508,0.0,0.5032225248055907,0.7407407407407407,0.0,nan,0.010000000000000002,81.0,752.0,0.29934819508343935,0.042405332656926475,0.027710422980817384,0.012593726678379838,4.594692707061768,,,,,,,,,,,,
758.0,59.0,-1.3328315281867984,0.0,0.7747119161017656,0.42857142857142855,0.0,nan,0.010000000000000002,28.0,236.0,0.05753182992339134,0.13887600737458128,0.0936880385523151,0.03503503173943202,4.594692707061768,,,,,,,,,,,,
759.0,36.0,-0.11356998443603512,0.0,0.49819787606491917,0.7,0.0,nan,0.010000000000000002,20.0,144.0,0.06642254814505577,0.06806743211119384,0.011257063435752772,0.03417682966692976,4.594692707061768,,,,,,,,,,,,
760.0,53.0,-0.41643547296524075,0.0,0.7903039372177052,0.4642857142857143,0.0,0.0,0.010000000000000002,28.0,212.0,0.0853713396936655,0.15979587077190616,0.0534794234016137,0.05044876701137284,4.594692707061768,1.0,0.0,0.0,0.25,0.0,22.206884384155273,1.8297184705734253,2.720342024229467,16.0,1.0,27.0,-0.18645607948303222
761.0,69.0,-0.8985501670837404,0.0,0.6621236386894144,0.625,0.0,nan,0.010000000000000002,32.0,276.0,0.03015581564977765,0.05957363255333803,0.01548900579768997,0.035940296848933406,4.594692707061768,,,,,,,,,,,,
762.0,26.0,-0.37810437291860577,0.0,0.6131951332202921,0.625,0.0,nan,0.010000000000000002,16.0,104.0,0.09739512391388416,0.041389730391809,0.007936029609901687,0.026776792289760685,4.594692707061768,,,,,,,,,,,,
763.0,61.0,0.28879381656646713,0.0,0.7920376678692314,0.41379310344827586,0.0,nan,0.010000000000000002,29.0,244.0,0.048402718268334866,0.15161424190508294,0.016780334640271413,0.12305677577777303,4.594692707061768,,,,,,,,,,,,
764.0,66.0,-1.1027307605743408,0.0,0.7618495560146076,0.4838709677419355,0.0,nan,0.010000000000000002,31.0,264.0,0.11270573362708092,0.03774309091932082,-0.004152672763666487,0.04015964303765396,4.594692707061768,,,,,,,,,,,,
765.0,155.0,-2.0623281717300417,0.0,0.5858518595279195,0.6956521739130435,0.0,nan,0.010000000000000002,69.0,620.0,0.0710360100492835,0.0461435922425153,0.019644189285372704,0.024278088873480125,4.594692707061768,,,,,,,,,,,,
766.0,83.0,-1.5020946550369263,0.0,0.6059542320043081,0.6153846153846154,0.0,nan,0.010000000000000002,39.0,332.0,0.15004607662558556,0.04278517932834802,0.012486701672969502,0.025262152903539146,4.594692707061768,,,,,,,,,,,,
767.0,29.0,-0.32478808403015136,0.0,0.6856014048309755,0.5625,0.0,nan,0.010000000000000002,16.0,116.0,0.07107610628008842,0.06966381479939847,0.01614254133716619,0.04631831288633419,4.594692707061768,,,,,,,,,,,,
768.0,32.0,-0.5088778328895569,0.0,0.7138201728755094,0.5263157894736842,0.0,nan,0.010000000000000002,19.0,128.0,0.10736974887549877,0.06889549120387528,0.03916609766019974,0.02915609416282064,4.594692707061768,,,,,,,,,,,,
769.0,56.0,-0.7892974948883058,0.0,0.347063996972922,0.8214285714285714,0.0,nan,0.010000000000000002,28.0,224.0,0.046822153963148594,0.036226727174965036,0.024385429026421792,0.013066944346073806,4.594692707061768,,,,,,,,,,,,
770.0,53.0,-0.504136447906494,0.0,0.8001796172065386,0.39285714285714285,0.0,0.0,0.010000000000000002,28.0,212.0,0.03465406782925129,0.07434789372749741,0.02492705041834786,0.04932122031927411,4.594692707061768,1.0,0.0,0.0,0.25,0.0,14.005697250366211,2.294769287109375,3.626927345059812,16.0,1.0,29.0,-0.02844630122184752
771.0,55.0,-0.844037538766861,0.0,0.5828794747265463,0.6785714285714286,0.0,nan,0.010000000000000002,28.0,220.0,0.0688489880412817,0.08553045884790746,0.06722625506484871,0.024641319661679845,4.594692707061768,,,,,,,,,,,,
772.0,39.0,-0.1509605073928833,0.0,0.8436402086261476,0.35,0.0,nan,0.010000000000000002,20.0,156.0,0.12472561746835709,0.17381344670474602,0.05540124130530808,0.14049451520861458,4.594692707061768,,,,,,,,,,,,
773.0,28.0,-0.7228569674491883,0.0,0.4830643784504223,0.6875,0.0,nan,0.010000000000000002,16.0,112.0,0.06309814285486937,0.008924099304879616,-0.01025979449332226,0.010024695709980224,4.594692707061768,,,,,,,,,,,,
774.0,18.0,-0.3671713638305665,0.0,0.8979445605069036,0.3333333333333333,0.0,nan,0.010000000000000002,12.0,72.0,0.16812732443213463,0.09325182223175135,0.020025664287257113,0.07992799637231703,4.594692707061768,,,,,,,,,,,,
775.0,54.0,0.056091485023498366,0.0,0.6768171300264988,0.5357142857142857,0.0,nan,0.010000000000000002,28.0,216.0,0.06268144585192204,0.15180176231714776,0.01252134863790599,0.13026039510654355,4.594692707061768,,,,,,,,,,,,
776.0,37.0,-0.8791599464416504,0.0,0.5904362797844903,0.6,0.0,nan,0.010000000000000002,20.0,148.0,0.019684147089719772,0.029643604236126348,0.011917728903967686,0.014515649237282375,4.594692707061768,,,,,,,,,,,,
777.0,40.0,-0.7234760522842407,0.0,0.7847439555303124,0.47619047619047616,0.0,nan,0.010000000000000002,21.0,160.0,0.08518506959080696,0.12806846088496968,0.0035564414953114464,0.13870028242714122,4.594692707061768,,,,,,,,,,,,
778.0,23.0,-0.5208013582229614,0.0,0.6114473294785029,0.5625,0.0,nan,0.010000000000000002,16.0,92.0,0.09772269800305367,0.05261523150218873,0.04186314073803774,0.00912628163732876,4.594692707061768,,,,,,,,,,,,
779.0,26.0,-0.5491758203506469,0.0,0.6114473294785029,0.5625,0.0,nan,0.010000000000000002,16.0,104.0,0.0826021172106266,0.023520850674965635,0.013799514254340185,0.010698489757504358,4.594692707061768,,,,,,,,,,,,
780.0,35.0,-0.6486116051673889,0.0,0.7504011711544172,0.42857142857142855,0.0,0.0,0.010000000000000002,21.0,140.0,0.06664833333343267,0.0508320662317731,0.028640175427010816,0.015268185540386421,4.594692707061768,1.0,0.0,0.0,0.25,0.0,25.816965103149414,2.2375802993774414,4.100689162034541,20.0,1.0,38.0,-0.17859080314636236
781.0,40.0,-0.9082017540931702,0.0,0.9780452571845257,0.3,0.0,nan,0.010000000000000002,20.0,160.0,0.12443859316408634,0.06927926376811229,0.01466600426720106,0.06454107702544523,4.594692707061768,,,,,,,,,,,,
782.0,187.0,-3.0678225111961357,0.0,0.6185854230666696,0.573170731707317,0.0,nan,0.010000000000000002,82.0,748.0,0.24846080876886845,0.04884553069678077,0.03342637801915771,0.016998995048979726,4.594692707061768,,,,,,,,,,,,
783.0,21.0,-0.32594265699386593,0.0,0.8979445605069036,0.3333333333333333,0.0,nan,0.010000000000000002,12.0,84.0,0.12798732332885265,0.07011180928730894,0.03348625047753254,0.028207917055721867,4.594692707061768,,,,,,,,,,,,
784.0,36.0,-0.28119882106781,0.0,0.6397594243321503,0.5,0.0,nan,0.010000000000000002,20.0,144.0,0.029896652791649103,0.07766228289822014,0.0062917485306065325,0.08001325380949334,4.594692707061768,,,,,,,,,,,,
785.0,68.0,0.016169340610504013,0.0,0.6866902916728641,0.6363636363636364,0.0,nan,0.010000000000000002,33.0,272.0,0.10298553667962551,0.071632261873674,0.01532718390080845,0.04733150031928903,4.594692707061768,,,,,,,,,,,,
786.0,50.0,-0.3383320569992065,0.0,0.8054913940230268,0.38461538461538464,0.0,nan,0.010000000000000002,26.0,200.0,0.04572911374270916,0.13303848718613154,0.03397555860952707,0.134763387956092,4.594692707061768,,,,,,,,,,,,
787.0,30.0,-0.6888706922531127,0.0,0.672405882849061,0.375,0.0,nan,0.010000000000000002,16.0,120.0,0.09341952577233315,0.05337962288564692,0.03941670667263679,0.014458835006209902,4.594692707061768,,,,,,,,,,,,
788.0,89.0,-1.331028475761414,0.0,0.6239911192434404,0.6585365853658537,0.0,nan,0.010000000000000002,41.0,356.0,0.05378249380737543,0.03536948288547137,0.012488153931826673,0.02513706175170163,4.594692707061768,,,,,,,,,,,,
789.0,64.0,-0.8193315649032593,0.0,0.7235129767598177,0.53125,0.0,nan,0.010000000000000002,32.0,256.0,0.03838490601629019,0.07745301245745395,0.047200708093669164,0.041955635163127614,4.594692707061768,,,,,,,,,,,,
790.0,30.0,-0.13004851341247559,0.0,0.9388905869720692,0.3125,0.0,0.0,0.010000000000000002,16.0,120.0,0.09265943057835102,0.1521080289850943,0.015467000164790079,0.12092768122640034,4.594692707061768,1.0,0.0,0.0,0.25,0.0,25.800846099853516,2.2550082206726074,3.562051253160462,16.0,1.0,31.0,-0.16581893920898436
791.0,36.0,-0.3882043933868408,0.0,0.8000754022696951,0.45,0.0,nan,0.010000000000000002,20.0,144.0,0.0493979686871171,0.09062024641833785,0.005199129082029685,0.053838322975386516,4.594692707061768,,,,,,,,,,,,
792.0,39.0,-0.31851954102516167,0.0,0.689276851594338,0.5714285714285714,0.0,nan,0.010000000000000002,21.0,156.0,0.07303372584283352,0.07427116705236049,0.03186773866540394,0.0342409803682636,4.594692707061768,,,,,,,,,,,,
793.0,142.0,-0.9815270972251897,0.0,0.44238022256749593,0.8,0.0,nan,0.010000000000000002,65.0,568.0,-0.11953233601525426,0.04609821257508884,0.032014250609790906,0.009120920294099832,4.594692707061768,,,,,,,,,,,,
794.0,24.0,-0.16107437849044798,0.0,0.7773869142852092,0.375,0.0,nan,0.010000000000000002,16.0,96.0,0.07886374741792679,0.15481870419656238,0.021117785305250436,0.1016070004072193,4.594692707061768,,,,,,,,,,,,
795.0,72.0,-1.0575626504421236,0.0,0.647073653755295,0.6176470588235294,0.0,nan,0.010000000000000002,34.0,288.0,0.05198195017874241,0.05330660758227168,0.023027414002626756,0.026297094983095785,4.594692707061768,,,,,,,,,,,,
796.0,35.0,-0.10914286375045779,0.0,0.6554587712785707,0.4,0.0,nan,0.010000000000000002,20.0,140.0,0.08217678591609001,0.20790702254245325,0.05673771094880067,0.21705684536499795,4.594692707061768,,,,,,,,,,,,
797.0,43.0,-0.286376039981842,0.0,0.8969861089910858,0.391304347826087,0.0,nan,0.010000000000000002,23.0,172.0,0.04632513411343098,0.0933003542230053,0.032431664320282896,0.05632219541374435,4.594692707061768,,,,,,,,,,,,
798.0,71.0,-0.8730276203155517,0.0,0.792374014726521,0.40625,0.0,nan,0.010000000000000002,32.0,284.0,0.06677225977182388,0.07676449518839945,0.03119533194558244,0.032007329993978484,4.594692707061768,,,,,,,,,,,,
799.0,37.0,-0.7256343078613281,0.0,0.607243178934622,0.5714285714285714,0.0,nan,0.010000000000000002,21.0,148.0,0.04785633087158203,0.04154363000211683,0.024850588820471958,0.010992625000498813,4.594692707061768,,,,,,,,,,,,
800.0,34.0,-0.38640443325042717,0.0,0.7952181862687071,0.4,0.0,0.0,0.010000000000000002,20.0,136.0,0.0382949048653245,0.08775643754051998,0.02976360177854076,0.05455317059040004,4.594692707061768,1.0,0.0,0.0,0.25,0.0,20.802017211914062,2.3280277252197266,2.2256747933570296,16.0,1.0,23.0,-0.22956235885620116
801.0,18.0,-0.4905915307998657,0.0,0.6284208095760127,0.5,0.0,nan,0.010000000000000002,12.0,72.0,0.07623333297669888,0.03510535863460973,0.022255555260926485,0.011019277467081624,4.594692707061768,,,,,,,,,,,,
802.0,107.0,-2.011202044487,0.0,0.28353653059539086,0.875,0.0,nan,0.010000000000000002,48.0,428.0,0.09636735543608665,0.04595941255320213,0.025340723489534867,0.010756589542031063,4.594692707061768,,,,,,,,,,,,
803.0,135.0,-1.5700511455535893,0.0,0.6349813879811167,0.6333333333333333,0.0,nan,0.010000000000000002,60.0,540.0,0.13636218383908272,0.058151189919044555,0.033208711100087385,0.011843418537058347,4.594692707061768,,,,,,,,,,,,
804.0,35.0,-0.06117601394653327,0.0,0.819879721508089,0.4,0.0,nan,0.010000000000000002,20.0,140.0,0.09168890677392483,0.18623167217218517,0.05666714554089205,0.06118479475797691,4.594692707061768,,,,,,,,,,,,
805.0,52.0,-0.11584251642227175,0.0,0.8590025420952131,0.4444444444444444,0.0,nan,0.010000000000000002,27.0,208.0,0.0545880226418376,0.11790826184621367,0.015738865181517143,0.09693817370068045,4.594692707061768,,,,,,,,,,,,
806.0,31.0,-0.6971687889099122,0.0,0.6555714300695721,0.47058823529411764,0.0,nan,0.010000000000000002,17.0,124.0,0.04469932522624731,0.0468423233213534,0.031341992812456504,0.01063093708317648,4.594692707061768,,,,,,,,,,,,
807.0,74.0,-1.0884864234924319,0.0,0.5273179514719127,0.6666666666666666,0.0,nan,0.010000000000000002,36.0,296.0,0.08666610345244408,0.053086399644598714,0.038389056076994166,0.01926423437124805,4.594692707061768,,,,,,,,,,,,
808.0,51.0,-0.6520143604278563,0.0,0.658232651438337,0.625,0.0,nan,0.010000000000000002,24.0,204.0,0.005598073010332882,0.06142680671787364,0.01750557455028791,0.026155391456428104,4.594692707061768,,,,,,,,,,,,
809.0,81.0,-0.5531939482688909,0.0,0.8904914519035303,0.2972972972972973,0.0,nan,0.010000000000000002,37.0,324.0,0.10445811040699482,0.10120707647365634,0.026902930504320466,0.06206424306067425,4.594692707061768,,,,,,,,,,,,
810.0,37.0,0.1953815269470216,0.0,0.9135198420523197,0.35,0.0,0.0,0.010000000000000002,20.0,148.0,0.1121929083019495,0.1547610637782192,-0.0001475896208068809,0.11169409327697975,4.594692707061768,1.0,0.0,0.0,0.25,0.0,22.937196731567383,2.0643491744995117,2.9561128723435104,16.0,1.0,27.0,-0.18949682235717766
811.0,27.0,-0.2647517991065979,0.0,0.796580091061701,0.4375,0.0,nan,0.010000000000000002,16.0,108.0,0.06858396343886852,0.08556854091498449,0.02220428394179584,0.035611964395885015,4.594692707061768,,,,,,,,,,,,
812.0,102.0,-1.8273494195938116,0.0,0.562965015039619,0.5681818181818182,0.0,nan,0.010000000000000002,44.0,408.0,0.07399239204823971,0.0560376351195373,0.043550051151896696,0.01018322937682592,4.594692707061768,,,,,,,,,,,,
813.0,36.0,-0.5397677636146545,0.0,0.8593986625516732,0.45,0.0,nan,0.010000000000000002,20.0,144.0,0.10739670321345329,0.06107204744896282,0.010127368326518789,0.06329540467444161,4.594692707061768,,,,,,,,,,,,
814.0,96.0,-1.6273503875732427,0.0,0.6577109101340541,0.5909090909090909,0.0,nan,0.010000000000000002,44.0,384.0,0.07968216575682163,0.04091816891559574,0.02642070845286071,0.012873829656970898,4.594692707061768,,,,,,,,,,,,
815.0,37.0,-0.5724941444396974,0.0,0.7584059448961067,0.5,0.0,nan,0.010000000000000002,20.0,148.0,0.04958584904670715,0.09395194438764372,0.07374881863939368,0.01727380083565284,4.594692707061768,,,,,,,,,,,,
816.0,33.0,-0.7278834867477417,0.0,0.3197719789566658,0.7894736842105263,0.0,nan,0.010000000000000002,19.0,132.0,0.05392606370151043,0.06399864847105963,0.04841095695243866,0.011864209929606859,4.594692707061768,,,,,,,,,,,,
817.0,52.0,-0.9853017759323122,0.0,0.5596515429716045,0.64,0.0,nan,0.010000000000000002,25.0,208.0,0.028703487943857908,0.059277412043929174,0.04686162430488576,0.012722372369030843,4.594692707061768,,,,,,,,,,,,
818.0,118.0,-1.7578606176376348,0.0,0.36014367520130186,0.8269230769230769,0.0,nan,0.010000000000000002,52.0,472.0,0.08974015153944492,0.06247678336512763,0.04507853892391722,0.01822517168343051,4.594692707061768,,,,,,,,,,,,
819.0,52.0,-0.8990295720100404,0.0,0.8129186525816536,0.38461538461538464,0.0,nan,0.010000000000000002,26.0,208.0,0.08635909855365753,0.16958451258967847,0.06638012424585983,0.059504217138246544,4.594692707061768,,,,,,,,,,,,
820.0,137.0,-1.6354189705848694,0.0,0.414045351528291,0.8166666666666667,0.0,0.0,0.010000000000000002,60.0,548.0,0.13954642415046692,0.03145600061179721,0.015500413945119362,0.014804677163318004,4.594692707061768,1.0,0.0,0.0,0.25,0.0,13.666306495666504,1.9823682308197021,2.483489775797352,12.0,1.0,21.0,-0.1431201672554016
821.0,20.0,-0.5532876491546631,0.0,0.6284208095760127,0.5,0.0,nan,0.010000000000000002,12.0,80.0,0.13176241144537926,0.029030735811102205,0.011350923456484452,0.012443222365337903,4.594692707061768,,,,,,,,,,,,
822.0,54.0,-0.38851399660110464,0.0,0.8190190409351521,0.35714285714285715,0.0,nan,0.010000000000000002,28.0,216.0,0.09505907073616982,0.2019009710595667,0.01368114955359353,0.09829187333437439,4.594692707061768,,,,,,,,,,,,
823.0,31.0,-0.3744857406616211,0.0,0.6659033744585166,0.4375,0.0,nan,0.010000000000000002,16.0,124.0,0.09902723133563995,0.30493899753257153,0.0360638817261544,0.49810122875648644,4.594692707061768,,,,,,,,,,,,
824.0,160.0,-2.7780808389186853,0.0,0.4526591706612652,0.7647058823529411,0.0,nan,0.010000000000000002,68.0,640.0,0.3336397228122223,0.06646741868644312,0.054620210596112884,0.010495628628960727,4.594692707061768,,,,,,,,,,,,
825.0,42.0,-0.7661918830871584,0.0,0.5412655319906013,0.7,0.0,nan,0.010000000000000002,20.0,168.0,0.07028702646493912,0.06856326076861781,0.028632099416600318,0.04179695404613498,4.594692707061768,,,,,,,,,,,,
826.0,43.0,-0.41264069557189953,0.0,0.8474702371757166,0.2916666666666667,0.0,nan,0.010000000000000002,24.0,172.0,0.068252207711339,0.15570195514822466,0.05273052606038576,0.07819110101999281,4.594692707061768,,,,,,,,,,,,
827.0,85.0,-0.45563862323761006,0.0,0.7386034033112197,0.525,0.0,nan,0.010000000000000002,40.0,340.0,0.06669537350535393,0.085791036601222,0.028235518820679317,0.03782218357478162,4.594692707061768,,,,,,,,,,,,
828.0,116.0,-1.0177819347381594,0.0,0.7565684437211138,0.5094339622641509,0.0,nan,0.010000000000000002,53.0,464.0,0.12484156899154186,0.04715390207547898,0.02901897946776444,0.01250745527833629,4.594692707061768,,,,,,,,,,,,
829.0,33.0,0.20923560380935669,0.0,0.7490988918228013,0.4,0.0,nan,0.010000000000000002,20.0,132.0,0.05293931532651186,0.18050377953367194,0.020175358106798463,0.11443681499091372,4.594692707061768,,,,,,,,,,,,
830.0,57.0,-0.5561724972724917,0.0,0.7112532412115077,0.5714285714285714,0.0,0.0,0.010000000000000002,28.0,228.0,0.07119416259229183,0.0952444542852933,0.027124405679754552,0.04597880631004206,4.594692707061768,1.0,0.0,0.0,0.25,0.0,22.301708221435547,1.978287696838379,3.4715004661120474,16.0,1.0,25.0,-0.06417205929756165
831.0,46.0,-0.5086306190490721,0.0,0.723007160268201,0.4166666666666667,0.0,nan,0.010000000000000002,24.0,184.0,0.06294554099440575,0.06802718695911134,0.04746329731500262,0.014167075089809985,4.594692707061768,,,,,,,,,,,,
832.0,116.0,-0.7786591267585758,0.0,0.5188053613784113,0.75,0.0,nan,0.010000000000000002,52.0,464.0,0.08931971900165081,0.028196497231192552,0.010760648857512933,0.01851144733817707,4.594692707061768,,,,,,,,,,,,
833.0,77.0,-1.2133845758438109,0.0,0.6174960177425082,0.4594594594594595,0.0,nan,0.010000000000000002,37.0,308.0,0.03702618461102247,0.040104364921717206,0.02247591732066212,0.011801915213660454,4.594692707061768,,,,,,,,,,,,
834.0,50.0,0.38423572778701764,0.0,0.8464290507029306,0.4166666666666667,0.0,nan,0.010000000000000002,24.0,200.0,0.08013187535107136,0.14746532989316619,0.029258829234167935,0.06800591806404194,4.594692707061768,,,,,,,,,,,,
835.0,17.0,-0.5271170806884765,0.0,0.6284208095760127,0.5,0.0,nan,0.010000000000000002,12.0,68.0,0.08900491334497929,0.038889215560629964,0.016224608017022118,0.012133741849915643,4.594692707061768,,,,,,,,,,,,
836.0,23.0,-0.03982369184494011,0.0,0.6114473294785029,0.5625,0.0,nan,0.010000000000000002,16.0,92.0,0.04749863315373659,0.22270659609373822,0.04004181784314468,0.12540361609051803,4.594692707061768,,,,,,,,,,,,
837.0,37.0,-0.6539167118072509,0.0,0.6515652656850252,0.45,0.0,nan,0.010000000000000002,20.0,148.0,0.09610984474420547,0.07528394026480414,0.062371316151945175,0.010776589819510702,4.594692707061768,,,,,,,,,,,,
838.0,52.0,-0.7321909379959107,0.0,0.738151657113772,0.48148148148148145,0.0,nan,0.010000000000000002,27.0,208.0,0.009040589269716293,0.06938779984361296,0.043692219108589385,0.02419914271393673,4.594692707061768,,,,,,,,,,,,
839.0,128.0,-1.8784769582748413,0.0,0.6893380325025348,0.625,0.0,nan,0.010000000000000002,56.0,512.0,0.14239093661308289,0.03573530986159312,0.020254651233841514,0.010273342032667238,4.594692707061768,,,,,,,,,,,,
840.0,128.0,-1.2451993274688724,0.0,0.43767366270122,0.7543859649122807,0.0,0.0,0.010000000000000002,57.0,512.0,0.11351743713021278,0.04090586399092899,0.02682729564867259,0.010821775649213907,4.594692707061768,1.0,0.0,0.0,0.25,0.0,17.76256561279297,2.0339150428771973,4.255085328128189,17.0,1.0,31.0,0.011954175829887448
841.0,45.0,-1.1020762443542482,0.0,0.8464289766340345,0.4166666666666667,0.0,nan,0.010000000000000002,24.0,180.0,0.031408097594976425,0.08161137934205019,0.02340121013823793,0.03833216801501085,4.594692707061768,,,,,,,,,,,,
842.0,15.0,-0.3232947826385498,0.0,0.7683955428471756,0.4166666666666667,0.0,nan,0.010000000000000002,12.0,60.0,0.12804104201495647,0.029090361312652628,-0.01106534906042119,0.030131529826083654,4.594692707061768,,,,,,,,,,,,
843.0,70.0,-0.3535710245370867,0.0,0.8076090237631529,0.36363636363636365,0.0,nan,0.010000000000000002,33.0,280.0,0.1084701456129551,0.178716837547654,0.017495424108346924,0.10057777408868279,4.594692707061768,,,,,,,,,,,,
844.0,42.0,-0.7160757493972779,0.0,0.6603159872795586,0.6,0.0,nan,0.010000000000000002,20.0,168.0,0.019565375056117773,0.04460374914162371,0.004747619194122741,0.0415432663513078,4.594692707061768,,,,,,,,,,,,
845.0,28.0,-0.3983974862098695,0.0,0.8339095555359209,0.375,0.0,nan,0.010000000000000002,16.0,112.0,0.06640450283885002,0.13256061701602967,0.04660133980671942,0.15038725715720588,4.594692707061768,,,,,,,,,,,,
846.0,25.0,-0.31725145578384406,0.0,0.8207140335540064,0.375,0.0,nan,0.010000000000000002,16.0,100.0,0.07973212748765945,0.07145809767767787,0.011124855941161513,0.03477021904531563,4.594692707061768,,,,,,,,,,,,
847.0,56.0,-0.6961446261405947,0.0,0.7102123510143061,0.6206896551724138,0.0,nan,0.010000000000000002,29.0,224.0,0.08154111541807652,0.08868150306495538,0.023281948281302384,0.0523667943895731,4.594692707061768,,,,,,,,,,,,
848.0,22.0,-0.23066793203353886,0.0,0.8398467701112629,0.3076923076923077,0.0,nan,0.010000000000000002,13.0,88.0,0.05996778421103954,0.09506236463361843,0.003167910628359426,0.06971916569019693,4.594692707061768,,,,,,,,,,,,
849.0,62.0,-0.22030667781829827,0.0,0.8160199913311751,0.5333333333333333,0.0,nan,0.010000000000000002,30.0,248.0,0.04009609203785658,0.04810428347968076,0.011388029883457948,0.03259962114214278,4.594692707061768,,,,,,,,,,,,
850.0,32.0,-0.7431900453567506,0.0,0.8075749520709369,0.47058823529411764,0.0,0.0,0.010000000000000002,17.0,128.0,0.10163401998579502,0.06540322890123207,0.02775038357140147,0.039987455750232215,4.594692707061768,1.0,0.0,0.0,0.25,0.0,22.68963623046875,1.9513816833496094,3.5062471320852637,17.0,1.0,30.0,-0.11864998340606683
851.0,109.0,-1.8209042096138002,0.0,0.4872873424939182,0.75,0.0,nan,0.010000000000000002,48.0,436.0,0.08411755226552486,0.041582075304177124,0.02348652848831989,0.015335186626810743,4.594692707061768,,,,,,,,,,,,
852.0,56.0,-0.7597543811798096,0.0,0.8779846965866537,0.3333333333333333,0.0,nan,0.010000000000000002,30.0,224.0,0.03715528454631567,0.12152478156037562,0.042151010000322585,0.11050553168119226,4.594692707061768,,,,,,,,,,,,
853.0,48.0,-0.6756346035003663,0.0,0.658232651438337,0.625,0.0,nan,0.010000000000000002,24.0,192.0,0.023997136391699314,0.015339612087700516,-0.02480755403909522,0.04530993026055643,4.594692707061768,,,,,,,,,,,,
854.0,49.0,-0.6601933383941652,0.0,0.5684912583448284,0.68,0.0,nan,0.010000000000000002,25.0,196.0,0.050934555009007454,0.04089943561506961,-0.0006780411170680332,0.049738674748132955,4.594692707061768,,,,,,,,,,,,
855.0,72.0,-1.121614093780518,0.0,0.5398241142376204,0.65625,0.0,nan,0.010000000000000002,32.0,288.0,0.07115002907812595,0.033453790136263706,0.020370898924227276,0.012348340635403618,4.594692707061768,,,,,,,,,,,,
856.0,89.0,-1.6702613496780399,0.0,0.5677337927786374,0.575,0.0,nan,0.010000000000000002,40.0,356.0,0.04381496366113424,0.06845437410379418,0.04657876046712772,0.012669464787769064,4.594692707061768,,,,,,,,,,,,
857.0,31.0,-0.31876737236976616,0.0,0.8416484960094288,0.35294117647058826,0.0,nan,0.010000000000000002,17.0,124.0,0.09574272856116295,0.11325910238003652,0.026289837093152586,0.05824481548010668,4.594692707061768,,,,,,,,,,,,
858.0,48.0,-0.7428147363662719,0.0,0.6151838090122699,0.5416666666666666,0.0,nan,0.010000000000000002,24.0,192.0,0.27129488810896873,0.04392835482576629,0.030952771913310546,0.009346797093723552,4.594692707061768,,,,,,,,,,,,
859.0,200.0,-2.2647829294204707,0.0,0.5156904680208996,0.7529411764705882,0.0,nan,0.010000000000000002,85.0,800.0,0.22005015052855015,0.01946359020712407,-0.00048323237479053205,0.018143032292937213,4.594692707061768,,,,,,,,,,,,
860.0,24.0,-0.47164041042327876,0.0,0.7738360514051238,0.4666666666666667,0.0,0.0,0.010000000000000002,15.0,96.0,0.1745443008840084,0.10890507786340702,0.03773648514470551,0.09317301644469027,4.594692707061768,1.0,0.0,0.0,0.25,0.0,19.63795280456543,1.9765419960021973,4.500164044089615,20.0,1.0,35.0,-0.03342047333717349
861.0,84.0,-1.2957828426361084,0.0,0.6374975083823787,0.6829268292682927,0.0,nan,0.010000000000000002,41.0,336.0,0.050357636995613575,0.05328969475340273,0.03575763964181533,0.017489782056495217,4.594692707061768,,,,,,,,,,,,
862.0,72.0,-0.35907548785209675,0.0,0.9018988025952691,0.30303030303030304,0.0,nan,0.010000000000000002,33.0,288.0,0.09037746489048004,0.11595961138118582,0.03225449172600747,0.08605968911882877,4.594692707061768,,,,,,,,,,,,
863.0,200.0,-2.1097516059875487,0.0,0.6393342688684104,0.6436781609195402,0.0,nan,0.010000000000000002,87.0,800.0,0.1711698193103075,0.025417749195185024,0.015353753684394178,0.00924653147292269,4.594692707061768,,,,,,,,,,,,
864.0,47.0,-0.7118079853057862,0.0,0.4841603759063386,0.75,0.0,nan,0.010000000000000002,24.0,188.0,0.015617944300174713,0.03231946958793684,0.020489832389470625,0.008499214362705301,4.594692707061768,,,,,,,,,,,,
865.0,96.0,-0.3555585479736333,0.0,0.7888452984463761,0.4090909090909091,0.0,nan,0.010000000000000002,44.0,384.0,0.05798272881656885,0.03373000440205942,0.01804133419500431,0.01480418752369364,4.594692707061768,,,,,,,,,,,,
866.0,76.0,-0.717697793841362,0.0,0.25036157198742615,0.8611111111111112,0.0,nan,0.010000000000000002,36.0,304.0,0.04692011885344982,0.029449518418914522,0.02381723897815391,0.00744221685425471,4.594692707061768,,,,,,,,,,,,
867.0,127.0,-1.514915628433228,0.0,0.6807980369174682,0.6071428571428571,0.0,nan,0.010000000000000002,56.0,508.0,0.0769689716398716,0.029816515864695248,0.019788681649970385,0.00850945653180013,4.594692707061768,,,,,,,,,,,,
868.0,46.0,-0.5992679512500763,0.0,0.7439299198380361,0.56,0.0,nan,0.010000000000000002,25.0,184.0,0.03042783262208104,0.060391637785157756,0.04701875394232996,0.017498992611591012,4.594692707061768,,,,,,,,,,,,
869.0,38.0,-0.3874864387512207,0.0,0.7090839113818885,0.5238095238095238,0.0,nan,0.010000000000000002,21.0,152.0,0.07935207150876522,0.13879206511314565,0.06463182475846752,0.0753396743970189,4.594692707061768,,,,,,,,,,,,
870.0,74.0,-1.151947536468506,0.0,0.7824756696554743,0.5277777777777778,0.0,0.0,0.010000000000000002,36.0,296.0,0.07938837446272373,0.08201524307446562,0.04112354362541737,0.04764007135091972,4.594692707061768,1.0,0.0,0.0,0.25,0.0,20.004533767700195,2.280902862548828,3.640142291551456,20.0,1.0,33.0,-0.09043999791145321
871.0,86.0,-1.3391946172714235,0.0,0.537176595614638,0.6585365853658537,0.0,nan,0.010000000000000002,41.0,344.0,0.09577053599059582,0.03182367453337065,0.019065515120018972,0.017731857415155622,4.594692707061768,,,,,,,,,,,,
872.0,14.0,-0.18370851516723638,0.0,0.66952341768758,0.4166666666666667,0.0,nan,0.010000000000000002,12.0,56.0,0.12926020845770836,0.11152767557151881,0.02149060016277612,0.10932770714429678,4.594692707061768,,,,,,,,,,,,
873.0,174.0,-2.453999617099762,0.0,0.4983134235428694,0.7564102564102564,0.0,nan,0.010000000000000002,78.0,696.0,0.25080470833927393,0.02910920763837055,0.016953174124381576,0.014824825873726105,4.594692707061768,,,,,,,,,,,,
874.0,67.0,-1.3580583047866823,0.0,0.48048189231823507,0.7272727272727273,0.0,nan,0.010000000000000002,33.0,268.0,0.03006064472720027,0.044805146831095044,0.016047716672346723,0.039046178461736164,4.594692707061768,,,,,,,,,,,,
875.0,84.0,-1.3412758970260623,0.0,0.3920461486911158,0.825,0.0,nan,0.010000000000000002,40.0,336.0,0.040671524591743946,0.02794671467063381,0.01103733043782995,0.02238527807576052,4.594692707061768,,,,,,,,,,,,
876.0,57.0,-0.7563303840160374,0.0,0.821222220250299,0.39285714285714285,0.0,nan,0.010000000000000002,28.0,228.0,0.05948631651699543,0.08975022297920332,0.03436929438535835,0.07560523700371768,4.594692707061768,,,,,,,,,,,,
877.0,86.0,-1.5403695201873784,0.0,0.27296515849973224,0.875,0.0,nan,0.010000000000000002,40.0,344.0,0.04934326093643904,0.039493010966907605,0.02385436406075314,0.017446913902161965,4.594692707061768,,,,,,,,,,,,
878.0,185.0,-2.3400726318359375,0.0,0.5662244908823608,0.691358024691358,0.0,nan,0.010000000000000002,81.0,740.0,0.16172476357314736,0.028708140143862693,0.017397938003568925,0.009275681930720495,4.594692707061768,,,,,,,,,,,,
879.0,34.0,-0.23538637399673457,0.0,0.8143753655616837,0.42857142857142855,0.0,nan,0.010000000000000002,21.0,136.0,0.05401089135557413,0.13788164762423977,0.03486844634308534,0.1335390753882148,4.594692707061768,,,,,,,,,,,,
880.0,28.0,-0.4109622049331665,0.0,0.6114472924440548,0.5625,0.0,0.0,0.010000000000000002,16.0,112.0,0.13079988211393356,0.06730569719469973,0.0055079763634629285,0.052725671271444084,4.594692707061768,1.0,0.0,0.0,0.25,0.0,25.616907119750977,2.0104751586914062,3.262309167999774,18.0,1.0,32.0,-0.17233060121536245
881.0,19.0,-0.42589804172515877,0.0,0.7934660124620466,0.42857142857142855,0.0,nan,0.010000000000000002,14.0,76.0,0.1412690058350563,0.05818097176961601,0.017403398334097705,0.04026759387874647,4.594692707061768,,,,,,,,,,,,
882.0,55.0,-0.7553206682205202,0.0,0.544450235282708,0.6551724137931034,0.0,nan,0.010000000000000002,29.0,220.0,0.03331105876713991,0.08456647115209225,0.02911381140293088,0.05670839957723514,4.594692707061768,,,,,,,,,,,,
883.0,69.0,-0.6809298479557037,0.0,0.7125186342328548,0.5625,0.0,nan,0.010000000000000002,32.0,276.0,0.032997374422848225,0.04296014443275453,0.03002769069576061,0.018102408287089537,4.594692707061768,,,,,,,,,,,,
884.0,68.0,-0.9442342686653137,0.0,0.7795429857824225,0.4411764705882353,0.0,nan,0.010000000000000002,34.0,272.0,0.05057072639465332,0.07517227050630026,0.04364350586411092,0.047312385434990764,4.594692707061768,,,,,,,,,,,,
885.0,118.0,-0.7891305196285247,0.0,0.6782779908647117,0.5849056603773585,0.0,nan,0.010000000000000002,53.0,472.0,0.06606259196996689,0.018186553659631954,0.005668357412275782,0.01799428220605037,4.594692707061768,,,,,,,,,,,,
886.0,56.0,-0.7765548324584961,0.0,0.4867232337810536,0.7586206896551724,0.0,nan,0.010000000000000002,29.0,224.0,0.059010752476751804,0.04807017454680006,0.031705651372508976,0.023997323346353,4.594692707061768,,,,,,,,,,,,
887.0,91.0,-0.7545786297321324,0.0,0.7543757821892162,0.5714285714285714,0.0,nan,0.010000000000000002,42.0,364.0,0.10838884487748146,0.05910861641200427,0.013582913069967617,0.06698495843357177,4.594692707061768,,,,,,,,,,,,
888.0,21.0,-0.375007758140564,0.0,0.8398467701112629,0.3076923076923077,0.0,nan,0.010000000000000002,13.0,84.0,0.13491442799568176,0.0927928310286786,0.036392140274290885,0.06063023409374155,4.594692707061768,,,,,,,,,,,,
889.0,77.0,0.026149039268493338,0.0,0.7559417467910261,0.47368421052631576,0.0,nan,0.010000000000000002,38.0,308.0,0.14453748613595963,0.13297782461995666,0.026633815117747872,0.1164767590232279,4.594692707061768,,,,,,,,,,,,
890.0,92.0,-1.2590945434570315,0.0,0.6575706977136953,0.6190476190476191,0.0,0.0,0.010000000000000002,42.0,368.0,0.12827195972204208,0.0593471685001532,0.042759260340254006,0.02277085832848996,4.594692707061768,1.0,0.0,0.0,0.25,0.0,10.881217956542969,2.4118824005126953,3.4652784541249275,19.0,1.0,33.0,-0.061480240821838325
891.0,64.0,-0.7996651136875151,0.0,0.7881120163747689,0.4375,0.0,nan,0.010000000000000002,32.0,256.0,0.02475220151245594,0.09477621910627931,0.013215295444751973,0.10846558494247466,4.594692707061768,,,,,,,,,,,,
892.0,151.0,-0.6859860277175909,0.0,0.6418040221407001,0.6268656716417911,0.0,nan,0.010000000000000002,67.0,604.0,0.041125285904854536,0.03856134951729473,0.014138213289925261,0.025264283847878276,4.594692707061768,,,,,,,,,,,,
893.0,22.0,-0.12757496356964115,0.0,0.6704155034724725,0.42857142857142855,0.0,nan,0.010000000000000002,14.0,88.0,0.1289691962301731,0.2316918522119522,0.09001775798705322,0.13751175656125786,4.594692707061768,,,,,,,,,,,,
894.0,118.0,-1.7194807159900671,0.0,0.8080778058067086,0.48214285714285715,0.0,nan,0.010000000000000002,56.0,472.0,0.09296652488410473,0.06890463290005755,0.026605252796329637,0.06754240312970267,4.594692707061768,,,,,,,,,,,,
895.0,122.0,0.009993569850921459,0.0,0.7744396388396214,0.5272727272727272,0.0,nan,0.010000000000000002,55.0,488.0,0.05892957095056772,0.05488379109939956,0.028128271776381553,0.03640385501163986,4.594692707061768,,,,,,,,,,,,
896.0,109.0,-1.5633499050140383,0.0,0.6755169246239744,0.5384615384615384,0.0,nan,0.010000000000000002,52.0,436.0,0.11095467768609524,0.04783236904313526,0.02264281868156104,0.03227964317520986,4.594692707061768,,,,,,,,,,,,
897.0,62.0,-0.4775944185256958,0.0,0.7688327715409833,0.5333333333333333,0.0,nan,0.010000000000000002,30.0,248.0,0.0198572080116719,0.03692213508052631,0.010126592909669383,0.03976663533203454,4.594692707061768,,,,,,,,,,,,
898.0,106.0,-1.6269551610946658,0.0,0.8133201059986346,0.38,0.0,nan,0.010000000000000002,50.0,424.0,0.14920342713594437,0.0187848596542608,-0.014514149450349123,0.04513449379675949,4.594692707061768,,,,,,,,,,,,
899.0,25.0,-0.5191191643476487,0.0,0.8887263160400485,0.4117647058823529,0.0,nan,0.010000000000000002,17.0,100.0,0.12895145267248154,0.049544304758310315,-0.015421548057347537,0.07273994430246489,4.594692707061768,,,,,,,,,,,,
900.0,50.0,-0.1913650035858156,0.0,0.8324683229551804,0.375,0.0,0.0,0.010000000000000002,24.0,200.0,0.10419127158820629,0.11400529219623422,0.027973736764979548,0.06949414485730643,4.594692707061768,1.0,0.0,0.0,0.25,0.0,25.934005737304688,2.113910675048828,5.2231833431869745,21.0,1.0,38.0,-0.02681963920593261
901.0,56.0,-0.294767508506775,0.0,0.8136542307890405,0.4,0.0,nan,0.010000000000000002,30.0,224.0,0.06891665235161781,0.12153982896633611,0.03063454190747247,0.1188295385744816,4.594692707061768,,,,,,,,,,,,
902.0,42.0,0.09621507406234747,0.0,0.6364309162782229,0.4782608695652174,0.0,nan,0.010000000000000002,23.0,168.0,0.06852108053863049,0.16337878529780678,0.017605503382150174,0.14535335058196064,4.594692707061768,,,,,,,,,,,,
903.0,13.0,-0.4172337341308594,0.0,0.6438264733493095,0.45454545454545453,0.0,nan,0.010000000000000002,11.0,52.0,0.18316053599119186,0.09879637588388644,0.03709146319530331,0.0774559448916884,4.594692707061768,,,,,,,,,,,,
904.0,200.0,-0.45650490522384707,0.0,0.639241016128193,0.6931818181818182,0.0,nan,0.010000000000000002,88.0,800.0,0.039187034824863076,0.06291425709423493,0.03482576959322614,0.03698413458830217,4.594692707061768,,,,,,,,,,,,
905.0,61.0,-0.6262933111190796,0.0,0.6695339354708292,0.6,0.0,nan,0.010000000000000002,30.0,244.0,0.06053417082875967,0.047743999758987216,0.01800287499371153,0.047780257891420264,4.594692707061768,,,,,,,,,,,,
906.0,69.0,-0.957166042327881,0.0,0.793635111751893,0.5294117647058824,0.0,nan,0.010000000000000002,34.0,276.0,0.015889736358076334,0.043396827576316355,0.015538071147489063,0.03695026859313261,4.594692707061768,,,,,,,,,,,,
907.0,193.0,-1.3956940579414372,0.0,0.5389913946729696,0.7261904761904762,0.0,nan,0.010000000000000002,84.0,772.0,0.09672690322622657,0.04721515793062281,0.023373653513772297,0.03235214600988835,4.594692707061768,,,,,,,,,,,,
908.0,50.0,-0.8582003951072693,0.0,0.7901149874636982,0.5,0.0,nan,0.010000000000000002,26.0,200.0,0.08303983509540558,0.053540163803845645,0.01784798105218215,0.052272115920117115,4.594692707061768,,,,,,,,,,,,
909.0,90.0,-0.859323024749756,0.0,0.6695847467335688,0.6046511627906976,0.0,nan,0.010000000000000002,43.0,360.0,0.05734570883214474,0.04691786810872145,0.015702448361480492,0.03274824933774716,4.594692707061768,,,,,,,,,,,,
910.0,32.0,-0.6675161910057068,0.0,0.6804101381084776,0.35294117647058826,0.0,0.0,0.010000000000000002,17.0,128.0,0.04163165483623743,0.04192199652607087,-0.0012951310200151056,0.06433099406300678,4.594692707061768,1.0,0.0,0.0,0.25,0.0,22.2628173828125,1.7954955101013184,5.921046374365687,25.0,1.0,51.0,-0.155795452594757
911.0,108.0,-1.0934624481201176,0.0,0.6246076687347595,0.6078431372549019,0.0,nan,0.010000000000000002,51.0,432.0,0.09198354743421078,0.020316137128702394,0.0009048548783994192,0.03147747004351903,4.594692707061768,,,,,,,,,,,,
912.0,200.0,-1.106565511226654,0.0,0.5473865485316698,0.7528089887640449,0.0,nan,0.010000000000000002,89.0,800.0,0.023825480602681637,0.04821137888757221,0.03366238973376312,0.01916582517522786,4.594692707061768,,,,,,,,,,,,
913.0,149.0,-1.8861566269397743,0.0,0.4046008265837834,0.8208955223880597,0.0,nan,0.010000000000000002,67.0,596.0,0.226108115632087,0.039440993568859994,0.01914527925919174,0.028100413425090134,4.594692707061768,,,,,,,,,,,,
914.0,20.0,-0.4258204579353332,0.0,0.7439493258888201,0.42857142857142855,0.0,nan,0.010000000000000002,14.0,80.0,0.1914915069937706,0.058501410251483324,0.0026949403298203835,0.09100885775579748,4.594692707061768,,,,,,,,,,,,
915.0,95.0,-0.9564965963363654,0.0,0.7879112896662784,0.4666666666666667,0.0,nan,0.010000000000000002,45.0,380.0,0.08169780112802982,0.10126951286656549,0.022869435005645755,0.08199695139758137,4.594692707061768,,,,,,,,,,,,
916.0,34.0,-0.5235529088973999,0.0,0.6397594243321503,0.5,0.0,nan,0.010000000000000002,20.0,136.0,0.0753343366086483,0.05478012509411201,0.035634582321269107,0.02674333600209083,4.594692707061768,,,,,,,,,,,,
917.0,169.0,-2.188921173810959,0.0,0.6161699622952372,0.6973684210526315,0.0,nan,0.010000000000000002,76.0,676.0,0.1382518010213971,0.04287181298604992,0.021859103847418737,0.032439856275517084,4.594692707061768,,,,,,,,,,,,
918.0,200.0,-1.867986261844635,0.0,0.5705338192587348,0.7191011235955056,0.0,nan,0.010000000000000002,89.0,800.0,0.09894144529243931,0.018144107686566713,0.002706122404561029,0.02213155894623453,4.594692707061768,,,,,,,,,,,,
919.0,41.0,-0.6461163377761843,0.0,0.8550124506611246,0.30434782608695654,0.0,nan,0.010000000000000002,23.0,164.0,0.16691137477755547,0.10170625426761079,0.04176384583115578,0.0699316636659415,4.594692707061768,,,,,,,,,,,,
920.0,136.0,-0.9291709697246557,0.0,0.6724652120348547,0.6557377049180327,0.0,0.0,0.010000000000000002,61.0,544.0,0.06383473984897137,0.023432256149135355,0.013123566369586115,0.01475921240990715,4.594692707061768,1.0,0.0,0.0,0.25,0.0,21.31582260131836,1.8487706184387207,4.102324358653277,21.0,1.0,38.0,-0.08903239846229549
921.0,101.0,-1.5506339287757878,0.0,0.6989425462626658,0.5652173913043478,0.0,nan,0.010000000000000002,46.0,404.0,0.07900223508477211,0.031167995825853723,0.008975522405307856,0.020125527388975398,4.594692707061768,,,,,,,,,,,,
922.0,38.0,-0.5120875406265258,0.0,0.6554587712785707,0.4,0.0,nan,0.010000000000000002,20.0,152.0,0.06494120508432388,0.05289130708460059,0.03848935110114613,0.019747357991751608,4.594692707061768,,,,,,,,,,,,
923.0,91.0,-0.9895202314853666,0.0,0.4761969326086851,0.7317073170731707,0.0,nan,0.010000000000000002,41.0,364.0,0.0530964145436883,0.011312314079987118,-0.006504779332317412,0.026811280770404303,4.594692707061768,,,,,,,,,,,,
924.0,188.0,-0.5894822943210609,0.0,0.6936372134401402,0.5833333333333334,0.0,nan,0.010000000000000002,84.0,752.0,0.06643710553180426,0.03385830282695679,0.01569972885090465,0.021051033606659386,4.594692707061768,,,,,,,,,,,,
925.0,55.0,-0.2968684822320937,0.0,0.6578714915008465,0.41379310344827586,0.0,nan,0.010000000000000002,29.0,220.0,0.19928159192204475,0.1689909748944708,0.06318617934832053,0.10833110468595748,4.594692707061768,,,,,,,,,,,,
926.0,54.0,-0.5034664237499238,0.0,0.6407223199817355,0.5483870967741935,0.0,nan,0.010000000000000002,31.0,216.0,0.12227912247180939,0.04908158462085002,0.004857331446988543,0.03266908114844789,4.594692707061768,,,,,,,,,,,,
927.0,35.0,-0.45444312095642087,0.0,0.9089843072671893,0.3333333333333333,0.0,nan,0.010000000000000002,21.0,140.0,0.09360076114535332,0.07871431903581001,0.017708379857607984,0.03753943549188554,4.594692707061768,,,,,,,,,,,,
928.0,27.0,-0.02476382374763489,0.0,0.7965801651305972,0.4375,0.0,nan,0.010000000000000002,16.0,108.0,0.15557795017957687,0.11571267585235613,-0.007962725362395522,0.10068174943776748,4.594692707061768,,,,,,,,,,,,
929.0,200.0,-1.6715352654457094,0.0,0.5354029788625504,0.735632183908046,0.0,nan,0.010000000000000002,87.0,800.0,0.08117582567501813,0.05620957679911953,0.03810977690477557,0.018238468948460096,4.594692707061768,,,,,,,,,,,,
930.0,200.0,-2.6615099072456356,0.0,0.4306731520875997,0.813953488372093,0.0,0.0,0.010000000000000002,86.0,800.0,0.12190069834468886,0.03962767906295994,0.02288563809770494,0.016168834317992875,4.594692707061768,1.0,0.0,0.0,0.25,0.0,21.44485855102539,1.6546638011932373,4.746886209817603,20.0,1.0,36.0,-0.10759833812713628
931.0,46.0,-0.4145645713806154,0.0,0.8135590522575239,0.4,0.0,nan,0.010000000000000002,25.0,184.0,0.05186183284968138,0.14981665644407496,0.022159132924571168,0.12627784977079956,4.594692707061768,,,,,,,,,,,,
932.0,53.0,-0.7012373495101929,0.0,0.7062212966845681,0.4074074074074074,0.0,nan,0.010000000000000002,27.0,212.0,0.1277280207723379,0.0771158221902607,0.05695282973410597,0.030711521025776237,4.594692707061768,,,,,,,,,,,,
933.0,66.0,-0.7144182658195497,0.0,0.7224260157092284,0.4375,0.0,nan,0.010000000000000002,32.0,264.0,0.042249975726008415,0.08920183308146079,0.0604622588143684,0.030209943084065098,4.594692707061768,,,,,,,,,,,,
934.0,61.0,-0.6789324140548706,0.0,0.7961341222381509,0.3793103448275862,0.0,nan,0.010000000000000002,29.0,244.0,0.02155793411657214,0.06871780076901024,0.02738135930157427,0.04916054809400574,4.594692707061768,,,,,,,,,,,,
935.0,187.0,-2.1646497440338126,0.0,0.4290197121194698,0.7926829268292683,0.0,nan,0.010000000000000002,82.0,748.0,0.07937985030002892,0.03131341756488837,0.01958301262493478,0.011181832040502791,4.594692707061768,,,,,,,,,,,,
936.0,32.0,-0.5954078269004821,0.0,0.7759227203466709,0.3333333333333333,0.0,nan,0.010000000000000002,18.0,128.0,0.03359121549874544,0.12290502074120013,0.10610486912446504,0.018456921432279394,4.594692707061768,,,,,,,,,,,,
937.0,26.0,-0.6340722298622131,0.0,0.8515409896376819,0.3125,0.0,nan,0.010000000000000002,16.0,104.0,0.05136140622198582,0.05070126246517667,-0.01770505658350885,0.08650244980118788,4.594692707061768,,,,,,,,,,,,
938.0,69.0,-0.8303005838394165,0.0,0.7194111894303773,0.4,0.0,nan,0.010000000000000002,35.0,276.0,0.1867106296122074,0.12889368797277712,0.032307251869212905,0.13436850269843426,4.594692707061768,,,,,,,,,,,,
939.0,200.0,-0.6351762890815742,0.0,0.5826463058415545,0.7078651685393258,0.0,nan,0.010000000000000002,89.0,800.0,0.03267286717891693,0.0798044803295852,0.039561382169267745,0.06876715311259762,4.594692707061768,,,,,,,,,,,,
940.0,63.0,-0.33839684605598463,0.0,0.7022574997086029,0.40625,0.0,0.0,0.010000000000000002,32.0,252.0,0.18660472705960274,0.14580133243252352,0.01703001859058286,0.1872634892067101,4.594692707061768,1.0,0.0,0.0,0.25,0.0,12.14152717590332,2.2944374084472656,5.024653328349814,24.0,1.0,44.0,-0.11631407976150515
941.0,30.0,-0.5513134002685547,0.0,0.8189342320490925,0.4117647058823529,0.0,nan,0.010000000000000002,17.0,120.0,0.05337031092494726,0.053163374137754245,-0.014871862220267455,0.09356767836084122,4.594692707061768,,,,,,,,,,,,
942.0,87.0,-1.0055669498443607,0.0,0.5579415884357335,0.6410256410256411,0.0,nan,0.010000000000000002,39.0,348.0,0.037833317182958126,0.017143558245152235,0.005505639389397743,0.01789479650969773,4.594692707061768,,,,,,,,,,,,
943.0,76.0,-0.09827518820762629,0.0,0.6090440900749307,0.5135135135135135,0.0,nan,0.010000000000000002,37.0,304.0,0.16201728209853172,0.08997578137893925,0.004807962433176272,0.08633803025903619,4.594692707061768,,,,,,,,,,,,
944.0,25.0,-0.6176802992820739,0.0,0.9022057441007985,0.35294117647058826,0.0,nan,0.010000000000000002,17.0,100.0,0.13570937141776085,0.07142921365331859,0.01509141225455096,0.05852416611191643,4.594692707061768,,,,,,,,,,,,
945.0,69.0,-0.5071906113624572,0.0,0.6056375874733868,0.6764705882352942,0.0,nan,0.010000000000000002,34.0,276.0,0.06031627859920263,0.02216342415977124,0.0024091062147846287,0.027693277990905485,4.594692707061768,,,,,,,,,,,,
946.0,200.0,-1.3615353345870977,0.0,0.5565519078066938,0.7142857142857143,0.0,nan,0.010000000000000002,91.0,800.0,0.07166713010519743,0.039229368056112435,0.020236250422840385,0.02760397513153401,4.594692707061768,,,,,,,,,,,,
947.0,52.0,-0.42767172574996953,0.0,0.8118734663884771,0.37037037037037035,0.0,nan,0.010000000000000002,27.0,208.0,0.07724147848784924,0.05275411571290953,-0.0002155913411675451,0.0446367228996012,4.594692707061768,,,,,,,,,,,,
948.0,42.0,-0.6791239213943482,0.0,0.7579607908304138,0.4782608695652174,0.0,nan,0.010000000000000002,23.0,168.0,0.08900555968284607,0.03378184680505434,0.0016323164066610236,0.03846161870623564,4.594692707061768,,,,,,,,,,,,
949.0,56.0,-0.07081410050392137,0.0,0.6258046220960899,0.5172413793103449,0.0,nan,0.010000000000000002,29.0,224.0,0.08316956460475922,0.13070213468797323,0.02924010352944606,0.10006920912024175,4.594692707061768,,,,,,,,,,,,
950.0,131.0,-0.9802012777328495,0.0,0.6160247502243902,0.6724137931034483,0.0,0.0,0.010000000000000002,58.0,524.0,0.07056707702577114,0.030325729712785687,0.013702117445973272,0.020223657597508077,4.594692707061768,1.0,0.0,0.0,0.25,0.0,20.813655853271484,1.630366325378418,4.008508106460795,19.0,1.0,31.0,-0.10227555990219121
951.0,188.0,-1.3934897589683535,0.0,0.5057705689010814,0.7471264367816092,0.0,nan,0.010000000000000002,87.0,752.0,0.16198509093374014,0.04534067117037921,-0.012105581360629003,0.07759977971052978,4.594692707061768,,,,,,,,,,,,
952.0,77.0,-0.7737007808685303,0.0,0.7946200058636264,0.5263157894736842,0.0,nan,0.010000000000000002,38.0,308.0,0.0696231983602047,0.06394032276693906,0.02108490957198228,0.04547504819139986,4.594692707061768,,,,,,,,,,,,
953.0,30.0,-0.5717713832855225,0.0,0.9080636308883937,0.375,0.0,nan,0.010000000000000002,16.0,120.0,0.02491632616147399,0.10897108046337962,0.056529693078482525,0.08719857015215489,4.594692707061768,,,,,,,,,,,,
954.0,179.0,-2.4698786461353306,0.0,0.5986705930352617,0.6708860759493671,0.0,nan,0.010000000000000002,79.0,716.0,0.14528373256325722,0.1826275974390228,0.1655672162769406,0.01876351241774593,4.594692707061768,,,,,,,,,,,,
955.0,157.0,-1.2147617053985595,0.0,0.4972101303006851,0.7647058823529411,0.0,nan,0.010000000000000002,68.0,628.0,0.11618986865505576,0.05977475941290322,0.043463327582230704,0.02151476195203912,4.594692707061768,,,,,,,,,,,,
956.0,33.0,-0.6451711702346802,0.0,0.819879721508089,0.4,0.0,nan,0.010000000000000002,20.0,132.0,0.1348598748445511,0.06577508575212436,0.026234160953511793,0.027357606433576084,4.594692707061768,,,,,,,,,,,,
957.0,39.0,-0.493497838973999,0.0,0.8792029817900672,0.4,0.0,nan,0.010000000000000002,20.0,156.0,0.07992721535265446,0.07841025619731787,0.018632460731821947,0.047774693719302465,4.594692707061768,,,,,,,,,,,,
958.0,71.0,-0.34949912190437327,0.0,0.7226028181642714,0.4444444444444444,0.0,nan,0.010000000000000002,36.0,284.0,0.07836366258561611,0.1231479657935779,0.03486847575413776,0.05899556432440114,4.594692707061768,,,,,,,,,,,,
959.0,96.0,-0.48864934206008925,0.0,0.5054897737158831,0.7391304347826086,0.0,nan,0.010000000000000002,46.0,384.0,0.019345989916473627,0.05882423265711623,0.030444767707194842,0.034668688585901886,4.594692707061768,,,,,,,,,,,,
960.0,38.0,-0.6718079853057862,0.0,0.49819787606491917,0.7,0.0,0.0,0.010000000000000002,20.0,152.0,0.11002635397017002,0.026976284166601926,0.017606453282305187,0.007952202073800508,4.594692707061768,1.0,0.0,0.0,0.25,0.0,20.152450561523438,1.545551061630249,3.6729944138787687,19.0,1.0,29.0,-0.10664407253265377
961.0,24.0,-0.4821675682067871,0.0,0.7087692667111626,0.47058823529411764,0.0,nan,0.010000000000000002,17.0,96.0,0.15638548880815506,0.03820209356247991,0.0017235574559890665,0.030502357523097157,4.594692707061768,,,,,,,,,,,,
962.0,109.0,-1.021512761116028,0.0,0.2794246884133019,0.8775510204081632,0.0,nan,0.010000000000000002,49.0,436.0,0.04212243668735027,0.039055637960927925,0.03169487112597835,0.008212801298459485,4.594692707061768,,,,,,,,,,,,
963.0,59.0,-0.7494810962677003,0.0,0.656605876272811,0.6206896551724138,0.0,nan,0.010000000000000002,29.0,236.0,0.08189988322556019,0.061162026907352854,0.021951446208438908,0.022237118495891668,4.594692707061768,,,,,,,,,,,,
964.0,35.0,-0.2639634847640991,0.0,0.8349562971759161,0.3333333333333333,0.0,nan,0.010000000000000002,21.0,140.0,0.0922317672520876,0.14799986665935388,0.03143810206758124,0.09535117355638931,4.594692707061768,,,,,,,,,,,,
965.0,18.0,-0.3535204577445984,0.0,0.679013791278787,0.38461538461538464,0.0,nan,0.010000000000000002,13.0,72.0,0.0776615459471941,0.11122501091126145,0.0053281222677065265,0.08471078686875444,4.594692707061768,,,,,,,,,,,,
966.0,138.0,-1.553358869552613,0.0,0.4191158859501101,0.7777777777777778,0.0,nan,0.010000000000000002,63.0,552.0,0.09236536920070648,0.050354440880255424,0.03733605202523904,0.013873160150949804,4.594692707061768,,,,,,,,,,,,
967.0,51.0,-0.8635649657249451,0.0,0.6358893245097793,0.625,0.0,nan,0.010000000000000002,24.0,204.0,0.016570892417803407,0.03248771250147518,0.005408936745987055,0.024361193626959324,4.594692707061768,,,,,,,,,,,,
968.0,98.0,-0.35158601284027136,0.0,0.6482340911508373,0.6,0.0,nan,0.010000000000000002,45.0,392.0,0.0406762957572937,0.07113962193079715,0.011870015073895956,0.056419433171679745,4.594692707061768,,,,,,,,,,,,
969.0,42.0,-0.10129121661186219,0.0,0.6469710683341662,0.4090909090909091,0.0,nan,0.010000000000000002,22.0,168.0,0.19463898614048958,0.10076902426053061,0.002673140501082387,0.12366122734159257,4.594692707061768,,,,,,,,,,,,
970.0,95.0,-1.050633525848389,0.0,0.737066769992274,0.5227272727272727,0.0,0.0,0.010000000000000002,44.0,380.0,0.0570200914517045,0.05392655723892403,0.01993105432120501,0.046697714394682774,4.594692707061768,1.0,0.0,0.0,0.25,0.0,9.800131797790527,1.5731725692749023,4.24319673050195,20.0,1.0,35.0,-0.09297906160354605
971.0,27.0,-0.48187288761138913,0.0,0.8207140335540064,0.375,0.0,nan,0.010000000000000002,16.0,108.0,0.07091098930686712,0.06434386458541094,0.01621236209865418,0.03881947441237555,4.594692707061768,,,,,,,,,,,,
972.0,111.0,-0.9115089750289915,0.0,0.7259963587089938,0.5510204081632653,0.0,nan,0.010000000000000002,49.0,444.0,0.15343090519309044,0.051457354206718264,0.00846120736400735,0.03362999926779242,4.594692707061768,,,,,,,,,,,,
973.0,28.0,-0.01809971809387205,0.0,0.5593605633131894,0.625,0.0,nan,0.010000000000000002,16.0,112.0,0.08382722176611423,0.22669683232483553,0.020135334693155267,0.13907583720068573,4.594692707061768,,,,,,,,,,,,
974.0,68.0,0.054242928028106374,0.0,0.8056274585852029,0.3939393939393939,0.0,nan,0.010000000000000002,33.0,272.0,0.11698097549378872,0.15254373045172542,0.022837871169031132,0.0773182842338257,4.594692707061768,,,,,,,,,,,,
975.0,75.0,0.10725481510162338,0.0,0.7602503344784389,0.5,0.0,nan,0.010000000000000002,36.0,300.0,0.11044902913272381,0.1943828388584734,0.03616185431746999,0.12847964662783085,4.594692707061768,,,,,,,,,,,,
976.0,158.0,-1.8172307896614082,0.0,0.3345232069982773,0.8571428571428571,0.0,nan,0.010000000000000002,70.0,632.0,0.004462348064407706,0.05753747642120288,0.04807151931345288,0.013980161564594584,4.594692707061768,,,,,,,,,,,,
977.0,173.0,-2.5537807750701913,0.0,0.40703665630164926,0.8076923076923077,0.0,nan,0.010000000000000002,78.0,692.0,0.15172265376895666,0.033240097040106775,0.021425776600153768,0.013544916582109517,4.594692707061768,,,,,,,,,,,,
978.0,200.0,-2.161561048030854,0.0,0.4160849126519045,0.7912087912087912,0.0,nan,0.010000000000000002,91.0,800.0,0.1257869079709053,0.021458148271449318,0.007900317811618152,0.017456052567482228,4.594692707061768,,,,,,,,,,,,
979.0,138.0,-1.1205875802040106,0.0,0.38389305198494217,0.8125,0.0,nan,0.010000000000000002,64.0,552.0,0.06449225172400475,0.02795597976910358,0.01750013336823031,0.013944048920334018,4.594692707061768,,,,,,,,,,,,
980.0,32.0,-0.14637586593627935,0.0,0.8207140335540064,0.375,0.0,0.0,0.010000000000000002,16.0,128.0,0.09070281498134136,0.1109117657842944,0.033239259612855676,0.06365237307965588,4.594692707061768,1.0,0.0,0.0,0.25,0.0,0.9470005035400391,1.9705743789672852,8.254877076949924,42.0,1.0,85.0,-0.4771122932434081
981.0,200.0,-0.6339577436447148,0.0,0.49661257948122145,0.7613636363636364,0.0,nan,0.010000000000000002,88.0,800.0,0.03804187825880945,0.032310968287447395,0.01965898764638041,0.02153606999826313,4.594692707061768,,,,,,,,,,,,
982.0,68.0,0.23154105663299532,0.0,0.6856014048309755,0.5625,0.0,nan,0.010000000000000002,32.0,272.0,0.011649855296127498,0.17187727413420362,0.024025311484820122,0.1397487957210871,4.594692707061768,,,,,,,,,,,,
983.0,24.0,-0.5897577667236328,0.0,0.3764031311401962,0.7058823529411765,0.0,nan,0.010000000000000002,17.0,96.0,0.04718506149947643,0.02996305211854633,0.01066674563480774,0.015488678666160402,4.594692707061768,,,,,,,,,,,,
984.0,51.0,-0.7882244205474854,0.0,0.796315813240338,0.4583333333333333,0.0,nan,0.010000000000000002,24.0,204.0,0.030005082488059998,0.0831963394314288,0.024092274418958993,0.06446358102286552,4.594692707061768,,,,,,,,,,,,
985.0,57.0,-0.6653311324119568,0.0,0.7821199908162968,0.4642857142857143,0.0,nan,0.010000000000000002,28.0,228.0,0.06461058277636766,0.07032563279509511,0.00259455611823094,0.07960176312498465,4.594692707061768,,,,,,,,,,,,
986.0,97.0,-1.0563187551498414,0.0,0.7097599381967934,0.5454545454545454,0.0,nan,0.010000000000000002,44.0,388.0,0.054636818356812,0.09285423950586846,0.01932944615418819,0.03260203113945118,4.594692707061768,,,,,,,,,,,,
987.0,43.0,-0.8517682838439942,0.0,0.6358893245097793,0.625,0.0,nan,0.010000000000000002,24.0,172.0,0.10767430439591408,0.038395267331886085,0.012116353767978157,0.026226531462931375,4.594692707061768,,,,,,,,,,,,
988.0,29.0,-0.5598229789733886,0.0,0.7773869142852092,0.375,0.0,nan,0.010000000000000002,16.0,116.0,0.10760697536170483,0.06933068634404255,0.014848171070956722,0.04124950222007707,4.594692707061768,,,,,,,,,,,,
989.0,20.0,-0.5526930809020997,0.0,0.7865210164860698,0.38461538461538464,0.0,nan,0.010000000000000002,13.0,80.0,0.022590153850615025,0.04613272064016201,-0.007097160979174078,0.032004389616726116,4.594692707061768,,,,,,,,,,,,
990.0,28.0,-0.6864190864562988,0.0,0.6856014048309755,0.5625,0.0,0.0,0.010000000000000002,16.0,112.0,0.0946077536791563,0.08725567248932618,0.026924140366775515,0.09701684984000579,4.594692707061768,1.0,0.0,0.0,0.25,0.0,1.1541374921798706,0.7655717134475708,7.361409378005192,36.0,1.0,80.0,-0.7342119216918946
991.0,200.0,-2.54831371307373,0.0,0.38454067337818426,0.7789473684210526,0.0,nan,0.010000000000000002,95.0,800.0,0.13333790394244716,0.0405749696528801,0.028876585683974554,0.009094866290405235,4.594692707061768,,,,,,,,,,,,
992.0,117.0,-1.0324493837356572,0.0,0.6190997574813403,0.6415094339622641,0.0,nan,0.010000000000000002,53.0,468.0,0.10724191553890705,0.0410614123356936,0.015395764545246493,0.021687094476463595,4.594692707061768,,,,,,,,,,,,
993.0,58.0,-1.0676399755477908,0.0,0.3318918724290976,0.7741935483870968,0.0,nan,0.010000000000000002,31.0,232.0,0.05820170324295759,0.04086254384159913,0.02266659380407434,0.011813964856666415,4.594692707061768,,,,,,,,,,,,
994.0,39.0,-0.35311452388763437,0.0,0.9304234751807865,0.3333333333333333,0.0,nan,0.010000000000000002,21.0,156.0,0.10336923599243164,0.13303338554060945,0.023752046866157357,0.09391710646766335,4.594692707061768,,,,,,,,,,,,
995.0,66.0,-0.9246218478679658,0.0,0.6670296660929467,0.625,0.0,nan,0.010000000000000002,32.0,264.0,0.05551943648606539,0.06323134543890774,0.020183559342513036,0.04783150884887388,4.594692707061768,,,,,,,,,,,,
996.0,113.0,-1.4526434707641604,0.0,0.5004237574967274,0.7547169811320755,0.0,nan,0.010000000000000002,53.0,452.0,0.1298227459192276,0.054549175569945874,0.03809170852127863,0.018125986265080954,4.594692707061768,,,,,,,,,,,,
997.0,42.0,-0.4071434152126312,0.0,0.7584059448961067,0.5,0.0,nan,0.010000000000000002,20.0,168.0,0.13690344244241714,0.06062895924939463,0.015942303344629528,0.033783095905970076,4.594692707061768,,,,,,,,,,,,
998.0,129.0,-1.437349286079407,0.0,0.7455774342944763,0.43103448275862066,0.0,nan,0.010000000000000002,58.0,516.0,0.11366865038871765,0.0393945378727949,0.020307226607656048,0.024749564773879303,4.594692707061768,,,,,,,,,,,,
999.0,24.0,-0.2081884765625,0.0,0.8745486404955571,0.375,0.0,nan,0.010000000000000002,16.0,96.0,0.08227955363690853,0.14724376926703067,0.028461001328347873,0.0967030354023694,4.594692707061768,,,,,,,,,,,,
1000.0,79.0,-0.9293728971481323,0.0,0.8368730520697595,0.3888888888888889,0.0,0.0,0.010000000000000002,36.0,316.0,0.05907687544822693,0.0581997308663631,0.021754364276603155,0.020550530344910837,4.594692707061768,1.0,0.0,0.0,0.25,0.0,3.0205748081207275,0.9107089042663574,7.194837964372709,28.0,1.0,54.0,-0.33873827695846576
