iteration,curriculum_single_agent_stage,steps_collected,episode_return_mean,safe_reach_ratio,skill_entropy_norm,top1_skill_ratio,high_div_bonus_mean,conv_eval_success_delta_w5,high_entropy_coef,low_entropy_coef,low_reference_pretrain_stage,high_samples,low_samples,loss_high_total,loss_low_mean,loss_low_actor,loss_low_value,low_entropy,low_f_mean_x,low_f_mean_y,low_h_eig_min,low_h_eig_max,eval_n_episodes,eval_success_rate,eval_reach_rate,eval_collision_rate,eval_safe_reach_ratio,eval_min_h_agent,eval_min_h_obstacle,eval_avg_traj_length,eval_avg_skill_switches,eval_qp_feasible_rate,eval_avg_steps,eval_avg_episode_return
1.0,0.0,134.0,3.843108460158123,0.0,0.9836093126612052,0.23880597014925373,0.0,nan,0.05,0.0005,1.0,67.0,536.0,6.916181266307831,0.7053788449981653,0.4629348016186441,0.48472913870838585,0.0,3.5079357344657183,1.3050404438690748,1.6634108323487453,9.009543061256409,1.0,0.0,0.0,0.5,0.0,-0.04797450453042984,2.9468414783477783,6.726931676035747,35.0,1.0,75.0,1.0884548071771882
2.0,0.0,200.0,5.386736668571835,0.75,0.97292213384646,0.26666666666666666,0.0,nan,0.049942775393419174,0.000494949494949495,1.0,75.0,593.0,3.9428703486919403,0.4585602458211042,0.08270375132272534,0.7516496438382205,0.0,-0.1309500097995624,-2.257520585844759,6.479240340180695,20.028896737843752,,,,,,,,,,,,
3.0,0.0,136.0,5.916941555514944,0.25,0.9836670864001804,0.2545454545454545,0.0,nan,0.049885550786838345,0.0004898989898989899,1.0,55.0,478.0,8.235687017440796,0.3612348956403366,0.007897488740510994,0.7066420030996453,0.0,-0.6318262971326476,3.9802901251241565,11.389019256457686,29.733628675341606,,,,,,,,,,,,
4.0,0.0,179.0,9.201667434535937,1.0,0.9737497056228304,0.28125,0.0,nan,0.049828326180257516,0.00048484848484848484,1.0,64.0,575.0,12.3700590133667,0.7764214489370715,0.031032461533440525,1.4905795486718256,0.0,2.3245709346374497,-0.33647050146828406,12.95458638947457,31.82532762363553,,,,,,,,,,,,
5.0,0.0,75.0,1.4104221761226692,0.0,0.9653505890781877,0.3142857142857143,0.0,nan,0.04977110157367668,0.0004797979797979798,1.0,35.0,300.0,1.6907489001750946,0.16462858785757817,0.05198957936011463,0.22521853032417916,0.0,1.887453945542802,2.1980167731526308,9.714383183978498,24.3911306373775,,,,,,,,,,,,
6.0,0.0,200.0,6.302136592455229,0.5,0.9884263833204951,0.2638888888888889,0.0,nan,0.04971387696709585,0.00047474747474747476,1.0,72.0,627.0,6.236849516630173,0.15666269027099133,0.014382167651914912,0.2844993512358367,0.0,-1.0180409002059605,-3.418583129066974,14.921418783254921,25.070667810738087,,,,,,,,,,,,
7.0,0.0,166.0,5.616425343249006,0.5,0.9601945791502439,0.3333333333333333,0.0,nan,0.04965665236051502,0.0004696969696969697,1.0,54.0,468.0,6.331439018249512,0.5809162599250044,0.023213523418681884,1.11451266482527,0.0,1.3970486213220283,-0.725410260114586,18.721190307289362,29.13722524419427,,,,,,,,,,,,
8.0,0.0,200.0,8.16844834130259,0.75,0.9853633381902688,0.25396825396825395,0.0,nan,0.049599427753934194,0.0004646464646464647,1.0,63.0,571.0,10.471204280853271,0.46469828092494936,0.009518282861701421,0.9102790888737786,0.0,6.95964147883933,-8.285907748970203,42.814706828445196,56.90911058336496,,,,,,,,,,,,
9.0,0.0,182.0,8.981242441833032,1.0,0.9848304124826714,0.2727272727272727,0.0,nan,0.049542203147353366,0.0004595959595959596,1.0,55.0,487.0,14.686180591583252,1.1850871006831767,0.032219592785132534,2.305618144754474,0.0,-7.072005276451819,1.842221634578891,51.98980924114585,74.38104366511106,,,,,,,,,,,,
10.0,0.0,150.0,8.70926275337116,1.0,0.9813605809749434,0.2916666666666667,0.0,nan,0.04948497854077254,0.00045454545454545455,1.0,48.0,425.0,12.767942428588867,0.9147374584458703,0.004111753077084224,1.8210966124158503,0.0,-0.2817453895404469,-6.224936763057485,41.538681257516146,75.29101841896772,1.0,1.0,1.0,0.0,1.0,1.1138137578964233,2.375875949859619,11.838727875612676,76.0,1.0,178.0,270.153888697997
11.0,0.0,200.0,8.031342647820727,0.75,0.9596869109362242,0.2903225806451613,0.0,nan,0.04942775393419171,0.0004494949494949495,1.0,62.0,536.0,10.20214581489563,0.4053471151933081,0.05004582122859347,0.7103835427973877,0.0,4.818280595325632,-12.576651732902974,36.19631567597389,64.70204728096724,,,,,,,,,,,,
12.0,0.0,114.0,5.8492185974866215,0.5,0.9228468937275779,0.38095238095238093,0.0,nan,0.04937052932761087,0.00044444444444444447,1.0,42.0,361.0,8.254651069641113,0.6953113875207464,0.010244889521028741,1.369914619321877,0.0,3.5798027077689767,3.652978895464912,41.850999096408486,94.4634802006185,,,,,,,,,,,,
13.0,0.0,141.0,8.484237011522067,1.0,0.9813029553737606,0.2631578947368421,0.0,nan,0.049313304721030043,0.0004393939393939394,1.0,57.0,475.0,10.998732805252075,0.5396156484466701,0.017650804001290155,1.043745831680532,0.0,2.18437477434054,0.7663847564253956,59.09237514808774,121.96845858544111,,,,,,,,,,,,
14.0,0.0,140.0,7.508309613391763,1.0,0.9842534898507777,0.27906976744186046,0.0,nan,0.049256080114449215,0.00043434343434343433,1.0,43.0,376.0,8.901351690292358,0.5832851085112907,0.0788562059774307,1.0085417896243314,0.0,20.905660834163427,-5.569743579137139,51.95412075892091,124.17333741486073,,,,,,,,,,,,
15.0,0.0,161.0,8.694415685608996,1.0,0.9846015395936547,0.2641509433962264,0.0,nan,0.049198855507868386,0.0004292929292929293,1.0,53.0,452.0,11.953049182891846,0.7022322582456582,0.002000975988948994,1.4002723506213641,0.0,-7.45421458221972,-0.5429455623961985,53.99842564575374,178.3298538327217,,,,,,,,,,,,
16.0,0.0,136.0,8.690542572140705,1.0,0.9343671254170066,0.3469387755102041,0.0,nan,0.04914163090128756,0.00042424242424242425,1.0,49.0,409.0,10.157331943511963,0.5590359878283948,0.0032178734510406315,1.1114857744543514,0.0,-12.082586324075237,4.220102368621156,52.60341418534517,153.49007073044777,,,,,,,,,,,,
17.0,0.0,147.0,7.846899443827578,1.0,0.9833761437762134,0.23809523809523808,0.0,nan,0.04908440629470673,0.0004191919191919192,1.0,42.0,349.0,9.327091455459595,0.7135740243143118,0.002490963953896752,1.4218800813372354,0.0,-5.445929682813585,-0.060524974804138765,73.7454461529851,164.82377411425114,,,,,,,,,,,,
18.0,0.0,164.0,9.198951508402839,1.0,0.9524796369990794,0.29508196721311475,0.0,nan,0.0490271816881259,0.0004141414141414141,1.0,61.0,558.0,14.85275411605835,0.7266866783209025,0.07284632900425247,1.307449971637027,0.0,-2.3963503506965935,-4.34238605434075,65.43958351016045,155.2235704958439,,,,,,,,,,,,
19.0,0.0,180.0,10.229242331050354,1.0,0.9242200569927824,0.390625,0.0,nan,0.048969957081545064,0.0004090909090909091,1.0,64.0,547.0,16.940016269683838,0.8716900247090962,0.00251695752410086,1.7381182315435808,0.0,2.189224766450934,2.567417858168483,73.07304870337248,194.01091253757477,,,,,,,,,,,,
20.0,0.0,155.0,8.421640357822191,1.0,0.9026860068232531,0.36363636363636365,0.0,nan,0.048912732474964235,0.00040404040404040404,1.0,55.0,477.0,10.907825469970703,0.49930253952879866,0.06377909301500773,0.8691793600853241,0.0,33.77466841228306,0.25815090048126876,58.375612085685134,161.6391350775957,1.0,1.0,1.0,0.0,1.0,0.2508583068847656,2.9860496520996094,11.76673868240323,76.0,1.0,179.0,257.68375297499847
21.0,0.0,170.0,7.9716461091116155,1.0,0.9541964799422897,0.28888888888888886,0.0,nan,0.048855507868383406,0.000398989898989899,1.0,45.0,392.0,12.573528051376343,1.0269455488200947,0.0030250558141986517,2.047670712627024,0.0,-3.0330175375565886,15.162757369456813,79.79861859977245,230.93468707799911,,,,,,,,,,,,
22.0,0.0,158.0,9.939737339317816,1.0,0.9212622637639453,0.35,0.0,nan,0.04879828326180258,0.00039393939393939396,1.0,60.0,520.0,16.508355617523193,0.6730634238994071,0.007929993786387257,1.3300963147171956,0.0,-8.37149736774154,2.982023641699925,95.94229988753796,264.2599808573723,,,,,,,,,,,,
23.0,0.0,136.0,3.724787152409567,0.25,0.9848722614089803,0.2459016393442623,0.0,nan,0.04874105865522175,0.0003888888888888889,1.0,61.0,541.0,7.842360138893127,0.5763555147300394,0.096939720845715,0.9572956451311825,0.0,4.246737701818347,14.042751213652082,72.90634934138507,133.98464285954833,,,,,,,,,,,,
24.0,0.0,200.0,4.323062857240464,0.25,0.9473024433668448,0.313953488372093,0.0,nan,0.04868383404864092,0.0003838383838383839,1.0,86.0,740.0,3.445013329386711,0.05587974153752384,0.007469733554369196,0.09670570412867452,0.0,-3.2336587860481814,13.048881789669394,33.07178124040365,44.950734719634056,,,,,,,,,,,,
25.0,0.0,195.0,8.715266946926725,1.0,0.977161541184895,0.2830188679245283,0.0,nan,0.04862660944206009,0.0003787878787878788,1.0,53.0,446.0,11.587510347366333,0.7142613740566048,0.022298768894728496,1.3837232897894012,0.0,-48.93255361355841,11.226226583588868,175.79089325666428,261.3276581764221,,,,,,,,,,,,
26.0,0.0,200.0,7.105101931542168,0.75,0.9568219260342278,0.28846153846153844,0.0,nan,0.048569384835479255,0.00037373737373737375,1.0,52.0,472.0,7.961556434631348,0.42826974694844466,0.0712522987925226,0.7138757827375741,0.0,41.63741342257708,-7.945366590982303,88.99972887709737,175.95546548813581,,,,,,,,,,,,
27.0,0.0,200.0,9.170818365439791,0.75,0.9725465304742257,0.2857142857142857,0.0,nan,0.04851216022889843,0.00036868686868686865,1.0,70.0,637.0,12.170453906059265,0.4350989773488436,0.0015598922143369442,0.8669040378226285,0.0,-8.714837309904397,-10.256151959300041,117.16952780634165,222.47128477692604,,,,,,,,,,,,
28.0,0.0,156.0,9.865118951536733,1.0,0.9736205294679937,0.25,0.0,nan,0.0484549356223176,0.0003636363636363636,1.0,60.0,550.0,12.666657447814941,0.5054664400181537,0.04725811865321816,0.9161028648493748,0.0,-2.814774819649756,5.578472027089447,97.12299901992083,186.66673937439919,,,,,,,,,,,,
29.0,0.0,196.0,9.18348968200387,1.0,0.950539180058477,0.29310344827586204,0.0,nan,0.04839771101573677,0.0003585858585858586,1.0,58.0,486.0,13.25295114517212,0.9144903526387225,0.025934692018310557,1.776875096900028,0.0,-8.82069673622027,41.217995347455144,194.06122356653214,294.48886704444885,,,,,,,,,,,,
30.0,0.0,77.0,1.671070631146436,0.0,0.9825062786601574,0.2777777777777778,0.0,nan,0.04834048640915594,0.00035353535353535354,1.0,36.0,308.0,2.0726903676986694,0.18762521424972078,0.026665351588794912,0.32153186660596617,0.0,9.350901773199439,-1.1382972296560183,102.27753422688693,163.57279450446367,1.0,0.0,0.75,0.0,0.75,1.0078986883163452,1.5004892349243164,12.009473851707298,87.0,1.0,200.0,238.62398632615827
31.0,0.0,200.0,7.082326243706071,0.75,0.945058674296623,0.3522727272727273,0.0,nan,0.04828326180257511,0.0003484848484848485,1.0,88.0,732.0,6.270108580589294,0.3936534562002123,0.09019479997511315,0.599836682101607,0.0,-37.38535522017628,-6.264678324805573,59.83991387113929,113.21680877357721,,,,,,,,,,,,
32.0,0.0,153.0,9.67185689821841,1.0,0.9474958372546192,0.35,0.0,nan,0.04822603719599428,0.00034343434343434346,1.0,60.0,519.0,13.94286060333252,0.6146914230998846,0.015544473351951638,1.1980311832951607,0.0,-10.262701521161944,18.681086275726557,167.59712895751,241.21280606091022,,,,,,,,,,,,
33.0,0.0,200.0,9.112279037050921,0.75,0.9810439364440221,0.25,0.0,nan,0.048168812589413454,0.0003383838383838384,1.0,60.0,541.0,12.440621614456177,0.4640432292187029,0.0015294074793921197,0.9248208998464662,0.0,-1.5395214965101331,4.626113584963605,136.89794386923313,192.53915457427502,,,,,,,,,,,,
34.0,0.0,135.0,8.653328570202005,1.0,0.9410335482746689,0.375,0.0,nan,0.04811158798283262,0.0003333333333333334,1.0,48.0,406.0,11.390615940093994,0.6086427737234317,0.0018403453070057196,1.2133791975321309,0.0,0.5575005125720054,-6.281154195778072,180.88885016739368,246.11402729153633,,,,,,,,,,,,
35.0,0.0,125.0,8.471567109227191,1.0,0.9605870702307939,0.2916666666666667,0.0,nan,0.04805436337625179,0.0003282828282828283,1.0,48.0,425.0,10.212574005126953,0.561842189225672,0.02010484833110282,1.0830369175570707,0.0,22.262799796182662,-4.90521222515963,137.20771786943078,194.03342033177614,,,,,,,,,,,,
36.0,0.0,158.0,9.794314646050351,1.0,0.9772901247885626,0.2711864406779661,0.0,nan,0.04799713876967096,0.00032323232323232324,1.0,59.0,527.0,12.979082107543945,0.5639081081035329,0.018861921465827436,1.089797913381516,0.0,-0.6979322098195553,-11.16993474564515,103.59179774671793,185.4027469009161,,,,,,,,,,,,
37.0,0.0,200.0,7.729175371285542,0.75,0.9826853772509803,0.26153846153846155,0.0,nan,0.04793991416309013,0.00031818181818181815,1.0,65.0,547.0,8.189599126577377,0.3702235886858034,0.028713348033022612,0.6826655236924073,0.0,-20.86346779251471,2.5718279173597693,89.2230974137783,137.2114536166191,,,,,,,,,,,,
38.0,0.0,98.0,6.841020373515789,1.0,0.9495482122972617,0.3142857142857143,0.0,nan,0.0478826895565093,0.0003131313131313131,1.0,35.0,277.0,6.144052028656006,0.4277899223317263,0.002634133839277908,0.8500672925782572,0.0,-3.3207735064206645,7.342093634419143,134.96468225121498,183.89332151412964,,,,,,,,,,,,
39.0,0.0,177.0,9.141988473422842,1.0,0.9903469157280407,0.25862068965517243,0.0,nan,0.047825464949928474,0.00030808080808080807,1.0,58.0,501.0,9.86306381225586,0.5031431952638741,0.06645752880676525,0.8731555699622149,0.0,-28.741993048228323,39.136145998723805,129.39072693884373,183.74310402572155,,,,,,,,,,,,
40.0,0.0,171.0,9.959572399221377,1.0,0.9805138253544775,0.2786885245901639,0.0,nan,0.047768240343347645,0.00030303030303030303,1.0,61.0,555.0,13.691648244857788,0.4761725448335028,0.01230684726972786,0.9271100887313359,0.0,12.133311788900755,5.010533430380747,164.86864008754492,217.706773981452,1.0,1.0,1.0,0.0,1.0,0.24614819884300232,2.339877128601074,11.755083023104817,79.0,1.0,181.0,301.3928690744195
41.0,0.0,142.0,9.162776156887427,1.0,0.9838343339676237,0.2545454545454545,0.0,nan,0.04771101573676681,0.000297979797979798,1.0,55.0,490.0,9.196761131286621,0.35330577336776514,0.01537642404347983,0.6757150782041634,0.0,-6.167281865840778,-0.4577066858764738,104.23147805035114,140.81814682483673,,,,,,,,,,,,
42.0,0.0,143.0,8.127473141290256,1.0,0.9135976884621438,0.37209302325581395,0.0,nan,0.04765379113018598,0.00029292929292929295,1.0,43.0,371.0,10.315227746963501,0.7154654966464022,0.008947484225778624,1.4127953176690653,0.0,4.948849346721545,-10.150326665490866,164.08029938861728,227.46510307490826,,,,,,,,,,,,
43.0,0.0,51.0,0.45352569106966234,0.0,0.9119170652091372,0.32,0.0,nan,0.04759656652360515,0.0002878787878787879,1.0,25.0,204.0,0.7860910594463348,0.30544281742439183,0.020770614570507794,0.5689506199911448,0.0,-26.378195421368467,-31.118785616375654,62.143488238839545,110.61235706478942,,,,,,,,,,,,
44.0,0.0,158.0,9.890664957948045,1.0,0.9774254486617774,0.25862068965517243,0.0,nan,0.04753934191702432,0.0002828282828282828,1.0,58.0,508.0,12.18956732749939,0.6728873878887498,0.0013651932176772519,1.342815662492015,0.0,2.38505681802053,2.993246725294739,141.18952536582947,200.96499985456467,,,,,,,,,,,,
45.0,0.0,169.0,9.504205485284343,1.0,0.9625902635264116,0.30357142857142855,0.0,nan,0.047482117310443495,0.00027777777777777783,1.0,56.0,476.0,11.260550737380981,0.49883226199335695,0.001231999515962201,0.9949689534299182,0.0,-1.9463902983115986,-2.697189401369542,172.39901117235422,237.49008168280125,,,,,,,,,,,,
46.0,0.0,85.0,2.7065228541195427,0.25,0.9857435338340627,0.28205128205128205,0.0,nan,0.047424892703862666,0.00027272727272727274,1.0,39.0,332.0,1.9468424022197723,0.2535164039729807,0.027127229762030865,0.4521905582591508,0.0,-9.128243527491577,-7.790266492345836,76.96859784750268,128.28406082466245,,,,,,,,,,,,
47.0,0.0,117.0,8.274562615603218,1.0,0.9343397199254415,0.3409090909090909,0.0,nan,0.04736766809728184,0.0002676767676767677,1.0,44.0,372.0,8.252650022506714,0.4816319411784491,0.005033508546684828,0.9530318815561465,0.0,-4.133630435564555,-5.535706083173864,100.17236267402768,160.2586160004139,,,,,,,,,,,,
48.0,0.0,149.0,9.293912841901198,1.0,0.9889613088882877,0.2222222222222222,0.0,nan,0.047310443490701,0.0002626262626262626,1.0,54.0,484.0,11.263653039932251,0.5153279127735004,0.0040610487481254065,1.0222229031932017,0.0,-3.5708013093099,0.6645146872615442,109.32363472133875,185.12393798679113,,,,,,,,,,,,
49.0,0.0,82.0,3.6469407533854308,0.25,0.9461468945184465,0.32432432432432434,0.0,nan,0.04725321888412017,0.00025757575757575756,1.0,37.0,324.0,3.307210326194763,0.2808412427930307,0.006908066071300602,0.547646813767543,0.0,29.084774224320427,4.114973176619969,55.80167178902775,130.6796737536788,,,,,,,,,,,,
50.0,0.0,174.0,8.16390748064966,1.0,0.9690426272742815,0.3,0.0,nan,0.047195994277539344,0.0002525252525252525,1.0,60.0,521.0,6.3886798620224,0.39378187072628634,0.06967436150753592,0.6470501513020963,0.0,-26.541821164777502,86.75957483798265,132.34688892960548,265.3721760213375,1.0,1.0,1.0,0.0,1.0,0.41980472207069397,2.4474334716796875,11.793019054224715,77.0,1.0,179.0,292.6461505545679
51.0,0.0,172.0,9.368239215239898,1.0,0.9918770309841276,0.24074074074074073,0.0,nan,0.047138769670958515,0.0002474747474747475,1.0,54.0,481.0,14.468860626220703,0.6647175478134955,0.0010026660779907104,1.3271848099345356,0.0,-2.9390138699673116,2.0095403073355556,206.6558252722025,284.6612198352814,,,,,,,,,,,,
52.0,0.0,174.0,8.693117910102021,1.0,0.9029064358581119,0.44,0.0,nan,0.047081545064377686,0.00024242424242424245,1.0,50.0,416.0,9.676573514938354,0.6794787301174665,0.0018187275937755487,1.3551002684750557,0.0,-6.222659328952432,2.703385586151853,167.70906126499176,245.13036979921162,,,,,,,,,,,,
53.0,0.0,148.0,6.66014149695636,0.75,0.9511637289905772,0.35294117647058826,0.0,nan,0.04702432045779686,0.00023737373737373735,1.0,51.0,441.0,6.831832766532898,0.5322446410181101,0.06576752796817521,0.9308239558479556,0.0,-35.41138931387104,-7.273251653183252,159.3011484183371,241.7106063067913,,,,,,,,,,,,
54.0,0.0,142.0,7.468103863224394,1.0,0.979321686471395,0.30434782608695654,0.0,nan,0.04696709585121603,0.0002323232323232323,1.0,46.0,393.0,5.070929765701294,0.3115217434739179,0.021359953995052194,0.5801786328707479,0.0,17.929661969654262,-11.995201430283487,132.80632136389613,191.75898091495037,,,,,,,,,,,,
55.0,0.0,122.0,6.805258047766994,0.5,0.9728214742166302,0.2608695652173913,0.0,nan,0.04690987124463519,0.00022727272727272727,1.0,46.0,400.0,5.487187623977661,0.23672945886002594,0.0012904924688577069,0.4705833157665147,0.0,-4.538523641589563,-5.28352370831999,98.17098880559206,146.1169190108776,,,,,,,,,,,,
56.0,0.0,52.0,1.212260435819626,0.0,0.9353389093341263,0.3333333333333333,0.0,nan,0.046852646638054364,0.00022222222222222223,1.0,24.0,208.0,1.341336578130722,0.3109910187373806,0.14644528392859202,0.3264842154482433,0.0,-44.04320998375233,50.721842924562786,184.6653705743643,277.57577004799475,,,,,,,,,,,,
57.0,0.0,126.0,8.189476636685441,1.0,0.908629369116973,0.3829787234042553,0.0,nan,0.046795422031473535,0.0002171717171717172,1.0,47.0,392.0,6.155375242233276,0.33084004776469556,0.005768904555555343,0.6499119559731668,0.0,9.828028524410911,-9.42257920699194,172.00007462501526,255.91804346442223,,,,,,,,,,,,
58.0,0.0,122.0,8.604250420853507,1.0,0.9544623872793675,0.34782608695652173,0.0,nan,0.046738197424892707,0.0002121212121212121,1.0,46.0,416.0,7.045762896537781,0.24177350487252625,0.0041364758390578515,0.4750915132553457,0.0,2.3407196211628616,-6.372263990808278,126.77307876944542,222.30883164703846,,,,,,,,,,,,
59.0,0.0,196.0,9.832761388197564,1.0,0.9622064385067077,0.2753623188405797,0.0,nan,0.04668097281831188,0.00020707070707070706,1.0,69.0,618.0,6.729925125837326,0.19887062056761806,0.04679899793205733,0.30404158429747064,0.0,8.057125764433295,-54.292700096732005,61.92412884533405,161.42068453878164,,,,,,,,,,,,
60.0,0.0,149.0,8.589807926341901,1.0,0.9681769100164084,0.2826086956521739,0.0,nan,0.04662374821173105,0.00020202020202020207,1.0,46.0,406.0,8.074326753616333,0.38531279126107165,0.0019664611613046112,0.7664927584681607,0.0,4.874047487974167,-5.128672316903248,140.27711425721645,304.3187445998192,1.0,1.0,1.0,0.0,1.0,0.3122998774051666,1.9129668474197388,11.759391127154231,75.0,1.0,177.0,288.92966050051183
61.0,0.0,157.0,7.557719919309035,0.5,0.9573263352168181,0.3018867924528302,0.0,nan,0.04656652360515022,0.00019696969696969698,1.0,53.0,476.0,6.796401381492615,0.2598360732998728,0.07817404761630999,0.36307210829669145,0.0,-4.8058123821392655,16.10940901952563,129.84995687007904,241.75930565595627,,,,,,,,,,,,
62.0,0.0,138.0,7.375900625139479,1.0,0.9248128303684463,0.3888888888888889,0.0,nan,0.046509298998569384,0.00019191919191919194,1.0,36.0,302.0,5.734886050224304,0.6169352237525345,0.002020224849361263,1.229637047509931,0.0,3.7468098867684603,-5.212796128354967,173.48856968432665,239.11205987632275,,,,,,,,,,,,
63.0,0.0,111.0,8.066682000942535,1.0,0.963628635381145,0.3333333333333333,0.0,nan,0.046452074391988556,0.00018686868686868685,1.0,42.0,353.0,5.813813805580139,0.33651592064074975,0.0027500692915509717,0.6673068583152997,0.0,0.31266316678375006,-2.06110108923167,141.89724207669497,200.40456737577915,,,,,,,,,,,,
64.0,0.0,200.0,7.021958196833738,0.75,0.9488134488477322,0.32608695652173914,0.0,nan,0.04639484978540773,0.0001818181818181818,1.0,46.0,403.0,4.873568654060364,0.37380626609490264,0.054956257142080744,0.6367459527681056,0.0,17.01625396218151,-19.012819779803976,131.38393141329288,214.69125177711248,,,,,,,,,,,,
65.0,0.0,80.0,2.207407069206242,0.0,0.9537702875140042,0.34210526315789475,0.0,nan,0.0463376251788269,0.00017676767676767677,1.0,38.0,320.0,1.778498888015747,0.19564304273910693,0.009848686127192252,0.3707589106022233,0.0,-23.651351045118645,0.4726612593512982,115.95409702509642,198.07751524448395,,,,,,,,,,,,
66.0,0.0,129.0,8.256403931565591,1.0,0.9408548200283267,0.27906976744186046,0.0,nan,0.04628040057224607,0.00017171717171717173,1.0,43.0,389.0,5.211817741394043,0.34020680817690163,0.0019307719210104324,0.6762972146556905,0.0,3.5814808601280674,-1.6051025472115725,110.49661026149988,157.21764178574085,,,,,,,,,,,,
67.0,0.0,133.0,8.014966294951744,1.0,0.9198994701441979,0.37209302325581395,0.0,nan,0.04622317596566524,0.0001666666666666667,1.0,43.0,361.0,4.655196309089661,0.23963146904003452,0.0013636589223082751,0.47627954511896675,0.0,3.439675249857828,2.2700317224371247,116.77452516928315,175.17843115329742,,,,,,,,,,,,
68.0,0.0,59.0,0.6959104573726662,0.0,0.8584607281200812,0.42857142857142855,0.0,nan,0.04616595135908441,0.0001616161616161616,1.0,28.0,236.0,2.619575619697571,0.4076952292272866,0.023044807099947464,0.7683050492712752,0.0,7.792117159245378,28.363703292305185,64.52856438846912,117.11223228098983,,,,,,,,,,,,
69.0,0.0,159.0,8.297396640423695,1.0,0.9518171647921649,0.2978723404255319,0.0,nan,0.046108726752503576,0.00015656565656565655,1.0,47.0,406.0,7.457624316215515,0.49921450551960334,0.008356747625009153,0.981489135916023,0.0,16.74330873787403,4.944118842948228,124.8671437241137,161.37640008330345,,,,,,,,,,,,
70.0,0.0,146.0,8.90239720463754,1.0,0.9347045833077381,0.35294117647058826,0.0,nan,0.04605150214592275,0.00015151515151515152,1.0,51.0,442.0,7.632038235664368,0.2584823396384195,0.010314733697262178,0.4961355911277676,0.0,-8.10721481544897,-6.858948301523924,112.45330528914928,157.0041334927082,1.0,1.0,1.0,0.0,1.0,0.09182682633399963,2.338376045227051,11.735731482738629,78.0,1.0,176.0,272.7031955102089
71.0,0.0,199.0,9.71636674687268,1.0,0.9357541395657859,0.3333333333333333,0.0,nan,0.04599427753934192,0.00014646464646464648,1.0,66.0,601.0,10.398166418075562,0.2632780687912373,0.022400351035885363,0.4814823245670041,0.0,17.36692327260971,-1.2424767597112805,104.40314795821905,167.24431243538857,,,,,,,,,,,,
72.0,0.0,145.0,8.9994333529845,1.0,0.9553046246971699,0.2962962962962963,0.0,nan,0.04593705293276109,0.00014141414141414144,1.0,54.0,460.0,5.1496840715408325,0.15291639538531854,0.008590531810469315,0.2884000825102433,0.0,4.474915939266793,2.0645691049285233,107.18911336362362,169.98893325030804,,,,,,,,,,,,
73.0,0.0,145.0,8.451984658241283,1.0,0.8498169620115478,0.4375,0.0,nan,0.04587982832618026,0.00013636363636363634,1.0,48.0,394.0,6.67158305644989,0.26008822092791206,0.000591489473265483,0.5187297141426441,0.0,-5.425559824798256,5.631846490781754,152.63557022809982,217.7562161833048,,,,,,,,,,,,
74.0,0.0,95.0,6.900154630094769,1.0,0.924355232728205,0.3333333333333333,0.0,nan,0.04582260371959943,0.0001313131313131313,1.0,33.0,260.0,1.9572127163410187,0.16008029100007093,0.0009135776857362998,0.31811320590235703,0.0,6.355714223813266,-0.543207653099671,114.96905444562435,162.56870825588703,,,,,,,,,,,,
75.0,0.0,182.0,8.487307010889063,1.0,0.9348062058332174,0.3448275862068966,0.0,nan,0.0457653791130186,0.00012626262626262626,1.0,58.0,513.0,6.9204713106155396,0.2833877854590128,0.017947470701727752,0.5299983818339937,0.0,-7.030727027449757,-23.108406940940768,106.4668979626149,165.50300098210573,,,,,,,,,,,,
76.0,0.0,75.0,2.8935743384063297,0.25,0.9430411857040538,0.3055555555555556,0.0,nan,0.04570815450643777,0.00012121212121212122,1.0,36.0,300.0,2.345366656780243,0.27384425339567997,0.0026790662794800024,0.542129004417518,0.0,-0.8330744877457619,-1.4585573368240148,184.03546126186848,260.1088038086891,,,,,,,,,,,,
77.0,0.0,185.0,8.834519933313143,1.0,0.8456364394455298,0.4230769230769231,0.0,nan,0.04565092989985694,0.00011616161616161618,1.0,52.0,444.0,5.463467717170715,0.3118926846132126,0.00462683154247312,0.6141947259255143,0.0,4.812541198916733,10.289236520184204,132.94221271574497,180.79181468486786,,,,,,,,,,,,
78.0,0.0,200.0,9.022926509603879,0.75,0.9216625320785883,0.3333333333333333,0.0,nan,0.04559370529327611,0.00011111111111111109,1.0,69.0,621.0,7.477623641490936,0.2224176735189758,0.06517160640635877,0.3142161092875977,0.0,15.045422097668052,17.48190204007551,90.88076914101839,153.41274248063564,,,,,,,,,,,,
79.0,0.0,168.0,8.80642957083882,1.0,0.9337290959458122,0.32142857142857145,0.0,nan,0.04553648068669528,0.0001060606060606061,1.0,56.0,478.0,5.854336738586426,0.19678074463126904,0.0013481173943254987,0.3906467330280199,0.0,0.39327154005877674,-6.485326718073338,125.06657480448484,173.80535086989403,,,,,,,,,,,,
80.0,0.0,132.0,6.258595002666128,0.25,0.9813605809749434,0.2916666666666667,0.0,nan,0.04547925608011445,0.00010101010101010101,1.0,48.0,436.0,5.05450165271759,0.2826879976123564,0.0011176575795524002,0.5629300321734949,0.0,3.398283029673621,-8.994828024879098,138.1675871834159,211.86045169830322,1.0,1.0,1.0,0.0,1.0,0.22129949927330017,2.378615617752075,11.788446658523753,79.0,1.0,182.0,305.11872824497556
81.0,0.0,155.0,10.14690634422006,1.0,0.8879117803893957,0.39344262295081966,0.0,nan,0.045422031473533624,9.595959595959597e-05,1.0,61.0,550.0,7.056430816650391,0.26486725071163164,0.0022914915039926598,0.5249504393943752,0.0,1.1563927484676242,2.609542148769833,77.78268539533019,122.89974727481604,,,,,,,,,,,,
82.0,0.0,161.0,8.300945774018777,1.0,0.9129402529401656,0.3469387755102041,0.0,nan,0.045364806866952795,9.090909090909088e-05,1.0,49.0,428.0,4.291274189949036,0.1775834765720674,0.048587676853451,0.25767454394089384,0.0,-18.51539306959603,-0.8080623289570212,108.13111479207873,171.9060662984848,,,,,,,,,,,,
83.0,0.0,141.0,8.69609539858998,1.0,0.9033324060797091,0.34,0.0,nan,0.04530758226037196,8.585858585858584e-05,1.0,50.0,434.0,3.485252320766449,0.07492911232611732,0.002250078801171118,0.14513026245548244,0.0,9.485034371260554,2.803401668788865,68.95480964705348,130.89363635331392,,,,,,,,,,,,
84.0,0.0,167.0,10.41814665429296,1.0,0.9321467621179594,0.38095238095238093,0.0,nan,0.04525035765379113,8.080808080808085e-05,1.0,63.0,562.0,6.199088215827942,0.06998449089542191,0.0033114842261845467,0.13305905494607373,0.0,-1.8058883512130706,8.809713589027524,74.58526977151632,127.79378501325846,,,,,,,,,,,,
85.0,0.0,158.0,8.178375956043613,1.0,0.888370044649702,0.3829787234042553,0.0,nan,0.0451931330472103,7.575757575757576e-05,1.0,47.0,410.0,3.885668992996216,0.2047606256196559,0.025491435544197083,0.3582476220323212,0.0,-10.499814595212229,-5.399913002271205,141.78022277355194,206.81870412826538,,,,,,,,,,,,
86.0,0.0,117.0,7.516847124025231,1.0,0.9647433722677801,0.3076923076923077,0.0,nan,0.04513590844062947,7.070707070707072e-05,1.0,39.0,322.0,3.361324906349182,0.19629120211550344,0.014549950751453267,0.3631770603014175,0.0,-5.257315723691136,11.03998989739921,134.62195998430252,203.56724309921265,,,,,,,,,,,,
87.0,0.0,163.0,8.262689325772236,1.0,0.9217294903606824,0.36538461538461536,0.0,nan,0.045078683834048644,6.565656565656562e-05,1.0,52.0,470.0,2.507321357727051,0.12964045481555786,0.03771739500622573,0.18350250737217105,0.0,-0.34407642763108015,2.8101613336475566,79.03736124187708,190.63621433079243,,,,,,,,,,,,
88.0,0.0,120.0,8.43450181260706,1.0,0.9887353987551158,0.2765957446808511,0.0,nan,0.045021459227467815,6.0606060606060584e-05,1.0,47.0,395.0,3.6180771589279175,0.12626432054468495,0.00816990077459856,0.23597216948745495,0.0,8.32271169743035,3.250783130642958,77.22736489027739,212.50237268209457,,,,,,,,,,,,
89.0,0.0,176.0,10.69879302866759,1.0,0.9555377935821618,0.296875,0.0,nan,0.044964234620886986,5.55555555555556e-05,1.0,64.0,580.0,11.29390001296997,0.16074329900857265,0.004924618247326151,0.3113655331998235,0.0,16.725954706547782,1.7541202003776561,79.15918426960707,170.25705249607563,,,,,,,,,,,,
90.0,0.0,186.0,8.750293532386433,1.0,0.9060108855012704,0.32,0.0,0.20000000000000007,0.04490701001430615,5.0505050505050505e-05,1.0,50.0,425.0,8.096162557601929,0.4828382933207962,0.0006718486504755372,0.9640512477269662,0.0,-1.1618582230294123,-1.7568206484429538,180.98726592957973,258.07458505034447,1.0,0.0,0.25,0.5,0.25,-0.01767490804195404,2.598630905151367,6.929392105201259,37.0,1.0,73.0,8.938374190106995
91.0,0.0,84.0,2.489651534557348,0.0,0.9311583867681084,0.375,0.0,nan,0.04484978540772532,4.5454545454545465e-05,1.0,40.0,336.0,3.7173290848731995,0.47133664406158005,0.044001114897717776,0.8499911300656606,0.0,-2.203783179167658,75.16736756800674,122.66095872223377,228.13039934635162,,,,,,,,,,,,
92.0,0.0,156.0,8.949957347419124,1.0,0.9366905185505594,0.3018867924528302,0.0,nan,0.04479256080114449,4.040404040404037e-05,1.0,53.0,451.0,4.267608880996704,0.2779075643931037,0.002541693182021021,0.5504592562300559,0.0,-1.1944258210714906,-1.1679547587409616,71.00440742447972,116.78343088924885,,,,,,,,,,,,
93.0,0.0,178.0,8.85114513896407,1.0,0.9246077335950846,0.32142857142857145,0.0,nan,0.044735336194563664,3.5353535353535386e-05,1.0,56.0,475.0,5.627648949623108,0.21694578197511305,0.004962674983634914,0.4237606031002219,0.0,-11.38258039439097,11.922431901330128,100.92212852090597,151.67917262017727,,,,,,,,,,,,
94.0,0.0,140.0,8.525429468601956,1.0,0.8637857632689753,0.38461538461538464,0.0,nan,0.044678111587982836,3.0303030303030292e-05,1.0,52.0,450.0,3.384962737560272,0.07864952812799686,0.004411557114073261,0.14725802249044495,0.0,28.72748169855913,-10.083477769629098,104.10126343369484,144.00319384038448,,,,,,,,,,,,
95.0,0.0,171.0,9.6800785534084,1.0,0.9302436359010025,0.3793103448275862,0.0,nan,0.04462088698140201,2.5252525252525253e-05,1.0,58.0,510.0,5.13545298576355,0.11539543896628857,0.0007046103052879005,0.22912452464213828,0.0,-1.7903431101003662,-0.5197452412685379,90.08592829853296,129.8510144650936,,,,,,,,,,,,
96.0,0.0,186.0,8.226182798519739,1.0,0.8603808901831462,0.3829787234042553,0.0,nan,0.04456366237482118,2.0202020202020213e-05,1.0,47.0,406.0,3.8415896892547607,0.24491949797061352,0.0007844842920561312,0.48795383442912055,0.0,-0.8094526873901486,-7.925472227158025,128.85667830705643,162.63097150623798,,,,,,,,,,,,
97.0,0.0,157.0,7.852445601820953,1.0,0.9504082262501335,0.35,0.0,nan,0.04450643776824034,1.5151515151515119e-05,1.0,40.0,344.0,5.353327751159668,0.36929457982341773,0.0010656173515997125,0.7361136375543877,0.0,-0.024934481363743544,-1.4523062183288857,146.0284867733717,189.0858510285616,,,,,,,,,,,,
98.0,0.0,142.0,8.470795721467596,1.0,0.8295777102151258,0.37735849056603776,0.0,nan,0.044449213161659513,1.010101010101008e-05,1.0,53.0,455.0,3.6500316858291626,0.11786926479823023,0.03170133735221148,0.17149430146039224,0.0,-38.06057311780751,-1.6646884265937842,46.08778723888099,169.15605418384075,,,,,,,,,,,,
99.0,0.0,133.0,8.130582546144733,1.0,0.8363829381841207,0.4883720930232558,0.0,nan,0.044391988555078685,5.05050505050504e-06,1.0,43.0,362.0,2.7775532603263855,0.12979288157987412,0.0014443022462700128,0.256468059745659,0.0,6.469991490710527,7.98402753751725,105.38834393769503,230.63236770033836,,,,,,,,,,,,
100.0,0.0,175.0,10.976733446009478,1.0,0.8655764529016191,0.39705882352941174,0.0,0.0,0.044334763948497856,0.0,1.0,68.0,602.0,7.227637887001038,0.06079617829459494,0.0014081536348982127,0.11849972232011213,0.0,5.983276814687997,3.7511681360192597,90.54731016606092,210.70335932075977,1.0,1.0,1.0,0.0,1.0,0.2004408836364746,2.1927952766418457,11.745872559491545,75.0,1.0,177.0,282.68894761011035
101.0,0.0,145.0,9.293444508910193,1.0,0.9285896774505997,0.35185185185185186,0.0,nan,0.04427753934191703,0.0,1.0,54.0,471.0,4.95830237865448,0.09053530957561406,0.0011016476571310552,0.17859373468798845,0.0,4.720534938387573,-2.4811317508574575,100.18245948851109,175.89627154171467,,,,,,,,,,,,
102.0,0.0,161.0,7.776086035370836,1.0,0.9428421625801742,0.32558139534883723,0.0,nan,0.0442203147353362,0.0,1.0,43.0,380.0,2.219180166721344,0.12711736932328677,0.02677437097552371,0.20039096915099552,0.0,-2.643781339749694,-35.61631425633095,102.71080766618252,235.39153239130974,,,,,,,,,,,,
103.0,0.0,200.0,8.675542334765213,0.75,0.8772902266166144,0.375,0.0,nan,0.04416309012875537,0.0,1.0,64.0,588.0,4.858036756515503,0.17405988633584002,0.019369523666320276,0.3091381960712374,0.0,-70.9950349247083,10.204135588370264,187.35897836089134,345.1711899638176,,,,,,,,,,,,
104.0,0.0,103.0,7.567413383722313,1.0,0.8756070850211396,0.3684210526315789,0.0,nan,0.04410586552217454,0.0,1.0,38.0,315.0,2.04938143491745,0.12182671093933095,0.000568161840249104,0.24213451761915233,0.0,-15.956509648240171,-9.194412994751474,124.85163842141628,231.81418171525002,,,,,,,,,,,,
105.0,0.0,114.0,7.754025595113642,1.0,0.8780012880193849,0.35,0.0,nan,0.044048640915593705,0.0,1.0,40.0,336.0,2.5142531991004944,0.14239959672175928,0.0014145283614992454,0.2816979979564298,0.0,-15.282336599193513,1.0021512695238926,129.80310681462288,237.45818603038788,,,,,,,,,,,,
106.0,0.0,48.0,0.5858777356147764,0.0,0.827669769519921,0.3333333333333333,0.0,nan,0.043991416309012876,0.0,1.0,24.0,192.0,7.621355175971985,0.8548913663077352,0.07395948900697628,1.5576854206929056,0.0,39.484278904894985,-92.6957298599494,255.0941063761711,398.3068772951762,,,,,,,,,,,,
107.0,0.0,140.0,8.285261513814339,1.0,0.8660513085946568,0.46808510638297873,0.0,nan,0.04393419170243205,0.0,1.0,47.0,389.0,2.03831547498703,0.22677026236078746,0.00729605432909608,0.438700632914518,0.0,1.3105165716260672,-2.9529161932878196,103.20552891865373,168.55739203840494,,,,,,,,,,,,
108.0,0.0,178.0,8.762676614746464,1.0,0.9508516767312155,0.32,0.0,nan,0.04387696709585122,0.0,1.0,50.0,426.0,6.508076190948486,0.2877892972935001,0.0005083330430020183,0.5743068383335173,0.0,-0.7842320168856531,-4.119655393762514,175.67656740546227,234.0588908791542,,,,,,,,,,,,
109.0,0.0,130.0,7.810101972296842,1.0,0.9218033370501161,0.36363636363636365,0.0,nan,0.04381974248927039,0.0,1.0,44.0,369.0,1.8181474804878235,0.138064997327092,0.028734662306185044,0.2183290369305392,0.0,1.4788573957048357,9.531433296389878,93.69363357312977,222.0191121995449,,,,,,,,,,,,
110.0,0.0,173.0,8.892420454379184,1.0,0.928985871975956,0.2549019607843137,0.0,0.0,0.04376251788268956,0.0,1.0,51.0,434.0,3.8806331753730774,0.16124577571270038,0.012404112019028801,0.2974880490326459,0.0,1.745295382104814,5.089532783254981,108.37468782626092,238.2645252943039,1.0,1.0,1.0,0.0,1.0,0.3052758276462555,2.3609166145324707,11.780014369403943,75.0,1.0,176.0,273.9459066584336
111.0,0.0,114.0,8.465953007042419,1.0,0.8775020636595231,0.3829787234042553,0.0,nan,0.043705293276108725,0.0,1.0,47.0,397.0,2.2451433539390564,0.07473434033838089,0.0009120598177831951,0.14739842059267438,0.0,-7.491126601118594,6.230122482869774,101.48211826384068,214.1749355494976,,,,,,,,,,,,
112.0,0.0,172.0,8.941620424948649,1.0,0.9234180389855742,0.3050847457627119,0.0,nan,0.043648068669527904,0.0,1.0,59.0,515.0,2.9792360067367554,0.14736806937764868,0.04942645749269481,0.19395611942303992,0.0,-33.17451537121087,-6.1410321947187185,133.39066903293133,248.58835649490356,,,,,,,,,,,,
113.0,0.0,152.0,7.474193531870848,1.0,0.8389536473618245,0.35135135135135137,0.0,nan,0.04359084406294707,0.0,1.0,37.0,311.0,2.937839388847351,0.23923502304114663,0.0009869912500608535,0.4762259771703504,0.0,27.271027945913374,-15.753076050896198,170.38031648099422,308.6028158068657,,,,,,,,,,,,
114.0,0.0,141.0,8.131789474263798,1.0,0.9397387499015614,0.2857142857142857,0.0,nan,0.04353361945636624,0.0,1.0,42.0,367.0,4.985288381576538,0.24252579497533588,0.000504688503866646,0.4837137304811101,0.0,19.693458277964965,-11.570857709273696,148.2472059726715,309.1754762530327,,,,,,,,,,,,
115.0,0.0,109.0,6.709334498550747,1.0,0.9467074479242973,0.26666666666666666,0.0,nan,0.04347639484978541,0.0,1.0,30.0,245.0,2.0947539806365967,0.1606111725009455,0.0004893419962051982,0.3199015145955344,0.0,-4.064291118724006,5.057019936126106,130.85820784276845,266.739154426419,,,,,,,,,,,,
116.0,0.0,101.0,6.695558209866287,1.0,0.901197740493475,0.35294117647058826,0.0,nan,0.04341917024320458,0.0,1.0,34.0,284.0,0.6809325367212296,0.15146929694356004,0.06291201734852603,0.176436496357951,0.0,-13.053737006615847,-8.697813065256923,108.09477092325687,280.2620095014572,,,,,,,,,,,,
117.0,0.0,164.0,9.207003763467087,1.0,0.9339900406668499,0.3018867924528302,0.0,nan,0.04336194563662375,0.0,1.0,53.0,474.0,3.2616434693336487,0.12388943504652161,0.03724785004338926,0.17258900790017412,0.0,-41.469827287714,14.953509700950235,132.34604324400425,302.78161558508873,,,,,,,,,,,,
118.0,0.0,173.0,9.443670482300238,1.0,0.951005073415084,0.28125,0.0,nan,0.043304721030042924,0.0,1.0,64.0,543.0,3.4203200936317444,0.10534712768787813,0.015417181677223724,0.17905501177978156,0.0,12.020884540397674,11.573744483757764,110.74498572945595,293.6359298527241,,,,,,,,,,,,
119.0,0.0,200.0,9.409184671565908,0.75,0.8932760720532343,0.296875,0.0,nan,0.04324749642346209,0.0,1.0,64.0,565.0,7.270581483840942,0.2209193686994695,0.0009528518133019581,0.4396955175703503,0.0,3.909304304397665,1.8944390618707985,156.5220160037279,318.8311307132244,,,,,,,,,,,,
120.0,0.0,187.0,8.966405008137242,1.0,0.9142843811980903,0.38181818181818183,0.0,0.0,0.04319027181688126,0.0,1.0,55.0,489.0,3.628580331802368,0.1776354474582149,0.04610797476744999,0.2627566400124768,0.0,24.037800346966833,29.522514221956953,126.18754348903894,312.2953578978777,1.0,1.0,1.0,0.0,1.0,0.3016165494918823,2.3142318725585938,11.755430893972516,74.0,1.0,177.0,288.93505923219055
121.0,0.0,150.0,8.424246002510198,1.0,0.9422107252407348,0.29545454545454547,0.0,nan,0.04313304721030043,0.0,1.0,44.0,399.0,3.311901271343231,0.16855910955962372,0.0005216603022051569,0.33572473952811055,0.0,-10.610536742955446,8.195821659173816,173.04506067931652,354.26852864027023,,,,,,,,,,,,
122.0,0.0,135.0,7.909080019369728,1.0,0.8555311551406666,0.37777777777777777,0.0,nan,0.0430758226037196,0.0,1.0,45.0,389.0,1.847059428691864,0.15669810216542146,0.03756379139375765,0.2375281027335534,0.0,5.118326607393101,75.15926672052592,229.26877059042454,362.61104971170425,,,,,,,,,,,,
123.0,0.0,179.0,9.022017490342272,1.0,0.9365811187909873,0.36538461538461536,0.0,nan,0.04301859799713877,0.0,1.0,52.0,446.0,4.021603465080261,0.20321965651783103,0.004434428537588131,0.39713872050077814,0.0,8.261051647365093,2.4955544900149107,217.221863001585,332.673598498106,,,,,,,,,,,,
124.0,0.0,45.0,0.3014350116252898,0.0,0.723007160268201,0.4166666666666667,0.0,nan,0.042961373390557944,0.0,1.0,24.0,180.0,10.291998147964478,1.166494343125022,0.0760298125131663,2.1796285705260945,0.0,-41.23069245550368,8.028729638126162,270.7657260047065,403.2416266547309,,,,,,,,,,,,
125.0,0.0,142.0,8.719607736878107,1.0,0.9616550696439761,0.29411764705882354,0.0,nan,0.04290414878397711,0.0,1.0,51.0,434.0,2.838462710380554,0.156456836693053,0.014537359060376787,0.28356695763107764,0.0,-1.789520740043372,-22.2186154932715,99.25137072056532,202.37922708690166,,,,,,,,,,,,
126.0,0.0,152.0,8.392619451768706,1.0,0.8502790037855564,0.3125,0.0,nan,0.04284692417739629,0.0,1.0,48.0,412.0,2.173472046852112,0.16665937366883554,0.001587690394710961,0.32982681263370495,0.0,6.145378602726851,-5.477269106544554,104.46829185821116,210.61169851571321,,,,,,,,,,,,
127.0,0.0,86.0,2.154421658590442,0.0,0.8368385359641667,0.38095238095238093,0.0,nan,0.04278969957081545,0.0,1.0,42.0,344.0,5.696951627731323,0.7845877268387085,0.08780626166709382,1.3910000606119937,0.0,18.396899361163378,11.196872069966048,213.46508206799626,399.2893503010273,,,,,,,,,,,,
128.0,0.0,200.0,7.588808341212581,0.75,0.8980162591983497,0.3877551020408163,0.0,nan,0.04273247496423462,0.0,1.0,49.0,412.0,5.632276654243469,0.6175435457075764,0.0056535206116308245,1.2235962504162763,0.0,20.963823507539928,2.16041153552942,119.2908983360976,336.9878177344799,,,,,,,,,,,,
129.0,0.0,38.0,-0.18893035233020777,0.0,0.6085840481611173,0.5454545454545454,0.0,nan,0.04267525035765379,0.0,1.0,22.0,152.0,11.97456407546997,1.2044404631210215,0.25045360102845543,1.8953136369497148,0.0,10.693573415279388,17.555280548961537,237.52615632508932,400.9708820142244,,,,,,,,,,,,
130.0,0.0,105.0,7.170102988854056,1.0,0.8723029456340363,0.37142857142857144,0.0,0.19999999999999996,0.042618025751072965,0.0,1.0,35.0,283.0,1.8080407083034515,0.21174270600130285,0.001899128891984958,0.41940808354852743,0.0,-27.149683442898095,-5.725545027293265,116.49840387701988,250.73015505075455,1.0,1.0,1.0,0.0,1.0,0.4046683609485626,2.101223945617676,11.75791886774823,75.0,1.0,176.0,286.4416729786995
131.0,0.0,120.0,5.6871235957741835,0.5,0.8577917378503079,0.3469387755102041,0.0,nan,0.042560801144492136,0.0,1.0,49.0,441.0,3.1901143193244934,0.5221100805743504,0.15129662958018564,0.7332600207950399,0.0,-46.725121083669364,37.53815156267956,227.76716059446335,389.5977284312248,,,,,,,,,,,,
132.0,0.0,133.0,8.907412530556334,1.0,0.8406820450528298,0.39215686274509803,0.0,nan,0.04250357653791131,0.0,1.0,51.0,447.0,2.7505834102630615,0.2113595779538855,0.01043496379094222,0.40158559007322303,0.0,2.4828113419935107,6.160390122327954,132.88345842063427,277.24912217259407,,,,,,,,,,,,
133.0,0.0,185.0,9.055183722972883,1.0,0.7591069329290047,0.5294117647058824,0.0,nan,0.04244635193133047,0.0,1.0,51.0,444.0,4.603285908699036,0.22443693058659164,0.00044360761118111824,0.44769036164603193,0.0,-30.35773113463074,-2.246728349942714,157.89606572687626,281.9864684045315,,,,,,,,,,,,
134.0,0.0,153.0,10.096668281704204,1.0,0.9058780059016277,0.35,0.0,nan,0.04238912732474964,0.0,1.0,60.0,523.0,4.691521167755127,0.08799050964324806,0.0009231801684763674,0.17388263369288576,0.0,-10.20621938421391,-0.14775031607132405,87.39935704320669,187.00505997240543,,,,,,,,,,,,
135.0,0.0,146.0,8.525936694666754,1.0,0.7642234641353155,0.3877551020408163,0.0,nan,0.042331902718168814,0.0,1.0,49.0,411.0,2.967486321926117,0.11352180028274006,0.015013209869289668,0.1967391661718061,0.0,-1.083038548240438,-6.565956615610048,104.01305019855499,229.08085699379444,,,,,,,,,,,,
136.0,0.0,194.0,9.585888047888893,1.0,0.7596251929951697,0.42857142857142855,0.0,nan,0.042274678111587985,0.0,1.0,63.0,555.0,3.622776985168457,0.19482881258170437,0.057373149730628015,0.26891996618877556,0.0,-27.362523081712425,47.830368037335575,216.5912828296423,344.29379907250404,,,,,,,,,,,,
137.0,0.0,168.0,9.707902571186438,1.0,0.966554727122442,0.26666666666666666,0.0,nan,0.042217453505007156,0.0,1.0,60.0,525.0,4.54015326499939,0.10868055886592742,0.011209141516190346,0.1946543672878729,0.0,6.132892404682934,-9.268060405738652,192.17344561219215,306.9527112543583,,,,,,,,,,,,
138.0,0.0,79.0,3.895898983255032,0.25,0.8491191589411831,0.3793103448275862,0.0,nan,0.04216022889842633,0.0,1.0,29.0,235.0,4.852273941040039,0.48070229098551903,0.0003941213431261908,0.9602883538939266,0.0,10.8612427381759,-3.5540715080626466,246.6098857798475,363.1411624340301,,,,,,,,,,,,
139.0,0.0,52.0,1.764143328052014,0.25,0.7318771327854908,0.4230769230769231,0.0,nan,0.0421030042918455,0.0,1.0,26.0,194.0,6.63029408454895,0.6940146423622002,0.056677307612993055,1.2653445041763653,0.0,51.83740697201994,-70.03301809497715,276.6658784138788,408.496679089733,,,,,,,,,,,,
140.0,0.0,144.0,8.877054168209447,1.0,0.9313891854484243,0.32075471698113206,0.0,0.19999999999999996,0.04204577968526467,0.0,1.0,53.0,453.0,2.3723573088645935,0.3212281640615515,0.13518281334971308,0.36414530195325057,0.0,40.85065157711506,-78.24297961452976,268.62648007273674,393.60313630104065,1.0,1.0,1.0,0.0,1.0,0.6334559917449951,1.9990710020065308,11.747103927889839,77.0,1.0,179.0,298.9166602185372
141.0,0.0,155.0,9.48180571086706,1.0,0.882542674247309,0.4,0.0,nan,0.041988555078683834,0.0,1.0,55.0,470.0,4.398231148719788,0.2691820320828242,0.0005857785488458944,0.536912172798865,0.0,-39.68590368516743,29.577384896576405,269.8091012239456,397.6823026537895,,,,,,,,,,,,
142.0,0.0,93.0,6.713890374526384,1.0,0.9675853217430825,0.2647058823529412,0.0,nan,0.041931330472103005,0.0,1.0,34.0,277.0,1.0463461577892303,0.0931155820640015,0.004249346492727346,0.1773511284893834,0.0,-10.661065623164177,-22.7177014388144,271.13072913885117,376.1629809141159,,,,,,,,,,,,
143.0,0.0,38.0,0.502130593061447,0.0,0.5253170913465229,0.5,0.0,nan,0.041874105865522177,0.0,1.0,22.0,152.0,7.987626314163208,0.9073929886872065,0.07174262521979663,1.6639068968563127,0.0,-56.29755998912611,-13.845518356875369,290.64283687190004,392.4765631023206,,,,,,,,,,,,
144.0,0.0,156.0,8.182475057244309,1.0,0.8750472723042501,0.40425531914893614,0.0,nan,0.04181688125894135,0.0,1.0,47.0,395.0,2.5752556920051575,0.21903661310267353,0.0021523846365836263,0.43348856471118324,0.0,-1.2487598665757105,-2.5299071865156293,211.2906750291586,326.7999993413687,,,,,,,,,,,,
145.0,0.0,182.0,9.71748418577017,1.0,0.9128204835351365,0.32142857142857145,0.0,nan,0.04175965665236052,0.0,1.0,56.0,503.0,9.072413444519043,0.31619998210589984,0.000394915918587202,0.6313201481216015,0.0,18.84088182920823,18.92968148307409,181.53592053055763,326.3219939470291,,,,,,,,,,,,
146.0,0.0,136.0,8.537229010835299,1.0,0.8409164731090558,0.4888888888888889,0.0,nan,0.04170243204577968,0.0,1.0,45.0,400.0,2.286052882671356,0.1291132897723628,0.0008502943462200818,0.2562188316937011,0.0,-14.8438545842655,6.047120427945629,202.78417086601257,362.5124767422676,,,,,,,,,,,,
147.0,0.0,138.0,9.072856808230295,1.0,0.9075753687251579,0.35185185185185186,0.0,nan,0.04164520743919886,0.0,1.0,54.0,464.0,1.654003918170929,0.07752687850961593,0.033491016815692415,0.08774484414249084,0.0,3.082528510130942,-17.211175641510636,149.8259243220091,267.1180126518011,,,,,,,,,,,,
148.0,0.0,148.0,9.125657906085266,1.0,0.8831403361701169,0.32,0.0,nan,0.041587982832618026,0.0,1.0,50.0,437.0,2.1148884296417236,0.04692301475643035,0.00021140834805244424,0.09314686445635911,0.0,-30.363902758806944,15.164095026208088,187.76702854037285,326.844783782959,,,,,,,,,,,,
149.0,0.0,132.0,8.636397596839828,1.0,0.6985420557413345,0.5283018867924528,0.0,nan,0.0415307582260372,0.0,1.0,53.0,443.0,4.81413471698761,0.17250242570233354,0.00036821619162307655,0.34367453567441686,0.0,7.943737981026061,40.54728820314631,191.07445932924747,317.41462725400925,,,,,,,,,,,,
150.0,0.0,140.0,9.929645349606888,1.0,0.8500811657640147,0.39344262295081966,0.0,0.19999999999999996,0.04147353361945637,0.0,1.0,61.0,519.0,5.656355857849121,0.10021280735493399,0.004018319659914172,0.1921074848981814,0.0,18.929712392855436,-33.17225057864562,187.25131948292255,288.5574015378952,1.0,1.0,1.0,0.0,1.0,0.2508999705314636,2.3674893379211426,11.765492387930863,74.0,1.0,175.0,286.4478016663346
151.0,0.0,98.0,7.245399592667821,1.0,0.7466583216955837,0.43243243243243246,0.0,nan,0.04141630901287554,0.0,1.0,37.0,296.0,0.7599635869264603,0.07893889723078473,0.0067449739450766155,0.14411195746813502,0.0,0.39492070069536567,5.696030985913239,124.52354075014591,283.6088651865721,,,,,,,,,,,,
152.0,0.0,139.0,8.707557946816097,1.0,0.8982475763609384,0.3673469387755102,0.0,nan,0.04135908440629471,0.0,1.0,49.0,410.0,3.6393399238586426,0.11811258513290568,0.0007351987505670454,0.23444667417184306,0.0,11.159386284794891,18.220258065033704,146.70518739521503,248.3772881925106,,,,,,,,,,,,
153.0,0.0,121.0,8.426492700725804,1.0,0.7934087572053444,0.48936170212765956,0.0,nan,0.04130185979971388,0.0,1.0,47.0,385.0,2.568488657474518,0.1252691082355888,0.00019899932637379436,0.2498249777095527,0.0,-1.6840922976844013,-9.805724945268594,144.7673893123865,288.4503265917301,,,,,,,,,,,,
154.0,0.0,118.0,8.507988956570635,1.0,0.9422756095937376,0.3404255319148936,0.0,nan,0.04124463519313305,0.0,1.0,47.0,395.0,2.7965731024742126,0.11722268123185131,0.0008460763848499031,0.23246750453306575,0.0,19.33786676696036,-4.050724663364235,141.21436861157417,243.37003964185715,,,,,,,,,,,,
155.0,0.0,147.0,9.46645907029511,1.0,0.8517946015380033,0.35714285714285715,0.0,nan,0.04118741058655222,0.0,1.0,56.0,484.0,5.437818169593811,0.09942540653951326,0.013819309871303087,0.17092848257802018,0.0,6.418264146661386,7.801972497487441,125.237773232162,208.5248558819294,,,,,,,,,,,,
156.0,0.0,127.0,7.989283029064545,1.0,0.8471823313764907,0.3617021276595745,0.0,nan,0.04113018597997139,0.0,1.0,47.0,382.0,2.8585460782051086,0.09718901389849322,0.0006063330631338537,0.19292422210639582,0.0,2.284573719429318,10.880578200798482,135.62144771963358,230.18168602883816,,,,,,,,,,,,
157.0,0.0,118.0,7.840240218341357,1.0,0.7714049620966097,0.4375,0.0,nan,0.04107296137339056,0.0,1.0,48.0,381.0,1.8843535780906677,0.16542546149455006,0.043930693441900814,0.24273727802462064,0.0,-6.665986298117787,18.95875055110082,104.6930327322334,187.7276792228222,,,,,,,,,,,,
158.0,0.0,185.0,9.132790240421905,1.0,0.8235794628693796,0.4444444444444444,0.0,nan,0.04101573676680973,0.0,1.0,54.0,459.0,9.208045959472656,0.27874767889227314,0.028499099448886622,0.5002766856214215,0.0,-1.2078271065838635,-3.612827281933278,154.02848598361015,227.21973538398743,,,,,,,,,,,,
159.0,0.0,159.0,9.656180992368629,1.0,0.8648821310693722,0.417910447761194,0.0,nan,0.0409585121602289,0.0,1.0,67.0,598.0,3.3525347113609314,0.13283433890069318,0.08665047508788248,0.08861985841003506,0.0,-48.008892715442926,18.340818350901827,106.92414740100503,192.02282063663006,,,,,,,,,,,,
160.0,0.0,166.0,9.173366844281567,1.0,0.8541768794439731,0.375,0.0,0.19999999999999996,0.04090128755364807,0.0,1.0,56.0,490.0,4.0723185539245605,0.16908873943998515,0.0007071251914823051,0.33647482728866535,0.0,-1.5813532173633575,-8.622865678509697,166.73833994567394,293.60176119208336,1.0,1.0,1.0,0.0,1.0,0.24259769916534424,1.9249155521392822,11.779369510011747,76.0,1.0,175.0,280.19981351867347
161.0,0.0,129.0,9.268277828469884,1.0,0.8357452790574069,0.37735849056603776,0.0,nan,0.040844062947067244,0.0,1.0,53.0,452.0,3.2328373193740845,0.08683081224882017,0.0010970041913135166,0.1711795714208461,0.0,9.555195107124746,5.868443193263374,126.14691625535488,259.8134488761425,,,,,,,,,,,,
162.0,0.0,165.0,8.928499345034373,1.0,0.8348622296778413,0.46938775510204084,0.0,nan,0.04078683834048641,0.0,1.0,49.0,428.0,2.952731668949127,0.1421247957275682,0.0006029369182760647,0.28273495407210447,0.0,-20.338556874310598,-7.630084634525701,140.47092151641846,262.85692524909973,,,,,,,,,,,,
163.0,0.0,63.0,1.2303226542472867,0.0,0.8764722837967399,0.40625,0.0,nan,0.04072961373390558,0.0,1.0,32.0,252.0,8.32240104675293,0.9313894109601812,0.013574025465159716,1.8342334196528778,0.0,22.677356282869976,3.896672476851751,236.02887689499627,378.52836481730145,,,,,,,,,,,,
164.0,0.0,123.0,8.236162262111911,1.0,0.918773919198729,0.3958333333333333,0.0,nan,0.04067238912732475,0.0,1.0,48.0,407.0,1.0914573073387146,0.20215082968593379,0.048789862192999855,0.3064324990052656,0.0,-14.803270567208529,-17.68484749412164,94.88056923588738,143.64966761600226,,,,,,,,,,,,
165.0,0.0,138.0,8.12509803354741,1.0,0.8442936444277352,0.4883720930232558,0.0,nan,0.04061516452074392,0.0,1.0,43.0,363.0,2.531910002231598,0.17453249064658394,0.0016528000733693204,0.34549055073465373,0.0,-9.957574037835002,10.051436809590086,131.17483685538173,191.7012582719326,,,,,,,,,,,,
166.0,0.0,192.0,9.215783923566356,1.0,0.777799848381089,0.43636363636363634,0.0,nan,0.040557939914163094,0.0,1.0,55.0,472.0,3.7657880187034607,0.20967153126892413,0.06763829703735838,0.2838131788592948,0.0,13.535686336574145,18.898017327766865,121.00281261652708,184.73962216079235,,,,,,,,,,,,
167.0,0.0,51.0,0.2128612005710604,0.0,0.8588995122607075,0.4,0.0,nan,0.040500715307582265,0.0,1.0,25.0,204.0,11.76081109046936,1.6039681340175151,0.2965779586128972,2.5992523358169515,0.0,-33.30115021677578,-77.3299581875988,274.5451439922931,356.0309675254074,,,,,,,,,,,,
168.0,0.0,77.0,2.8811924470961117,0.25,0.82125925469836,0.47058823529411764,0.0,nan,0.040443490701001436,0.0,1.0,34.0,276.0,5.755903601646423,0.6225947972718018,0.05762017473864273,1.1226794771573294,0.0,-46.32044119015336,39.62565261218697,239.5513024032116,309.3608439564705,,,,,,,,,,,,
169.0,0.0,76.0,1.3620937222242393,0.0,0.9002250677496018,0.4166666666666667,0.0,nan,0.0403862660944206,0.0,1.0,36.0,304.0,7.611729145050049,0.8344676519591303,0.0868627414231683,1.4920877187997537,0.0,70.2809020197019,-8.290828319033608,215.25542950630188,320.5612809956074,,,,,,,,,,,,
170.0,0.0,135.0,7.800117291137584,1.0,0.8541278458347404,0.4146341463414634,0.0,0.19999999999999996,0.04032904148783977,0.0,1.0,41.0,340.0,2.943441927433014,0.33708912350004994,0.0009253764807155562,0.6720496500644977,0.0,16.378804073901847,10.169176336494274,120.05759865045547,215.55245092511177,1.0,1.0,1.0,0.0,1.0,1.5030031204223633,1.3217897415161133,11.779664743575267,74.0,1.0,173.0,268.97546178706017
171.0,0.0,108.0,8.152000650689015,1.0,0.8351223596410214,0.46511627906976744,0.0,nan,0.04027181688125894,0.0,1.0,43.0,368.0,1.5719165802001953,0.17961769272960737,0.0057514510179732525,0.3474735639218937,0.0,9.75743971823249,-7.008237872621976,96.90673523023725,141.4302498139441,,,,,,,,,,,,
172.0,0.0,152.0,9.112683028653276,1.0,0.9439097916488758,0.36538461538461536,0.0,nan,0.040214592274678114,0.0,1.0,52.0,463.0,3.1719762682914734,0.13948031269035255,0.03468227403273261,0.20936234393479558,0.0,11.861672444734722,26.66629622830078,148.21100257337093,205.58268924057484,,,,,,,,,,,,
173.0,0.0,181.0,9.955800125300902,1.0,0.8638336858447662,0.4126984126984127,0.0,nan,0.040157367668097285,0.0,1.0,63.0,543.0,4.218383073806763,0.16704521473263867,0.023258319378086867,0.2873719886764752,0.0,-19.147633022861555,-4.868148022331297,142.36238703131676,187.80152828991413,,,,,,,,,,,,
174.0,0.0,157.0,9.527613601386562,1.0,0.8163658930760646,0.4107142857142857,0.0,nan,0.040100143061516456,0.0,1.0,56.0,513.0,2.660929024219513,0.08227086086253621,0.0018963802351947834,0.1604648474885697,0.0,7.439433108083904,-11.778440045192838,155.02730225026608,204.58502778410912,,,,,,,,,,,,
175.0,0.0,141.0,6.606974691376104,0.5,0.8542809462430244,0.39622641509433965,0.0,nan,0.04004291845493563,0.0,1.0,53.0,471.0,4.8113038539886475,0.5043152233197361,0.043857348311664435,0.9129693139847948,0.0,64.09943331871182,-11.803721159696579,237.5265519618988,323.1799718141556,,,,,,,,,,,,
176.0,0.0,164.0,8.611057850122462,1.0,0.9510511442684719,0.30434782608695654,0.0,nan,0.03998569384835479,0.0,1.0,46.0,399.0,4.971310496330261,0.2883016688366524,0.0005527636546034387,0.5751947835544451,0.0,4.839922319166362,14.080338758882135,201.64994117617607,276.47478514909744,,,,,,,,,,,,
177.0,0.0,83.0,7.268082537129526,1.0,0.9122706701192234,0.3684210526315789,0.0,nan,0.03992846924177396,0.0,1.0,38.0,310.0,0.6530396044254303,0.11652066412273143,0.03418357308536679,0.16444409108781932,0.0,-1.3493156307376921,-12.638053378090262,134.79390957951546,188.17828975617886,,,,,,,,,,,,
178.0,0.0,198.0,9.61615378297867,1.0,0.8483310658864457,0.43333333333333335,0.0,nan,0.039871244635193134,0.0,1.0,60.0,520.0,5.54974627494812,0.20551313508582325,0.001162971873852392,0.40848022183801924,0.0,-5.9936234465567395,9.313888266915455,200.03171300888062,258.5691919028759,,,,,,,,,,,,
179.0,0.0,181.0,9.228094422221197,1.0,0.9504308913323468,0.3333333333333333,0.0,nan,0.039814020028612306,0.0,1.0,51.0,459.0,2.419062852859497,0.12370093226809331,0.001800854846902622,0.24349723432285586,0.0,-12.490543996915221,-7.9796278942376375,206.87748023867607,258.38354367017746,,,,,,,,,,,,
180.0,0.0,133.0,8.871257263347518,1.0,0.7523189630128062,0.5,0.0,0.19999999999999996,0.03975679542203148,0.0,1.0,50.0,423.0,2.739266812801361,0.09484125571702862,0.00036624356228787125,0.18864573710709465,0.0,-6.089516778709367,11.324708895757794,220.60289242863655,265.6707493662834,1.0,1.0,1.0,0.0,1.0,0.5154367685317993,1.9923731088638306,11.752698019030504,77.0,1.0,178.0,290.1749003839496
181.0,0.0,77.0,2.3159202742576643,0.0,0.8686211289456073,0.4444444444444444,0.0,nan,0.03969957081545065,0.0,1.0,36.0,308.0,6.38719630241394,0.7879916487254377,0.08467646355520486,1.3952146460385322,0.0,-26.41431539336918,-54.40775573858991,283.8272859454155,355.79523581266403,,,,,,,,,,,,
182.0,0.0,38.0,0.5900893163681029,0.0,0.8633978644599847,0.42857142857142855,0.0,nan,0.03964234620886982,0.0,1.0,21.0,152.0,7.25783896446228,0.6194883187928146,0.05197063416704027,1.1240237079026956,0.0,-122.09399627227532,-77.90676602878068,348.7671332108347,429.07100396407276,,,,,,,,,,,,
183.0,0.0,93.0,6.78925290361047,1.0,0.9191548555314841,0.34375,0.0,nan,0.03958512160228898,0.0,1.0,32.0,253.0,0.8647726476192474,0.2422200860659244,0.017617558685490014,0.4490032781653498,0.0,-12.614536507430637,2.7284395085581443,67.89727817905751,115.791699621046,,,,,,,,,,,,
184.0,0.0,189.0,10.537441342771071,1.0,0.842418886597993,0.38235294117647056,0.0,nan,0.039527896995708155,0.0,1.0,68.0,597.0,4.846889704465866,0.21089003414743956,0.0008113450699758218,0.41981932712152137,0.0,-1.5258658199745696,-2.472306627925718,140.00055561214685,199.46248269081116,,,,,,,,,,,,
185.0,0.0,163.0,9.182353766113533,1.0,0.8470066399548895,0.4423076923076923,0.0,nan,0.039470672389127326,0.0,1.0,52.0,451.0,2.7732057571411133,0.12018376244253659,0.0010705840288015578,0.2378898667028424,0.0,-11.99567960225977,6.348238142905757,152.09053473174572,229.55957943201065,,,,,,,,,,,,
186.0,0.0,149.0,8.984115740098073,1.0,0.842949812445395,0.4067796610169492,0.0,nan,0.0394134477825465,0.0,1.0,59.0,520.0,3.6696231961250305,0.2669768278291258,0.04499391176259593,0.4406624802699959,0.0,-4.868165193125606,33.863211035728455,180.990697234869,290.78941029310226,,,,,,,,,,,,
187.0,0.0,194.0,9.93235514424743,1.0,0.8104843042417103,0.3968253968253968,0.0,nan,0.03935622317596567,0.0,1.0,63.0,530.0,6.9427138566970825,0.24215478762175735,0.004441444795638461,0.47518224767570993,0.0,6.406093617668375,3.862889084033668,217.47368076443672,279.1229435801506,,,,,,,,,,,,
188.0,0.0,167.0,8.495699681341659,1.0,0.7714897709826692,0.45098039215686275,0.0,nan,0.03929899856938484,0.0,1.0,51.0,425.0,2.6292698979377747,0.18061332924219187,0.021226607038463463,0.3185073750376688,0.0,2.565420932834968,19.246053867042065,173.24249942600727,269.9337933957577,,,,,,,,,,,,
189.0,0.0,134.0,7.919023603200919,1.0,0.8153378908667882,0.5,0.0,nan,0.03924177396280401,0.0,1.0,44.0,350.0,1.9356215298175812,0.11949887670982662,0.0024570955136882233,0.2337936252043562,0.0,-7.600063290446997,11.14969829050824,166.09801346063614,247.54751098155975,,,,,,,,,,,,
190.0,0.0,113.0,6.101681300103673,0.5,0.9059821467695751,0.35555555555555557,0.0,0.0,0.039184549356223175,0.0,1.0,45.0,381.0,2.5791746377944946,0.32441340174614197,0.017264317371069815,0.6134657524112068,0.0,42.524588593281806,1.708036970347166,157.3011973425746,229.8586116284132,1.0,1.0,1.0,0.0,1.0,0.3679042160511017,2.150728225708008,11.754911211552098,76.0,1.0,174.0,271.46499021746246
191.0,0.0,153.0,7.429141109138731,1.0,0.7914597082727919,0.55,0.0,nan,0.03912732474964235,0.0,1.0,40.0,337.0,2.0048599541187286,0.2836371488895111,0.09511707280549331,0.36956183421347744,0.0,-68.01108861202374,-43.984147230454255,228.2527093589306,314.6734005212784,,,,,,,,,,,,
192.0,0.0,162.0,8.957146374806777,1.0,0.8479262793691393,0.3684210526315789,0.0,nan,0.03907010014306152,0.0,1.0,57.0,503.0,3.202812075614929,0.12438988272060669,0.014705302679025978,0.2188569270038041,0.0,-19.99471582658589,-27.712487494572997,195.79543977975845,294.38621240854263,,,,,,,,,,,,
193.0,0.0,167.0,9.174836530610932,1.0,0.7717384202669506,0.5535714285714286,0.0,nan,0.03901287553648069,0.0,1.0,56.0,487.0,2.9852104783058167,0.12587634834233086,0.025342924363176422,0.20085723123486687,0.0,2.4775609229691327,11.839595904573798,155.57813258469105,294.48846834897995,,,,,,,,,,,,
194.0,0.0,173.0,9.734849343765546,1.0,0.9253382751175353,0.3968253968253968,0.0,nan,0.03895565092989986,0.0,1.0,63.0,571.0,2.7382160425186157,0.09556414506773336,0.002495150831862263,0.18551357554981251,0.0,-3.0761594772338867,-16.857880427036434,165.36232325434685,259.5529696941376,,,,,,,,,,,,
195.0,0.0,171.0,9.66165409125389,1.0,0.9666688672913658,0.3392857142857143,0.0,nan,0.03889842632331903,0.0,1.0,56.0,495.0,4.393341422080994,0.1571059577249514,0.01339171276977602,0.28721712967240076,0.0,-16.064682927157264,-4.813492786837742,234.61948582530022,312.77429643273354,,,,,,,,,,,,
196.0,0.0,103.0,7.583793952688582,1.0,0.8797392405979899,0.42857142857142855,0.0,nan,0.0388412017167382,0.0,1.0,42.0,340.0,1.161969542503357,0.09220437693011263,0.007540997513457659,0.16908092702376692,0.0,-10.050577568588778,9.509462855290622,153.3475789576769,201.80021104216576,,,,,,,,,,,,
197.0,0.0,93.0,7.080128929540519,1.0,0.9011270787665747,0.34285714285714286,0.0,nan,0.03878397711015737,0.0,1.0,35.0,284.0,1.6668552458286285,0.16083321242820148,0.002457163115676453,0.31649010461747257,0.0,-4.5005985120660625,10.204447496216744,166.39260314404964,255.18173164129257,,,,,,,,,,,,
198.0,0.0,151.0,10.020189388468879,1.0,0.8597704143413092,0.4482758620689655,0.0,nan,0.038726752503576545,0.0,1.0,58.0,520.0,3.9011217951774597,0.08342721721226098,0.0007137250326777478,0.16513976862334312,0.0,-6.183161207474768,-20.497789020766504,167.1652352809906,230.03163385391235,,,,,,,,,,,,
199.0,0.0,147.0,9.339765951568276,1.0,0.9094716806036716,0.3508771929824561,0.0,nan,0.03866952789699571,0.0,1.0,57.0,503.0,2.0424806773662567,0.08692080591799822,0.0038912104647995543,0.16511202088032917,0.0,-44.46289034228539,-1.3620529067702591,191.55464100837708,255.6540378332138,,,,,,,,,,,,
200.0,0.0,126.0,7.719378008991487,1.0,0.8548220935980912,0.391304347826087,0.0,0.0,0.03861230329041488,0.0,1.0,46.0,358.0,1.213097095489502,0.08889941433903914,0.02651171779947692,0.12445087762276796,0.0,-3.815268116304651,13.637859342852607,128.53472632169724,213.15994226932526,1.0,1.0,1.0,0.0,1.0,0.27837827801704407,2.3305327892303467,11.768530139466748,78.0,1.0,177.0,285.1763743902746
201.0,0.0,140.0,9.497788029611126,1.0,0.9003335046135243,0.3559322033898305,0.0,nan,0.03855507868383405,0.0,1.0,59.0,527.0,2.6212138533592224,0.10386903640022638,0.0009898987719809682,0.20547607384142363,0.0,4.38273504661629,-13.926069844514132,122.08772763609886,206.7462813258171,,,,,,,,,,,,
202.0,0.0,167.0,8.4173030858487,1.0,0.8980418129675117,0.30357142857142855,0.0,nan,0.03849785407725322,0.0,1.0,56.0,474.0,5.574944257736206,0.3808630659636947,0.05613107918777027,0.6474036755542301,0.0,5.8243301613256335,39.6130565837957,132.7892061173916,258.9331385791302,,,,,,,,,,,,
203.0,0.0,111.0,8.329251769017437,1.0,0.906596177918426,0.3541666666666667,0.0,nan,0.038440629470672394,0.0,1.0,48.0,408.0,2.273571491241455,0.13511847926076825,0.03056386469213379,0.20886856342004495,0.0,2.553842239547521,-4.004885699367151,65.36246293224394,141.36233957856894,,,,,,,,,,,,
204.0,0.0,143.0,8.429854114428172,1.0,0.8997905055360544,0.3584905660377358,0.0,nan,0.03838340486409156,0.0,1.0,53.0,452.0,2.400570869445801,0.20696841993287762,0.010056501905301829,0.39253504259025274,0.0,-18.376290377695113,17.88576369266957,135.12022703886032,230.89714416861534,,,,,,,,,,,,
205.0,0.0,155.0,8.729632084518682,1.0,0.8867863035128228,0.34545454545454546,0.0,nan,0.03832618025751073,0.0,1.0,55.0,462.0,2.643154740333557,0.1198207327632872,0.033074838081300684,0.17094656637304972,0.0,29.36228217452299,4.133653475670144,139.64561814814806,229.7400677204132,,,,,,,,,,,,
206.0,0.0,115.0,7.534475564286118,1.0,0.8108507971397215,0.4,0.0,nan,0.0382689556509299,0.0,1.0,40.0,312.0,1.2898485660552979,0.0681442312974525,0.0005311528298310719,0.13490821354493804,0.0,1.3814011797076091,4.796426548855379,164.6982063949108,243.32184198498726,,,,,,,,,,,,
207.0,0.0,39.0,-0.26954001873731626,0.0,0.9253240538894798,0.38095238095238093,0.0,nan,0.03821173104434907,0.0,1.0,21.0,156.0,16.742701053619385,1.5952881384814062,0.11749214761158847,2.9421642484889254,0.0,29.51495911524846,-16.723320031777405,305.64127665299634,403.72159185165015,,,,,,,,,,,,
208.0,0.0,200.0,7.1928780070692415,0.75,0.9078352764816497,0.32653061224489793,0.0,nan,0.03815450643776824,0.0,1.0,49.0,423.0,2.489312171936035,0.3355170429140344,0.0712798918965536,0.5281506534130784,0.0,6.007128822035156,30.687693011015654,109.3821107596159,227.34701190888882,,,,,,,,,,,,
209.0,0.0,160.0,9.668193238973632,1.0,0.9176005197463654,0.3333333333333333,0.0,nan,0.038097281831187414,0.0,1.0,57.0,505.0,3.5111703872680664,0.13785458171139453,0.0018343820296422564,0.27180802819004657,0.0,5.0016219057142735,0.33745115459896624,80.41930254921317,188.53150142729282,,,,,,,,,,,,
210.0,0.0,95.0,7.777721916586168,1.0,0.9253240538894798,0.38095238095238093,0.0,0.0,0.038040057224606585,0.0,1.0,42.0,337.0,1.165607064962387,0.07674435280921443,0.0013357198734692544,0.15057098717982553,0.0,-0.33076054276898503,-9.183623877819628,95.17597182095051,224.74899992346764,1.0,1.0,1.0,0.0,1.0,0.1565271019935608,2.35115909576416,11.762516935355961,79.0,1.0,177.0,281.4332899521294
211.0,0.0,95.0,6.969597077444199,1.0,0.9047336414565439,0.40625,0.0,nan,0.03798283261802575,0.0,1.0,32.0,267.0,1.5256788432598114,0.11878527739668243,0.0005127363644064076,0.23624368519416095,0.0,-5.272638431400992,-5.597225935896859,136.59212839603424,252.09277245402336,,,,,,,,,,,,
212.0,0.0,183.0,9.29365505561234,1.0,0.8886006211233296,0.3333333333333333,0.0,nan,0.03792560801144493,0.0,1.0,57.0,491.0,3.39670866727829,0.13181461996211397,0.024341146413003556,0.21470733463469927,0.0,-0.7334324917756021,-2.2065799647243693,125.25209832191467,261.9652775079012,,,,,,,,,,,,
213.0,0.0,67.0,1.2496658730506929,0.0,0.8106719207555871,0.5294117647058824,0.0,nan,0.03786838340486409,0.0,1.0,34.0,268.0,8.193266868591309,0.9438899502596048,0.0380511369151586,1.8110370022069198,0.0,-6.355371688492596,14.000035083852708,314.0437711626291,386.8108552992344,,,,,,,,,,,,
214.0,0.0,133.0,8.436941570863139,1.0,0.8536585453089118,0.4791666666666667,0.0,nan,0.03781115879828326,0.0,1.0,48.0,437.0,1.0048794150352478,0.15527802919211808,0.04277586616571227,0.224715531931714,0.0,1.9712449107319117,-4.982374047394842,59.12759133428335,93.87058535218239,,,,,,,,,,,,
215.0,0.0,177.0,9.755788302943126,1.0,0.8992395810866995,0.4032258064516129,0.0,nan,0.037753934191702435,0.0,1.0,62.0,534.0,4.159191250801086,0.25296055129942374,0.0013160208993072686,0.5029978301594191,0.0,6.2047647587023675,11.211203925893642,91.15100997313857,144.54099691659212,,,,,,,,,,,,
216.0,0.0,151.0,8.610899247676144,1.0,0.9352605444420293,0.3469387755102041,0.0,nan,0.037696709585121606,0.0,1.0,49.0,417.0,2.8084277510643005,0.20128570778456378,0.02771843204486402,0.3468735524871229,0.0,13.091614118777215,-3.309003694099374,90.24728615954518,148.12368938326836,,,,,,,,,,,,
217.0,0.0,73.0,1.6181254563666925,0.0,0.864538229184678,0.3783783783783784,0.0,nan,0.03763948497854078,0.0,1.0,37.0,292.0,7.322980523109436,0.8185761228824049,0.012594712073762365,1.611601024925335,0.0,12.909144561854191,-1.9396425699815154,217.8449850641191,285.460862852633,,,,,,,,,,,,
218.0,0.0,200.0,8.880613499283807,0.75,0.7984153701698103,0.5517241379310345,0.0,nan,0.03758226037195995,0.0,1.0,58.0,509.0,5.466727137565613,0.2515201438609438,0.0012774388851930496,0.5001967895753179,0.0,7.976919441483915,1.726834281347692,120.18532616645098,195.59338099509478,,,,,,,,,,,,
219.0,0.0,167.0,9.240619341582075,1.0,0.9285186453792188,0.32727272727272727,0.0,nan,0.03752503576537912,0.0,1.0,55.0,488.0,3.37411767244339,0.29759817246468856,0.06056401932699121,0.47390556045227017,0.0,12.351871318300255,19.181419706554152,90.0275714956224,170.0573823824525,,,,,,,,,,,,
220.0,0.0,66.0,1.824412918798628,0.0,0.914661465948247,0.375,0.0,0.0,0.037467811158798284,0.0,1.0,32.0,264.0,6.883481383323669,0.6735419394021847,0.01120087592846275,1.3204934449044998,0.0,25.999832154251635,-39.85044316179119,219.8785014897585,345.5349777340889,1.0,1.0,1.0,0.0,1.0,0.43455901741981506,2.082071304321289,11.771545557072386,76.0,1.0,175.0,287.69678455032437
221.0,0.0,122.0,6.60593371525407,1.0,0.8958381892389881,0.45454545454545453,0.0,nan,0.037410586552217455,0.0,1.0,33.0,281.0,1.0899847149848938,0.1991066659700209,0.03850366177201495,0.32096647828107217,0.0,-8.801641192520037,18.606750545324758,107.69474375620484,178.7772708646953,,,,,,,,,,,,
222.0,0.0,109.0,7.529779550358658,1.0,0.9220771697590788,0.3611111111111111,0.0,nan,0.037353361945636626,0.0,1.0,36.0,313.0,1.34292733669281,0.1682656359879502,0.001991568322833537,0.33224301696279523,0.0,-14.846733237151057,4.738817257806659,97.87327564507723,173.7107762247324,,,,,,,,,,,,
223.0,0.0,46.0,0.8876734310388563,0.0,0.9054130013717742,0.4166666666666667,0.0,nan,0.0372961373390558,0.0,1.0,24.0,184.0,9.43458867073059,0.8928873106165354,0.032847907727549995,1.7087302396725847,0.0,-107.15500250005203,-70.56674799063931,343.55582423832107,422.6642427029817,,,,,,,,,,,,
224.0,0.0,137.0,8.646909510046253,1.0,0.911906547425888,0.391304347826087,0.0,nan,0.03723891273247497,0.0,1.0,46.0,412.0,3.038875162601471,0.23077315517991792,0.0004660356149872591,0.460280296564445,0.0,0.8143383469432592,-10.67627656692639,201.7831832766533,279.44294211268425,,,,,,,,,,,,
225.0,0.0,96.0,6.121363792642957,0.5,0.9218669622318848,0.30952380952380953,0.0,nan,0.03718168812589413,0.0,1.0,42.0,332.0,2.7665467858314514,0.302289678123401,0.0007618659355211055,0.6027438890811564,0.0,8.302463538944721,0.5955831138417125,178.61568123102188,277.6342484354973,,,,,,,,,,,,
226.0,0.0,138.0,8.696118064522754,1.0,0.7766412627079496,0.40816326530612246,0.0,nan,0.03712446351931331,0.0,1.0,49.0,403.0,4.0874550342559814,0.512126125728372,0.0007639325314431344,1.0224656438023263,0.0,3.622900506015867,26.580714289244497,158.40465814620256,232.72907249629498,,,,,,,,,,,,
227.0,0.0,149.0,8.405826249569664,1.0,0.9592645700905369,0.3404255319148936,0.0,nan,0.037067238912732475,0.0,1.0,47.0,401.0,2.8657732009887695,0.18771197746156076,0.01850102807734011,0.33817416815675116,0.0,2.4306381442584097,0.7400223453296348,173.7983149588108,255.78858149051666,,,,,,,,,,,,
228.0,0.0,193.0,8.889040601998579,1.0,0.8539413403543054,0.4576271186440678,0.0,nan,0.037010014306151647,0.0,1.0,59.0,515.0,2.408661901950836,0.2057186447594006,0.08008187178082704,0.25088082085240604,0.0,16.090145305497572,-20.453360555693507,190.64201986044645,294.5955682396889,,,,,,,,,,,,
229.0,0.0,123.0,8.354336555227647,1.0,0.8324949877577843,0.4782608695652174,0.0,nan,0.03695278969957082,0.0,1.0,46.0,398.0,1.1682012975215912,0.07178797115950886,0.018811619620679565,0.10568685637789876,0.0,-4.662056805100292,7.990096385823563,95.90652418136597,150.69011808931828,,,,,,,,,,,,
230.0,0.0,90.0,3.390907430462541,0.5,0.8995956302703576,0.375,0.0,0.0,0.03689556509298999,0.0,1.0,32.0,260.0,4.267837405204773,0.9474859490460403,0.06449841373644113,1.7639398728544058,0.0,4.059513848857023,-11.969881453551352,143.2030004770495,205.32918084971607,1.0,1.0,1.0,0.0,1.0,0.27011024951934814,2.468073844909668,11.779707657173276,76.0,1.0,177.0,287.6713540959361
231.0,0.0,154.0,8.325244932100187,1.0,0.9238544529215246,0.4090909090909091,0.0,nan,0.03683834048640916,0.0,1.0,44.0,381.0,3.486968696117401,0.2834239105775396,0.0014597743512752004,0.5636685138920434,0.0,-8.832074895501137,-1.1318787136115134,142.68840642273426,221.8497185856104,,,,,,,,,,,,
232.0,0.0,108.0,7.319537479504948,1.0,0.8210730454935095,0.5,0.0,nan,0.036781115879828324,0.0,1.0,38.0,307.0,1.135971486568451,0.10978432744786915,0.006341307052519174,0.2066984850268223,0.0,-13.002850643824786,2.9966203158255666,107.6385060325265,192.62492436170578,,,,,,,,,,,,
233.0,0.0,151.0,8.315734492614872,1.0,0.8453035738263578,0.4782608695652174,0.0,nan,0.036723891273247496,0.0,1.0,46.0,375.0,2.5008196234703064,0.14708454283854167,0.0004807656162166829,0.2929315532139405,0.0,15.619997543399222,8.171207699517254,154.375781416893,239.85850983858109,,,,,,,,,,,,
234.0,0.0,136.0,8.431528384462009,1.0,0.9340350004867959,0.3125,0.0,nan,0.03666666666666667,0.0,1.0,48.0,406.0,2.2992032170295715,0.11943031261023407,0.00284620087656196,0.23290272902048414,0.0,-1.3720452792476863,-14.087586909998208,161.24616744369268,257.4648274630308,,,,,,,,,,,,
235.0,0.0,148.0,7.528132013306028,1.0,0.801836982826163,0.4186046511627907,0.0,nan,0.03660944206008584,0.0,1.0,43.0,362.0,1.4077240526676178,0.17994183471267888,0.09226097471440897,0.1749918893581025,0.0,-5.949896739097312,12.99804859701544,114.73929376900196,229.26621454954147,,,,,,,,,,,,
236.0,0.0,52.0,2.0126150148361925,0.25,0.8587202655320925,0.5,0.0,nan,0.03655221745350501,0.0,1.0,26.0,191.0,8.104123592376709,0.8633583714284676,0.04145491799942566,1.6394685651722494,0.0,-58.32589425591274,-34.924653194337616,114.7284667129916,269.93942903848216,,,,,,,,,,,,
237.0,0.0,121.0,6.956946594789628,1.0,0.8908861650509641,0.3953488372093023,0.0,nan,0.03649499284692418,0.0,1.0,43.0,339.0,1.0451936721801758,0.15825176118522677,0.005269245694767943,0.30512902093562255,0.0,45.101369072683156,-21.742386611411348,170.51604895293713,298.6628689467907,,,,,,,,,,,,
238.0,0.0,130.0,8.336549360901126,1.0,0.9426551386174663,0.34782608695652173,0.0,nan,0.03643776824034335,0.0,1.0,46.0,406.0,1.486423134803772,0.10651168128538302,0.0027812401696254013,0.20723226179236676,0.0,-8.861482995562255,-25.18025053315796,173.70048456639051,271.0971011966467,,,,,,,,,,,,
239.0,0.0,130.0,7.392141002342111,1.0,0.9715039366924133,0.2777777777777778,0.0,nan,0.03638054363376252,0.0,1.0,36.0,298.0,1.6092020571231842,0.1293898946346843,0.0014985385646932858,0.255489889336027,0.0,12.474470601882786,8.865909094398376,226.01154705882072,334.43595790863037,,,,,,,,,,,,
240.0,0.0,59.0,0.1510992980003355,0.0,0.8375036746513416,0.5,0.0,0.0,0.036323319027181694,0.0,1.0,30.0,236.0,9.254703998565674,0.8273030486183786,0.05332039030457862,1.5445196144256303,0.0,-13.695247099561206,25.98164729748742,262.18824071399234,394.98008353023204,1.0,1.0,1.0,0.0,1.0,0.4871450960636139,2.155977725982666,11.767132123350166,77.0,1.0,176.0,290.18766920059954
241.0,0.0,191.0,9.542429310828464,1.0,0.8622071328859285,0.40350877192982454,0.0,nan,0.03626609442060086,0.0,1.0,57.0,490.0,4.775568604469299,0.22823460217630043,0.006325274332270148,0.4421694245207277,0.0,-9.418147124350071,42.45500534400344,251.03954488039017,351.89817982912064,,,,,,,,,,,,
242.0,0.0,165.0,8.124087552800786,1.0,0.8098616070320132,0.5370370370370371,0.0,nan,0.03620886981402003,0.0,1.0,54.0,462.0,2.1378382444381714,0.14535623408050924,0.05390109996706771,0.18136269332424604,0.0,-4.659986498299986,-13.501737099140882,161.1023020297289,268.3339278101921,,,,,,,,,,,,
243.0,0.0,112.0,8.137304259836682,1.0,0.845558222691225,0.4782608695652174,0.0,nan,0.0361516452074392,0.0,1.0,46.0,360.0,1.792541265487671,0.0929087160149038,0.0011795418691278314,0.18318709786734166,0.0,-0.7172574899159372,-3.720297091640532,156.03405630588531,266.73419734835625,,,,,,,,,,,,
244.0,0.0,177.0,9.933022638112323,1.0,0.8775197661256963,0.35,0.0,nan,0.03609442060085837,0.0,1.0,60.0,512.0,5.152273774147034,0.15343054627940234,0.0007120672381154634,0.3051255861802895,0.0,-0.8978461913065985,-3.1426785914227366,205.59718969464302,334.05504631996155,,,,,,,,,,,,
245.0,0.0,154.0,9.166031276285661,1.0,0.9467597405649594,0.3148148148148148,0.0,nan,0.03603719599427754,0.0,1.0,54.0,476.0,2.184446930885315,0.05996488424960944,0.0008026623973318436,0.11806913204346142,0.0,-15.88166282675229,2.634983360534534,130.2876810953021,262.17548936605453,,,,,,,,,,,,
246.0,0.0,171.0,10.189746245816368,1.0,0.9385868304290731,0.3333333333333333,0.0,nan,0.035979971387696714,0.0,1.0,60.0,532.0,4.323588252067566,0.1446978173548814,0.012297651472676918,0.26451975405456096,0.0,-2.7960901882033795,-24.437720169313252,208.99896103143692,325.0048197507858,,,,,,,,,,,,
247.0,0.0,171.0,9.963351621925849,1.0,0.9697909453318014,0.2711864406779661,0.0,nan,0.035922746781115886,0.0,1.0,59.0,522.0,2.9353582859039307,0.07163190068075664,0.014923069805172773,0.11315519102341581,0.0,3.95575799793005,-8.644523185677826,199.37779852747917,333.2317947745323,,,,,,,,,,,,
248.0,0.0,167.0,9.185122176557792,1.0,0.8875805442859384,0.41509433962264153,0.0,nan,0.03586552217453505,0.0,1.0,53.0,458.0,3.5791250467300415,0.14858063787670517,0.0017905213021016664,0.2932877647993435,0.0,-7.232925051823258,6.8991710871923715,234.23148477077484,348.4094951748848,,,,,,,,,,,,
249.0,0.0,180.0,9.721828844770807,1.0,0.9456690020006677,0.35,0.0,nan,0.03580829756795422,0.0,1.0,60.0,535.0,3.602745771408081,0.15351450959323643,0.025861896707921314,0.2542682683095592,0.0,-10.963761770166457,-24.970005748793483,254.3241009414196,363.5093866586685,,,,,,,,,,,,
250.0,0.0,169.0,9.758861657008545,1.0,0.892407169832828,0.3559322033898305,0.0,0.0,0.03575107296137339,0.0,1.0,59.0,504.0,3.7510417103767395,0.147774820292625,0.004447090776871221,0.28637138595410105,0.0,3.9325168530922383,14.913840575143695,242.94447845220566,386.4414669275284,1.0,1.0,1.0,0.0,1.0,0.3439209759235382,2.1299781799316406,11.76284190255683,73.0,1.0,175.0,282.6984697449955
251.0,0.0,77.0,2.967795757129791,0.25,0.9687134650999156,0.2727272727272727,0.0,nan,0.035693848354792564,0.0,0.0,33.0,283.0,8.056137561798096,1.6508598083544257,0.3020889046319233,2.6927299287876068,-0.405307412147522,41.951646470464766,-61.32053669728339,299.6703539788723,390.32936120033264,,,,,,,,,,,,
252.0,0.0,116.0,4.846218352010486,0.25,0.8823632053120055,0.34,0.0,nan,0.035636623748211735,0.0,0.0,50.0,441.0,4.68637228012085,1.1156666779496618,0.3034454804572515,1.619980796303211,-0.405307412147522,-23.405723922187462,-15.102649448439479,297.0842700600624,406.70356798171997,,,,,,,,,,,,
253.0,0.0,79.0,6.700300469920042,1.0,0.8633925314994639,0.375,0.0,nan,0.0355793991416309,0.0,0.0,32.0,243.0,1.0139525532722473,0.43083550852414493,0.28135571921660935,0.2987055574390729,-0.405307412147522,-0.7684681676788094,4.037483818737077,286.65104172946,378.0681103364921,,,,,,,,,,,,
254.0,0.0,159.0,7.906924584433446,1.0,0.8859731751711963,0.45454545454545453,0.0,nan,0.03552217453505008,0.0,0.0,44.0,358.0,1.7435533106327057,15.594404937120107,15.503898874154624,0.18072548231002145,-0.405307412147522,6.1081422319984995,-19.243701274506748,166.6635010689497,250.2464562356472,,,,,,,,,,,,
255.0,0.0,32.0,0.29833057925105094,0.0,0.8410335760338246,0.5,0.0,nan,0.03546494992846924,0.0,0.0,16.0,128.0,10.616744041442871,1.900887374709896,0.3308600953957023,3.124304105631836,-0.4060341021977365,122.86861575767398,17.013268565759063,266.8991166949272,370.69761312007904,,,,,,,,,,,,
256.0,0.0,138.0,8.63849752277137,1.0,0.8074543679080504,0.52,0.0,nan,0.03540772532188841,0.0,0.0,50.0,413.0,2.2675070762634277,0.49634594412628985,0.27698300332667714,0.4384553141847152,-0.405307412147522,13.36744890641421,-18.892121236305684,358.25121772289276,433.70387375354767,,,,,,,,,,,,
257.0,0.0,149.0,7.799642253182835,1.0,0.8416936039671671,0.5102040816326531,0.0,nan,0.035350500715307584,0.0,0.0,49.0,392.0,3.037504196166992,0.5420978756975074,0.32306067417073886,0.43618032601890977,-0.4066348373889923,-36.307693681679666,9.271301046013832,278.47824263572693,349.68523305654526,,,,,,,,,,,,
258.0,0.0,184.0,9.23821129933001,1.0,0.9606521767904851,0.34545454545454546,0.0,nan,0.035293276108726755,0.0,0.0,55.0,491.0,2.443285822868347,0.4041517661940064,0.32327345692999765,0.1614914387371736,-0.405307412147522,-25.18219637614675,3.051349606597796,203.6525763273239,275.62516924738884,,,,,,,,,,,,
259.0,0.0,153.0,8.164588264748463,1.0,0.9010643424115594,0.38636363636363635,0.0,nan,0.035236051502145926,0.0,0.0,44.0,365.0,2.572823464870453,0.4487267047544492,0.3015810692008101,0.2940062322270194,-0.4411990453954786,3.7290408572298475,-8.887079024105333,220.84600207209587,306.75251668691635,,,,,,,,,,,,
260.0,0.0,186.0,10.24923090405764,1.0,0.861378227869428,0.47619047619047616,0.0,0.0,0.0351788268955651,0.0,0.0,63.0,558.0,4.098761439323425,0.44778585538803384,0.30252674869994245,0.29025097553997947,-0.40899617807008326,-1.1656565675511956,6.1564452417660505,223.5486635863781,292.90560445189476,1.0,1.0,1.0,0.0,1.0,0.30319419503211975,2.2134146690368652,11.764318772824481,76.0,1.0,177.0,285.1793593201044
261.0,0.0,159.0,8.379039247259508,1.0,0.9567922244068828,0.35555555555555557,0.0,nan,0.03512160228898427,0.0,0.0,45.0,388.0,2.896069586277008,0.4601686385094155,0.2959013047385083,0.32824608212573203,-0.405307412147522,-7.130454786354676,-13.436306762509048,242.63975504040718,326.63840237259865,,,,,,,,,,,,
262.0,0.0,194.0,11.212066778540633,1.0,0.8915375269234603,0.45714285714285713,0.0,nan,0.03506437768240343,0.0,0.0,70.0,615.0,4.743600934743881,0.4163951036921215,0.3038596253036795,0.22479179360340606,-0.40608613146468997,-13.829390504863113,-18.879269054159522,233.40220242738724,315.2104911804199,,,,,,,,,,,,
263.0,0.0,107.0,7.12327643141151,1.0,0.816225236242329,0.5135135135135135,0.0,nan,0.035007153075822604,0.0,0.0,37.0,278.0,1.5906504690647125,0.4324330140789101,0.3063204412809925,0.25188871553404324,-0.405307412147522,0.09123192401602864,5.001836012350395,242.33631420135498,320.6510410308838,,,,,,,,,,,,
264.0,0.0,51.0,1.1302294784784317,0.0,0.8310667913027612,0.4444444444444444,0.0,nan,0.034949928469241776,0.0,0.0,27.0,204.0,7.678502082824707,1.354643484410136,0.3168033163449576,2.0657000174041835,-0.405307412147522,-68.40874821853404,75.49039266156215,263.7053605247946,337.2269620708391,,,,,,,,,,,,
265.0,0.0,140.0,7.702983508631593,1.0,0.9190368637799619,0.38461538461538464,0.0,nan,0.03489270386266095,0.0,0.0,39.0,320.0,2.387517809867859,0.5355450060210387,0.29251428950998287,0.48576370148594733,-0.405307412147522,19.749560803174973,11.901263777166605,250.2307179570198,346.96086782217026,,,,,,,,,,,,
266.0,0.0,105.0,7.18036924771965,1.0,0.8864673628461218,0.45714285714285713,0.0,nan,0.03483547925608012,0.0,0.0,35.0,291.0,0.8989010900259018,0.3849697225482176,0.30978802704521513,0.1501411868210073,-0.405307412147522,-3.9171407117974013,-5.242525272537023,136.38572128862143,188.93064531683922,,,,,,,,,,,,
267.0,0.0,118.0,7.083089516162875,1.0,0.6301497257492907,0.6842105263157895,0.0,nan,0.03477825464949929,0.0,0.0,38.0,306.0,0.8170057684183121,0.41117849216675495,0.3222963855079887,0.1775055733762752,-0.405307412147522,-4.733668978326023,-22.431328841717914,133.12958884239197,203.87821155786514,,,,,,,,,,,,
268.0,0.0,114.0,8.42804190363736,1.0,0.7934489766159386,0.5531914893617021,0.0,nan,0.03472103004291846,0.0,0.0,47.0,394.0,1.978549599647522,0.45252385654461946,0.319630676593239,0.2655011629769888,-0.405307412147522,2.944781824480742,3.496481565060094,172.6028113514185,264.42533162236214,,,,,,,,,,,,
269.0,0.0,180.0,9.280011981502188,1.0,0.7740681092566738,0.559322033898305,0.0,nan,0.034663805436337625,0.0,0.0,59.0,504.0,2.2589271068573,0.3725998525920602,0.3025241750517416,0.13989612923699077,-0.405307412147522,7.612363613327034,4.948984848568216,157.33334323763847,213.34170305728912,,,,,,,,,,,,
270.0,0.0,149.0,8.272335544601093,1.0,0.7171963812985394,0.6170212765957447,0.0,0.0,0.034606580829756796,0.0,0.0,47.0,385.0,2.0996140837669373,0.38402238414633416,0.2951284232744849,0.177458195352461,-0.405307412147522,5.19375443411991,-2.541796928504482,167.0015996992588,255.98465386033058,1.0,1.0,1.0,0.0,1.0,0.26695021986961365,2.3612451553344727,11.765932142967358,75.0,1.0,177.0,283.9281786880645
271.0,0.0,53.0,1.1911162447929384,0.0,0.6856790290341114,0.6551724137931034,0.0,nan,0.03454935622317597,0.0,0.0,29.0,212.0,11.357917785644531,1.7659674906944072,0.3457563946745259,2.8319793196914564,-0.45457208887586054,-76.06240065873794,-57.71710865227681,351.33526676106004,429.6223736169203,,,,,,,,,,,,
272.0,0.0,152.0,8.46128133237363,1.0,0.6102227484189189,0.625,0.0,nan,0.03449213161659514,0.0,0.0,48.0,405.0,2.0085174441337585,0.43040904815071457,0.3020903751341848,0.25638355280504066,-0.405307412147522,-3.926484616473317,-21.063893869519234,266.173536837101,395.83763921260834,,,,,,,,,,,,
273.0,0.0,163.0,9.281461173743025,1.0,0.7084144766987385,0.6379310344827587,0.0,nan,0.03443490701001431,0.0,0.0,58.0,482.0,2.359217941761017,0.37258517512253775,0.29958065608967044,0.1457395183556806,-0.405307412147522,5.016061889473349,-4.6427073484810535,106.48636761307716,179.60089528560638,,,,,,,,,,,,
274.0,0.0,187.0,8.129565316550442,1.0,0.7012019438699693,0.6222222222222222,0.0,nan,0.03437768240343348,0.0,0.0,45.0,378.0,4.408569693565369,0.49664658713717813,0.28832406548192535,0.413486809948479,-0.405307412147522,23.186018666718155,6.576082817511633,180.381682112813,275.1874447762966,,,,,,,,,,,,
275.0,0.0,152.0,8.378339928761136,1.0,0.7090530246522057,0.64,0.0,nan,0.03432045779685265,0.0,0.0,50.0,405.0,2.493525981903076,0.4014257540258974,0.2758873344701761,0.25081975740658197,-0.405307412147522,2.0300791347399354,2.683185809291899,148.64547900110483,231.3840896934271,,,,,,,,,,,,
276.0,0.0,148.0,8.678139132708322,1.0,0.6420007491288,0.6122448979591837,0.0,nan,0.034263233190271816,0.0,0.0,49.0,412.0,2.7329540252685547,0.3893966476668318,0.29811006898410985,0.18230026747352512,-0.405307412147522,-8.689236875623465,-0.24400695599615574,144.54509246349335,211.67846569418907,,,,,,,,,,,,
277.0,0.0,31.0,0.3011817061901093,0.0,0.5577240480878234,0.6842105263157895,0.0,nan,0.034206008583690994,0.0,0.0,19.0,124.0,11.820023536682129,1.6748982364255895,0.307406589795653,2.7215485546840505,-0.4533278475846014,-52.82563674497989,58.82590954534469,207.70119990071942,266.87196159362793,,,,,,,,,,,,
278.0,0.0,122.0,7.8885518366471015,1.0,0.8033608022260795,0.5217391304347826,0.0,nan,0.03414878397711016,0.0,0.0,46.0,395.0,1.2797874510288239,0.41339602835329714,0.2957897893606873,0.23352895293333734,-0.405307412147522,18.135067896917462,20.715557716030162,157.39877668768167,242.7100529074669,,,,,,,,,,,,
279.0,0.0,145.0,9.483532709032312,1.0,0.7186595382725319,0.6271186440677966,0.0,nan,0.03409155937052933,0.0,0.0,59.0,509.0,2.1987021565437317,0.4303309583241628,0.3288607773518169,0.202700564860681,-0.405307412147522,13.028388581704348,-0.016432785894721746,154.93566261976957,236.98934924602509,,,,,,,,,,,,
280.0,0.0,130.0,8.761172020286333,1.0,0.7090530246522057,0.64,0.0,0.0,0.0340343347639485,0.0,0.0,50.0,426.0,1.260807991027832,0.3689835733832183,0.3123765478612312,0.11287733655257759,-0.4099256901536137,-9.041010395158082,38.81432396546006,245.20321983098984,326.8352635502815,1.0,1.0,1.0,0.0,1.0,0.34297552704811096,2.2832374572753906,11.751594364410266,75.0,1.0,177.0,285.1848998288813
281.0,0.0,125.0,8.29378104791046,1.0,0.7231985542957801,0.6170212765957447,0.0,nan,0.033977110157367665,0.0,0.0,47.0,371.0,2.961523950099945,0.43295840765354576,0.29239338891346406,0.28084768453402376,-0.405307412147522,-10.929891327628866,-5.453547783661634,268.46681992709637,345.49190440773964,,,,,,,,,,,,
282.0,0.0,142.0,8.632872077450168,1.0,0.7785047620654814,0.5769230769230769,0.0,nan,0.033919885550786844,0.0,0.0,52.0,420.0,1.4654181897640228,0.4259988881705894,0.3266758825705333,0.19839502256099506,-0.417850648984313,21.119681289419532,-11.95373575296253,306.69516038894653,387.3256041407585,,,,,,,,,,,,
283.0,0.0,144.0,8.330177801251422,1.0,0.7816795030910597,0.5306122448979592,0.0,nan,0.03386266094420601,0.0,0.0,49.0,399.0,2.135801374912262,0.41280861039214756,0.3141526315593925,0.19673189906150856,-0.4402962245512754,-15.175379873049678,-42.3645486086607,285.85450252890587,373.57967215776443,,,,,,,,,,,,
284.0,0.0,154.0,8.515085299313078,1.0,0.7860434202438755,0.5652173913043478,0.0,nan,0.033805436337625186,0.0,0.0,46.0,395.0,1.6653605699539185,0.3763207102002492,0.30585266212385775,0.14064679982799022,-1.279852228006348,16.204736205749214,25.275447173975408,353.4294662475586,436.0225067138672,,,,,,,,,,,,
285.0,0.0,194.0,9.1012786139548,1.0,0.7985155853862633,0.559322033898305,0.0,nan,0.03374821173104435,0.0,0.0,59.0,522.0,2.5972716212272644,0.514741663539084,0.3176285536162113,0.39214841012655494,-0.4600609566550702,-3.531696680933237,-0.9039479875937104,361.5056562423706,441.7154939174652,,,,,,,,,,,,
286.0,0.0,79.0,2.3604317615181265,0.0,0.7341593436127998,0.6153846153846154,0.0,nan,0.03369098712446352,0.0,0.0,39.0,316.0,5.226669788360596,0.8698012472485743,0.30695051203367174,1.119440077201304,-0.4078469972591847,21.49951485544443,47.01892616529949,326.6473435163498,415.3600263595581,,,,,,,,,,,,
287.0,0.0,127.0,8.326670690029868,1.0,0.8114739387627954,0.5416666666666666,0.0,nan,0.03363376251788269,0.0,0.0,48.0,399.0,0.8266215175390244,0.3788760470984922,0.29808611239102767,0.1612962979559581,-0.4079798934981227,-3.067381476983428,-8.539296993985772,361.96844506263733,442.04971873760223,,,,,,,,,,,,
288.0,0.0,43.0,0.6577158045768736,0.0,0.7094758099112697,0.56,0.0,nan,0.033576537911301864,0.0,0.0,25.0,172.0,9.020690441131592,1.2774556895000027,0.3215495152197473,1.9051487937047484,-0.40538806624190754,-45.54634013806665,84.80756880239,265.8332469851472,351.41220270201217,,,,,,,,,,,,
289.0,0.0,136.0,8.045250680372128,1.0,0.8745374560922428,0.36363636363636365,0.0,nan,0.033519313304721035,0.0,0.0,44.0,357.0,1.6122594475746155,0.5410939952173095,0.30039385187582124,0.4810932241560786,-0.42083126259967685,-28.279508251696825,-31.019259517081082,355.07016921043396,437.4475750923157,,,,,,,,,,,,
290.0,0.0,156.0,7.87123088687659,1.0,0.7965518708122786,0.5476190476190477,0.0,0.0,0.0334620886981402,0.0,0.0,42.0,340.0,1.8353763222694397,0.41435350337152954,0.3003912799980921,0.22758068426445993,-0.48941535549238324,5.205210921354592,9.161626522429287,344.62887239456177,425.70368880033493,1.0,1.0,1.0,0.0,1.0,0.35159942507743835,2.219510555267334,11.757694514584728,76.0,1.0,177.0,290.18118740573556
291.0,0.0,70.0,1.925166937708857,0.0,0.7695662017503827,0.5294117647058824,0.0,nan,0.03340486409155937,0.0,0.0,34.0,280.0,5.39040744304657,0.8290914106076883,0.32865174671030406,0.9969931519740838,-0.40985445491969585,-14.122922358103096,27.369768640957773,328.7826352715492,415.73538970947266,,,,,,,,,,,,
292.0,0.0,74.0,2.794781532511118,0.25,0.7867930715415257,0.5454545454545454,0.0,nan,0.03334763948497854,0.0,0.0,33.0,260.0,3.8954963088035583,0.6989364881341928,0.3006021157457502,0.785342294246663,-0.4237931880634278,29.11513963714242,82.67863874090835,341.1109259724617,420.0290491580963,,,,,,,,,,,,
293.0,0.0,24.0,-0.009655525684356736,0.0,0.7064060245114961,0.5333333333333333,0.0,nan,0.03329041487839771,0.0,0.0,15.0,96.0,12.074605226516724,1.3053367109523606,0.3136443945258698,1.974667784972553,-0.41052510278920334,128.23610975593328,110.368898195525,338.463659286499,422.4657204945882,,,,,,,,,,,,
294.0,0.0,115.0,7.087768160477285,1.0,0.7627194951995596,0.4857142857142857,0.0,nan,0.033233190271816884,0.0,0.0,35.0,288.0,0.6072942167520523,0.4179417915502383,0.32319990583202846,0.18914343661259897,-0.4060571591835469,2.741214486770332,1.9906417527236044,341.80145394802094,418.169439971447,,,,,,,,,,,,
295.0,0.0,166.0,9.071127297729266,1.0,0.8418550000918168,0.47058823529411764,0.0,nan,0.03317596566523605,0.0,0.0,51.0,435.0,5.717202305793762,0.6602600812915114,0.3239739558387879,0.6722769426179536,-0.4053551012184471,10.722976663149893,-32.899850909831,324.39562171697617,399.11060947179794,,,,,,,,,,,,
296.0,0.0,49.0,0.5172467923164367,0.0,0.8018372791017475,0.5555555555555556,0.0,nan,0.03311874105865523,0.0,0.0,27.0,196.0,13.649051666259766,1.668885153260724,0.33735512496075476,2.662396901869605,-0.5610886535474232,22.051479529361334,-1.0265844123704093,334.5830882714719,425.86459288305167,,,,,,,,,,,,
297.0,0.0,181.0,9.79987577423455,1.0,0.8799440410957671,0.39285714285714285,0.0,nan,0.03306151645207439,0.0,0.0,56.0,495.0,4.295073390007019,0.5418808649285438,0.3158577154562249,0.4517365829094424,-0.405307412147522,-5.7698026886209846,-0.6187995136715472,356.58806401491165,435.3032773733139,,,,,,,,,,,,
298.0,0.0,172.0,8.753978675231348,1.0,0.8765723508754006,0.44,0.0,nan,0.03300429184549357,0.0,0.0,50.0,425.0,4.817331314086914,0.4267247389544906,0.2797955827906868,0.2935961575392656,-0.405307412147522,-1.5262042358517647,-32.87612768448889,282.7677362561226,386.85148203372955,,,,,,,,,,,,
299.0,0.0,53.0,1.1949215915799143,0.0,0.8788633759013481,0.4444444444444444,0.0,nan,0.03294706723891273,0.0,0.0,27.0,212.0,9.337599277496338,1.1604456972541577,0.33353605476790266,1.644550613447141,-0.408026341278598,-9.084693808600587,-145.59371447338248,354.6659744550597,437.4765812136092,,,,,,,,,,,,
300.0,0.0,173.0,8.40728609584273,1.0,0.9327816806955166,0.375,0.0,0.0,0.032889842632331905,0.0,0.0,48.0,401.0,1.6632139384746552,0.5309475389940914,0.3537667309265089,0.35410244133051244,-0.4641560560557991,20.448389815166593,-5.161722896620631,358.18941938877106,440.0177401304245,1.0,1.0,1.0,0.0,1.0,0.1679043173789978,2.328260898590088,11.750718007795513,78.0,1.0,180.0,301.4023166799921
301.0,0.0,168.0,10.110557187050599,1.0,0.8729724543860825,0.45,0.0,nan,0.032832618025751076,0.0,0.0,60.0,522.0,2.5584707856178284,0.39497469216586367,0.2777248161468878,0.23419449719796126,-0.4441636987030506,14.957894220016897,29.503195301862434,215.94542683660984,342.70285445451736,,,,,,,,,,,,
302.0,0.0,99.0,8.072882414087662,1.0,0.760200560180245,0.5333333333333333,0.0,nan,0.03277539341917024,0.0,0.0,45.0,371.0,1.0948195159435272,0.37874785417490914,0.30797782649753636,0.14127083214524921,-0.4075554711744189,11.771691559348255,43.13084266951773,253.3456911034882,346.5969671905041,,,,,,,,,,,,
303.0,0.0,200.0,6.73273777635769,0.75,0.7865771607093303,0.5434782608695652,0.0,nan,0.03271816881258942,0.0,0.0,46.0,400.0,1.189111441373825,0.4644306636666915,0.3381222592412282,0.25209020871139187,-0.405307412147522,-3.3693979075178504,11.861890149419196,123.27344582602382,217.17765800654888,,,,,,,,,,,,
304.0,0.0,186.0,10.17442329995336,1.0,0.7969725821422512,0.5230769230769231,0.0,nan,0.03266094420600858,0.0,0.0,65.0,571.0,3.9015708342194557,0.4678178035190115,0.3174226747974316,0.29661149677304266,-0.405307412147522,-18.6747865434736,-18.460037924349308,286.76670330762863,397.3883128166199,,,,,,,,,,,,
305.0,0.0,145.0,8.301554410234104,1.0,0.8260535121376443,0.45652173913043476,0.0,nan,0.03260371959942776,0.0,0.0,46.0,392.0,2.022776961326599,0.44324891454705195,0.3187545066851877,0.2487226726854867,-0.4103434400167316,20.543956602923572,29.318654777482152,213.65569484233856,309.2247695028782,,,,,,,,,,,,
306.0,0.0,171.0,8.091478412672888,1.0,0.8116745914023897,0.5192307692307693,0.0,nan,0.032546494992846925,0.0,0.0,52.0,422.0,3.5405166149139404,0.44094046063578674,0.32075392889083604,0.23844370004522086,-0.4108950102236122,6.742274718359113,9.314913044450805,310.4099943935871,419.0456029176712,,,,,,,,,,,,
307.0,0.0,140.0,7.949382682517179,1.0,0.8857709670847834,0.4418604651162791,0.0,nan,0.032489270386266096,0.0,0.0,43.0,355.0,1.0826080441474915,0.34628302833078806,0.27017045829546854,0.151927672700215,-0.40619009523652494,21.693024423439056,24.00458286362118,157.46754366904497,256.0170605033636,,,,,,,,,,,,
308.0,0.0,190.0,9.701332844700683,1.0,0.8064683627628751,0.43333333333333335,0.0,nan,0.03243204577968527,0.0,0.0,60.0,535.0,3.4344199895858765,0.3875009587289064,0.2984061794748658,0.17206918546102645,-0.4189043890219182,42.35687211854383,-42.091597614286,241.49397853016853,324.2768348008394,,,,,,,,,,,,
309.0,0.0,182.0,9.022641800120487,1.0,0.8754777607285107,0.37735849056603776,0.0,nan,0.03237482117310444,0.0,0.0,53.0,479.0,2.8637173771858215,0.6083830898362343,0.5205284920287183,0.1752906850708048,-0.405307412147522,-18.868033638224006,14.158355499152094,165.17763164639473,312.01933324337006,,,,,,,,,,,,
310.0,0.0,185.0,9.845033274404722,1.0,0.9080257816824754,0.39344262295081966,0.0,0.0,0.03231759656652361,0.0,0.0,61.0,535.0,3.300456702709198,0.3777006050310314,0.2852843450486391,0.18446293171492328,-0.40726938867010176,-1.244933469220996,-13.228688522911398,124.9049789533019,215.90245606005192,1.0,1.0,1.0,0.0,1.0,0.3463686406612396,1.9587634801864624,11.760733955306932,81.0,1.0,184.0,316.35932105764783
311.0,0.0,138.0,9.145989667251719,1.0,0.796908660684898,0.4807692307692308,0.0,nan,0.032260371959942774,0.0,0.0,52.0,440.0,3.546714723110199,0.4073132325859774,0.32190432157371907,0.17050652042775538,-0.405307412147522,36.360734233632684,-6.61952545074746,359.8007436990738,437.9728869199753,,,,,,,,,,,,
312.0,0.0,155.0,8.497587503697734,1.0,0.8594679910384434,0.4583333333333333,0.0,nan,0.03220314735336195,0.0,0.0,48.0,403.0,2.1593411564826965,0.392280535154347,0.3071554110536196,0.16995735697747083,-0.42185068712569773,20.834532441571355,-1.26216961001046,157.89105177670717,320.3902100622654,,,,,,,,,,,,
313.0,0.0,171.0,8.21079789046199,1.0,0.82683323540712,0.38636363636363635,0.0,nan,0.032145922746781116,0.0,0.0,44.0,385.0,2.0838244557380676,0.4404074665191682,0.31944752126563364,0.24165520991859624,-0.405307412147522,-1.3844917984679341,21.511907141190022,200.94953049719334,299.6059031188488,,,,,,,,,,,,
314.0,0.0,119.0,6.082701616659768,0.5,0.7315117509209214,0.55,0.0,nan,0.03208869814020029,0.0,0.0,40.0,338.0,5.048406958580017,1.024773041558873,0.3140397998173808,1.4212036456654378,-0.40533500793389976,0.4606339577585459,-27.30816229362972,301.2538860142231,404.2113415002823,,,,,,,,,,,,
315.0,0.0,153.0,10.501198832467217,1.0,0.8244959913899923,0.41935483870967744,0.0,nan,0.03203147353361946,0.0,0.0,62.0,549.0,2.650151014328003,0.4046852314907601,0.3157191063016722,0.17764745142023175,-0.405307412147522,8.16387345828116,2.0337573588476516,331.2487527728081,418.245938539505,,,,,,,,,,,,
316.0,0.0,181.0,8.181272004470237,1.0,0.801457379733538,0.4888888888888889,0.0,nan,0.03197424892703863,0.0,0.0,45.0,363.0,1.5972953140735626,0.6235976498313676,0.5141305642221762,0.2186506101073163,-1.0970907807350159,11.044723694678396,-0.7885563182644546,287.3235072493553,404.87055468559265,,,,,,,,,,,,
317.0,0.0,151.0,8.881526327580225,1.0,0.7696252346605919,0.54,0.0,nan,0.0319170243204578,0.0,0.0,50.0,427.0,1.8609903454780579,0.43897196797995264,0.32441741700332993,0.22883272029140062,-0.43458667607046664,-19.647669658064842,7.13807911996264,228.4439916908741,359.92599523067474,,,,,,,,,,,,
318.0,0.0,158.0,8.315900797881195,1.0,0.8007646874170058,0.44,0.0,nan,0.031859799713876966,0.0,0.0,50.0,418.0,1.4621602296829224,0.4379898747269668,0.3191023068201582,0.23406997966052945,-0.4342218521051109,29.3726772852242,19.338977875653654,171.31960731744766,335.50293868780136,,,,,,,,,,,,
319.0,0.0,146.0,8.647489717230215,1.0,0.853260795336737,0.40384615384615385,0.0,nan,0.031802575107296144,0.0,0.0,52.0,450.0,1.3167918920516968,0.35341490068853293,0.27300730089684294,0.16061471746596603,-0.405307412147522,8.921432493254542,-9.851858326001093,80.34734132885933,179.9489278793335,,,,,,,,,,,,
320.0,0.0,161.0,8.278966397605846,1.0,0.8362325783249931,0.4090909090909091,0.0,0.0,0.03174535050071531,0.0,0.0,44.0,390.0,2.772652745246887,0.44244209094476616,0.3091364598393305,0.26631147537126454,-0.5656868410296738,-2.2738576028496027,-26.45312752877362,200.72930148988962,346.46072667837143,1.0,1.0,1.0,0.0,1.0,0.262050062417984,2.2682509422302246,11.76784850365948,78.0,1.0,179.0,297.65583199266376
321.0,0.0,187.0,10.465428658947369,1.0,0.8182457616596391,0.3870967741935484,0.0,nan,0.03168812589413448,0.0,0.0,62.0,555.0,4.20769727230072,0.39887364856503993,0.28557135615594925,0.22632590714390566,-0.4721352288033813,-18.103458081372082,-12.898968397639692,252.34445238113403,387.52042293548584,,,,,,,,,,,,
322.0,0.0,124.0,5.786225958392035,0.5,0.7711412027575195,0.5306122448979592,0.0,nan,0.03163090128755365,0.0,0.0,49.0,431.0,6.174982666969299,1.4577158296688224,0.35408004431896234,2.2036425439065717,-0.4258989254012704,32.38758671563119,-25.740172480233014,333.4474563598633,427.28595435619354,,,,,,,,,,,,
323.0,0.0,200.0,10.597837281525155,1.0,0.8754090247929095,0.4142857142857143,0.0,nan,0.031573676680972815,0.0,0.0,70.0,598.0,2.775143042206764,0.37816364794134927,0.3122307980371741,0.13162655229489917,-0.405307412147522,36.06329893367365,1.289810772286728,239.49720185250044,331.4809445887804,,,,,,,,,,,,
324.0,0.0,148.0,9.1971550101787,1.0,0.767624337500754,0.4528301886792453,0.0,nan,0.03151645207439199,0.0,0.0,53.0,471.0,1.8320845365524292,0.43259642328058767,0.3435827238460607,0.17779623140619005,-0.405307412147522,-17.72089539282024,-3.464465111726895,349.0729848444462,430.6505358219147,,,,,,,,,,,,
325.0,0.0,116.0,7.72378521688283,1.0,0.8885492913783171,0.39473684210526316,0.0,nan,0.03145922746781116,0.0,0.0,38.0,334.0,1.713260680437088,0.42805012054044767,0.31473058210299865,0.2263119455187954,-0.41051222779788077,-0.26257195556536317,-30.55300057400018,222.4570900350809,337.1372218132019,,,,,,,,,,,,
326.0,0.0,112.0,7.300984006226069,1.0,0.671344623705426,0.4444444444444444,0.0,nan,0.031402002861230335,0.0,0.0,36.0,311.0,1.8374226987361908,0.4416962351560776,0.3011313101400113,0.2806110442502846,-0.405307412147522,15.064395790919662,-8.399816350545734,251.6125898361206,347.83053708076477,,,,,,,,,,,,
327.0,0.0,151.0,8.422335258349785,1.0,0.8126674849549042,0.4222222222222222,0.0,nan,0.0313447782546495,0.0,0.0,45.0,406.0,1.9602626264095306,0.4115065186207474,0.3032763808719468,0.21466248810691724,-0.6453727926127613,25.996840925654396,-13.940045788651332,273.7183372080326,407.07195234298706,,,,,,,,,,,,
328.0,0.0,143.0,9.550569391809418,1.0,0.7919720428272673,0.48214285714285715,0.0,nan,0.03128755364806867,0.0,0.0,56.0,500.0,1.803049236536026,0.39341349286090477,0.3209774800893756,0.14460521435469026,-0.4059836675878614,4.114625175483525,29.122814402217045,261.65901697054505,351.82474103569984,,,,,,,,,,,,
329.0,0.0,177.0,9.333267857693151,1.0,0.7504056893570806,0.42028985507246375,0.0,nan,0.031230329041487842,0.0,0.0,69.0,610.0,3.1383036226034164,0.44545354912795787,0.30139134848520766,0.2875102060461119,-0.40548489475622773,-10.992054296657443,7.637825598008931,277.2815717756748,402.4310241341591,,,,,,,,,,,,
330.0,0.0,128.0,8.317666619494567,1.0,0.7325641958659178,0.5909090909090909,0.0,0.0,0.031173104434907013,0.0,0.0,44.0,376.0,1.8601289093494415,0.44845662884175397,0.3354049973228041,0.22581947233511968,-0.46857262635603547,-8.745216905139387,-41.6932062599808,319.4391492307186,401.91312009096146,1.0,1.0,1.0,0.0,1.0,0.3606952130794525,2.377255439758301,11.755514065152965,76.0,1.0,179.0,291.4086383497718
331.0,0.0,60.0,1.8034795109741397,0.25,0.7814074480356038,0.5517241379310345,0.0,nan,0.031115879828326184,0.0,0.0,29.0,214.0,11.43990182876587,1.7293719549675486,0.30380734338207616,2.8485754531763217,-0.5470581374992834,49.21341326972035,-8.491036230158583,362.53527946115656,440.8437946355231,,,,,,,,,,,,
332.0,0.0,157.0,8.970492004230632,1.0,0.7628074890481524,0.5384615384615384,0.0,nan,0.031058655221745352,0.0,0.0,52.0,445.0,2.2151193022727966,0.44588035890019556,0.29278898236086925,0.30587017473727524,-0.6117514746729285,1.204389531398192,16.572759581031278,295.3686497807503,392.1249723434448,,,,,,,,,,,,
333.0,0.0,193.0,10.95478352058681,1.0,0.8478791715512058,0.4264705882352941,0.0,nan,0.031001430615164523,0.0,0.0,68.0,593.0,4.167477548122406,0.3726838536764916,0.31631940392835195,0.11248502012072872,-0.4888524762354791,10.680560387205333,-15.524842764018103,157.3272167146206,336.41824674606323,,,,,,,,,,,,
334.0,0.0,184.0,9.510372297763839,1.0,0.864623260277426,0.40350877192982454,0.0,nan,0.03094420600858369,0.0,0.0,57.0,493.0,2.5236344933509827,0.4306290766981604,0.3391226292405818,0.18282013674360825,-0.40604150597937405,22.47802001517266,5.2501553245820105,185.01580484956503,291.42534767091274,,,,,,,,,,,,
335.0,0.0,190.0,8.92170623760672,1.0,0.8272580205263792,0.4827586206896552,0.0,nan,0.030886981402002866,0.0,0.0,58.0,529.0,1.1231153309345245,0.34914581486263785,0.30754425935651813,0.08259186122393772,-0.5146403897088021,1.4406553201843053,6.713568963576108,268.4714242219925,354.98743852972984,,,,,,,,,,,,
336.0,0.0,108.0,8.00118150167168,1.0,0.7508346223345227,0.5609756097560976,0.0,nan,0.030829756795422034,0.0,0.0,41.0,354.0,1.4598607420921326,0.393824398154903,0.27835967109415966,0.23065985139192957,-0.405307412147522,5.588751389877871,41.3811461412115,225.22713082283735,317.0896251499653,,,,,,,,,,,,
337.0,0.0,125.0,8.380175977796325,1.0,0.8542505039267183,0.45098039215686275,0.0,nan,0.030772532188841205,0.0,0.0,51.0,411.0,2.1481009125709534,0.5076348291885466,0.3166682977053597,0.38166330819028516,-0.4068383960984647,5.021387230604887,-2.580082194879651,314.5027245283127,407.5937084555626,,,,,,,,,,,,
338.0,0.0,22.0,-0.10572543859481817,0.0,0.4534944456028322,0.7333333333333333,0.0,nan,0.030715307582260373,0.0,0.0,15.0,88.0,15.925533533096313,2.2288477026998987,0.3235142934605853,3.798331269267113,-0.43078105625781143,-65.9501621668989,-50.20946191115813,229.92843953045931,322.24286512895065,,,,,,,,,,,,
339.0,0.0,84.0,7.053149372562769,1.0,0.7522368946759032,0.5294117647058824,0.0,nan,0.030658082975679544,0.0,0.0,34.0,271.0,0.9475958943367004,0.5004505821131602,0.3180843850158852,0.3644494141402248,-0.46010907948948443,-2.2019057534635067,6.671661641448736,347.07640558481216,420.0007230043411,,,,,,,,,,,,
340.0,0.0,119.0,8.443513960316787,1.0,0.9222838960481551,0.3333333333333333,0.0,0.0,0.030600858369098715,0.0,0.0,45.0,388.0,2.258033812046051,0.39250847662718513,0.30977614399662934,0.165180636068139,-0.7313047654461116,-16.47450429946184,-18.07808879110962,290.5703959465027,401.0686150789261,1.0,1.0,1.0,0.0,1.0,0.35763785243034363,2.2731518745422363,11.763729366124608,78.0,1.0,180.0,303.89625272508744
341.0,0.0,180.0,9.656861174926178,1.0,0.8595476891706706,0.4827586206896552,0.0,nan,0.030543633762517886,0.0,0.0,58.0,507.0,3.3834067583084106,0.42159995364320935,0.2998763306002519,0.24318265395786298,-1.0125871109776199,-11.794435374438763,-28.71833890117705,218.47592251002789,353.56056612730026,,,,,,,,,,,,
342.0,0.0,191.0,5.615788712389776,0.75,0.8439447058581049,0.40425531914893614,0.0,nan,0.030486409155937054,0.0,0.0,47.0,421.0,4.7990522384643555,1.0049323867761313,0.33039558258873947,1.3468943780693463,-0.4437680412083864,-71.70452016405761,-18.834498994983733,227.48677024245262,387.7812719345093,,,,,,,,,,,,
343.0,0.0,92.0,2.628622061964133,0.0,0.7482045099021291,0.5,0.0,nan,0.030429184549356225,0.0,0.0,42.0,368.0,6.482208609580994,1.4719421350332311,0.33202850453787053,2.279129108051734,-0.5043226811103523,7.6554988217540085,-5.680848150514066,317.1456016898155,420.8810541629791,,,,,,,,,,,,
344.0,0.0,45.0,0.9042464375495909,0.0,0.7883782940563272,0.5416666666666666,0.0,nan,0.030371959942775396,0.0,0.0,24.0,180.0,10.206296920776367,1.1023495883561434,0.31279304098720806,1.5719034233427818,-1.1529619346062343,-43.60937582121955,35.55864705774519,207.22392701043023,275.06951865620084,,,,,,,,,,,,
345.0,0.0,17.0,-0.2373695132136346,0.0,0.6113696312064709,0.5384615384615384,0.0,nan,0.030314735336194564,0.0,0.0,13.0,68.0,15.068272113800049,1.3177484821596461,0.33883705685746435,1.9466680529673313,-1.6505816780468996,23.34767911013435,-52.18917425941019,352.7437542186064,425.2811947990866,,,,,,,,,,,,
346.0,0.0,31.0,0.2871153378486634,0.0,0.5308778507573251,0.5555555555555556,0.0,nan,0.030257510729613735,0.0,0.0,18.0,124.0,10.493476629257202,1.096443225415515,0.340479301729541,1.4963468403466909,-0.5384728298071892,18.20231848378335,-72.90065170872596,326.8584908516176,429.24183285620904,,,,,,,,,,,,
347.0,0.0,95.0,3.924668238610036,0.25,0.8368385359641667,0.38095238095238093,0.0,nan,0.030200286123032907,0.0,0.0,42.0,348.0,3.428576350212097,0.8965303050520177,0.31204625934195496,1.1614782040469862,-0.40669579221867025,19.99166030716151,-40.7451213626191,351.0255443453789,436.36048793792725,,,,,,,,,,,,
348.0,0.0,125.0,5.702673214524993,0.25,0.9296979703432722,0.3409090909090909,0.0,nan,0.030143061516452078,0.0,0.0,44.0,391.0,3.321167469024658,0.7129125019779394,0.30783649784554856,0.809910776119447,-0.4757936073001474,-15.3909841356799,1.0073105457704514,255.7961873114109,386.8030509352684,,,,,,,,,,,,
349.0,0.0,105.0,2.972596633136281,0.25,0.7846172977179439,0.4666666666666667,0.0,nan,0.030085836909871246,0.0,0.0,45.0,377.0,4.482374548912048,0.8625050633846056,0.30198600783374213,1.1147251628914856,-0.446325825760141,8.149726752657443,-37.125313569791615,362.31750869750977,441.6246726512909,,,,,,,,,,,,
350.0,0.0,134.0,8.913798112869275,1.0,0.8676189767810776,0.39215686274509803,0.0,0.0,0.030028612303290417,0.0,0.0,51.0,442.0,3.324671745300293,0.4954116918765089,0.30291141579473924,0.38469886788357494,-0.405307412147522,-0.8735437782015651,53.14847513474524,302.75759652256966,396.32850880920887,1.0,1.0,1.0,0.0,1.0,0.6118117570877075,2.3196468353271484,11.77023543487303,77.0,1.0,177.0,296.4280621702972
351.0,0.0,155.0,8.576188246533286,1.0,0.9068994159791491,0.34782608695652173,0.0,nan,0.029971387696709588,0.0,0.0,46.0,395.0,2.672330915927887,0.4855219610135464,0.32270080493081055,0.3253459164376179,-0.4146198865491897,16.418369472026825,-18.21813488252519,352.3196325302124,436.13438045978546,,,,,,,,,,,,
352.0,0.0,113.0,7.364816023483877,1.0,0.8133741022239074,0.34210526315789475,0.0,nan,0.029914163090128756,0.0,0.0,38.0,317.0,1.0212996453046799,0.3571669373023383,0.3032370273754421,0.10753841611580578,-0.41432714788243175,3.1127546168863773,-7.274913704954088,171.77622575312853,273.96776001155376,,,,,,,,,,,,
353.0,0.0,127.0,7.531400624774404,1.0,0.9193475087302972,0.3488372093023256,0.0,nan,0.029856938483547927,0.0,0.0,43.0,348.0,1.6777628660202026,0.4131572101732388,0.3133526641575171,0.19935119738216622,-0.575270674424246,-3.7711016171379015,2.35117464652285,90.63404861092567,183.862086141482,,,,,,,,,,,,
354.0,0.0,129.0,7.999639727585027,1.0,0.8714352285159679,0.43478260869565216,0.0,nan,0.0297997138769671,0.0,0.0,46.0,401.0,1.217078685760498,0.34111729001216007,0.3015182734617727,0.07890668903387352,-0.41244538384489715,-2.137772234622389,-16.150475124828517,112.44117683544755,195.94080920889974,,,,,,,,,,,,
355.0,0.0,69.0,2.3099479506909875,0.25,0.8164424803146546,0.45161290322580644,0.0,nan,0.02974248927038627,0.0,0.0,31.0,268.0,7.033847689628601,1.3233976895113138,0.3359325658775214,1.9742300144313234,-1.1616143556311727,-10.07113453745842,9.896609276533127,263.0538591891527,342.67403942346573,,,,,,,,,,,,
356.0,0.0,181.0,9.30218602381648,1.0,0.7629882912235861,0.4117647058823529,0.0,nan,0.02968526466380544,0.0,0.0,51.0,460.0,3.367039740085602,0.6534816117186324,0.33102841682206674,0.6446077600161109,-1.1121363998390734,5.3754233862273395,-6.651642905082554,199.35387445241213,303.1322136372328,,,,,,,,,,,,
357.0,0.0,200.0,6.74832430975513,0.75,0.8041824484907601,0.4492753623188406,0.0,nan,0.02962804005722461,0.0,0.0,69.0,620.0,2.6508787870407104,0.7261681786821423,0.2953411995171989,0.8615346263954451,-0.405307412147522,1.215090078767389,0.7530797081417404,18.444643842056394,31.159599917009473,,,,,,,,,,,,
358.0,0.0,134.0,8.727067959755672,1.0,0.8683278901858605,0.40384615384615385,0.0,nan,0.02957081545064378,0.0,0.0,52.0,437.0,2.7541542053222656,0.41741285818627133,0.26974879239382493,0.29519736029305177,-0.4068802618421614,9.344574174843729,1.8419656907208264,73.97024175524712,109.42699041217566,,,,,,,,,,,,
359.0,0.0,139.0,9.352340689003483,1.0,0.8744359817045557,0.3389830508474576,0.0,nan,0.02951359084406295,0.0,0.0,59.0,507.0,2.8366320729255676,0.423594457978421,0.3133512009676364,0.220299473640499,-0.43920966889709234,7.1641745222732425,-3.0549110859865323,152.4826028868556,191.07547368481755,,,,,,,,,,,,
360.0,0.0,200.0,7.287174291089191,0.75,0.9403761127526906,0.2545454545454545,0.0,0.0,0.02945636623748212,0.0,0.0,55.0,448.0,1.8315865993499756,0.34754907117556044,0.27481622048205606,0.14524163162522655,-0.4426971690263599,0.8815060176420957,1.7945160421077162,179.08814903907478,236.78741032630205,1.0,1.0,1.0,0.0,1.0,0.4050723612308502,1.850529432296753,12.118381485386635,81.0,1.0,186.0,213.84112895965598
361.0,0.0,190.0,9.931161618884671,1.0,0.757996714245033,0.453125,0.0,nan,0.02939914163090129,0.0,0.0,64.0,565.0,3.736411213874817,0.40666048004112554,0.30483629371120224,0.20333534688194632,-0.40533503820188344,-2.811643115419429,1.1629034226352815,34.622374820522964,48.76928004529327,,,,,,,,,,,,
362.0,0.0,200.0,7.9043727055937225,0.75,0.7986977948707232,0.5211267605633803,0.0,nan,0.029341917024320457,0.0,0.0,71.0,642.0,3.1451524794101715,0.46895478092570286,0.28749516613454795,0.36226856876347124,-0.43857861682772636,38.70082987216301,-10.322424012469128,117.19266897346824,143.9449084252119,,,,,,,,,,,,
363.0,0.0,200.0,8.39045837834479,0.75,0.9329510021920514,0.3389830508474576,0.0,nan,0.029284692417739632,0.0,0.0,59.0,519.0,2.981618344783783,0.44278794051912485,0.30696826450558673,0.27143206877428916,-0.40543413418345153,-1.5622600592905656,-0.40255956107284874,94.17061663791537,110.31047431379557,,,,,,,,,,,,
364.0,0.0,200.0,7.175222224593175,0.75,0.96788389346335,0.2982456140350877,0.0,nan,0.029227467811158803,0.0,0.0,57.0,491.0,1.8021776974201202,0.5927731657834627,0.31249315614279777,0.5597081678661517,-0.42703816411085427,4.25508733431343,0.32496684370562434,24.954376921523362,50.87977479677647,,,,,,,,,,,,
365.0,0.0,200.0,8.88524231478574,0.75,0.9265737443048491,0.3108108108108108,0.0,nan,0.02917024320457797,0.0,0.0,74.0,629.0,2.2938396334648132,0.40300535934179016,0.30535681252510133,0.19514409559201817,-0.42121026385575533,3.3932831784477457,7.067735439632088,51.935279947239906,87.19834323972464,,,,,,,,,,,,
366.0,0.0,181.0,9.86098758092152,1.0,0.9028756972662213,0.3582089552238806,0.0,nan,0.029113018597997142,0.0,0.0,67.0,582.0,2.050119176506996,0.4500937092237116,0.3491079530627079,0.20164071044525914,-0.40585226844996214,-2.7019282137043774,-22.68255652487278,101.24891192931682,157.1820682696998,,,,,,,,,,,,
367.0,0.0,200.0,7.507396720796842,0.75,0.9173705358239067,0.31746031746031744,0.0,nan,0.02905579399141631,0.0,0.0,63.0,567.0,2.975471556186676,0.6800102694397694,0.28856689592214596,0.7828258692297616,-0.4502588356845081,3.3813405190594494,3.3848714439664036,49.753735318779945,74.912846557796,,,,,,,,,,,,
368.0,0.0,34.0,1.330580205973238,0.25,0.7383077943467969,0.47368421052631576,0.0,nan,0.02899856938483548,0.0,0.0,19.0,136.0,12.812943696975708,1.5993218033251169,0.32011653080770663,2.5534568400116235,-1.1107062942841475,-68.92830245284473,-13.682257697862738,299.9715560464298,352.28956604003906,,,,,,,,,,,,
369.0,0.0,115.0,8.418952312059712,1.0,0.8021049640923321,0.375,0.0,nan,0.02894134477825465,0.0,0.0,48.0,413.0,1.313857525587082,0.4449822339752207,0.33663576163305686,0.2164534512980113,-0.40552245802246034,-23.84536148235202,-5.639653947204351,153.4702003430575,247.1453646197915,,,,,,,,,,,,
370.0,0.0,128.0,8.324190772622833,1.0,0.7588223602301042,0.48936170212765956,0.0,0.0,0.02888412017167382,0.0,0.0,47.0,408.0,1.1705459356307983,0.4067404738872398,0.3044324291613654,0.20435332262596695,-0.40707286447286606,-2.4217764968052506,-12.058937529567629,119.53350632078946,158.17050824314356,1.0,1.0,1.0,0.0,1.0,0.43716999888420105,2.290527820587158,11.754257556633092,77.0,1.0,184.0,316.3629550564479
371.0,0.0,196.0,8.864849367663279,1.0,0.8429324803237025,0.40350877192982454,0.0,nan,0.028826895565092995,0.0,0.0,57.0,508.0,1.2048657536506653,0.3118658853886416,0.2762057966824337,0.071194645000089,-0.405307412147522,18.309041340835392,0.09866496315225959,59.050535935908556,82.16390305943787,,,,,,,,,,,,
372.0,0.0,200.0,7.062779279537509,0.75,0.974291964011339,0.3,0.0,nan,0.028769670958512163,0.0,0.0,50.0,423.0,1.7437793910503387,0.4745734515337876,0.33027789700107457,0.288405518980356,-0.40565140056423843,0.16082300525158644,3.3056754608696792,38.60026197228581,67.45312099158764,,,,,,,,,,,,
373.0,0.0,200.0,8.240166370645186,0.75,0.8739869760562645,0.39705882352941174,0.0,nan,0.028712446351931334,0.0,0.0,68.0,627.0,1.9936394863761961,0.68241979617444,0.31439690415690447,0.7358491493712433,-0.405307412147522,2.755483029060997,5.28681702259928,23.476148273795843,41.50269047729671,,,,,,,,,,,,
374.0,0.0,129.0,7.9161964783072545,1.0,0.6954993054886455,0.47619047619047616,0.0,nan,0.0286552217453505,0.0,0.0,42.0,354.0,2.5867848992347717,0.4233768611996993,0.3034231898888674,0.23959644754021125,-0.4411293708253652,0.029145437525585294,-17.772348651196808,218.6338603068143,282.26744693890214,,,,,,,,,,,,
375.0,0.0,200.0,6.2779191948473585,0.75,0.8944677665229401,0.3584905660377358,0.0,nan,0.028597997138769673,0.0,0.0,53.0,455.0,3.1588712334632874,0.7002511379460561,0.3288486265506371,0.7427314400367511,-0.405307412147522,0.0373611492686905,0.9872507401596522,20.665136595722288,34.4583275988698,,,,,,,,,,,,
376.0,0.0,165.0,8.746484390683484,1.0,0.791934193621349,0.48,0.0,nan,0.028540772532188844,0.0,0.0,50.0,446.0,1.3763937652111053,0.4196032003196475,0.3387277364838698,0.1615385416572903,-0.405307412147522,3.145305535523221,12.075061412993819,156.12351898336783,201.94473253190517,,,,,,,,,,,,
377.0,0.0,176.0,10.104415817149,1.0,0.6993178533593156,0.5573770491803278,0.0,nan,0.028483547925608012,0.0,0.0,61.0,534.0,5.260316491127014,0.38544803822825985,0.29653538572902877,0.17757445229595753,-0.405307412147522,-6.026948316721246,-11.847698339726776,100.4929763469845,148.81391153670847,,,,,,,,,,,,
378.0,0.0,200.0,3.90894030317666,0.25,0.8041473398339983,0.4430379746835443,0.0,nan,0.028426323319027186,0.0,0.0,79.0,666.0,3.3163578808307648,0.7746421391923999,0.33141317095699524,0.886412806008904,-0.4901308314874768,-0.8891390291973948,0.4109313599765301,7.65086306957528,15.629227630794048,,,,,,,,,,,,
379.0,0.0,98.0,6.952006020359699,1.0,0.7854448694943142,0.4117647058823529,0.0,nan,0.02836909871244635,0.0,0.0,34.0,279.0,0.9150676280260086,0.44279024786630927,0.31491926551967253,0.25548342477255437,-0.405307412147522,0.24313149834051728,11.252627513138577,119.83802253194153,182.49482237175107,,,,,,,,,,,,
380.0,0.0,200.0,6.570070521384489,0.75,0.8840931584498294,0.37037037037037035,0.0,0.0,0.028311874105865525,0.0,0.0,54.0,476.0,0.7451197654008865,0.26221488780178426,0.17184006638204335,0.18045048545909165,-0.405307412147522,3.532784028793685,-0.9813904454931617,57.00199190713465,74.02590451482683,1.0,1.0,1.0,0.0,1.0,1.1513773202896118,2.3837599754333496,11.960256834398024,75.0,1.0,177.0,265.1772962543371
381.0,0.0,173.0,9.45669575028123,1.0,0.8435031070994259,0.43333333333333335,0.0,nan,0.028254649499284697,0.0,0.0,60.0,543.0,3.4932485222816467,0.4595358453042646,0.3337576953841783,0.25123218910527445,-0.405307412147522,-5.229514923412353,-3.0738143569324166,59.66532529145479,91.82752464339137,,,,,,,,,,,,
382.0,0.0,200.0,7.344075131788866,0.75,0.8123404707785259,0.3898305084745763,0.0,nan,0.028197424892703864,0.0,0.0,59.0,540.0,2.0398499965667725,0.45155639899020894,0.3218775395624677,0.25916108556308126,-0.405307412147522,-0.40497069992125034,-1.2008220506540965,28.610925471410155,40.65926594659686,,,,,,,,,,,,
383.0,0.0,200.0,7.008758725821995,0.5,0.9336547307741059,0.38461538461538464,0.0,nan,0.028140200286123036,0.0,0.0,78.0,721.0,2.860538348555565,0.7623353782675908,0.32091871827872903,0.8827890315469009,-0.405307412147522,1.57016727514565,-0.8703694168943912,14.308572414331138,33.677289018407464,,,,,,,,,,,,
384.0,0.0,200.0,2.073451288044467,0.0,0.8252475684789415,0.5108695652173914,0.0,nan,0.028082975679542203,0.0,0.0,92.0,800.0,3.4303509294986725,0.6366419506792091,0.24410776002745896,0.785054851762014,-0.41728096501901746,-1.677690751850605,0.39258326683193445,6.052417658735067,25.040809830650687,,,,,,,,,,,,
385.0,0.0,158.0,5.3591860649641685,0.25,0.7375105908178367,0.5714285714285714,0.0,nan,0.028025751072961375,0.0,0.0,56.0,520.0,4.008287787437439,0.7728160474442685,0.44738980109858667,0.6505917285400679,-0.405307412147522,0.3699614377692342,-13.624628584831953,90.53942873328924,141.16328042000532,,,,,,,,,,,,
386.0,0.0,200.0,6.734547954723256,0.75,0.7937241425650315,0.4084507042253521,0.0,nan,0.02796852646638055,0.0,0.0,71.0,588.0,2.8507422283291817,0.5236406793234281,0.311825137425054,0.4234814949936574,-0.405307412147522,0.15255567140411586,-2.765286332461983,46.49553338019177,68.45377048105001,,,,,,,,,,,,
387.0,0.0,87.0,1.6273168149590544,0.0,0.8633978644599847,0.42857142857142855,0.0,nan,0.027911301859799717,0.0,0.0,42.0,348.0,3.6143252849578857,0.7272914122980296,0.3288954728602074,0.7966342926772576,-0.9274488084483892,-1.454300394281745,-4.465959250926971,73.56986603420228,219.546530906111,,,,,,,,,,,,
388.0,0.0,200.0,2.101942948997036,0.0,0.8580958647377845,0.3258426966292135,0.0,nan,0.027854077253218888,0.0,0.0,89.0,800.0,6.20540851354599,1.0724305697044167,0.3343734614650857,1.4761105543289919,-0.4356847268063575,-1.8127139750868082,-0.9517268743366003,7.817100586369634,54.43363378942013,,,,,,,,,,,,
389.0,0.0,187.0,1.2253201800584979,0.0,0.9057134248144447,0.3333333333333333,0.0,nan,0.027796852646638056,0.0,0.0,84.0,748.0,6.94762396812439,1.20819667682224,0.40782285349849506,1.5994780181728743,-0.4055483862757683,-4.467956658452749,0.7101491838693619,13.254225390031934,90.71474342048168,,,,,,,,,,,,
390.0,0.0,200.0,3.5215988746285465,0.5,0.7157004118035647,0.5645161290322581,0.0,0.0,0.027739628040057227,0.0,0.0,62.0,541.0,4.806561708450317,0.9231114993709255,0.32438667762786655,1.197429325986871,-0.405307412147522,-1.9783048937097192,1.2319986876100302,12.40147228166461,102.28223997354507,1.0,1.0,1.0,0.0,1.0,0.4034770429134369,2.1118295192718506,12.032819697342347,76.0,1.0,178.0,233.89897483985894
391.0,0.0,200.0,8.314028649479173,0.75,0.7615364667907001,0.5,0.0,nan,0.0276824034334764,0.0,0.0,70.0,627.0,4.1979018449783325,0.6554341309971221,0.32210921322858943,0.666509142352074,-0.40580567601136863,-0.3133502434939146,6.454427694901824,38.55089624598622,137.74165472388268,,,,,,,,,,,,
392.0,0.0,149.0,7.778120382390923,1.0,0.8554189407630418,0.4444444444444444,0.0,nan,0.027625178826895566,0.0,0.0,45.0,372.0,3.011069178581238,0.5667179945506957,0.3101374731518545,0.5128823248541483,-1.1634667902253568,-3.022493447177112,9.787455260753632,92.43950359523296,273.08179545402527,,,,,,,,,,,,
393.0,0.0,147.0,8.921584076508895,1.0,0.8239481037653784,0.42592592592592593,0.0,nan,0.027567954220314737,0.0,0.0,54.0,462.0,2.3507139682769775,0.4379297472680621,0.3111735689333722,0.2532596510371065,-0.4356688866391778,4.722114675678313,10.187897682189941,61.2087650410831,132.30488085746765,,,,,,,,,,,,
394.0,0.0,152.0,5.0191079518944175,0.5,0.7905597711849104,0.5172413793103449,0.0,nan,0.027510729613733905,0.0,0.0,58.0,523.0,5.229730010032654,1.1840102462459665,0.32479343277957257,1.7173533898106932,-0.5117569300346076,31.820237787789665,26.5114802159369,159.42890264093876,275.54809978604317,,,,,,,,,,,,
395.0,0.0,200.0,6.924069624543215,0.5,0.8388729863339478,0.45,0.0,nan,0.02745350500715308,0.0,0.0,80.0,664.0,3.1282626390457153,0.45381785191830204,0.29399346024511436,0.31954992984738484,-0.405307412147522,0.47557268384844065,2.134550705552101,30.974767619743943,71.30864813178778,,,,,,,,,,,,
396.0,0.0,200.0,5.846707810610538,0.75,0.9143731157356444,0.3148148148148148,0.0,nan,0.02739628040057225,0.0,0.0,54.0,484.0,2.4495323300361633,1.545287165869894,1.415443543111508,0.2595857265350221,-0.405307412147522,0.4790000282227993,5.39550053793937,34.44430595450103,87.22462972998619,,,,,,,,,,,,
397.0,0.0,200.0,7.774539277292808,0.75,0.8152686364489142,0.5238095238095238,0.0,nan,0.02733905579399142,0.0,0.0,63.0,569.0,4.16450309753418,0.7408494231775531,0.31093833473656973,0.8596606196803038,-0.405307412147522,-3.3982591265812516,7.644389051012695,70.82158440444618,129.54177117347717,,,,,,,,,,,,
398.0,0.0,200.0,7.045735941976335,0.5,0.8247561954220687,0.4470588235294118,0.0,nan,0.02728183118741059,0.0,0.0,85.0,704.0,3.4102782607078552,0.5655703496820195,0.3106745541708363,0.5096845171718574,-0.405307412147522,2.361849287059158,-0.11721566040068865,25.099730952642858,66.39451582729816,,,,,,,,,,,,
399.0,0.0,200.0,7.6625447124988,0.75,0.8970974345419571,0.36231884057971014,0.0,nan,0.027224606580829758,0.0,0.0,69.0,582.0,2.5761583894491196,0.5551598878016186,0.37060415173550926,0.36890588513743516,-0.405307412147522,-0.03840768337249756,11.355226218700409,61.25372380763292,173.99880407750607,,,,,,,,,,,,
400.0,0.0,200.0,4.391780394855897,0.5,0.7893716320222185,0.34285714285714286,0.0,0.19999999999999996,0.02716738197424893,0.0,0.0,70.0,562.0,3.7713309228420258,0.9565643926133549,0.5861070597433437,0.7408174333113557,-0.405307412147522,-4.225116439163685,1.2290882673114538,12.967772208154202,55.21970072388649,1.0,0.0,0.5,0.0,0.5,0.36762556433677673,1.5280945301055908,12.253242835307901,88.0,1.0,200.0,202.29823897033955
401.0,0.0,109.0,7.0599028095975545,1.0,0.8663426956320005,0.45714285714285713,0.0,nan,0.027110157367668097,0.0,0.0,35.0,291.0,0.8206668496131897,0.38579265220374137,0.303397425698549,0.16452310502962428,-0.405307412147522,0.8730196710675955,-0.2310678856447339,77.29007324576378,157.2216484360397,,,,,,,,,,,,
402.0,0.0,200.0,4.919431938603532,0.5,0.8171733921815858,0.40789473684210525,0.0,nan,0.027052932761087268,0.0,0.0,76.0,670.0,1.1061101108789444,0.463782326053601,0.32568536589221697,0.2760685518052036,-0.405307412147522,0.8582957610487938,2.1070027193054557,19.518565045669675,73.0364809781313,,,,,,,,,,,,
403.0,0.0,151.0,9.117377267107383,1.0,0.7136141132064981,0.5901639344262295,0.0,nan,0.026995708154506443,0.0,0.0,61.0,527.0,2.8724562525749207,0.4115339490248573,0.29400454762507905,0.23448629577020563,-0.405307412147522,-5.354151397012174,5.41023270227015,70.52779029123485,130.98661243915558,,,,,,,,,,,,
404.0,0.0,200.0,4.5651584914326815,0.5,0.8328272608257873,0.4166666666666667,0.0,nan,0.02693848354792561,0.0,0.0,72.0,626.0,3.0570201724767685,0.7801120497589,0.3555470322339196,0.8490663185121685,-0.405307412147522,-0.7069977102801204,-0.16262763855047524,14.475712486542761,45.29592293407768,,,,,,,,,,,,
405.0,0.0,200.0,5.38179886221887,0.5,0.7696271604518911,0.4533333333333333,0.0,nan,0.02688125894134478,0.0,0.0,75.0,688.0,1.8474190831184387,0.4961953796199694,0.3530875005416378,0.28593399231383587,-0.405307412147522,-0.6006224816665053,-5.263732952997088,41.41981766372919,115.09406219422817,,,,,,,,,,,,
406.0,0.0,121.0,7.022757758498196,1.0,0.5575338391625823,0.6756756756756757,0.0,nan,0.02682403433476395,0.0,0.0,37.0,323.0,4.113414466381073,0.5798105852698858,0.3226708122397632,0.5140712690949931,-0.447196748573333,-0.10567273013293743,-0.6435587131418288,79.67536143958569,124.19646640121937,,,,,,,,,,,,
407.0,0.0,55.0,0.45978136062622077,0.0,0.7015305134931661,0.6071428571428571,0.0,nan,0.02676680972818312,0.0,0.0,28.0,220.0,5.010837554931641,0.8279306294860692,0.33425784407564035,0.9854220875007741,-0.405307412147522,36.04656574617733,41.630152109536255,201.14934290105646,257.3704630418257,,,,,,,,,,,,
408.0,0.0,120.0,8.581508371941755,1.0,0.7947738469608716,0.44680851063829785,0.0,nan,0.02670958512160229,0.0,0.0,47.0,409.0,1.4210248291492462,0.4062326119788236,0.3029499335285567,0.2062487466755735,-0.405307412147522,3.766736381687224,11.199794003739953,113.59012112766504,189.54838118702173,,,,,,,,,,,,
409.0,0.0,51.0,0.7759448194503784,0.0,0.38273650320644625,0.7916666666666666,0.0,nan,0.02665236051502146,0.0,0.0,24.0,204.0,13.090688943862915,1.6213173319519425,0.3275428611352753,2.5844083121221813,-0.9111590867533403,-88.97333103301479,100.97780489687825,211.2895825516944,274.8800600837259,,,,,,,,,,,,
410.0,0.0,43.0,0.280447683930397,0.0,0.519370692228062,0.7083333333333334,0.0,0.19999999999999996,0.026595135908440634,0.0,0.0,24.0,172.0,8.54142165184021,0.9463016414404084,0.2984862492698909,1.2947805652794095,-1.3705009409161502,59.825395678364956,12.77093632553899,193.28578583307043,260.1400552128637,1.0,1.0,1.0,0.0,1.0,0.29204824566841125,2.345621109008789,11.990820244711358,77.0,1.0,178.0,233.89363503575345
411.0,0.0,159.0,8.915645095985397,1.0,0.8655981550881828,0.34545454545454546,0.0,nan,0.0265379113018598,0.0,0.0,55.0,475.0,5.7262282371521,0.6365832915199547,0.33379002742419195,0.6053000175696663,-1.01212735241279,-9.55765957525,-5.11288642231375,201.4663513749838,254.89619532227516,,,,,,,,,,,,
412.0,0.0,128.0,8.217722438722857,1.0,0.5884171616762065,0.6511627906976745,0.0,nan,0.026480686695278973,0.0,0.0,43.0,367.0,4.225609183311462,0.62057255704309,0.32846120436611614,0.5839489645293447,-0.40736021706834435,-13.027249915990978,8.152673152391799,200.7751483619213,325.0334339737892,,,,,,,,,,,,
413.0,0.0,166.0,9.452057553641513,1.0,0.7716926456891473,0.559322033898305,0.0,nan,0.026423462088698144,0.0,0.0,59.0,530.0,5.683751106262207,0.5783421290191626,0.33301447251620875,0.49037672546502087,-0.6193181993439794,-12.429057581350207,3.270953788422048,218.09221182763577,289.35335943102837,,,,,,,,,,,,
414.0,0.0,151.0,8.12019902251662,1.0,0.7153169571283414,0.5777777777777777,0.0,nan,0.026366237482117312,0.0,0.0,45.0,397.0,4.170482039451599,0.5340118719389153,0.30423228719222134,0.4591804878327528,-0.8469955853652209,-2.089572560042143,-28.72840220388025,183.707684032619,251.47443954646587,,,,,,,,,,,,
415.0,0.0,200.0,5.873860111758123,0.75,0.7235923786164604,0.5294117647058824,0.0,nan,0.026309012875536483,0.0,0.0,51.0,453.0,4.17740523815155,0.711287383758048,0.3229504068755989,0.7765182533940309,-0.7372714574448764,-0.2560881543904543,8.57929253578186,100.85880619101226,155.5031314790249,,,,,,,,,,,,
416.0,0.0,200.0,5.69154532060028,0.75,0.8624302284010478,0.43137254901960786,0.0,nan,0.02625178826895565,0.0,0.0,51.0,443.0,2.208679735660553,0.577801665972185,0.3653249147722432,0.42474999760042065,-0.4229533839970827,-0.9122766181826591,7.876100612804294,34.41946514323354,107.49414066970348,,,,,,,,,,,,
417.0,0.0,85.0,7.480994600057608,1.0,0.7163423669262534,0.5833333333333334,0.0,nan,0.026194563662374822,0.0,0.0,36.0,305.0,1.5880950093269348,0.3639674384515388,0.28361889001870433,0.1604295496144893,-0.5509491884149611,-9.820107700303197,-12.963865422643721,153.73423516750336,195.13293586671352,,,,,,,,,,,,
418.0,0.0,200.0,5.515934711880996,0.5,0.6176508587698512,0.6323529411764706,0.0,nan,0.026137339055793997,0.0,0.0,68.0,615.0,3.730322688817978,0.7435279879108679,0.2516292654004167,0.9836934115844067,-0.4061293771956116,-4.1666242284700274,10.046105468645692,27.88764315471053,100.11377497017384,,,,,,,,,,,,
419.0,0.0,200.0,4.477181090377284,0.5,0.7720379548828677,0.4050632911392405,0.0,nan,0.026080114449213165,0.0,0.0,79.0,694.0,2.795471429824829,0.49617652273348156,0.22212986543338226,0.5479597598479948,-0.4059005603194237,-5.810911720618606,1.4964028857648373,36.637985372915864,79.13901594281197,,,,,,,,,,,,
420.0,0.0,200.0,6.356541604287944,0.5,0.7274691446394824,0.5522388059701493,0.0,0.4,0.026022889842632336,0.0,0.0,67.0,608.0,2.1159350275993347,0.4277826767004953,0.3165237874884797,0.2224056955548258,-0.405307412147522,-4.890942391008139,4.947176376357675,52.87682946398854,128.50122280418873,1.0,0.0,0.75,0.0,0.75,0.4895215928554535,2.2315866947174072,12.224297374445086,90.0,1.0,200.0,289.90980247780715
421.0,0.0,200.0,4.167259551584745,0.0,0.8579632073448302,0.4606741573033708,0.0,nan,0.025965665236051504,0.0,0.0,89.0,800.0,1.65293450653553,0.5727848699113665,0.3729232676251714,0.3996938713080951,-0.405307412147522,-1.4993973216041923,5.156166856177151,11.29874369315803,67.33425229787827,,,,,,,,,,,,
422.0,0.0,200.0,5.495830807164327,0.5,0.8053085179185019,0.4507042253521127,0.0,nan,0.025908440629470675,0.0,0.0,71.0,637.0,2.5175437331199646,0.367019453742671,0.25873620779604495,0.21645845973284855,-0.405307412147522,1.550820973701775,-3.378854674519971,25.610136083327234,55.36722508445382,,,,,,,,,,,,
423.0,0.0,72.0,0.42756703376770117,0.0,0.9230360656882733,0.37142857142857144,0.0,nan,0.025851216022889846,0.0,0.0,35.0,288.0,3.0297237038612366,0.6651142394068399,0.2720777324813624,0.785732161787605,-0.405307412147522,-11.788717937655747,12.29756667278707,20.551084698177874,50.80790536478162,,,,,,,,,,,,
424.0,0.0,200.0,6.267185144871485,0.75,0.7347798187556133,0.5818181818181818,0.0,nan,0.025793991416309014,0.0,0.0,55.0,470.0,1.4959044456481934,0.4625477405063768,0.3737337277395334,0.17673647173551976,-0.405307412147522,0.0815147259272635,-8.226301070069894,22.1612209090963,43.22222004644573,,,,,,,,,,,,
425.0,0.0,200.0,5.241168466359381,0.75,0.9543715047438258,0.3064516129032258,0.0,nan,0.025736766809728185,0.0,0.0,62.0,509.0,0.6810559183359146,0.3325935078865848,0.28865875509482547,0.08781892944782127,-0.405307412147522,0.5821554835420102,-0.5960167464800179,10.15462733246386,29.83895952720195,,,,,,,,,,,,
426.0,0.0,200.0,5.579288846701387,0.75,0.7671803685373991,0.47058823529411764,0.0,nan,0.025679542203147353,0.0,0.0,51.0,452.0,0.6940714418888092,0.27799393295806296,0.23620508436321114,0.08340397185323212,-0.405307412147522,2.9862794186919928,1.1640556771308184,59.399648893624544,81.68715592473745,,,,,,,,,,,,
427.0,0.0,200.0,6.418673545494686,0.75,0.8422052719015775,0.5,0.0,nan,0.025622317596566527,0.0,0.0,54.0,485.0,1.621451497077942,0.49216633962651435,0.429819989496199,0.12457733941579771,-0.4108315540943295,-10.186487744562328,-0.25624394975602627,57.10826962534338,82.0895365588367,,,,,,,,,,,,
428.0,0.0,200.0,7.456402091532974,0.5,0.8599961022677928,0.4943820224719101,0.0,nan,0.0255650929899857,0.0,0.0,89.0,746.0,3.5123384445905685,0.2942621853937304,0.25390517458066886,0.0806248890378091,-0.40540934540331364,-12.274617495946586,-7.700400337576866,92.39309139922261,128.74296974390745,,,,,,,,,,,,
429.0,0.0,200.0,4.993724259287138,0.25,0.8287171037110851,0.4567901234567901,0.0,nan,0.025507868383404866,0.0,0.0,81.0,713.0,3.2039361596107483,1.3881106476042078,0.9864771176604892,0.8031633607427917,-0.405307412147522,-20.317366768373176,0.23528725397773087,47.06316268257797,73.58238849788904,,,,,,,,,,,,
430.0,0.0,200.0,4.688416935056466,0.25,0.8776405724952712,0.3875,0.0,0.6,0.025450643776824038,0.0,0.0,80.0,683.0,1.4218026101589203,0.257341945072767,0.17355135944725375,0.16753974295176055,-0.405307412147522,-0.07095929887145758,-0.2706838082522154,11.011214434169233,34.594916328787804,1.0,0.0,0.5,0.0,0.5,0.4285643994808197,2.28816556930542,13.020177256745228,87.0,1.0,200.0,147.33352726139142
431.0,0.0,200.0,3.6055937187373734,0.25,0.9476876016266788,0.2948717948717949,0.0,nan,0.025393419170243205,0.0,0.0,78.0,664.0,0.7973437830805779,0.4294280503298018,0.30060128087745197,0.2574822726676369,-0.4222229055594653,-4.0750628393143415,-2.0185886239632964,10.389323816634715,58.87738621234894,,,,,,,,,,,,
432.0,0.0,200.0,7.458792333900951,0.5,0.6974356145710651,0.6133333333333333,0.0,nan,0.025336194563662377,0.0,0.0,75.0,701.0,3.9019822776317596,0.4258506001906248,0.22933898178961945,0.39283749428501125,-0.4053743814583868,-2.7886780775152147,-9.302058251574636,44.808877162635326,65.0232955031097,,,,,,,,,,,,
433.0,0.0,200.0,4.650711394846463,0.0,0.8756112328793224,0.36666666666666664,0.0,nan,0.025278969957081544,0.0,0.0,90.0,800.0,1.9579544365406036,0.23452955255136487,0.12163106950161734,0.22573727781034625,-0.40559445484541357,0.8531939592212439,-0.6315298331901431,94.38236906193197,137.85210444405675,,,,,,,,,,,,
434.0,0.0,178.0,4.23196637004616,0.0,0.8445467378457839,0.4691358024691358,0.0,nan,0.025221745350500716,0.0,0.0,81.0,712.0,1.410948060452938,0.34690381390199754,0.19612056396346192,0.3014812509934638,-0.405307412147522,0.38656033389270306,0.3236629208549857,11.747942257672548,47.605789978057146,,,,,,,,,,,,
435.0,0.0,200.0,6.012168532013909,0.75,0.8437033153256435,0.5,0.0,nan,0.02516452074391989,0.0,0.0,58.0,504.0,0.8251567780971527,0.4130945904661633,0.3236390377331369,0.17883828938749805,-0.405307412147522,-1.9133377242833376,-2.783931347541511,16.36119874008,41.25440639257431,,,,,,,,,,,,
436.0,0.0,200.0,7.042600506171598,0.75,0.899215582764356,0.3384615384615385,0.0,nan,0.025107296137339058,0.0,0.0,65.0,555.0,1.5348299890756607,0.36248913439322283,0.31946372230089226,0.08597627429582222,-0.405307412147522,-0.3942887673038058,-2.888631834095577,22.778844263404608,49.26676679030061,,,,,,,,,,,,
437.0,0.0,63.0,-0.2672229456901546,0.0,0.7764711264535576,0.5333333333333333,0.0,nan,0.02505007153075823,0.0,0.0,30.0,252.0,8.166705846786499,1.1406490771012412,0.2513190119831674,1.775646411052646,-0.405307412147522,4.534968305201757,93.73994285625125,104.7033702996042,183.21312253058903,,,,,,,,,,,,
438.0,0.0,200.0,3.88122923359277,0.25,0.931127203762841,0.3058823529411765,0.0,nan,0.024992846924177397,0.0,0.0,85.0,781.0,0.7419898360967636,0.4475792624186674,0.37064503616270883,0.15322664588345347,-0.405307412147522,-1.425114816520363,1.6675751423463225,10.47958198376,46.43623945489526,,,,,,,,,,,,
439.0,0.0,200.0,3.7103233966231453,0.25,0.9059566670693092,0.3176470588235294,0.0,nan,0.024935622317596568,0.0,0.0,85.0,758.0,2.389751121401787,0.517674777370396,0.29872674751439576,0.43774837784189924,-0.405307412147522,-7.701856536790729,0.8803925067186356,24.725774661637843,55.11639455705881,,,,,,,,,,,,
440.0,0.0,200.0,5.657763758972298,0.75,0.8138260706280435,0.47058823529411764,0.0,0.6,0.02487839771101574,0.0,0.0,51.0,453.0,2.308444023132324,0.540365455880061,0.29309550950177415,0.49446018514402956,-0.405307412147522,-11.260710753500462,-4.20725164655596,91.87235551513731,129.65115901827812,1.0,1.0,1.0,0.0,1.0,0.38482603430747986,2.263455867767334,11.788721953402273,78.0,1.0,184.0,315.09221602402664
441.0,0.0,200.0,7.4590478840470436,0.75,0.8059972845835397,0.5416666666666666,0.0,nan,0.024821173104434907,0.0,0.0,72.0,678.0,3.9645711481571198,0.49217762233953977,0.3469539389824616,0.29027790845358475,-0.4092879784293473,23.742997354303952,-22.12556902691722,146.71218454651535,192.05451306700706,,,,,,,,,,,,
442.0,0.0,200.0,6.888446220606581,0.75,0.8804156377573754,0.3898305084745763,0.0,nan,0.024763948497854082,0.0,0.0,59.0,526.0,1.6379357874393463,0.36951287343474953,0.31072460415521164,0.11750291910193289,-0.4234574574511498,3.2590703770983964,-2.44728911947459,18.38185179233551,38.764065887779,,,,,,,,,,,,
443.0,0.0,200.0,7.700020706653613,0.75,0.7701020161449288,0.5409836065573771,0.0,nan,0.02470672389127325,0.0,0.0,61.0,560.0,1.7242857813835144,0.3612700952767028,0.32057939893265647,0.08124726579881124,-0.405307412147522,5.316114524379373,-4.291488396003842,102.18713604845107,143.9574988335371,,,,,,,,,,,,
444.0,0.0,200.0,6.386070717647678,0.75,0.8573025868603187,0.4482758620689655,0.0,nan,0.02464949928469242,0.0,0.0,58.0,499.0,1.8031233549118042,0.4073325049487462,0.3150068186556596,0.18455802816413514,-0.405307412147522,3.256847109994851,-11.512298780493438,62.78772738855332,94.88746794313192,,,,,,,,,,,,
445.0,0.0,200.0,7.7195953746140145,0.75,0.6928844512488529,0.6078431372549019,0.0,nan,0.024592274678111592,0.0,0.0,51.0,457.0,2.5333006978034973,0.45662809947477356,0.3086855948477986,0.2955243802011366,-0.5449623556341976,35.702359766699374,-0.7090506441891193,258.47275534272194,339.4229770898819,,,,,,,,,,,,
446.0,0.0,162.0,8.289394248239706,1.0,0.8409858015958259,0.5,0.0,nan,0.02453505007153076,0.0,0.0,54.0,484.0,4.161105155944824,0.43777738803119703,0.2837584758853498,0.307881259225828,-0.4306544829159975,5.749027518089861,5.190273739397526,120.3708099424839,173.07006165385246,,,,,,,,,,,,
447.0,0.0,200.0,6.304496032036861,0.5,0.8415286525355036,0.4927536231884058,0.0,nan,0.02447782546494993,0.0,0.0,69.0,586.0,1.5878759697079659,0.39742780302577874,0.28344749260233315,0.22784615818936566,-0.405307412147522,-1.1684402645914815,0.9621361340396106,18.765257065650076,38.48031447455287,,,,,,,,,,,,
448.0,0.0,200.0,7.728719904236511,0.75,0.795587493784771,0.5081967213114754,0.0,nan,0.0244206008583691,0.0,0.0,61.0,539.0,4.659903645515442,0.6894265619044972,0.37878018749016323,0.6208925077814529,-0.45172087266109884,-4.4208810878917575,2.89132216386497,40.52129213325679,94.56835913658142,,,,,,,,,,,,
449.0,0.0,60.0,3.571207433715463,0.5,0.8274095654878446,0.5,0.0,nan,0.02436337625178827,0.0,0.0,28.0,229.0,3.7196933031082153,0.8600668093049813,0.33551106438504763,1.0396226801127766,-0.4172709154770364,-61.1614384505426,88.6384773233572,278.5917194816223,343.94704963650764,,,,,,,,,,,,
450.0,0.0,170.0,9.329271548613919,1.0,0.8048437355953367,0.49056603773584906,0.0,0.20000000000000007,0.024306151645207445,0.0,0.0,53.0,480.0,5.412439227104187,0.554053177681709,0.32334145137651843,0.4610893087936637,-0.4076544838026166,-9.489723281469196,-7.142790222540498,249.82651019841433,311.9131138473749,1.0,1.0,1.0,0.0,1.0,0.3888913094997406,2.348283290863037,11.922222699220583,85.0,1.0,190.0,251.26837498918206
451.0,0.0,200.0,7.465875042770077,0.75,0.8698420065603851,0.4264705882352941,0.0,nan,0.024248927038626612,0.0,0.0,68.0,597.0,2.7672298848629,0.5483540608261137,0.3004175020809041,0.4953515073714886,-0.40608007623814046,-5.082927238632692,7.931207486893982,40.067669725976884,79.64337141439319,,,,,,,,,,,,
452.0,0.0,184.0,8.949287953600301,1.0,0.6992801522911896,0.5192307692307693,0.0,nan,0.024191702432045784,0.0,0.0,52.0,470.0,3.5065281987190247,0.5420699981776309,0.2983315620048923,0.48727877991045165,-0.405307412147522,1.9573720754124224,-3.901892887428403,102.12875913828611,194.73190002143383,,,,,,,,,,,,
453.0,0.0,200.0,5.669197783917202,0.5,0.8811906946863953,0.34782608695652173,0.0,nan,0.02413447782546495,0.0,0.0,69.0,573.0,1.417714774608612,0.3950823403245636,0.300386840846771,0.18922166521090494,-0.405307412147522,-3.9087991882115602,-3.009833274409175,55.40902711637318,129.3705878779292,,,,,,,,,,,,
454.0,0.0,200.0,4.2289555877447285,0.25,0.8378233560070039,0.32,0.0,nan,0.024077253218884122,0.0,0.0,75.0,660.0,1.1544477939605713,0.39470441048730365,0.35915711060576644,0.07062658320096789,-0.405307412147522,-1.6175152668729424,1.1184505745768547,14.336875412613153,59.673951387405396,,,,,,,,,,,,
455.0,0.0,76.0,3.9015368096903,0.25,0.509484383352635,0.7333333333333333,0.0,nan,0.024020028612303294,0.0,0.0,30.0,251.0,4.3571449518203735,0.763391846655001,0.3461177377386924,0.834210441254245,-0.41981322404397914,13.395443523725666,-13.933847583147633,168.55751258728515,219.58783870864198,,,,,,,,,,,,
456.0,0.0,200.0,4.864640281051409,0.25,0.7825737368739397,0.44565217391304346,0.0,nan,0.02396280400572246,0.0,0.0,92.0,767.0,2.222077965736389,0.483001187655973,0.3286362295969119,0.3086791142791465,-0.405307412147522,-2.037091724050697,-1.2330429246649146,37.2018537055701,71.67183451540768,,,,,,,,,,,,
457.0,0.0,200.0,6.409143117740763,0.75,0.8629785604390384,0.43137254901960786,0.0,nan,0.023905579399141633,0.0,0.0,51.0,433.0,1.760142058134079,0.4179110466146767,0.32826283799866707,0.179135331568677,-0.405307412147522,-6.538873752579093,-10.58639138750732,106.79859977215528,157.13129924237728,,,,,,,,,,,,
458.0,0.0,49.0,0.6804665496945379,0.0,0.9137464928744529,0.3333333333333333,0.0,nan,0.0238483547925608,0.0,0.0,24.0,196.0,2.878953516483307,0.5542941585695282,0.27106951420598835,0.5580385507627449,-0.405307412147522,-11.094334980662989,78.51454736261951,213.5633828639984,271.8696808717689,,,,,,,,,,,,
459.0,0.0,158.0,9.142981400415316,1.0,0.590341841941935,0.7169811320754716,0.0,nan,0.023791130185979975,0.0,0.0,53.0,472.0,3.041874408721924,0.40679740427067657,0.3128866694822286,0.18757953755887158,-0.405307412147522,-1.3660495639778674,-29.323163682594895,171.2483322918415,205.0871601961553,,,,,,,,,,,,
460.0,0.0,64.0,1.2848565994203105,0.0,0.7792963363583365,0.4375,0.0,0.20000000000000007,0.023733905579399146,0.0,0.0,32.0,256.0,3.726011335849762,0.725414575868145,0.2864370351183516,0.8778155113302955,-0.405307412147522,-17.536345526576042,-6.601334119215608,98.15126582607627,217.91285974532366,1.0,1.0,1.0,0.0,1.0,0.09998315572738647,2.256011962890625,11.841718881682027,75.0,1.0,179.0,281.37510008461805
461.0,0.0,200.0,6.329881635159282,0.25,0.8043053287894264,0.4235294117647059,0.0,nan,0.023676680972818314,0.0,0.0,85.0,756.0,1.8588927537202835,0.32946981408277387,0.27006829386876197,0.11867324762630724,-0.405307412147522,35.428991408785805,18.675918633118272,69.58214814402163,122.7851861268282,,,,,,,,,,,,
462.0,0.0,200.0,4.880933166146294,0.5,0.9006829616654276,0.32051282051282054,0.0,nan,0.023619456366237485,0.0,0.0,78.0,656.0,1.5455141067504883,0.33070099212740445,0.15497330189385428,0.3514079509182011,-0.405307412147522,-0.6041060807183385,0.3538872767239809,14.248049046844244,49.666975013911724,,,,,,,,,,,,
463.0,0.0,21.0,-0.9684849298000335,0.0,0.66952341768758,0.4166666666666667,0.0,nan,0.023562231759656653,0.0,0.0,12.0,84.0,10.548969030380249,1.7739442546651065,0.2805945516530625,2.974665373540726,-0.40788035307611736,72.27617038999286,-17.604114555177233,187.10203082220895,325.8306284404936,,,,,,,,,,,,
464.0,0.0,200.0,4.077841322273027,0.25,0.833710384274249,0.38095238095238093,0.0,nan,0.023505007153075824,0.0,0.0,84.0,719.0,0.761177308857441,0.3581852631894018,0.33300247732239235,0.050352211516201534,-0.405307412147522,-2.183378228917718,-0.07754670269787312,12.910901864990592,34.7650690972805,,,,,,,,,,,,
465.0,0.0,200.0,5.971425164192924,0.75,0.8539897814123691,0.3541666666666667,0.0,nan,0.023447782546494992,0.0,0.0,48.0,422.0,1.7512239515781403,0.44221678375033946,0.290786956868977,0.3026929743832487,-0.405307412147522,-6.906889418605715,-0.41517959348857403,57.94367563724518,112.10744009912014,,,,,,,,,,,,
466.0,0.0,139.0,5.452996367663156,0.25,0.7401855890012802,0.5660377358490566,0.0,nan,0.023390557939914167,0.0,0.0,53.0,482.0,4.2075605392456055,0.6684848678795134,0.3325601735803059,0.6716481240890895,-0.405307412147522,8.041917404159904,-15.27359711023746,116.54068242292851,165.57252177596092,,,,,,,,,,,,
467.0,0.0,77.0,3.0089513255655795,0.25,0.6929753337843946,0.5526315789473685,0.0,nan,0.023333333333333338,0.0,0.0,38.0,306.0,6.934767246246338,1.0480144157326663,0.2981296861867462,1.4964045605423948,-0.7693677905481309,10.255637622438371,49.750255016610026,242.23500450700521,328.57957738637924,,,,,,,,,,,,
468.0,0.0,157.0,9.421375339925305,1.0,0.5830561660782452,0.7169811320754716,0.0,nan,0.023276108726752506,0.0,0.0,53.0,482.0,4.835451126098633,0.5239705416056211,0.31885685976703826,0.40999943937901945,-0.6386069958098233,2.2509973449632525,-11.551417449489236,156.5335590839386,218.8301896750927,,,,,,,,,,,,
469.0,0.0,194.0,9.886149543114026,1.0,0.7075225390516382,0.609375,0.0,nan,0.023218884120171677,0.0,0.0,64.0,579.0,2.617497682571411,0.4947767441097142,0.31750461026312277,0.3542479996253207,-0.405307412147522,-8.181164860259742,-0.5546874715946615,131.50018707755953,225.91769932955503,,,,,,,,,,,,
470.0,0.0,177.0,9.242837371863438,1.0,0.6388005284029558,0.6346153846153846,0.0,0.20000000000000007,0.023161659513590845,0.0,0.0,52.0,465.0,2.907434403896332,0.49042453262147045,0.3113702518598501,0.35778694893897767,-0.4164775188546628,-7.761342672281899,-11.35633216612041,242.6182031929493,392.7417293190956,1.0,1.0,1.0,0.0,1.0,0.2574923038482666,2.4142026901245117,11.775903935544193,73.0,1.0,178.0,295.16138068892093
471.0,0.0,127.0,8.243345263861128,1.0,0.8039420208539483,0.5348837209302325,0.0,nan,0.023104434907010016,0.0,0.0,43.0,367.0,2.5454127192497253,0.39476703441237126,0.2946867098919314,0.19984576371481166,-0.6447806134819984,0.3424640540033579,-1.8410414792597294,292.81602841615677,391.54903358221054,,,,,,,,,,,,
472.0,0.0,134.0,7.490789583623416,1.0,0.8571686702961302,0.42105263157894735,0.0,nan,0.023047210300429187,0.0,0.0,38.0,313.0,2.35559344291687,0.39721946039024836,0.26714287593199443,0.2598566135643843,-0.6216765828430653,9.813096484169364,-11.301063377410173,280.8375226184726,385.03518027067184,,,,,,,,,,,,
473.0,0.0,142.0,8.86818075194956,1.0,0.8024813822224238,0.5098039215686274,0.0,nan,0.022989985693848355,0.0,0.0,51.0,439.0,3.0950751304626465,0.48084478600543434,0.31268628930777337,0.33599628998663944,-0.405307412147522,-41.4610957428813,9.623364828526974,275.3006499707699,422.41540920734406,,,,,,,,,,,,
474.0,0.0,154.0,8.651775690466177,1.0,0.6472988972684018,0.6296296296296297,0.0,nan,0.02293276108726753,0.0,0.0,54.0,463.0,2.463234782218933,0.4433778434891167,0.29882736912726926,0.28870848265417637,-0.4294376070611179,-10.028074604459107,2.919938839972019,277.11132272332907,407.39115661382675,,,,,,,,,,,,
475.0,0.0,136.0,8.1860169254616,1.0,0.6305813992758894,0.6444444444444445,0.0,nan,0.022875536480686697,0.0,0.0,45.0,386.0,1.194256216287613,0.3653802667226862,0.3041595692079895,0.12216092240647557,-0.405307412147522,-3.6652534138411283,-3.253828135319054,160.40631541609764,356.83908888697624,,,,,,,,,,,,
476.0,0.0,37.0,-0.023685867786407522,0.0,0.610114644865029,0.65,0.0,nan,0.02281831187410587,0.0,0.0,20.0,148.0,14.817424535751343,1.8593327059335099,0.33701814801116575,3.0388122668155613,-0.40714911592973246,-10.889003650562183,55.475418351792,373.8386018082902,424.4479151545344,,,,,,,,,,,,
477.0,0.0,176.0,9.043875089362277,1.0,0.7884922860874589,0.5,0.0,nan,0.02276108726752504,0.0,0.0,56.0,492.0,2.3375189900398254,0.46292318178318226,0.31123113350804477,0.30313291856411156,-0.405307412147522,3.12758425809443,6.119167102966458,171.104142986238,297.4990639090538,,,,,,,,,,,,
478.0,0.0,137.0,8.02192886903883,1.0,0.681275929435247,0.5869565217391305,0.0,nan,0.022703862660944207,0.0,0.0,46.0,411.0,1.4202920198440552,0.39168274394265734,0.3164389318128867,0.150263447477045,-0.405307412147522,9.704507722519338,-2.6388884987682104,154.7296458259225,349.06217819452286,,,,,,,,,,,,
479.0,0.0,94.0,7.1978891215100935,1.0,0.799072435347308,0.5,0.0,nan,0.02264663805436338,0.0,0.0,36.0,287.0,0.68095663189888,0.35108597806575936,0.29333705595426346,0.11516421693676926,-0.405307412147522,-1.8493362767621875,-0.6824913742020726,190.15531431138515,331.7479752600193,,,,,,,,,,,,
480.0,0.0,164.0,8.951193253248945,1.0,0.6694794207632835,0.6491228070175439,0.0,0.6,0.022589413447782546,0.0,0.0,57.0,513.0,1.265006572008133,0.3763315497084534,0.31570393021042803,0.11712438565384531,-0.405307412147522,-4.398345275549218,-30.709046794101596,223.61664927005768,357.2393091917038,1.0,1.0,1.0,0.0,1.0,0.33540692925453186,2.4938249588012695,11.787503713043407,74.0,1.0,176.0,286.42397369235783
481.0,0.0,120.0,8.07501195106656,1.0,0.6085056832690203,0.6666666666666666,0.0,nan,0.022532188841201718,0.0,0.0,42.0,364.0,1.1287981867790222,0.3948031042938633,0.31454760284089434,0.16023853101796645,-0.405307412147522,5.212008670554496,2.8384952284395695,111.98103316128254,291.20010244846344,,,,,,,,,,,,
482.0,0.0,200.0,5.651655124351386,0.75,0.8023809447992825,0.41818181818181815,0.0,nan,0.022474964234620892,0.0,0.0,55.0,486.0,1.0777544379234314,0.4697592102353916,0.31591708038864685,0.30753086896497184,-0.405307412147522,-17.778773040452506,-0.1874935608357191,34.26024034060538,149.16807366907597,,,,,,,,,,,,
483.0,0.0,163.0,8.446969978315767,1.0,0.651678739233884,0.6590909090909091,0.0,nan,0.02241773962804006,0.0,0.0,44.0,391.0,1.4386924803256989,0.4097132031247597,0.29899602574413403,0.2211731541021566,-0.405307412147522,14.32128574460512,-2.899600250646472,173.46561203897,338.30709221959114,,,,,,,,,,,,
484.0,0.0,135.0,9.825797941610233,1.0,0.5852564937408914,0.7017543859649122,0.0,nan,0.02236051502145923,0.0,0.0,57.0,507.0,1.2401515543460846,0.36142484390464347,0.3194466795463258,0.08372862793627378,-0.405307412147522,-42.06474778801203,-4.230580594623461,71.66057010367513,308.88786719739437,,,,,,,,,,,,
485.0,0.0,171.0,7.9602733083814465,1.0,0.7769982747872574,0.5454545454545454,0.0,nan,0.0223032904148784,0.0,0.0,44.0,372.0,1.7371523082256317,0.40651422187261943,0.2961709228651816,0.2203817350230357,-0.405307412147522,-9.924969078972936,1.1196885760873556,157.83728604018688,346.0668818950653,,,,,,,,,,,,
486.0,0.0,98.0,7.486612884402281,1.0,0.6408838642441773,0.6486486486486487,0.0,nan,0.02224606580829757,0.0,0.0,37.0,307.0,2.0027718245983124,0.44144453314774246,0.3238483767470847,0.23497032749698407,-0.405307412147522,-6.688531727064401,-4.860277064610273,80.45931655913591,312.60612815618515,,,,,,,,,,,,
487.0,0.0,156.0,9.845868846885876,1.0,0.6675262980414443,0.6206896551724138,0.0,nan,0.02218884120171674,0.0,0.0,58.0,508.0,0.8332000374794006,0.3396356590711198,0.295632403450762,0.08767134451555576,-0.405307412147522,-30.58672975108493,0.6653039779048413,76.36150689423084,328.6982837021351,,,,,,,,,,,,
488.0,0.0,143.0,7.917155136913069,1.0,0.6845269614238307,0.6,0.0,nan,0.02213161659513591,0.0,0.0,40.0,340.0,2.765228509902954,0.4665728469988668,0.27374551152029597,0.38533796152016286,-0.405307412147522,41.5649394323118,0.4162268163636327,227.91758692264557,410.53983145952225,,,,,,,,,,,,
489.0,0.0,136.0,8.113412469662736,1.0,0.7568241295505267,0.4,0.0,nan,0.022074391988555084,0.0,0.0,45.0,391.0,1.0711692869663239,0.4339723457116236,0.327645395643966,0.21229003807832392,-0.405307412147522,23.07889359211549,-0.3337983675301075,113.86352328211069,359.0297017097473,,,,,,,,,,,,
490.0,0.0,124.0,8.196898805499087,1.0,0.845725914672045,0.3617021276595745,0.0,0.6,0.022017167381974248,0.0,0.0,47.0,399.0,1.903095006942749,0.3870243913747799,0.307741480431022,0.15824373231040834,-0.405307412147522,-49.57385241170414,8.459418452344835,154.46768653392792,386.03532671928406,1.0,1.0,1.0,0.0,1.0,0.5459290742874146,2.1726796627044678,11.781464122585021,74.0,1.0,174.0,278.94946368061034
491.0,0.0,119.0,8.209433539435276,1.0,0.6554986203446842,0.5333333333333333,0.0,nan,0.021959942775393423,0.0,0.0,45.0,381.0,1.1749500036239624,0.40422911300699127,0.31613986422778817,0.17579612564341152,-0.405307412147522,21.193077489268035,10.476223619654775,145.3492705076933,405.19200003147125,,,,,,,,,,,,
492.0,0.0,134.0,8.407122155167173,1.0,0.5895231213986512,0.7045454545454546,0.0,nan,0.021902718168812594,0.0,0.0,44.0,392.0,2.4203675389289856,0.5043719212078202,0.398901234296143,0.21069126943804373,-0.405307412147522,25.744419308030047,-0.08709859568625689,235.49037542939186,409.3032121658325,,,,,,,,,,,,
493.0,0.0,172.0,10.223923625126497,1.0,0.5478190368161258,0.7241379310344828,0.0,nan,0.02184549356223176,0.0,0.0,58.0,522.0,3.319160044193268,0.3553661682442073,0.2900410517486527,0.13037922526718593,-0.405307412147522,-25.100409536156803,-18.08544129319489,276.2260696142912,419.930721282959,,,,,,,,,,,,
494.0,0.0,152.0,8.221855604946622,1.0,0.6435141248143633,0.6190476190476191,0.0,nan,0.021788268955650933,0.0,0.0,42.0,368.0,2.825567841529846,0.3931847128866224,0.25802567039354507,0.2700420098497002,-0.405307412147522,29.21316393162124,4.218068002257496,223.46856147050858,406.60751563310623,,,,,,,,,,,,
495.0,0.0,164.0,8.140680866166958,1.0,0.600588533031443,0.6521739130434783,0.0,nan,0.0217310443490701,0.0,0.0,46.0,386.0,1.6864582896232605,0.4133184017588374,0.3335130956795743,0.15938584724642346,-0.405307412147522,4.808310067513958,-7.605258150957525,199.2158694267273,386.9538183808327,,,,,,,,,,,,
496.0,0.0,77.0,6.669173940718174,1.0,0.7972799680611572,0.4117647058823529,0.0,nan,0.021673819742489272,0.0,0.0,34.0,272.0,0.6169562786817551,0.35363920272835364,0.29536323119193236,0.11634250781866284,-0.405307412147522,-10.04641732876189,5.6773896450176835,100.08232297003269,323.78582179546356,,,,,,,,,,,,
497.0,0.0,88.0,6.879527271501724,1.0,0.7637395720369509,0.5483870967741935,0.0,nan,0.02161659513590844,0.0,0.0,31.0,254.0,0.8328237235546112,0.3947221905417834,0.32176732494854576,0.14571513078689524,-0.405307412147522,-4.419784236142016,22.933079020244868,129.8788898760878,336.8948299377922,,,,,,,,,,,,
498.0,0.0,120.0,6.9775368468835985,1.0,0.6100973497777845,0.6666666666666666,0.0,nan,0.021559370529327614,0.0,0.0,33.0,275.0,0.8669639229774475,0.36818986610589377,0.2966000303954637,0.1429246332019279,-0.405307412147522,13.662785422988236,3.1832628906704485,57.63026127964258,316.0115199685097,,,,,,,,,,,,
499.0,0.0,166.0,9.724934022892285,1.0,0.7237912536025478,0.5862068965517241,0.0,nan,0.021502145922746786,0.0,0.0,58.0,533.0,2.577379286289215,0.42413045467019117,0.2871471220535622,0.27316561269596196,-0.405307412147522,38.92659016000107,-6.5032672099769115,192.42776565253735,393.7180938720703,,,,,,,,,,,,
500.0,0.0,137.0,8.681846572384249,1.0,0.4843107357654661,0.7111111111111111,0.0,0.4,0.021444921316165953,0.0,0.0,45.0,403.0,1.4239276945590973,0.38848651475516505,0.31611913580085954,0.14446992646769585,-0.405307412147522,-19.311891809338704,-17.355200935155153,203.6023520231247,404.1881785392761,1.0,1.0,1.0,0.0,1.0,0.47047725319862366,2.314875841140747,11.783499347046018,74.0,1.0,174.0,282.6968813615295
501.0,0.0,64.0,1.8012367041781556,0.25,0.4216423389623812,0.7407407407407407,0.0,nan,0.021387696709585124,0.0,0.0,27.0,230.0,9.114913940429688,1.2324946683982245,0.3179015494330199,1.8274994350522173,-0.405307412147522,-43.61749728969906,-20.218346644484477,283.93305999092433,405.36922063412874,,,,,,,,,,,,
502.0,0.0,147.0,8.480015878789136,1.0,0.658232651438337,0.625,0.0,nan,0.021330472103004292,0.0,0.0,48.0,421.0,1.6983764171600342,0.46876503676000425,0.34327895656403223,0.25067867596118176,-0.405307412147522,2.7757645552046597,16.05135997198522,212.83615189790726,402.40789926052094,,,,,,,,,,,,
503.0,0.0,66.0,1.778875126652422,0.0,0.6344083169318213,0.6875,0.0,nan,0.021273247496423463,0.0,0.0,32.0,264.0,8.030375838279724,0.9999516135391007,0.3259022594866006,1.3416853680004355,-0.405307412147522,58.200385922100395,-19.183213094249368,262.7334241569042,423.0243493318558,,,,,,,,,,,,
504.0,0.0,121.0,5.381078605130323,0.25,0.6968157319794206,0.5348837209302325,0.0,nan,0.021216022889842635,0.0,0.0,43.0,374.0,2.210575520992279,0.5571382025865761,0.3245153729070631,0.46498955142684334,-0.405307412147522,21.535379223525524,1.5920581743121147,284.76982943713665,409.4693228304386,,,,,,,,,,,,
505.0,0.0,161.0,10.818362909629961,1.0,0.7282325727518111,0.609375,0.0,nan,0.021158798283261802,0.0,0.0,64.0,587.0,2.752435088157654,0.43419482259575304,0.3226375251939731,0.2228211618548552,-0.405307412147522,-25.949919990671333,-26.27008105441928,341.366530418396,435.0338360071182,,,,,,,,,,,,
506.0,0.0,167.0,8.650009742714477,1.0,0.7502099252646304,0.5510204081632653,0.0,nan,0.021101573676680977,0.0,0.0,49.0,429.0,1.3125022053718567,0.3688150134091721,0.31170455662564717,0.11396188274648777,-0.405307412147522,-18.14867448131554,-32.03927982551977,197.01586428284645,404.2649784684181,,,,,,,,,,,,
507.0,0.0,153.0,8.628429408911625,1.0,0.6975955293177923,0.5918367346938775,0.0,nan,0.021044349070100145,0.0,0.0,49.0,437.0,1.9756951332092285,0.4076575794403823,0.30854155254344207,0.19779046598985534,-0.405307412147522,-10.126307556813117,-0.5336338505148888,173.7478806823492,382.545602619648,,,,,,,,,,,,
508.0,0.0,114.0,5.984989766217775,0.5,0.4338631513057791,0.7954545454545454,0.0,nan,0.020987124463519316,0.0,0.0,44.0,380.0,3.755917012691498,0.8481463691032585,0.3231307498752085,1.0489989674845388,-0.405307412147522,8.513563910033554,5.292299912223825,130.72623282670975,375.707219183445,,,,,,,,,,,,
509.0,0.0,125.0,8.264899226948629,1.0,0.7884356974508218,0.4772727272727273,0.0,nan,0.020929899856938487,0.0,0.0,44.0,373.0,1.9127094447612762,0.4066238722218358,0.29352194332365383,0.22597949723629984,-0.405307412147522,-23.746218015730847,-8.241291431710124,154.21571462601423,402.7668186426163,,,,,,,,,,,,
510.0,0.0,154.0,8.383715303093204,1.0,0.7100698424581676,0.5777777777777777,0.0,0.4,0.020872675250357655,0.0,0.0,45.0,376.0,0.9800439924001694,0.35220278171067476,0.3039400054678315,0.0962529002556128,-0.405307412147522,-18.522610943764448,-0.77653738996014,152.5402581691742,404.82090759277344,1.0,1.0,1.0,0.0,1.0,0.4872417151927948,2.204430103302002,11.783724946086295,74.0,1.0,174.0,280.19897695094375
511.0,0.0,135.0,8.952647234201443,1.0,0.6754290789131738,0.6346153846153846,0.0,nan,0.020815450643776826,0.0,0.0,52.0,452.0,1.7821480333805084,0.4404116445595551,0.31884670572205975,0.24290512566389694,-0.405307412147522,12.802374938619323,-2.738271337002516,176.58177572488785,404.2960312962532,,,,,,,,,,,,
512.0,0.0,35.0,-0.18943188190460214,0.0,0.34939846340644504,0.75,0.0,nan,0.020758226037195994,0.0,0.0,20.0,140.0,21.15436029434204,2.1592031858701377,0.34197391170476166,3.6317712754542297,-0.405307412147522,101.82557876791273,-67.791036599023,361.9600524902344,442.0599670410156,,,,,,,,,,,,
513.0,0.0,134.0,6.752669307328765,1.0,0.7583803911269446,0.4857142857142857,0.0,nan,0.020701001430615165,0.0,0.0,35.0,268.0,0.5296153426170349,0.4388764888941701,0.3516595748224063,0.17413669669912824,-0.405307412147522,37.834775240160525,6.279423016123474,180.30072958767414,409.8756048679352,,,,,,,,,,,,
514.0,0.0,159.0,6.76751686476172,0.5,0.6670626267517209,0.48,0.0,nan,0.02064377682403434,0.0,0.0,50.0,428.0,1.829164296388626,0.4559818482941864,0.2957846896113092,0.3201563617469194,-0.405307412147522,-2.2458367669023573,-1.9305870872922242,167.3305829167366,410.8634831905365,,,,,,,,,,,,
515.0,0.0,136.0,8.757605820819744,1.0,0.4668568077732614,0.7659574468085106,0.0,nan,0.020586552217453508,0.0,0.0,47.0,418.0,1.3063824772834778,0.39678275144366637,0.29840197670985963,0.19654664454796666,-0.405307412147522,20.98500875895843,-11.536875762045383,227.3790430277586,417.20267605781555,,,,,,,,,,,,
516.0,0.0,158.0,8.525650115869952,1.0,0.8125653439471521,0.4489795918367347,0.0,nan,0.02052932761087268,0.0,0.0,49.0,430.0,1.97390216588974,0.47136399486643654,0.3366403219951341,0.26908949654604003,-0.405307412147522,8.16131429001689,-12.076873334590346,214.09569409489632,409.38036274909973,,,,,,,,,,,,
517.0,0.0,171.0,9.802441472038645,1.0,0.4565988952459908,0.7540983606557377,0.0,nan,0.020472103004291847,0.0,0.0,61.0,561.0,1.4962683618068695,0.319079265742797,0.2882200488161341,0.06125596282034218,-0.405307412147522,-20.466051811352372,8.896330873249099,166.99729795753956,406.71483314037323,,,,,,,,,,,,
518.0,0.0,130.0,7.979359235428281,1.0,0.6646766454009452,0.5476190476190477,0.0,nan,0.020414878397711018,0.0,0.0,42.0,345.0,1.0849990248680115,0.37574151718835047,0.3012915921443258,0.1486291796879884,-0.405307412147522,12.087065333267674,-1.101904361974448,169.01519261300564,402.67673778533936,,,,,,,,,,,,
519.0,0.0,156.0,7.8426337037980645,1.0,0.7378328645848632,0.4186046511627907,0.0,nan,0.02035765379113019,0.0,0.0,43.0,357.0,1.600578784942627,0.3552810119822176,0.27429870988114835,0.16169064003837552,-0.405307412147522,-19.38493355596438,-6.899625872494653,142.1993236988783,406.48743665218353,,,,,,,,,,,,
520.0,0.0,93.0,4.055345855206253,0.5,0.8021137782909706,0.4473684210526316,0.0,0.19999999999999996,0.020300429184549357,0.0,0.0,38.0,308.0,7.0784043073654175,1.0987497146405278,0.30862185874300835,1.575986774773341,-0.405307412147522,-32.2840905431658,25.068276582285762,162.39471638202667,407.24510967731476,1.0,1.0,1.0,0.0,1.0,0.36461690068244934,2.4577293395996094,11.781386633170769,74.0,1.0,173.0,275.2100107543918
521.0,0.0,167.0,8.640840732492517,1.0,0.697106896810076,0.46,0.0,nan,0.02024320457796853,0.0,0.0,50.0,425.0,3.2767624258995056,0.5377678673321604,0.3076631979738522,0.4599671772015826,-0.405307412147522,15.424209350720048,1.4769165277248248,124.03916532546282,405.33092987537384,,,,,,,,,,,,
522.0,0.0,152.0,8.458136897981179,1.0,0.4593661832740023,0.6956521739130435,0.0,nan,0.0201859799713877,0.0,0.0,46.0,417.0,1.8940074145793915,0.41965898051516604,0.3145037813239323,0.21015102546275322,-0.405307412147522,-34.136063396930695,18.280338865239173,139.60035929083824,386.76679664850235,,,,,,,,,,,,
523.0,0.0,118.0,8.033836482241757,1.0,0.672902737004247,0.5581395348837209,0.0,nan,0.02012875536480687,0.0,0.0,43.0,364.0,0.9219116121530533,0.39730346541359973,0.33466155797739416,0.1250294506857952,-0.405307412147522,-13.600496369879693,-25.27520612627268,223.08116547763348,419.05442202091217,,,,,,,,,,,,
524.0,0.0,141.0,8.670470312498521,1.0,0.6035801016769118,0.6,0.0,nan,0.02007153075822604,0.0,0.0,50.0,437.0,0.8960657566785812,0.3490851643878248,0.30291431918457756,0.09206597398421384,-0.405307412147522,-0.20086245145648718,-10.93965897965245,113.24035929143429,387.06625813245773,,,,,,,,,,,,
525.0,0.0,154.0,8.533724398911009,1.0,0.7093154507511656,0.5681818181818182,0.0,nan,0.02001430615164521,0.0,0.0,44.0,390.0,1.5941137075424194,0.4541351391728708,0.31361185508784817,0.28078844805344094,-0.405307412147522,-6.564298124052584,1.1068545654416084,251.64972103387117,421.6282833814621,,,,,,,,,,,,
526.0,0.0,164.0,10.148994861245173,1.0,0.6869864191195596,0.6333333333333333,0.0,nan,0.01995708154506438,0.0,0.0,60.0,557.0,1.8561421632766724,0.309779225956218,0.27281369077847006,0.07368298003247889,-0.405307412147522,14.374870426021516,-3.10434440523386,171.611745595932,410.8170315027237,,,,,,,,,,,,
527.0,0.0,86.0,6.774090503379705,1.0,0.8704377426918938,0.40625,0.0,nan,0.01989985693848355,0.0,0.0,32.0,266.0,0.5247470289468765,0.36707167606791113,0.32389761318629484,0.08614335723937047,-0.405307412147522,-5.430202497169375,6.628048170357943,154.48662850260735,405.1575449705124,,,,,,,,,,,,
528.0,0.0,157.0,7.390421422123925,0.75,0.748179030201863,0.55,0.0,nan,0.01984263233190272,0.0,0.0,60.0,543.0,3.1446664929389954,0.7666038019616557,0.3373060584258317,0.849433140833113,-0.405307412147522,54.30390095291659,43.24510745983571,226.288603708148,409.6558329463005,,,,,,,,,,,,
529.0,0.0,148.0,8.376393498405825,1.0,0.6408685319826801,0.5909090909090909,0.0,nan,0.019785407725321887,0.0,0.0,44.0,383.0,0.7432563900947571,0.36593233425242033,0.3259566936252412,0.079713395183305,-0.405307412147522,-20.696070779580623,-8.551262188702822,249.32635836303234,421.24418568611145,,,,,,,,,,,,
530.0,0.0,173.0,9.652613570466652,1.0,0.7249713933244586,0.5238095238095238,0.0,0.0,0.019728183118741062,0.0,0.0,63.0,558.0,1.2634386122226715,0.3238627852912255,0.2845249909732683,0.07841044364803407,-0.405307412147522,14.987417769618332,-4.831669606268406,263.63940489292145,415.46603286266327,1.0,1.0,1.0,0.0,1.0,0.3816554844379425,2.5440073013305664,11.783168505178764,73.0,1.0,174.0,278.94639251776067
531.0,0.0,135.0,7.8764032170921645,1.0,0.5763610785577837,0.6,0.0,nan,0.019670958512160233,0.0,0.0,45.0,377.0,1.332825094461441,0.41791056251734915,0.2943217187573458,0.24695421521360195,-0.405307412147522,4.294720564503223,-11.837268773466349,148.77751706540585,394.97108721733093,,,,,,,,,,,,
532.0,0.0,132.0,8.57523408357055,1.0,0.5672238284288379,0.7272727272727273,0.0,nan,0.0196137339055794,0.0,0.0,44.0,398.0,2.0436014235019684,0.43677974272229136,0.3188066253127354,0.23566798897266694,-0.405307412147522,-30.443728269077837,-1.2082160916179419,96.87130033969879,405.13926565647125,,,,,,,,,,,,
533.0,0.0,123.0,7.593407974690205,1.0,0.8158603728600323,0.425,0.0,nan,0.019556509298998572,0.0,0.0,40.0,323.0,1.2031159698963165,0.38110227843877453,0.30715673777250535,0.14766856061781908,-0.405307412147522,25.911537024192512,2.565323293209076,82.97423865646124,405.25833809375763,,,,,,,,,,,,
534.0,0.0,53.0,0.81999792277813,0.0,0.47155396088972984,0.7142857142857143,0.0,nan,0.01949928469241774,0.0,0.0,28.0,212.0,15.376294612884521,1.7801164605811004,0.3185611691053702,2.922926556011555,-0.41422668689826747,23.791841463660294,14.442939515383738,196.2887066175353,413.1453847345316,,,,,,,,,,,,
535.0,0.0,155.0,6.138995593711745,0.5,0.7066231945149257,0.54,0.0,nan,0.01944206008583691,0.0,0.0,50.0,453.0,3.716119945049286,0.9949207695057396,0.32660127781093995,1.3357479350363235,-0.405307412147522,-1.9561383705586195,3.188694629818201,48.47968837618828,398.6113426685333,,,,,,,,,,,,
536.0,0.0,115.0,8.009674591869125,1.0,0.6733949988878734,0.5348837209302325,0.0,nan,0.019384835479256082,0.0,0.0,43.0,368.0,1.763258159160614,0.45196814405854013,0.30349275634791106,0.29671671120009435,-0.405307412147522,35.5415169512853,4.563911733217537,66.93479758501053,391.31036299467087,,,,,,,,,,,,
537.0,0.0,196.0,9.869078755900288,1.0,0.7931450719351503,0.43661971830985913,0.0,nan,0.01932761087267525,0.0,0.0,71.0,649.0,1.8809300661087036,0.41372945356358093,0.33799885353180137,0.14502153735226686,-0.405307412147522,-67.4784014057368,3.1666571674868464,75.35219545289874,369.1804705262184,,,,,,,,,,,,
538.0,0.0,150.0,8.172833253294238,1.0,0.7853127305836327,0.4318181818181818,0.0,nan,0.019270386266094425,0.0,0.0,44.0,381.0,1.185119867324829,0.37307716275210456,0.31254913939997947,0.12077703607352708,-0.405307412147522,13.450619531795382,0.8500254703685641,92.90357621014118,399.76155269145966,,,,,,,,,,,,
539.0,0.0,158.0,8.642543293833743,1.0,0.708343074282877,0.6111111111111112,0.0,nan,0.019213161659513592,0.0,0.0,54.0,478.0,1.2259601652622223,0.348853170080762,0.2935255519373539,0.11046727520798764,-0.405307412147522,5.2004366079345345,4.613636132329702,58.15744360536337,404.7066833972931,,,,,,,,,,,,
540.0,0.0,152.0,9.34784368358554,1.0,0.7325895274283916,0.5178571428571429,0.0,0.0,0.019155937052932764,0.0,0.0,56.0,487.0,1.2595023810863495,0.3383747448473995,0.2948361720417018,0.0867787129735636,-0.405307412147522,13.004612190648913,2.487190917134285,55.44662568718195,404.6682268381119,1.0,1.0,1.0,0.0,1.0,0.47452637553215027,2.5687718391418457,11.80816873232834,73.0,1.0,174.0,281.4304378109428
541.0,0.0,129.0,8.426853411644707,1.0,0.7340614986010228,0.5416666666666666,0.0,nan,0.019098712446351935,0.0,0.0,48.0,395.0,1.5123458802700043,0.4203024957416517,0.31344365863066753,0.21347818024921214,-0.405307412147522,9.34473482053727,-5.443424263969064,91.48507969081402,405.277841091156,,,,,,,,,,,,
542.0,0.0,188.0,11.05467194132509,1.0,0.5786492519312305,0.6811594202898551,0.0,nan,0.019041487839771103,0.0,0.0,69.0,625.0,2.168106257915497,0.4201617313895838,0.33767148131769054,0.16478006389294075,-0.405307412147522,7.112801801413298,2.04085610806942,98.80293751507998,401.4246618747711,,,,,,,,,,,,
543.0,0.0,123.0,4.29367302119733,0.5,0.5207152648993634,0.6170212765957447,0.0,nan,0.018984263233190274,0.0,0.0,47.0,401.0,5.31662917137146,1.0382150258603673,0.3465868756965381,1.3770362349853713,-0.405307412147522,51.94286726601422,6.2917506862431765,156.85658614337444,410.5240036249161,,,,,,,,,,,,
544.0,0.0,125.0,7.925517032742512,1.0,0.7851605190021022,0.5319148936170213,0.0,nan,0.01892703862660944,0.0,0.0,47.0,402.0,2.108224868774414,0.43696477051387583,0.28674195863259205,0.3002802152131719,-0.405307412147522,-21.990679875947535,-6.159597019664943,46.8469284363091,355.7789578437805,,,,,,,,,,,,
545.0,0.0,124.0,8.111447286158809,1.0,0.7058970230573463,0.574468085106383,0.0,nan,0.018869814020028613,0.0,0.0,47.0,403.0,0.38606201857328415,0.3744254470832189,0.3261299147305159,0.0963575906621428,-0.405307412147522,18.167211594060063,-4.316872056573629,70.18245512992144,402.47972625494003,,,,,,,,,,,,
546.0,0.0,124.0,7.307434748560195,1.0,0.7724628140710231,0.4146341463414634,0.0,nan,0.018812589413447788,0.0,0.0,41.0,322.0,0.3664950579404831,0.3409541773587438,0.31353899024055754,0.05461231710537692,-0.405307412147522,37.23513577692211,2.211781774647534,65.29619751870632,404.81805634498596,,,,,,,,,,,,
547.0,0.0,175.0,8.720920537859213,1.0,0.7165950159309253,0.5576923076923077,0.0,nan,0.018755364806866955,0.0,0.0,52.0,462.0,1.667999118566513,0.38515899875740445,0.28661817657215927,0.19668956535809468,-0.405307412147522,6.799306329339743,6.145326820202172,59.17230396717787,401.27491068840027,,,,,,,,,,,,
548.0,0.0,200.0,6.469311563745153,0.75,0.7450824318616934,0.5151515151515151,0.0,nan,0.018698140200286123,0.0,0.0,66.0,592.0,4.879448965191841,0.9844777990938063,0.3198499817671251,1.3254257560459273,-0.405307412147522,32.89723117463291,-4.891112947836518,23.562259063124657,265.6226485967636,,,,,,,,,,,,
549.0,0.0,142.0,8.790686420425788,1.0,0.8429325543925986,0.40350877192982454,0.0,nan,0.018640915593705294,0.0,0.0,57.0,487.0,0.6738892942667007,0.3901229033600202,0.3524023040099002,0.07526664533257407,-0.405307412147522,-19.13641514442861,4.914448883384466,47.3081359565258,397.63017082214355,,,,,,,,,,,,
550.0,0.0,184.0,9.382042000312373,1.0,0.8641395163168536,0.3684210526315789,0.0,0.0,0.018583690987124465,0.0,0.0,57.0,504.0,1.912680059671402,0.4189252447962728,0.3269623185632712,0.1836296374883187,-0.405307412147522,15.049249425530434,1.407500671222806,89.54557581990957,405.22019934654236,1.0,1.0,1.0,0.0,1.0,0.5661606788635254,2.421452522277832,11.832939619198442,74.0,1.0,173.0,260.1870387145134
551.0,0.0,67.0,2.2672858420014403,0.25,0.5274095006275195,0.7096774193548387,0.0,nan,0.018526466380543637,0.0,0.0,31.0,258.0,10.620601654052734,1.2717015914885201,0.32621579467927797,1.8906357236900864,-0.405307412147522,15.972242221236229,-2.422533905133605,109.62065127491951,405.96963715553284,,,,,,,,,,,,
552.0,0.0,166.0,9.338710343316212,1.0,0.6746762426529905,0.6111111111111112,0.0,nan,0.018469241773962808,0.0,0.0,54.0,486.0,1.9417036175727844,0.4087101632643011,0.29643620551312444,0.22431165179437906,-0.405307412147522,-28.845541685121134,-15.287880398100242,130.54613679647446,401.689690887928,,,,,,,,,,,,
553.0,0.0,83.0,3.587370526641613,0.0,0.7502995486289379,0.5128205128205128,0.0,nan,0.01841201716738198,0.0,0.0,39.0,331.0,7.534830331802368,1.0451440235142115,0.31481703630966235,1.459925360936825,-0.405307412147522,37.48316002939828,-33.263719788752496,128.86812452971935,401.52886897325516,,,,,,,,,,,,
554.0,0.0,200.0,7.066797086820021,0.75,0.8246370185682085,0.36065573770491804,0.0,nan,0.018354792560801143,0.0,0.0,61.0,536.0,1.1651307344436646,0.431561222915974,0.3131413425148367,0.23616863219927692,-0.4056748179718852,10.84932911163196,-1.9062753803445958,27.186972497031093,170.98780182376504,,,,,,,,,,,,
555.0,0.0,162.0,8.147505642268818,1.0,0.86006491227229,0.3541666666666667,0.0,nan,0.018297567954220315,0.0,0.0,48.0,402.0,1.0764725804328918,0.3481533749565955,0.30348348354959426,0.08906257655021432,-0.405307412147522,16.319991323165596,0.10908536147326231,70.00619516521692,394.65765768289566,,,,,,,,,,,,
556.0,0.0,160.0,8.810781231969607,1.0,0.7273162664378867,0.4909090909090909,0.0,nan,0.018240343347639493,0.0,0.0,55.0,477.0,1.0783783793449402,0.3540181411613914,0.3013341290608586,0.10514100940086069,-0.405307412147522,19.97552071325481,2.2778352443128824,46.25693991407752,350.86157444119453,,,,,,,,,,,,
557.0,0.0,142.0,9.053612865954651,1.0,0.7190675097523715,0.56,0.0,nan,0.018183118741058657,0.0,0.0,50.0,442.0,2.0411303639411926,0.40352526174876147,0.3127011576594858,0.18142186907636848,-0.405307412147522,-15.518167115616961,-6.08713574137073,113.4936741143465,401.6489096879959,,,,,,,,,,,,
558.0,0.0,200.0,7.426053225547091,0.75,0.7791491614617422,0.4918032786885246,0.0,nan,0.018125894134477828,0.0,0.0,61.0,533.0,0.9680136293172836,0.48068332877137543,0.3424247447085968,0.2756829233019715,-0.405307412147522,37.98238334618509,66.47101390175521,89.34115460515022,404.78734600543976,,,,,,,,,,,,
559.0,0.0,200.0,5.734234896078711,0.75,0.8016669947095632,0.35294117647058826,0.0,nan,0.018068669527897,0.0,0.0,51.0,449.0,3.0172759890556335,0.704314751369918,0.3322691361472448,0.7414359632292986,-0.405307412147522,6.028519805520773,-23.53480815794319,33.035036005079746,373.2172259092331,,,,,,,,,,,,
560.0,0.0,183.0,7.928900220682851,1.0,0.814089385553757,0.42592592592592593,0.0,0.0,0.01801144492131617,0.0,0.0,54.0,483.0,0.5214739218354225,0.3461482089980561,0.29895916464457545,0.09336196564967436,-0.405307412147522,0.3603814085945487,-14.558802790939808,51.12784268707037,388.15660613775253,1.0,1.0,1.0,0.0,1.0,0.7505543231964111,2.4908478260040283,11.823141403860063,74.0,1.0,173.0,266.4413332980874
561.0,0.0,173.0,10.302512812390942,1.0,0.7973238168476614,0.5161290322580645,0.0,nan,0.017954220314735335,0.0,0.0,62.0,559.0,2.832611382007599,0.3649298119594828,0.2729073483665612,0.18386648155139218,-0.405307412147522,-31.25812752917409,-6.25883315782994,62.93216300755739,371.8882211446762,,,,,,,,,,,,
562.0,0.0,134.0,9.061571523807956,1.0,0.8320240577162411,0.3148148148148148,0.0,nan,0.017896995708154506,0.0,0.0,54.0,462.0,1.3283894658088684,0.3461364635851609,0.29919818089171435,0.093593995513376,-0.405307412147522,24.442697652615607,5.746442286297679,52.67506869137287,363.7697134613991,,,,,,,,,,,,
563.0,0.0,153.0,7.475676730573182,1.0,0.714715369554039,0.5,0.0,nan,0.017839771101573677,0.0,0.0,40.0,328.0,1.5395923256874084,0.4156369435148415,0.28878639698600833,0.2535570636404376,-0.405307412147522,-11.699907747097313,-2.6765369791537523,66.96320527419448,348.1135432422161,,,,,,,,,,,,
564.0,0.0,108.0,7.247522081062202,1.0,0.7167750774173978,0.42857142857142855,0.0,nan,0.01778254649499285,0.0,0.0,35.0,295.0,1.3280671536922455,0.39495413278286273,0.307724043101177,0.17425882136996207,-0.405307412147522,-12.492770386859775,-1.474354955367744,84.23945649713278,369.8243356347084,,,,,,,,,,,,
565.0,0.0,173.0,8.937333589270722,1.0,0.8511282036795944,0.46,0.0,nan,0.01772532188841202,0.0,0.0,50.0,436.0,3.333831787109375,0.5208047460683183,0.29973872298360205,0.44190756540172493,-0.405307412147522,-0.9250198481604457,-1.6420058468356729,230.1962076947093,414.5287549495697,,,,,,,,,,,,
566.0,0.0,178.0,8.297875278890142,1.0,0.7583861685008421,0.3333333333333333,0.0,nan,0.01766809728183119,0.0,0.0,51.0,437.0,0.3810417205095291,0.4654609207053042,0.4328785700996752,0.06465653569014315,-0.405307412147522,-5.2303137350827456,6.817201909376308,74.01793100684881,400.6840912103653,,,,,,,,,,,,
567.0,0.0,149.0,8.020694588907073,1.0,0.7647360949653753,0.48936170212765956,0.0,nan,0.017610872675250362,0.0,0.0,47.0,406.0,0.7424282729625702,0.3694409017023901,0.3058975423422857,0.1261334712877451,-0.405307412147522,-1.4095413638278842,40.95159893715754,113.00083842873573,405.9579371213913,,,,,,,,,,,,
568.0,0.0,200.0,6.651722162477687,0.75,0.7890924663527349,0.38461538461538464,0.0,nan,0.017553648068669533,0.0,0.0,52.0,467.0,2.8015236854553223,0.5592704249637421,0.34340564505217536,0.43036852769347256,-0.405307412147522,21.77757783792913,-27.697752594947815,67.15491411834955,404.8342615365982,,,,,,,,,,,,
569.0,0.0,106.0,4.311235140785583,0.0,0.7851672592716492,0.48936170212765956,0.0,nan,0.017496423462088698,0.0,0.0,47.0,404.0,6.0859843492507935,1.0087489153243752,0.3081044400971438,1.4010524870261385,-0.405307412147522,11.540773006854579,-16.187932073604316,107.56496998108923,353.9596197605133,,,,,,,,,,,,
570.0,0.0,140.0,8.259417594075213,1.0,0.7251524177065806,0.3877551020408163,0.0,0.0,0.01743919885550787,0.0,0.0,49.0,431.0,0.9676181823015213,0.3663313657971514,0.32866361920150666,0.0752284869882629,-0.405307412147522,-7.525890816003084,-1.3093731777044013,36.68921451456845,250.29457365721464,1.0,1.0,1.0,0.0,1.0,0.21825620532035828,2.3906383514404297,11.764333639293909,74.0,1.0,174.0,280.2096347121897
571.0,0.0,200.0,8.03175418801607,0.75,0.6234709333859761,0.6,0.0,nan,0.01738197424892704,0.0,0.0,50.0,454.0,1.7154218554496765,0.4278390639925229,0.33512790334090514,0.18523258402876222,-0.405307412147522,1.57246751524508,-2.692120958061423,132.40958396345377,398.9870470762253,,,,,,,,,,,,
572.0,0.0,170.0,8.595350044406965,1.0,0.7761440382082831,0.4444444444444444,0.0,nan,0.01732474964234621,0.0,0.0,54.0,465.0,1.1522994637489319,0.3766219969329858,0.3071072589976334,0.13852589212670519,-0.405307412147522,19.222360064275563,-15.243903594790027,51.24116301909089,346.0965039283037,,,,,,,,,,,,
573.0,0.0,61.0,1.2432546162605291,0.0,0.6591567349863542,0.6071428571428571,0.0,nan,0.017267525035765383,0.0,0.0,28.0,244.0,10.616079568862915,1.1414151915748156,0.32682458462968217,1.6270349042458523,-0.405307412147522,45.73068782149768,-68.00932147903521,170.79291667312873,410.00673638015496,,,,,,,,,,,,
574.0,0.0,104.0,7.671817014375708,1.0,0.79849292030405,0.42857142857142855,0.0,nan,0.017210300429184554,0.0,0.0,42.0,339.0,0.8991741240024567,0.3768946036039793,0.28765862772800477,0.17825541854594817,-0.405307412147522,21.581201465800405,3.5183277996256948,39.718153800815344,306.6062103807926,,,,,,,,,,,,
575.0,0.0,139.0,6.298111368790276,0.5,0.7831991005638972,0.45652173913043476,0.0,nan,0.017153075822603725,0.0,0.0,46.0,402.0,2.701013505458832,1.0603410487509333,0.717330199027255,0.685906620833616,-0.405307412147522,10.522412533173338,-0.9421603278606199,18.182245288044214,106.08736170269549,,,,,,,,,,,,
576.0,0.0,154.0,9.025779642872525,1.0,0.7745521494928306,0.43137254901960786,0.0,nan,0.01709585121602289,0.0,0.0,51.0,454.0,1.5298925340175629,0.4521139173175399,0.3040298614278072,0.29595336350156615,-0.405307412147522,-17.962707796366885,-1.6391053898259997,57.64135632291436,344.7239233404398,,,,,,,,,,,,
577.0,0.0,118.0,8.87328073948623,1.0,0.8083338619806022,0.42857142857142855,0.0,nan,0.01703862660944206,0.0,0.0,49.0,432.0,1.441926121711731,0.36627362237742656,0.3084694154984104,0.11536716972875403,-0.405307412147522,-21.070865903049707,-5.7896476704627275,62.090202547609806,387.81868505477905,,,,,,,,,,,,
578.0,0.0,200.0,6.639200840452695,0.75,0.8119790145654509,0.43103448275862066,0.0,nan,0.01698140200286123,0.0,0.0,58.0,532.0,3.911869764328003,0.8266855409919442,0.31156789849053984,1.0285291959519716,-0.405307412147522,17.89346378459595,8.085830182768404,25.575905051082373,237.5820690393448,,,,,,,,,,,,
579.0,0.0,113.0,7.598535487856722,1.0,0.7722328301485645,0.4878048780487805,0.0,nan,0.016924177396280403,0.0,0.0,41.0,334.0,0.7365788817405701,0.3622700585648637,0.2917383572293056,0.14078700063846442,-0.405307412147522,-11.799256673897617,-0.07317376649007201,44.437648080289364,308.23096381127834,,,,,,,,,,,,
580.0,0.0,123.0,8.372998621240267,1.0,0.8051452700714491,0.42857142857142855,0.0,0.0,0.016866952789699574,0.0,0.0,49.0,418.0,0.8199575245380402,0.3733667410122423,0.2772999983361524,0.19185569364021665,-0.405307412147522,23.320209226571023,-4.94920311588794,59.16820598393679,404.68690752983093,1.0,1.0,1.0,0.0,1.0,0.4653107821941376,2.340151309967041,11.748642080230638,73.0,1.0,175.0,281.45864111743896
581.0,0.0,122.0,7.884441440906388,1.0,0.8508497786990721,0.3469387755102041,0.0,nan,0.01680972818311874,0.0,0.0,49.0,417.0,0.5005622208118439,0.35183698748152903,0.3233062311375111,0.056013810656672325,-0.405307412147522,-9.530282987747341,-1.198067229182925,53.93454197049141,395.25300645828247,,,,,,,,,,,,
582.0,0.0,152.0,8.112312077432879,1.0,0.8557807673205975,0.38461538461538464,0.0,nan,0.016752503576537917,0.0,0.0,52.0,452.0,0.8125104606151581,0.41407980411396017,0.32445330916881643,0.17841566565118677,-0.405307412147522,6.886209037620574,9.243807451508474,37.824060924351215,271.1246362030506,,,,,,,,,,,,
583.0,0.0,124.0,7.540561825260525,1.0,0.5380717182242717,0.6585365853658537,0.0,nan,0.016695278969957088,0.0,0.0,41.0,346.0,0.5445270240306854,0.3862992040597959,0.31313954565580826,0.14611213128771716,-0.405307412147522,1.5436465507373214,7.008500788215315,54.502638313919306,396.9625905752182,,,,,,,,,,,,
584.0,0.0,176.0,8.766448013633504,1.0,0.7204428950844597,0.48148148148148145,0.0,nan,0.016638054363376252,0.0,0.0,54.0,489.0,0.9183672964572906,0.3437151613778601,0.2953184088868889,0.09644273038495788,-0.405307412147522,8.330326251219958,-7.7879796721972525,30.159325323998928,377.61780792474747,,,,,,,,,,,,
585.0,0.0,113.0,7.8208218807727174,1.0,0.906352639387977,0.3333333333333333,0.0,nan,0.016580829756795423,0.0,0.0,45.0,376.0,0.35972216725349426,0.32999023450836606,0.30110061816686934,0.05755177369026865,-0.405307412147522,-18.773644799250178,-4.170248597743921,24.062597025185823,311.18325477838516,,,,,,,,,,,,
586.0,0.0,160.0,8.85250502228738,1.0,0.6849098976167812,0.42,0.0,nan,0.016523605150214594,0.0,0.0,50.0,440.0,1.3826647698879242,0.3940126893179894,0.30215483660425174,0.18350660078587958,-0.405307412147522,-6.05674968007952,-2.1234090838115662,49.18526525050402,384.2224455475807,,,,,,,,,,,,
587.0,0.0,186.0,9.005563440397394,1.0,0.5777562032506883,0.6458333333333334,0.0,nan,0.016466380543633766,0.0,0.0,48.0,431.0,2.191196620464325,0.4132807505711824,0.3065815609221457,0.2131436840891432,-0.405307412147522,-29.71384960785508,-5.848789720912464,120.62520553171635,406.42091822624207,,,,,,,,,,,,
588.0,0.0,159.0,8.398563839644204,1.0,0.8213839867194294,0.36,0.0,nan,0.016409155937052937,0.0,0.0,50.0,439.0,1.0143682807683945,0.36426422745525766,0.3118111156830021,0.10442765024432238,-0.405307412147522,2.654723808169365,10.923511219676584,53.018063597381115,404.62388479709625,,,,,,,,,,,,
589.0,0.0,158.0,10.31255451004954,1.0,0.7205011132368115,0.49206349206349204,0.0,nan,0.0163519313304721,0.0,0.0,63.0,563.0,1.7133226692676544,0.3542754084417826,0.30629194336493026,0.09572897537412473,-0.405307412147522,28.054825823754072,-1.1923263752833009,57.12695121020079,385.3153700828552,,,,,,,,,,,,
590.0,0.0,163.0,9.859424926638619,1.0,0.7531141666815713,0.375,0.0,0.0,0.01629470672389128,0.0,0.0,56.0,503.0,1.9052678048610687,0.4534476767540241,0.3102602719881365,0.2861645765708696,-0.405307412147522,-7.050342590548098,-0.2761918550822884,42.273855589330196,367.6636589169502,1.0,1.0,1.0,0.0,1.0,0.2376968264579773,2.1830434799194336,11.70530393300578,75.0,1.0,175.0,271.4688645582649
591.0,0.0,136.0,9.050698075406267,1.0,0.8203604286439203,0.3333333333333333,0.0,nan,0.016237482117310444,0.0,0.0,54.0,459.0,1.0644515454769135,0.36213187770777694,0.3049746469789232,0.11405760871842319,-0.405307412147522,9.11955066677183,0.5442839215975255,54.98628718405962,402.26381182670593,,,,,,,,,,,,
592.0,0.0,122.0,8.56757198812441,1.0,0.7775741604546055,0.36,0.0,nan,0.016180257510729615,0.0,0.0,50.0,437.0,0.5390072017908096,0.36678438678317127,0.3175003493475595,0.09829667317839212,-0.405307412147522,8.3463703263551,3.14097301941365,47.19251278787851,404.36773014068604,,,,,,,,,,,,
593.0,0.0,104.0,8.098263003584005,1.0,0.6642769696374712,0.5,0.0,nan,0.016123032904148786,0.0,0.0,44.0,380.0,0.5167131349444389,0.37149832692134543,0.317252327341655,0.10814851612366641,-0.405307412147522,-30.56669036205858,-8.772218101657927,49.82557699084282,401.9892189502716,,,,,,,,,,,,
594.0,0.0,61.0,1.8229537617415201,0.25,0.5301454575124714,0.6,0.0,nan,0.016065808297567957,0.0,0.0,30.0,230.0,11.454334259033203,1.357941165525537,0.3161464285699602,2.083135523728438,-0.405307412147522,-38.266355014883956,-4.703504193347434,35.71370665923409,378.9202665909477,,,,,,,,,,,,
595.0,0.0,76.0,2.3932526165247006,0.0,0.7617947450314773,0.43243243243243246,0.0,nan,0.01600858369098713,0.0,0.0,37.0,304.0,13.005585670471191,1.4680115506890274,0.3136493201041843,2.300531051528594,-0.405307412147522,-39.7379220854491,-3.0304955383762717,133.0876698344946,410.9091225862503,,,,,,,,,,,,
596.0,0.0,116.0,5.0258268019184555,0.5,0.5778802686516926,0.5111111111111111,0.0,nan,0.015951359084406293,0.0,0.0,45.0,385.0,5.712697863578796,0.9984255893749321,0.2872824929226703,1.4167146568131637,-0.405307412147522,-0.9995693974196911,-26.14568048529327,220.00618740916252,418.15156984329224,,,,,,,,,,,,
597.0,0.0,157.0,8.914005088470887,1.0,0.6962492530618801,0.45098039215686275,0.0,nan,0.01589413447782547,0.0,0.0,51.0,436.0,1.5903018414974213,0.5427468466587468,0.34273135857276965,0.3996953253573783,-0.405307412147522,19.1662460193038,-5.977731645107269,138.2114901393652,406.80820894241333,,,,,,,,,,,,
598.0,0.0,143.0,7.361180218812084,1.0,0.8195047106870237,0.45,0.0,nan,0.015836909871244635,0.0,0.0,40.0,326.0,0.5433586537837982,0.35707479353478533,0.30440292638286337,0.10511602270621584,-0.405307412147522,9.2108480912284,-0.23272270895540714,50.89974270761013,385.84554374217987,,,,,,,,,,,,
599.0,0.0,111.0,6.939777419194582,1.0,0.734118753857725,0.4117647058823529,0.0,nan,0.015779685264663806,0.0,0.0,34.0,271.0,0.6703556478023529,0.3770891529540137,0.3104064695947689,0.13314623099427841,-0.405307412147522,-2.783022680785507,-2.7992223612964153,62.31932496279478,404.76529562473297,,,,,,,,,,,,
600.0,0.0,163.0,9.091547095291329,1.0,0.9017891065601126,0.3269230769230769,0.0,0.0,0.015722460658082978,0.0,0.0,52.0,457.0,2.170297145843506,0.3855734859347564,0.30086483782532364,0.16916002279287046,-0.405307412147522,19.85837907064706,-1.4441133798100054,112.84105297923088,407.6977490186691,1.0,1.0,1.0,0.0,1.0,0.35352054238319397,2.0876383781433105,11.700665336102247,74.0,1.0,174.0,261.4686339900273
601.0,0.0,200.0,7.130590993948293,0.75,0.7544645907956664,0.38095238095238093,0.0,nan,0.01566523605150215,0.0,0.0,63.0,566.0,1.8729261755943298,0.559695156728699,0.32739690510595787,0.464038007917035,-0.405307412147522,4.498290795192588,4.863626013509929,45.02724213153124,404.3365298509598,,,,,,,,,,,,
602.0,0.0,163.0,5.680124637987473,0.75,0.7887050119571211,0.41304347826086957,0.0,nan,0.01560801144492132,0.0,0.0,46.0,411.0,3.5754645466804504,0.8104917878103994,0.32064679860758266,0.9752667567592668,-0.405307412147522,-30.727772888494655,33.295453193597496,86.120356798172,384.0173836350441,,,,,,,,,,,,
603.0,0.0,200.0,6.812110052667565,0.75,0.8579325428218357,0.3793103448275862,0.0,nan,0.015550786838340484,0.0,0.0,58.0,496.0,4.042990148067474,0.8876353704578337,0.310121354800897,1.1513749991148126,-0.405307412147522,-5.895305928774178,41.06488281395286,97.47901823371649,405.85089814662933,,,,,,,,,,,,
604.0,0.0,109.0,7.940635674893864,1.0,0.8791862422195437,0.37209302325581395,0.0,nan,0.015493562231759656,0.0,0.0,43.0,362.0,0.2891228199005127,0.3752217683263197,0.3343417904899351,0.08156715963947286,-0.405307412147522,-1.8656649831682444,0.5300123584456742,32.859345510602,400.05798149108887,,,,,,,,,,,,
605.0,0.0,200.0,7.811674801222999,0.75,0.6973253259847395,0.5,0.0,nan,0.015436337625178834,0.0,0.0,62.0,549.0,2.034495919942856,0.573636312633776,0.327028217309718,0.4916554545264896,-0.405307412147522,8.754449617583305,18.523656939389184,29.683841064572334,391.98783791065216,,,,,,,,,,,,
606.0,0.0,57.0,1.1132898259162904,0.0,0.7618766652305882,0.42857142857142855,0.0,nan,0.015379113018597998,0.0,0.0,28.0,228.0,11.901854515075684,1.2219845278706556,0.3171395535931039,1.8058181841449605,-0.405307412147522,46.97972384827179,-12.290924394862694,54.58632834752401,384.92270339162724,,,,,,,,,,,,
607.0,0.0,52.0,2.601405723169447,0.0,0.6483029752242307,0.46153846153846156,0.0,nan,0.01532188841201717,0.0,0.0,26.0,189.0,7.934424877166748,1.088081391486826,0.31452957095967515,1.5469448605149483,-0.405307412147522,24.090602140735697,-1.8244755646933324,42.40586699001373,152.01178791914037,,,,,,,,,,,,
608.0,0.0,108.0,8.04735401328654,1.0,0.6071483707475859,0.6086956521739131,0.0,nan,0.01526466380543634,0.0,0.0,46.0,390.0,0.7963323891162872,0.460713585737212,0.3215380498516233,0.27813894122151117,-0.405307412147522,-7.875751547340769,-2.6371452468447387,21.450493504293263,175.8238221257925,,,,,,,,,,,,
609.0,0.0,162.0,7.935758605822928,1.0,0.774579110571019,0.44,0.0,nan,0.015207439198855512,0.0,0.0,50.0,446.0,1.9246550798416138,0.4614931026924278,0.34515605672834226,0.23255356724744303,-0.405307412147522,-6.543537814170122,-1.281691455282271,39.61007545888424,366.1599130630493,,,,,,,,,,,,
610.0,0.0,200.0,4.008935101777329,0.25,0.8115500075191125,0.4375,0.0,0.0,0.015150214592274683,0.0,0.0,80.0,742.0,2.4658865332603455,0.5785988169189085,0.3266768607201438,0.5037644496633522,-0.405307412147522,-13.753133077872917,-1.9403446055948734,21.00107302516699,253.0542275607586,1.0,1.0,1.0,0.0,1.0,0.03636638820171356,2.4477081298828125,12.079498203805997,82.0,1.0,197.0,214.96784073367735
611.0,0.0,187.0,8.14531799748541,1.0,0.7014282243476218,0.4909090909090909,0.0,nan,0.015092989985693847,0.0,0.0,55.0,497.0,1.5227344334125519,0.5084575293087612,0.3182265152245236,0.38039861718994994,-0.405307412147522,7.4952626606682315,-0.0005252780392765999,11.863317096605897,151.97189933806658,,,,,,,,,,,,
612.0,0.0,200.0,8.157068489789987,0.75,0.862345271377196,0.3684210526315789,0.0,nan,0.015035765379113018,0.0,0.0,76.0,663.0,1.663225680589676,0.48343820246566693,0.3162687209567224,0.3342202022095183,-0.405307412147522,32.675975264864974,2.641677333973348,19.562884338200092,308.2129538357258,,,,,,,,,,,,
613.0,0.0,118.0,8.28236463136972,1.0,0.8607277548236851,0.4166666666666667,0.0,nan,0.01497854077253219,0.0,0.0,48.0,428.0,0.5799202620983124,0.3629000877706048,0.309497234694199,0.10658733002255766,-0.405307412147522,-11.967190381605178,-3.7814517351798713,35.01478739641607,362.01804795861244,,,,,,,,,,,,
614.0,0.0,187.0,8.002702475488197,1.0,0.766177994166181,0.45098039215686275,0.0,nan,0.01492131616595136,0.0,0.0,51.0,459.0,1.0145574063062668,0.38537957420643565,0.32380428481875345,0.12281063497489497,-0.405307412147522,-19.297034988179803,-3.5584257068112493,35.77050928026438,404.422284245491,,,,,,,,,,,,
615.0,0.0,103.0,3.2188965745270304,0.0,0.8073161553478868,0.5,0.0,nan,0.014864091559370532,0.0,0.0,46.0,380.0,3.9865349531173706,0.8367176911076797,0.3377003458856643,0.9978526259740264,-0.405307412147522,-27.555588245857507,-4.627374880947173,27.61367946304381,337.61511462926865,,,,,,,,,,,,
616.0,0.0,156.0,5.061587674319752,0.25,0.9003778718823013,0.37037037037037035,0.0,nan,0.014806866952789703,0.0,0.0,54.0,479.0,1.9527603089809418,0.4776604486203553,0.3073282664602836,0.3392464551521666,-0.405307412147522,23.79902749788016,7.749827961437404,19.97458730265498,351.0794368982315,,,,,,,,,,,,
617.0,0.0,200.0,5.539170897584418,0.75,0.8884647046989459,0.32142857142857145,0.0,nan,0.014749642346208874,0.0,0.0,56.0,483.0,1.0653118193149567,0.4354865674761713,0.324961631430928,0.22091777903426263,-0.405307412147522,6.168911686283536,-2.8987986271677073,10.123434066772461,159.62969905883074,,,,,,,,,,,,
618.0,0.0,200.0,4.983768483996405,0.5,0.8906142581333004,0.2898550724637681,0.0,nan,0.014692417739628039,0.0,0.0,69.0,610.0,3.5844233110547066,1.1736617228067705,0.30902317329251483,1.729141355646342,-0.405307412147522,-12.199192908592522,-4.344373144209385,19.252749294042587,330.0556406378746,,,,,,,,,,,,
619.0,0.0,200.0,6.772142997533105,0.75,0.5407523456438205,0.6111111111111112,0.0,nan,0.01463519313304721,0.0,0.0,72.0,674.0,1.0881425738334656,0.5978034194591482,0.3450616519770243,0.5054629651082547,-0.405307412147522,-1.301686960621737,-1.8732487906818278,8.388189930468798,71.60789652168751,,,,,,,,,,,,
620.0,0.0,200.0,5.906726088970909,0.75,0.9325099219156453,0.3448275862068966,0.0,0.19999999999999996,0.014577968526466388,0.0,0.0,58.0,481.0,2.1264076232910156,0.588501394928045,0.33749902268386206,0.5019143279890665,-0.405307412147522,-13.187928844417911,-0.4589852588251233,27.323304440826178,214.510050162673,1.0,0.0,0.0,0.5,0.0,-0.027158230543136597,3.218754768371582,3.985534924286185,25.0,1.0,50.0,0.21824455261230458
621.0,0.0,189.0,8.692002451568861,1.0,0.8183755303656448,0.4603174603174603,0.0,nan,0.014520743919885552,0.0,0.0,63.0,549.0,1.2337546348571777,0.34078378930144365,0.27678377124425624,0.1279166528127511,-0.405307412147522,-14.168042701436207,-2.2952291849505855,17.106880333274603,256.3897529169917,,,,,,,,,,,,
622.0,0.0,150.0,4.8403371302783595,0.25,0.7282351651631754,0.5689655172413793,0.0,nan,0.014463519313304724,0.0,0.0,58.0,516.0,5.711363077163696,1.158297867566617,0.41346720186862873,1.48854671091857,-0.405307412147522,-3.0642916969954967,-3.148473118781112,15.65912516321987,199.16597601771355,,,,,,,,,,,,
623.0,0.0,177.0,9.928368006646652,1.0,0.7871676379492143,0.5151515151515151,0.0,nan,0.014406294706723895,0.0,0.0,66.0,595.0,2.1686953008174896,0.43554573446800937,0.3201663681632522,0.2306114085795125,-0.405307412147522,-0.6412202194333076,0.7976274155080318,20.646175008267164,324.06231938302517,,,,,,,,,,,,
624.0,0.0,200.0,7.921044076755666,0.75,0.9317590114467611,0.3,0.0,nan,0.014349070100143066,0.0,0.0,70.0,634.0,2.2663135156035423,0.46021781080101576,0.31212665736906176,0.2961189877221739,-0.405307412147522,27.629197120666504,3.9969765031710267,19.652907766401768,300.3298943042755,,,,,,,,,,,,
625.0,0.0,178.0,8.204952320233005,1.0,0.8848723632370321,0.36065573770491804,0.0,nan,0.01429184549356223,0.0,0.0,61.0,514.0,1.7260542511940002,0.3657909260252781,0.3212930248632822,0.08422775109167491,-0.405307412147522,14.102624144870788,4.593402405735105,18.27756140753627,326.9688693732023,,,,,,,,,,,,
626.0,0.0,150.0,7.983090396747,1.0,0.6829983275456664,0.627906976744186,0.0,nan,0.014234620886981401,0.0,0.0,43.0,379.0,1.0092036724090576,0.3697515691004528,0.28935921786159874,0.16052691285931847,-0.405307412147522,-20.77792272157967,-4.01936210365966,50.827178329229355,379.96970373392105,,,,,,,,,,,,
627.0,0.0,200.0,8.69105335980656,0.75,0.7750498184058738,0.5492957746478874,0.0,nan,0.014177396280400573,0.0,0.0,71.0,666.0,0.6100782584398985,0.35901794230941064,0.3156543724001024,0.08494406228947549,-0.405307412147522,33.24648784566671,0.0941749569028616,29.913986280560493,325.387186139822,,,,,,,,,,,,
628.0,0.0,200.0,5.128909842818986,0.5,0.8307899958379535,0.4722222222222222,0.0,nan,0.014120171673819744,0.0,0.0,72.0,654.0,0.8872027201578021,0.4874061214304142,0.3110745664662714,0.3526047762456592,-0.405307412147522,-8.953082866501063,-1.310554818250239,14.496230524033308,206.99462774395943,,,,,,,,,,,,
629.0,0.0,181.0,7.2494031582027745,1.0,0.7865129429763925,0.5172413793103449,0.0,nan,0.014062947067238915,0.0,0.0,58.0,525.0,1.2652162611484528,0.39272590936935536,0.28659227130243936,0.21208131862032542,-0.405307412147522,-4.784128690836951,0.25781573774293065,19.440916504710913,280.0878450125456,,,,,,,,,,,,
630.0,0.0,150.0,8.28572996236385,1.0,0.7347413769985259,0.4897959183673469,0.0,0.4,0.014005722460658086,0.0,0.0,49.0,434.0,1.2540079951286316,0.3345238655894452,0.29176531148268314,0.08525338581598857,-0.405307412147522,-24.724150588735938,0.4386255908757448,37.60612139105797,404.4274433851242,1.0,0.0,0.75,0.0,0.75,0.3853844702243805,2.535839080810547,12.014669804055302,84.0,1.0,200.0,238.66763801220833
631.0,0.0,200.0,2.518173897117387,0.25,0.8032337740692304,0.4675324675324675,0.0,nan,0.013948497854077258,0.0,0.0,77.0,701.0,3.1798855513334274,0.7811023018278834,0.3309614613885868,0.9002264637230069,-0.405307412147522,0.45370620861649513,-1.7133488785475492,16.250841662287712,403.86740577220917,,,,,,,,,,,,
632.0,0.0,200.0,7.413675173334795,0.75,0.763720165986167,0.5652173913043478,0.0,nan,0.013891273247496429,0.0,0.0,69.0,614.0,1.305444560945034,0.7848317994109957,0.6346297708756111,0.30023530722817426,-0.405307412147522,1.0006132260896266,-0.6544451797381043,12.325044348835945,222.73156529664993,,,,,,,,,,,,
633.0,0.0,200.0,6.265620571300405,0.5,0.8374499006327571,0.4,0.0,nan,0.013834048640915593,0.0,0.0,75.0,688.0,2.44147852063179,0.595280313329793,0.33285527028547807,0.5246653405848756,-0.405307412147522,22.655184858478606,2.2005050126463175,27.604185707867146,391.2039729356766,,,,,,,,,,,,
634.0,0.0,85.0,0.07991102486848933,0.0,0.6329697508313411,0.6585365853658537,0.0,nan,0.013776824034334764,0.0,0.0,41.0,340.0,12.032496452331543,1.3548123967273682,0.2901231630548519,2.128250612170082,-0.40548313362523913,45.68829933530651,-35.42233351897448,54.716483796946704,179.03279101848602,,,,,,,,,,,,
635.0,0.0,200.0,6.735499980449695,0.75,0.8809647104843273,0.3188405797101449,0.0,nan,0.013719599427753935,0.0,0.0,69.0,624.0,1.3142381347715855,0.4986273720740102,0.33271764056303654,0.3316884336389334,-0.405307412147522,2.1836515015456825,-1.884158237837255,14.052971540018916,245.36438177525997,,,,,,,,,,,,
636.0,0.0,200.0,1.0098743811249793,0.0,0.8494403216747678,0.39080459770114945,0.0,nan,0.013662374821173107,0.0,0.0,87.0,800.0,2.3005015701055527,0.5838449192355584,0.3316205463013148,0.5044446397775291,-0.405307412147522,-0.7123211068683304,-1.6125514144077897,11.335265304893255,239.9519848972559,,,,,,,,,,,,
637.0,0.0,200.0,5.530629426026721,0.75,0.7520050590310415,0.543859649122807,0.0,nan,0.013605150214592278,0.0,0.0,57.0,508.0,0.4372181072831154,0.6378307284148961,0.5575785042815147,0.1602013999887757,-0.405307412147522,-13.891569318366237,1.4522080197930336,23.500086348503828,255.848464012146,,,,,,,,,,,,
638.0,0.0,200.0,8.222809879481813,0.75,0.6487709425099291,0.6567164179104478,0.0,nan,0.013547925608011449,0.0,0.0,67.0,610.0,1.136182900518179,0.5039046116198421,0.3228837647696398,0.36188034093781224,-0.405307412147522,-5.763678015675396,-1.7141760494560003,34.14153564721346,363.7798270583153,,,,,,,,,,,,
639.0,0.0,200.0,5.953573009595292,0.5,0.8624992606122335,0.4461538461538462,0.0,nan,0.01349070100143062,0.0,0.0,65.0,581.0,2.335370287299156,0.4869050372045933,0.3175912556595757,0.33843671166584455,-0.405307412147522,6.552039279602468,0.22438298352062702,21.532752439379692,403.90942656993866,,,,,,,,,,,,
640.0,0.0,200.0,4.9031997190416075,0.25,0.8770163939076516,0.40476190476190477,0.0,0.6,0.013433476394849785,0.0,0.0,84.0,754.0,3.167318493127823,0.7267954539005697,0.3081033090508347,0.8372604287581487,-0.405307412147522,5.978580794646405,-1.6930793970823288,18.830168679356575,317.9460533410311,1.0,0.0,0.5,0.0,0.5,0.3474856913089752,2.5288238525390625,11.990273155253817,83.0,1.0,200.0,127.34735441301035
641.0,0.0,200.0,5.356392783299104,0.5,0.8849594682588715,0.36486486486486486,0.0,nan,0.013376251788268956,0.0,0.0,74.0,655.0,0.9794216975569725,0.4107016735869733,0.32292391474330234,0.17545028791870365,-0.405307412147522,1.935945407487452,-2.28058407176286,20.001467550173402,299.7667995095253,,,,,,,,,,,,
642.0,0.0,200.0,6.697299344539651,0.75,0.8134395791280792,0.5,0.0,nan,0.013319027181688127,0.0,0.0,76.0,632.0,0.6654487513005733,0.39040621527658814,0.30357379028363896,0.17328778660028188,-0.405307412147522,-9.512653501704335,0.20328499656170607,46.16238306462765,399.6749328225851,,,,,,,,,,,,
643.0,0.0,200.0,4.610300606638212,0.25,0.8112164752798755,0.3953488372093023,0.0,nan,0.013261802575107298,0.0,0.0,86.0,774.0,0.8605129271745682,0.3779266549089464,0.3159949590652935,0.12365793905360434,-0.405307412147522,3.8504279609769583,-2.23034824244678,24.86294048652053,390.26756632328033,,,,,,,,,,,,
644.0,0.0,179.0,6.994135329686115,1.0,0.8793697849441338,0.2982456140350877,0.0,nan,0.01320457796852647,0.0,0.0,57.0,480.0,2.6633227467536926,0.5439168470554137,0.33272665718840977,0.4219663875717675,-0.405307412147522,0.2187426071614027,-3.0248234663158655,34.47529298067093,404.3929352760315,,,,,,,,,,,,
645.0,0.0,200.0,7.8056371419877015,0.75,0.8212071101954902,0.3939393939393939,0.0,nan,0.013147353361945634,0.0,0.0,66.0,578.0,4.43760821223259,0.6010847719374297,0.3088309245824589,0.5842277593904275,-0.405307412147522,29.058576291427016,1.175826333463192,32.26327981427312,398.7928341627121,,,,,,,,,,,,
646.0,0.0,200.0,6.2713869242742755,0.75,0.7801122793180157,0.43478260869565216,0.0,nan,0.013090128755364812,0.0,0.0,46.0,407.0,0.891513392329216,0.3876496325000759,0.3224676942509412,0.12996692160408552,-0.405307412147522,-28.95087939267978,-6.090224662795663,58.51445124298334,388.80617213249207,,,,,,,,,,,,
647.0,0.0,142.0,8.441927392017108,1.0,0.8015448550998581,0.40816326530612246,0.0,nan,0.013032904148783983,0.0,0.0,49.0,442.0,2.3083008527755737,0.5220587774206447,0.31803358308404517,0.40765408985939766,-0.405307412147522,-18.517705434933305,-6.235910108312964,34.78687264025211,403.80418729782104,,,,,,,,,,,,
648.0,0.0,194.0,6.679363826215277,1.0,0.8444771130834293,0.3275862068965517,0.0,nan,0.012975679542203147,0.0,0.0,58.0,468.0,2.1482614278793335,0.4744129411862268,0.30392302490825057,0.3407314764046634,-0.405307412147522,2.0381728985812515,0.5016936343163252,26.430977303534746,331.15031519532204,,,,,,,,,,,,
649.0,0.0,200.0,4.654009399041545,0.5,0.8353318264792543,0.47761194029850745,0.0,nan,0.012918454935622319,0.0,0.0,67.0,591.0,4.7852801233530045,0.8653693716448885,0.33632037671116144,1.05799625827217,-0.405307412147522,17.443873266223818,0.20387460850179195,20.002109713852406,291.78380528092384,,,,,,,,,,,,
650.0,0.0,181.0,2.549573481157433,0.0,0.8998430203834049,0.39473684210526316,0.0,0.8,0.01286123032904149,0.0,0.0,76.0,682.0,2.410648003220558,0.6170205638674127,0.15944251382606597,0.9151511633226003,-0.405307412147522,1.3538258725311607,-1.089353370014578,11.237830065190792,180.8877386022359,1.0,0.0,0.25,0.5,0.25,-0.061421774327754974,2.8546066284179688,6.618926903116517,34.0,1.0,72.0,2.5599665303900876
651.0,0.0,200.0,5.943608332499879,0.5,0.6190238368628153,0.676056338028169,0.0,nan,0.012804005722460661,0.0,0.0,71.0,657.0,1.8314142376184464,0.4960810794334485,0.2902903008131033,0.39998862714848515,-0.405307412147522,24.782414253568277,-10.954004373401403,18.177826339378953,289.32149454951286,,,,,,,,,,,,
652.0,0.0,200.0,7.030660796575267,0.5,0.8372401375189398,0.390625,0.0,nan,0.012746781115879832,0.0,0.0,64.0,581.0,1.2641050219535828,0.30186974370315056,0.10237337811771396,0.398537098227989,-0.405307412147522,24.446674986742437,-23.899356650887057,52.01785859372467,339.54780824296176,,,,,,,,,,,,
653.0,0.0,200.0,5.223794664330789,0.5,0.8855614261776544,0.28205128205128205,0.0,nan,0.012689556509299003,0.0,0.0,78.0,682.0,2.6936252117156982,0.5081351969390919,0.3188747034541013,0.37831375369716924,-0.405307412147522,12.571950525045395,1.830227228347212,25.947362262755632,239.17842637002468,,,,,,,,,,,,
654.0,0.0,200.0,7.503296858072299,0.75,0.8062431192497683,0.4057971014492754,0.0,nan,0.012632331902718175,0.0,0.0,69.0,610.0,3.121020019054413,0.608814276788106,0.3501173387451133,0.5172351057161424,-0.405307412147522,11.226634761493187,-1.0499454154632986,41.354107424616814,251.27904223650694,,,,,,,,,,,,
655.0,0.0,200.0,3.074697387889038,0.25,0.6692246978295201,0.5342465753424658,0.0,nan,0.012575107296137339,0.0,0.0,73.0,658.0,3.2621017694473267,0.7089516098367099,0.38885641710081437,0.6401832399054754,-0.405307412147522,-1.3175692137447186,-1.3312112228013575,7.140025736764073,70.79821870476007,,,,,,,,,,,,
656.0,0.0,200.0,2.750377050787222,0.25,0.8210748231470164,0.37037037037037035,0.0,nan,0.01251788268955651,0.0,0.0,81.0,730.0,1.8966133296489716,0.4624709888256291,0.2311613824601777,0.46236782578181135,-0.405307412147522,2.947061240673065,-0.44677487201988697,18.677872102707624,302.0088138282299,,,,,,,,,,,,
657.0,0.0,200.0,7.3298029761016545,0.75,0.6980368318008868,0.5189873417721519,0.0,nan,0.012460658082975681,0.0,0.0,79.0,698.0,4.599373877048492,0.7858706388051289,0.31367117897184527,0.9442909221228177,-0.405307412147522,0.9024606838356704,-1.692044344265014,24.264243328012526,234.64862148463726,,,,,,,,,,,,
658.0,0.0,146.0,8.268313130959879,1.0,0.5688284569944235,0.6590909090909091,0.0,nan,0.012403433476394853,0.0,0.0,44.0,381.0,1.9667456150054932,0.4589083634263176,0.3258890144879842,0.26573414235000703,-0.405307412147522,2.9767338261008263,-1.8628583159297705,56.2848085463047,404.6959779262543,,,,,,,,,,,,
659.0,0.0,200.0,6.058082138001938,0.5,0.893167709258208,0.31343283582089554,0.0,nan,0.012346208869814024,0.0,0.0,67.0,570.0,0.8057392314076424,0.35794452240236296,0.31752108063743334,0.08059658911570877,-0.405307412147522,9.337941024452448,-1.4380256962031126,35.33138186112046,386.025530397892,,,,,,,,,,,,
660.0,0.0,138.0,3.4047917842865107,0.25,0.7747424324869678,0.5357142857142857,0.0,1.0,0.012288984263233188,0.0,0.0,56.0,495.0,3.414425253868103,0.6377637329015515,0.27515431604030627,0.7174715553534243,-0.405307412147522,24.21221613511443,5.911231828853488,54.86959084868431,404.66948783397675,1.0,0.0,0.75,0.0,0.75,0.08072228729724884,2.2418861389160156,11.749080395093188,82.0,1.0,200.0,364.9588254122068
661.0,0.0,200.0,7.315276946574467,0.75,0.75784302128558,0.5862068965517241,0.0,nan,0.012231759656652366,0.0,0.0,58.0,522.0,2.347986340522766,0.5259665662354109,0.3226544724782262,0.4063983779472118,-0.405307412147522,18.527526220306754,1.6125170923769474,39.4624581001699,402.5388720035553,,,,,,,,,,,,
662.0,0.0,200.0,5.762806845754405,0.5,0.9000442655741682,0.4117647058823529,0.0,nan,0.01217453505007153,0.0,0.0,68.0,618.0,1.8223804906010628,0.5631006071577469,0.3838914782786599,0.35819951850635984,-0.405307412147522,6.425878940150142,-1.3113414654508233,25.54794186539948,376.85683834552765,,,,,,,,,,,,
663.0,0.0,200.0,6.475791896507154,0.75,0.782228279542427,0.38,0.0,nan,0.012117310443490702,0.0,0.0,50.0,420.0,2.7043356895446777,0.5222276441002975,0.31669456076042657,0.410923272952803,-0.405307412147522,18.56286043021828,-1.232162560801953,63.2508807182312,314.31601156294346,,,,,,,,,,,,
664.0,0.0,200.0,2.6100706332177013,0.25,0.7683474721335924,0.38961038961038963,0.0,nan,0.012060085836909873,0.0,0.0,77.0,717.0,2.7734937369823456,0.6084311067158268,0.2803676436889389,0.6560787248296629,-0.405307412147522,1.0790755037451163,-1.892492170096375,10.883751922287047,236.94988225400448,,,,,,,,,,,,
665.0,0.0,200.0,8.260812601074594,0.75,0.8489680583930943,0.3815789473684211,0.0,nan,0.012002861230329044,0.0,0.0,76.0,650.0,2.2162475287914276,0.46997866730476834,0.32950569808362934,0.2808034899546611,-0.405307412147522,-32.04267514916137,-0.5154744861647487,72.5739486431703,351.20788937807083,,,,,,,,,,,,
666.0,0.0,82.0,2.572786681652075,0.0,0.7191372826525184,0.5675675675675675,0.0,nan,0.011945636623748215,0.0,0.0,37.0,328.0,4.973082423210144,0.9710431294376036,0.31910456043882834,1.2974036159552926,-0.405307412147522,-42.79650821350515,-3.2358916848897934,156.12221136689186,414.39178478717804,,,,,,,,,,,,
667.0,0.0,200.0,6.7769398938864605,0.75,0.826448743767351,0.4626865671641791,0.0,nan,0.01188841201716738,0.0,0.0,67.0,570.0,0.8042312487959862,0.49872510101763634,0.34274814855078783,0.3099869764823464,-0.405307412147522,1.012975161895156,-1.3010325781069696,38.52365972660482,364.1546891927719,,,,,,,,,,,,
668.0,0.0,200.0,7.046392880007641,0.75,0.8799700392783059,0.4,0.0,nan,0.01183118741058655,0.0,0.0,55.0,490.0,1.4859176874160767,0.4508581622213363,0.3305902804084586,0.24039245901770656,-0.405307412147522,4.475886452593841,-0.9690540987066925,129.17500599939376,370.3343545794487,,,,,,,,,,,,
669.0,0.0,200.0,5.330255053490417,0.5,0.6718005918299526,0.589041095890411,0.0,nan,0.011773962804005729,0.0,0.0,73.0,683.0,0.671400660648942,0.3915931954074967,0.3244595058627083,0.13417658037517288,-0.405307412147522,2.0387357427971438,-1.9169616885483265,15.333404002711177,318.67658591270447,,,,,,,,,,,,
670.0,0.0,145.0,6.1852411749959115,0.25,0.8166541692197711,0.37037037037037035,0.0,0.6000000000000001,0.011716738197424893,0.0,0.0,54.0,473.0,0.9763869792222977,0.4303293389034355,0.2551605205941959,0.3501631975418161,-0.405307412147522,-4.491416726261377,11.770375595195219,139.92424623295665,398.41836804151535,1.0,1.0,1.0,0.0,1.0,0.0555117130279541,2.140639305114746,11.969314742542338,76.0,1.0,179.0,153.8582590362431
671.0,0.0,200.0,7.420089037120356,0.75,0.7574345313234675,0.5454545454545454,0.0,nan,0.011659513590844064,0.0,0.0,55.0,484.0,0.795686885714531,0.3932674216116848,0.35858596292555367,0.06921942355845823,-0.405307412147522,8.341278839856386,18.90051377005875,143.3597247414291,416.7179262638092,,,,,,,,,,,,
672.0,0.0,200.0,6.95743883490564,0.75,0.8993948294929711,0.38596491228070173,0.0,nan,0.011602288984263236,0.0,0.0,57.0,509.0,1.144195407629013,0.4450085440389806,0.3472211310907549,0.193786917519437,-0.405307412147522,0.3683598693460226,11.537512125447392,68.86494382843375,401.38876163959503,,,,,,,,,,,,
673.0,0.0,200.0,5.704956577494758,0.5,0.7013553405538377,0.5555555555555556,0.0,nan,0.011545064377682407,0.0,0.0,72.0,669.0,1.647138237953186,0.4314087388823289,0.2947960231125675,0.2728892462789405,-0.405307412147522,-28.372148842550814,13.491658945567906,73.79494388587773,398.88836574554443,,,,,,,,,,,,
674.0,0.0,74.0,0.16954731404781526,0.0,0.8567255901595288,0.47368421052631576,0.0,nan,0.011487839771101578,0.0,0.0,38.0,296.0,9.131365060806274,1.1816229477748388,0.30170113062834586,1.7588267576383845,-0.405307412147522,28.322093148715794,-13.50243834569119,106.93050181120634,330.8693211078644,,,,,,,,,,,,
675.0,0.0,27.0,0.1217658925056457,0.0,0.34939846340644504,0.75,0.0,nan,0.011430615164520742,0.0,0.0,16.0,108.0,14.539283514022827,1.2976502409415775,0.2537531579446099,2.0680058453070758,-0.405307412147522,-72.7565935358957,-110.02927853553383,163.8091265404666,313.6437909382361,,,,,,,,,,,,
676.0,0.0,200.0,8.286434188354779,0.75,0.7862506650152248,0.5303030303030303,0.0,nan,0.01137339055793992,0.0,0.0,66.0,594.0,0.8366778157651424,0.45475895802755417,0.3623089219654503,0.18460079342826605,-0.405307412147522,-44.71886314731091,-2.5189637430012226,179.06132508441806,397.1537236571312,,,,,,,,,,,,
677.0,0.0,200.0,6.305996561571978,0.5,0.7566427348239241,0.5277777777777778,0.0,nan,0.011316165951359085,0.0,0.0,72.0,664.0,3.1399730294942856,0.7231331344180629,0.3171854132733241,0.8118038194587736,-0.405307412147522,2.0198034713976085,-0.16776800621300936,60.60045552812517,363.4342032670975,,,,,,,,,,,,
678.0,0.0,200.0,4.807456025332216,0.75,0.8670742741189968,0.3617021276595745,0.0,nan,0.011258941344778256,0.0,0.0,47.0,401.0,1.9368079602718353,0.516918018250557,0.3281666413665977,0.3773841916610152,-0.41679054498672485,38.17158711759839,-0.6515115408692509,31.786718759685755,395.5506057739258,,,,,,,,,,,,
679.0,0.0,200.0,5.878712966218606,0.5,0.7695872373168813,0.5074626865671642,0.0,nan,0.011201716738197427,0.0,0.0,67.0,623.0,1.5931111350655556,0.44782455486648587,0.32860924088709,0.23836585130307766,-0.4053642605431378,9.270661382935941,5.584403104148805,32.058780305087566,404.40728878974915,,,,,,,,,,,,
680.0,0.0,200.0,4.974093091487903,0.25,0.8643878693255505,0.4146341463414634,0.0,0.39999999999999997,0.011144492131616598,0.0,0.0,82.0,745.0,1.4807312488555908,0.41556893667932115,0.31565694060754357,0.19969471283073972,-0.405307412147522,-18.852341201156378,-3.947593598626554,18.26894810423255,404.2040065526962,1.0,0.0,0.0,0.0,0.0,0.5295498371124268,2.0737054347991943,11.961922748686675,85.0,1.0,200.0,3.4875428974628675
681.0,0.0,200.0,6.677853430733114,0.25,0.8984360076326726,0.38372093023255816,0.0,nan,0.01108726752503577,0.0,0.0,86.0,748.0,1.8385822176933289,0.46537517951960616,0.3400246774160206,0.25047635654267975,-0.405307412147522,-10.38478454016149,-3.1172552406787872,34.80448877438903,400.08835566043854,,,,,,,,,,,,
682.0,0.0,200.0,3.8568505480885666,0.25,0.8316381587674457,0.38271604938271603,0.0,nan,0.011030042918454934,0.0,0.0,81.0,710.0,1.4984764754772186,0.5253204273463439,0.3231003338401444,0.4043449241589343,-0.405307412147522,15.994899941142648,-0.10894634760916233,15.794841434806585,329.7936982810497,,,,,,,,,,,,
683.0,0.0,200.0,7.50856026291849,0.75,0.9365236413275967,0.28378378378378377,0.0,nan,0.010972818311874105,0.0,0.0,74.0,678.0,1.2964364066720009,0.3870495660933173,0.30769853816491377,0.15728408245663095,-0.405307412147522,-29.149840043624863,1.809467158280313,43.14747642353177,396.49718832969666,,,,,,,,,,,,
684.0,0.0,200.0,6.3732465187460425,0.5,0.7887781920264896,0.4520547945205479,0.0,nan,0.010915593705293283,0.0,0.0,73.0,661.0,1.6541522294282913,0.4476634481489228,0.32956603171597626,0.23611207581624782,-0.405307412147522,7.911940578720532,-0.3821830879896879,18.16002470254898,233.56368705630302,,,,,,,,,,,,
685.0,0.0,200.0,4.825557394921791,0.5,0.8743783561033729,0.3382352941176471,0.0,nan,0.010858369098712448,0.0,0.0,68.0,566.0,4.323215082287788,0.8298370879224779,0.3137022082021162,1.0322270907094953,-0.4566324003972113,20.200535437092185,0.7949987724423409,17.0891708470881,355.5562599301338,,,,,,,,,,,,
686.0,0.0,200.0,4.0821075890958465,0.25,0.7641062871416505,0.5333333333333333,0.0,nan,0.010801144492131619,0.0,0.0,75.0,667.0,0.7690819092094898,0.3977961417416775,0.33272867592642164,0.13012552915421038,-0.405307412147522,-14.959134628530592,-3.6532577564939857,8.978423193097115,326.32282131910324,,,,,,,,,,,,
687.0,0.0,200.0,4.7232171504199725,0.25,0.8463774246823336,0.3707865168539326,0.0,nan,0.01074391988555079,0.0,0.0,89.0,796.0,3.6934847831726074,0.6445156855600025,0.2738922209675381,0.7397919373522632,-0.405307412147522,4.326704927138053,-29.372815175913274,38.197673725895584,297.2221668511629,,,,,,,,,,,,
688.0,0.0,200.0,5.839324366450337,0.25,0.8151211652767355,0.38095238095238093,0.0,nan,0.010686695278969961,0.0,0.0,84.0,739.0,2.1782712638378143,0.5111616051988257,0.3456499071409218,0.33088822630003656,-0.4106937178876251,4.695893929339945,0.5719983503222466,22.625236302614212,336.30318024754524,,,,,,,,,,,,
689.0,0.0,200.0,3.958793550282734,0.25,0.7882280082660958,0.5128205128205128,0.0,nan,0.010629470672389126,0.0,0.0,78.0,708.0,2.6905393600463867,0.6052447205225742,0.3291007081260455,0.5521252480677714,-0.405307412147522,-20.01945277384948,-1.0613548271358013,10.434848943725228,219.85923704504967,,,,,,,,,,,,
690.0,0.0,200.0,4.920196608826533,0.5,0.7540114372891924,0.5217391304347826,0.0,0.2,0.010572246065808297,0.0,0.0,69.0,630.0,2.144131451845169,0.5110217522209695,0.2981551971576798,0.42559982926456574,-0.405307412147522,-15.822974686860107,-4.277671267744154,15.320361068472266,162.4195399582386,1.0,0.0,0.0,0.0,0.0,0.6727511882781982,1.9539083242416382,12.01874505804534,87.0,1.0,200.0,3.4631361402571423
691.0,0.0,200.0,4.673055110201249,0.5,0.9147876052783427,0.3287671232876712,0.0,nan,0.010515021459227468,0.0,0.0,73.0,672.0,1.8011934161186218,0.4769495956873069,0.36717838337252234,0.21945602266917152,-0.405307412147522,15.480678413063288,0.020793738774955273,26.73373200930655,267.3346032500267,,,,,,,,,,,,
692.0,0.0,200.0,3.335790093168626,0.25,0.8744089465574713,0.3132530120481928,0.0,nan,0.01045779685264664,0.0,0.0,83.0,748.0,1.1188109070062637,0.42182006349160495,0.3166219233558291,0.21031288118425873,-0.405307412147522,-4.930172750726342,5.952575112693012,30.413505585864186,319.2061641216278,,,,,,,,,,,,
693.0,0.0,200.0,5.086815674752013,0.5,0.8845438676827314,0.3472222222222222,0.0,nan,0.01040057224606581,0.0,0.0,72.0,634.0,1.1936781704425812,0.4173443283044662,0.32076194057760654,0.19307768896565225,-0.405307412147522,13.799706522375345,1.510247834958136,18.583042608574033,331.4174221754074,,,,,,,,,,,,
694.0,0.0,200.0,5.728543809354334,0.25,0.834227311100284,0.43373493975903615,0.0,nan,0.010343347639484982,0.0,0.0,83.0,763.0,2.006267949938774,0.4106642727974581,0.30625620975252854,0.20877071749392495,-0.405307412147522,-15.945319948717952,-0.2996931867673993,22.57749081030488,241.84351080656052,,,,,,,,,,,,
695.0,0.0,200.0,5.739047998338952,0.5,0.8973155674410361,0.4117647058823529,0.0,nan,0.010286123032904153,0.0,0.0,68.0,604.0,0.7649973835796118,0.24547534419488226,0.20620858047275795,0.07848671125679975,-0.405307412147522,10.263059876859188,2.3480628049001098,21.490836123004556,294.86534255743027,,,,,,,,,,,,
696.0,0.0,200.0,6.457961632460378,0.25,0.8419850650734069,0.4827586206896552,0.0,nan,0.010228898426323324,0.0,0.0,87.0,799.0,2.601477548480034,0.4047857769734775,0.2604293372565629,0.2886154609686895,-0.405307412147522,-1.8159325495362282,0.2127409689128399,21.750494475476444,258.48313096165657,,,,,,,,,,,,
697.0,0.0,200.0,2.155951991677308,0.0,0.7892706020479081,0.375,0.0,nan,0.010171673819742488,0.0,0.0,88.0,800.0,1.422617256641388,0.4936499458361938,0.3260862187589528,0.3349736008137731,-0.405307412147522,-2.8501340728253126,-2.5358611019328237,15.396551871672273,332.8919794559479,,,,,,,,,,,,
698.0,0.0,200.0,2.8786565177142847,0.0,0.8564719782592073,0.3146067415730337,0.0,nan,0.01011444921316166,0.0,0.0,89.0,800.0,2.1805354952812195,0.654418749999266,0.45313132389504185,0.40256468406017953,-0.405307412147522,-2.8133499585092068,-2.122806401923299,11.701615240424871,251.67442545294762,,,,,,,,,,,,
699.0,0.0,200.0,1.8519434705376816,0.0,0.8556132975464658,0.41379310344827586,0.0,nan,0.01005722460658083,0.0,0.0,87.0,800.0,1.3897370994091034,0.37610591040233254,0.2663533418028365,0.21946046238222316,-0.405307412147522,1.212270431453362,-1.5926582803949714,15.628591753542423,185.22498175501823,,,,,,,,,,,,
700.0,0.0,200.0,2.683259725570694,0.0,0.7565232616944794,0.48314606741573035,0.0,0.0,0.010000000000000002,0.0,0.0,89.0,800.0,1.2613324001431465,0.4144266062667601,0.31081103829343704,0.2071242467487444,-0.405307412147522,6.948499237885699,-1.6557876812294126,14.952944758348167,170.8410288617015,1.0,0.0,0.25,0.0,0.25,0.5772906541824341,1.6496449708938599,11.827563113380165,84.0,1.0,200.0,163.53683675266825
701.0,0.0,200.0,3.0301358252763952,0.0,0.7793698867721855,0.46236559139784944,0.0,nan,0.010000000000000002,0.0,0.0,93.0,800.0,1.6833713352680206,0.48020141142979444,0.31960960722380294,0.3211788650299534,-0.405307412147522,0.7985708514461294,-0.6259365966543555,10.821518756449223,135.65448905527592,,,,,,,,,,,,
702.0,0.0,200.0,6.4645310135558445,0.5,0.8337289755671757,0.4411764705882353,0.0,nan,0.010000000000000002,0.0,0.0,68.0,620.0,4.04129721224308,0.3725267015054179,0.26635836572261357,0.21207888027706864,-0.405307412147522,15.950789151713252,0.06158925872296095,26.850885082036257,348.2970046401024,,,,,,,,,,,,
703.0,0.0,200.0,6.189880548827355,0.75,0.7936542955959887,0.5,0.0,nan,0.010000000000000002,0.0,0.0,56.0,511.0,3.575486123561859,0.5195567917944086,0.34140853892621564,0.3545667406033263,-0.405307412147522,-13.084816489368677,13.91122785396874,35.06690949946642,394.7815854549408,,,,,,,,,,,,
704.0,0.0,200.0,4.8669370539859145,0.25,0.9300610560720619,0.32142857142857145,0.0,nan,0.010000000000000002,0.0,0.0,84.0,756.0,2.574256092309952,0.4265994916826017,0.31487724231376707,0.22255994096898846,-0.405307412147522,-2.616289395664353,-1.792327362112701,17.350988725200295,201.04139855504036,,,,,,,,,,,,
705.0,0.0,200.0,8.672569926157616,0.75,0.591593272976363,0.7,0.0,nan,0.010000000000000002,0.0,0.0,70.0,662.0,6.343557357788086,0.556044203798592,0.30461889066972225,0.5025468351867071,-0.405307412147522,25.331498738378286,-0.024196590296924114,31.31652231141925,353.74436616897583,,,,,,,,,,,,
706.0,0.0,200.0,2.761838551610723,0.0,0.8465667447808213,0.42857142857142855,0.0,nan,0.010000000000000002,0.0,0.0,91.0,800.0,0.48234986513853073,0.3216425632976012,0.26675067438624245,0.1096626654881141,-0.405307412147522,1.9639202819671482,-4.206129997037351,16.873653553426266,210.78384226560593,,,,,,,,,,,,
707.0,0.0,200.0,4.22028224766256,0.5,0.826866121996998,0.37333333333333335,0.0,nan,0.010000000000000002,0.0,0.0,75.0,660.0,0.7462237551808357,0.41410314900562106,0.3276986053893035,0.17267378633876107,-0.405307412147522,-0.14295725559350103,-0.47243559546768665,20.604340059682727,265.32804757356644,,,,,,,,,,,,
708.0,0.0,200.0,3.6005674805119705,0.5,0.8574784264197122,0.3855421686746988,0.0,nan,0.010000000000000002,0.0,0.0,83.0,734.0,1.3880159109830856,0.45630446660508905,0.31347881013543744,0.2854837548792818,-0.405307412147522,1.2858601447660476,-1.3494831947609782,22.83073142170906,171.82349544763565,,,,,,,,,,,,
709.0,0.0,200.0,6.095980414636456,0.5,0.7991837608981792,0.4875,0.0,nan,0.010000000000000002,0.0,0.0,80.0,692.0,0.88749560713768,0.385353036094898,0.29495415075193465,0.1803345879589786,-0.405307412147522,3.7598391589708626,-29.764904774725437,66.78988500311971,374.34513211250305,,,,,,,,,,,,
710.0,0.0,200.0,8.225222639143489,0.75,0.7778720655548078,0.5066666666666667,0.0,0.4,0.010000000000000002,0.0,0.0,75.0,644.0,1.271157830953598,0.49940645177056553,0.38722551680499095,0.22402456877857196,-0.405307412147522,5.921093429904431,0.9795255986973643,38.65522268041968,331.6547022461891,1.0,1.0,1.0,0.0,1.0,0.3650763928890228,2.2229981422424316,11.827718468382955,73.0,1.0,174.0,270.2320707568343
711.0,0.0,200.0,8.969279665723462,0.75,0.6977112249335348,0.5079365079365079,0.0,nan,0.010000000000000002,0.0,0.0,63.0,546.0,1.7035856544971466,0.5142858713438834,0.3297387021646904,0.36868686844890725,-0.405307412147522,-25.32788910344243,-4.0164634101092815,103.50794899463654,403.620459318161,,,,,,,,,,,,
712.0,0.0,97.0,4.29224468357862,0.0,0.8180004454756833,0.46511627906976744,0.0,nan,0.010000000000000002,0.0,0.0,43.0,365.0,2.4540560245513916,0.7641925506056229,0.3545305391597332,0.8191106792996585,-0.405307412147522,15.060643836855888,4.634194526821375,260.99037942290306,424.3396919965744,,,,,,,,,,,,
713.0,0.0,175.0,9.451878562346117,1.0,0.6432661421501471,0.5666666666666667,0.0,nan,0.010000000000000002,0.0,0.0,60.0,529.0,3.1167799830436707,0.6176755125663504,0.322365474093273,0.5903757028537213,-0.405307412147522,-11.401562084443867,16.849913604557514,182.15499990805984,317.60009637475014,,,,,,,,,,,,
714.0,0.0,101.0,7.5623244263231815,1.0,0.6294905125738056,0.5641025641025641,0.0,nan,0.010000000000000002,0.0,0.0,39.0,330.0,1.9134447574615479,0.5047951027706645,0.32240091916264646,0.36454348869426656,-0.405307412147522,4.487026775255799,15.82338796183467,286.88409528136253,417.9599361419678,,,,,,,,,,,,
715.0,0.0,126.0,8.724308633580815,1.0,0.8777238259345121,0.42857142857142855,0.0,nan,0.010000000000000002,0.0,0.0,49.0,419.0,1.002523735165596,0.40856607607386763,0.30834798809447894,0.20005571335641348,-0.405307412147522,-19.38719459436834,14.898363891988993,354.6091958284378,438.2788611650467,,,,,,,,,,,,
716.0,0.0,139.0,7.719252843707805,1.0,0.3835495574791767,0.813953488372093,0.0,nan,0.010000000000000002,0.0,0.0,43.0,328.0,1.9099810719490051,0.45278503597106123,0.3277088598234612,0.24982751551237348,-0.405307412147522,27.22219442203641,19.69163317605853,302.42312866449356,427.074285030365,,,,,,,,,,,,
717.0,0.0,149.0,7.829592830874033,1.0,0.6201427956765293,0.6818181818181818,0.0,nan,0.010000000000000002,0.0,0.0,44.0,385.0,2.1689916253089905,0.4993327624280681,0.313363727009874,0.3664913282740523,-0.405307412147522,16.023962553590536,19.886779345571995,289.4406259357929,424.1440831422806,,,,,,,,,,,,
718.0,0.0,180.0,10.449748571664113,1.0,0.6557458623199393,0.59375,0.0,nan,0.010000000000000002,0.0,0.0,64.0,572.0,3.2862746119499207,0.43956673127243384,0.31806424414498835,0.24272926830674138,-0.405307412147522,0.4926481805741787,-34.23576424457133,267.3568792939186,427.82401263713837,,,,,,,,,,,,
719.0,0.0,152.0,6.064570196270953,0.75,0.6284208095760127,0.5,0.0,nan,0.010000000000000002,0.0,0.0,48.0,428.0,1.77019864320755,0.550796260913323,0.3517198066138693,0.38952733276677565,-0.44663450168445706,31.851555043831468,-30.05492179840803,193.0165200009942,395.19431614875793,,,,,,,,,,,,
720.0,0.0,131.0,7.82552647400648,1.0,0.7497062567710012,0.5365853658536586,0.0,0.2,0.010000000000000002,0.0,0.0,41.0,334.0,1.951595276594162,0.46594434604475055,0.31076954156741265,0.3100315775556678,-0.405307412147522,15.93711655586958,-20.62961889617145,298.6178272366524,426.41217863559723,1.0,1.0,1.0,0.0,1.0,0.14618530869483948,1.6367977857589722,11.837618911638856,74.0,1.0,176.0,278.9491354150328
721.0,0.0,200.0,7.326106842160234,0.75,0.68306491548328,0.5094339622641509,0.0,nan,0.010000000000000002,0.0,0.0,53.0,483.0,0.6017674505710602,0.39617891863485255,0.35666193577669636,0.07854303477275339,-0.405307412147522,-32.13310668070335,-18.857484314590693,124.41189133003354,381.06539791822433,,,,,,,,,,,,
722.0,0.0,178.0,9.608955006115156,1.0,0.8106260721088876,0.40625,0.0,nan,0.010000000000000002,0.0,0.0,64.0,550.0,1.731054663658142,0.43882027882633956,0.3274377666817609,0.22226065572710052,-0.405307412147522,20.476854025386274,-13.091563938185573,138.9778852313757,383.428206384182,,,,,,,,,,,,
723.0,0.0,128.0,8.320468719899665,1.0,0.6990306141801548,0.5833333333333334,0.0,nan,0.010000000000000002,0.0,0.0,48.0,411.0,0.6280258595943451,0.3171428697969745,0.2984227961397321,0.03695198918326513,-0.405307412147522,-31.633459325879812,-22.21477128006518,174.54999854788184,403.06432139873505,,,,,,,,,,,,
724.0,0.0,151.0,8.278385852761577,1.0,0.7450234730203804,0.5510204081632653,0.0,nan,0.010000000000000002,0.0,0.0,49.0,428.0,0.7681882083415985,0.3657960493500058,0.3117907028285927,0.10757165799255841,-0.405307412147522,-39.450474448502064,-18.377813881263137,220.15414083376527,385.3563483953476,,,,,,,,,,,,
725.0,0.0,200.0,6.909592934474365,0.75,0.8474087599919354,0.3333333333333333,0.0,nan,0.010000000000000002,0.0,0.0,57.0,499.0,1.339222401380539,0.4809665510445207,0.3302642139689656,0.3009692697786033,-0.405307412147522,-12.859907767735422,-1.6555378325283527,64.84620171226561,335.65292447805405,,,,,,,,,,,,
726.0,0.0,200.0,7.593724209144725,0.75,0.8411736403163911,0.44776119402985076,0.0,nan,0.010000000000000002,0.0,0.0,67.0,587.0,1.8270452916622162,0.46856504633032614,0.31485553836541497,0.3072582661859938,-0.405307412147522,12.3460254073143,-26.38666405249387,181.5640448126942,296.18616580963135,,,,,,,,,,,,
727.0,0.0,200.0,7.087276854142562,0.75,0.6559178502967343,0.5423728813559322,0.0,nan,0.010000000000000002,0.0,0.0,59.0,499.0,1.742098182439804,0.4331198171736581,0.3296152708317163,0.20308385083749605,-0.405307412147522,-28.576526941731572,-2.042501313611865,118.39231674000621,358.1163030862808,,,,,,,,,,,,
728.0,0.0,200.0,6.323557547554387,0.75,0.7540933574883032,0.46,0.0,nan,0.010000000000000002,0.0,0.0,50.0,437.0,1.0445724725723267,0.4191750654103066,0.31960401536983274,0.19887064600104465,-0.405307412147522,3.8215908128768206,-1.0363824851810932,48.28881818242371,326.72476720809937,,,,,,,,,,,,
729.0,0.0,166.0,8.383975470960152,1.0,0.8773749614337779,0.32142857142857145,0.0,nan,0.010000000000000002,0.0,0.0,56.0,449.0,1.5652552247047424,0.448242022852682,0.30044653865626136,0.2952344278912502,-0.40613147616386414,-23.800666075199842,-10.155965615063906,92.65343674272299,321.62922739982605,,,,,,,,,,,,
730.0,0.0,63.0,2.7492849347740433,0.25,0.4158299675114528,0.7741935483870968,0.0,0.39999999999999997,0.010000000000000002,0.0,0.0,31.0,249.0,6.292919874191284,0.988827326742189,0.34514707011213575,1.2810556030918048,-0.4053909211273653,0.6768004291028862,90.4410287922166,253.29779689283257,396.4970139040047,1.0,1.0,1.0,0.0,1.0,0.48778077960014343,1.8969730138778687,12.126096568070352,73.0,1.0,174.0,176.4810897998886
731.0,0.0,181.0,9.41281932894142,1.0,0.6596059628413338,0.631578947368421,0.0,nan,0.010000000000000002,0.0,0.0,57.0,521.0,1.3627479076385498,0.5025907238990271,0.38568943858263083,0.23353469773211644,-0.405307412147522,-29.749057912267745,-25.599865593016148,182.86605316586792,343.83001732826233,,,,,,,,,,,,
732.0,0.0,150.0,5.362312322910885,0.25,0.6323375728029405,0.6851851851851852,0.0,nan,0.010000000000000002,0.0,0.0,54.0,484.0,2.9111298322677612,0.70731759028628,0.3311794319266811,0.7519979816788342,-0.405307412147522,9.225863425061107,3.7286313734948635,110.17061055079103,329.0702900290489,,,,,,,,,,,,
733.0,0.0,49.0,0.8600315211713312,0.0,0.8220041655866582,0.4,0.0,nan,0.010000000000000002,0.0,0.0,25.0,196.0,7.114376664161682,0.7955372660706936,0.30532135896119933,0.9741630964565513,-0.4076799087378444,18.917319896269817,-22.51937248268906,52.7142845951781,402.4026995289082,,,,,,,,,,,,
734.0,0.0,200.0,8.279403260424754,0.75,0.7044850476905739,0.5714285714285714,0.0,nan,0.010000000000000002,0.0,0.0,70.0,617.0,1.1739047318696976,0.47987957937180553,0.3362615562981827,0.28661805501539905,-0.405307412147522,-1.6644019056111574,-1.127465388737619,35.52426020056009,396.9627094268799,,,,,,,,,,,,
735.0,0.0,169.0,8.0136725055799,1.0,0.9163476443684628,0.2982456140350877,0.0,nan,0.010000000000000002,0.0,0.0,57.0,482.0,0.7348926961421967,0.4185909915063206,0.3278125447526591,0.18112265204824404,-0.405307412147522,-13.84493806399405,4.406478198245168,85.57560473307967,393.9502598643303,,,,,,,,,,,,
736.0,0.0,200.0,6.020959319919356,0.75,0.8116386679877705,0.43103448275862066,0.0,nan,0.010000000000000002,0.0,0.0,58.0,510.0,2.9824604392051697,0.6585108957062742,0.314074475598047,0.6884693486164882,-0.405307412147522,10.91895930096507,5.100373173132539,28.09294079616666,331.06922429800034,,,,,,,,,,,,
737.0,0.0,161.0,7.441895202919861,0.25,0.8253734115334528,0.5074626865671642,0.0,nan,0.010000000000000002,0.0,0.0,67.0,580.0,2.8930574245750904,0.8083586989167699,0.30758560309583705,1.0003092720535847,-0.405307412147522,-44.18844783026725,20.074051301926374,108.9656081572175,393.62214002013206,,,,,,,,,,,,
738.0,0.0,173.0,7.956707238331447,1.0,0.7439309568025819,0.42857142857142855,0.0,nan,0.010000000000000002,0.0,0.0,49.0,398.0,3.0380192399024963,0.5842944236043361,0.3233946013666556,0.5214858418586176,-0.405307412147522,-6.345950331538916,-8.84719504788518,121.34034300595522,405.58102536201477,,,,,,,,,,,,
739.0,0.0,136.0,6.309482859596621,0.5,0.6453419970328603,0.6346153846153846,0.0,nan,0.010000000000000002,0.0,0.0,52.0,439.0,1.4493381679058075,0.6105851368295978,0.33729388429110446,0.5464301828843339,-0.405307412147522,37.51810323446989,6.603059902787209,33.500698283314705,331.13924092054367,,,,,,,,,,,,
740.0,0.0,106.0,4.187879456430683,0.25,0.6476505023182926,0.5434782608695652,0.0,0.39999999999999997,0.010000000000000002,0.0,0.0,46.0,396.0,3.2912360429763794,0.7260620943312439,0.33710104431617594,0.7719616030398786,-0.405307412147522,48.98280209302902,-11.36306618154049,59.46347980201244,391.13192051649094,1.0,0.0,0.0,0.5,0.0,-0.01305420696735382,2.1347756385803223,5.914378323825076,36.0,1.0,76.0,0.8669777268171333
741.0,0.0,200.0,4.481083868443985,0.5,0.870601212745635,0.3561643835616438,0.0,nan,0.010000000000000002,0.0,0.0,73.0,635.0,1.8075189888477325,1.34187375158043,1.0893728802117104,0.5046371808077061,-0.405307412147522,-9.57422088040039,2.0984960990026593,18.389372861012816,234.35484038293362,,,,,,,,,,,,
742.0,0.0,200.0,6.1184598919749416,0.5,0.8688173374514343,0.3194444444444444,0.0,nan,0.010000000000000002,0.0,0.0,72.0,617.0,1.1696690395474434,0.40400792583020934,0.3290627255704343,0.14972770994645881,-0.405307412147522,19.873836988583207,2.285011762753129,33.84456882625818,337.3196723461151,,,,,,,,,,,,
743.0,0.0,200.0,5.589758763760348,0.5,0.8449059719919753,0.3972602739726027,0.0,nan,0.010000000000000002,0.0,0.0,73.0,638.0,0.732493648538366,0.41750781059644737,0.33720116389903126,0.16013050535373247,-0.405307412147522,4.316870385897346,12.583901246078312,24.811378955841064,234.77594335377216,,,,,,,,,,,,
744.0,0.0,200.0,7.32953984215858,0.5,0.7162828155337714,0.4666666666666667,0.0,nan,0.010000000000000002,0.0,0.0,75.0,680.0,0.9146185554563999,0.4509259750934089,0.33816228670790105,0.2253972295488133,-0.405307412147522,28.50033960910514,3.287823162972927,22.56850879639387,246.98491089046001,,,,,,,,,,,,
745.0,0.0,200.0,8.856030641421697,0.75,0.6838427129614564,0.5507246376811594,0.0,nan,0.010000000000000002,0.0,0.0,69.0,628.0,1.9809385538101196,0.4785033756477626,0.33159195997398844,0.2933355718295441,-0.405307412147522,-6.780438472516835,0.632160222157836,39.97488975524902,401.0992195010185,,,,,,,,,,,,
746.0,0.0,85.0,1.8037026427686285,0.0,0.7308749806209611,0.5609756097560976,0.0,nan,0.010000000000000002,0.0,0.0,41.0,340.0,6.096163749694824,1.144343802518545,0.3413778195317958,1.6053840973511426,-0.405307412147522,11.82737965323031,7.483450464904308,84.89915129542351,405.1438729763031,,,,,,,,,,,,
747.0,0.0,109.0,3.393470346629628,0.25,0.6709007288109672,0.4222222222222222,0.0,nan,0.010000000000000002,0.0,0.0,45.0,397.0,5.091628551483154,0.8348693270094234,0.29343338238120986,1.0822390374394546,-0.405307412147522,1.9616198764415458,-4.386212925426662,26.21548323240131,239.2696299497038,,,,,,,,,,,,
748.0,0.0,200.0,6.929810286276061,0.5,0.7138877977776688,0.5316455696202531,0.0,nan,0.010000000000000002,0.0,0.0,79.0,704.0,2.5763812512159348,0.6624446388607339,0.33056705973835154,0.663392195579191,-0.405307412147522,-9.679985038470477,-5.831244102213532,29.93599866516888,212.2969672344625,,,,,,,,,,,,
749.0,0.0,200.0,6.499495469704282,0.75,0.8127674779646687,0.43859649122807015,0.0,nan,0.010000000000000002,0.0,0.0,57.0,488.0,1.5094476640224457,0.4398745750712063,0.31677162346958665,0.24603868108530613,-0.405307412147522,-4.883446115331026,-2.422260561026633,18.578669054433703,170.13188693486154,,,,,,,,,,,,
750.0,0.0,153.0,7.989363455921421,1.0,0.7051524084446325,0.5434782608695652,0.0,0.6000000000000001,0.010000000000000002,0.0,0.0,46.0,404.0,2.3998793959617615,0.5410060010917341,0.3183995279334887,0.44491521352843744,-0.405307412147522,-25.0454931310378,-5.066560326144099,58.23697987571359,351.8862985223532,1.0,1.0,1.0,0.0,1.0,0.3928966820240021,2.105333089828491,11.720505124656484,73.0,1.0,175.0,276.4587722942236
751.0,0.0,200.0,7.612657863460499,0.75,0.8506777907222769,0.35,0.0,nan,0.010000000000000002,0.0,0.0,60.0,545.0,1.2537775039672852,0.417729899548533,0.3131643487015054,0.20526002783131306,-0.405307412147522,11.603815538808703,2.213702093809843,30.898667780682445,259.7694375514984,,,,,,,,,,,,
752.0,0.0,200.0,7.394388817679152,0.75,0.7071533796733664,0.543859649122807,0.0,nan,0.010000000000000002,0.0,0.0,57.0,509.0,2.961006999015808,0.43597102081821504,0.3135633559038138,0.24457808613155585,-0.405307412147522,-15.7572336550802,-4.439100012183189,60.063752464950085,329.25195533037186,,,,,,,,,,,,
753.0,0.0,109.0,2.834871481955063,0.0,0.7904205957290973,0.45098039215686275,0.0,nan,0.010000000000000002,0.0,0.0,51.0,436.0,6.9466259479522705,1.5963939070975663,0.3020115208083596,2.582766125504781,-0.405307412147522,8.632610734552145,-11.309146342799067,61.19458716362715,373.77123659849167,,,,,,,,,,,,
754.0,0.0,116.0,2.874360774625102,0.25,0.6826290200296024,0.5625,0.0,nan,0.010000000000000002,0.0,0.0,48.0,417.0,7.540170192718506,1.1426258547706993,0.33304784258506354,1.6160702915049199,-0.405307412147522,9.786650309339166,3.0585615653544664,34.886148415505886,355.0442958474159,,,,,,,,,,,,
755.0,0.0,200.0,5.714328881651185,0.5,0.9030094656926175,0.323943661971831,0.0,nan,0.010000000000000002,0.0,0.0,71.0,628.0,1.1541235446929932,0.49262753105488155,0.33664411487121254,0.3118061853697074,-0.405307412147522,14.095080809667706,-2.682801390066743,36.02275154367089,234.75612869858742,,,,,,,,,,,,
756.0,0.0,157.0,5.581500561982402,0.5,0.7146905564738382,0.4909090909090909,0.0,nan,0.010000000000000002,0.0,0.0,55.0,482.0,2.371688663959503,0.7094809903371114,0.3603858513757066,0.6936230402798585,-0.405307412147522,-1.6880831588059664,2.0210070498287678,59.13348263502121,355.6081687808037,,,,,,,,,,,,
757.0,0.0,200.0,7.704459001794472,0.75,0.8301207833614919,0.43548387096774194,0.0,nan,0.010000000000000002,0.0,0.0,62.0,533.0,0.911459282040596,0.3784856019071583,0.3184548989149519,0.11949637164013405,-0.405307412147522,-24.674500221386552,-5.639367297291756,48.0972186177969,360.48012804985046,,,,,,,,,,,,
758.0,0.0,162.0,6.402361921109266,0.5,0.7223179491897864,0.44680851063829785,0.0,nan,0.010000000000000002,0.0,0.0,47.0,407.0,1.8226807713508606,0.7053604411650056,0.3618230544168012,0.6865592779540686,-0.4320843501482159,-1.9496014192700386,-2.194701725617051,96.81787239550613,330.59700059890747,,,,,,,,,,,,
759.0,0.0,110.0,7.459089903533465,1.0,0.7549944796785227,0.4888888888888889,0.0,nan,0.010000000000000002,0.0,0.0,45.0,385.0,1.0914288759231567,0.44866501295390293,0.3329057061617608,0.23105540142278913,-0.4053173051215708,-12.223398762580473,-8.765690634027123,76.64437527165865,275.94892409443855,,,,,,,,,,,,
760.0,0.0,200.0,8.091458442658201,0.75,0.6005858665511826,0.5789473684210527,0.0,0.4,0.010000000000000002,0.0,0.0,57.0,516.0,1.9017163217067719,0.4477279533204239,0.32104525426437225,0.2531753621432455,-0.405307412147522,7.458746648393571,-3.050957655534148,61.49694376811385,250.80850514769554,1.0,1.0,1.0,0.0,1.0,0.07601022720336914,2.031651020050049,11.715080951107666,75.0,1.0,175.0,273.9666545675139
761.0,0.0,137.0,8.044109809696684,1.0,0.7352915607589197,0.5476190476190477,0.0,nan,0.010000000000000002,0.0,0.0,42.0,358.0,1.6309166848659515,0.47292938791449046,0.3964593841565032,0.15263095281610883,-0.405307412147522,-16.68122498318553,0.8778928630053997,99.09760528802872,301.39703845977783,,,,,,,,,,,,
762.0,0.0,172.0,8.75015244394542,1.0,0.7104855911721,0.5576923076923077,0.0,nan,0.010000000000000002,0.0,0.0,52.0,451.0,2.0935205817222595,0.5040800340236871,0.31805708588217385,0.3717324723800406,-0.405976596288383,-27.653385267592967,-38.69458851777017,191.5903784558177,388.72885286808014,,,,,,,,,,,,
763.0,0.0,98.0,7.193959066420799,1.0,0.7175925017549994,0.42105263157894735,0.0,nan,0.010000000000000002,0.0,0.0,38.0,304.0,0.7808172702789307,0.45997392004692017,0.3915898744895987,0.13644362663151402,-0.405307412147522,-1.1728771631605923,2.040364382788539,71.74630827084184,214.36397095024586,,,,,,,,,,,,
764.0,0.0,152.0,7.9187153135240145,1.0,0.6370622795487663,0.6190476190476191,0.0,nan,0.010000000000000002,0.0,0.0,42.0,367.0,0.770807296037674,0.3783233279067937,0.3029048192214699,0.14673524855713094,-0.405307412147522,8.389380522072315,-4.531462036073208,113.53589210722566,328.27453231811523,,,,,,,,,,,,
765.0,0.0,144.0,8.944691688492906,1.0,0.7149221699120115,0.5,0.0,nan,0.010000000000000002,0.0,0.0,50.0,438.0,1.1618991196155548,0.3963947666472407,0.3089647751165726,0.17455606293745726,-0.405307412147522,3.0789803862571716,-4.501455385237932,117.80328930914402,293.9286362826824,,,,,,,,,,,,
766.0,0.0,133.0,7.926093850508343,1.0,0.8723173890687801,0.40425531914893614,0.0,nan,0.010000000000000002,0.0,0.0,47.0,396.0,1.1934593617916107,0.397648885767552,0.28710657419743935,0.21665354200329467,-0.405307412147522,4.038915081648156,-21.16372991167009,169.89813987910748,295.23669588565826,,,,,,,,,,,,
767.0,0.0,173.0,9.270892579704539,1.0,0.7183414123636883,0.423728813559322,0.0,nan,0.010000000000000002,0.0,0.0,59.0,506.0,1.0651825368404388,0.42791448229493323,0.3408669941250613,0.16758301217607707,-0.405307412147522,-4.44604273326695,1.9319850243628025,139.3820923782405,272.35424733161926,,,,,,,,,,,,
768.0,0.0,171.0,8.36425978668035,1.0,0.7586949617287744,0.40816326530612246,0.0,nan,0.010000000000000002,0.0,0.0,49.0,404.0,1.2353962063789368,0.41476744467735216,0.3034047727305408,0.22249750652700284,-0.405307412147522,27.775409710942768,10.321477483958006,118.12505055963993,306.3534269332886,,,,,,,,,,,,
769.0,0.0,16.0,-0.939612123966217,0.0,0.39548850063838265,0.6666666666666666,0.0,nan,0.010000000000000002,0.0,0.0,12.0,64.0,25.276094436645508,3.0576084219972017,0.3090726338215132,5.485157626314049,-0.405307412147522,-11.0350746139884,-14.992905139923096,142.85134687140817,291.31012535095215,,,,,,,,,,,,
770.0,0.0,62.0,0.49824081838131,0.0,0.63514863554856,0.5172413793103449,0.0,0.4,0.010000000000000002,0.0,0.0,29.0,248.0,14.240929126739502,1.6096832114831827,0.307114068799576,2.602356946884171,-0.405307412147522,18.74833325573033,-1.260247161311488,44.539072455898406,237.21499355762236,1.0,1.0,1.0,0.0,1.0,0.18914148211479187,1.7271862030029297,11.726891777012497,77.0,1.0,177.0,256.42353831093783
771.0,0.0,200.0,7.611059952359671,0.5,0.8488092546798089,0.42857142857142855,0.0,nan,0.010000000000000002,0.0,0.0,77.0,703.0,2.932122051715851,0.7239999478111763,0.30129494508651955,0.8450828554417629,-0.405307412147522,-0.5143533130176365,-11.546512362547219,111.0383770391345,235.15524015575647,,,,,,,,,,,,
772.0,0.0,191.0,8.964077831171469,1.0,0.7156893755380425,0.43548387096774194,0.0,nan,0.010000000000000002,0.0,0.0,62.0,543.0,0.7413619756698608,0.39211551879081696,0.31010966476042007,0.16320950173213206,-0.405307412147522,5.02795747842174,17.680071456357837,102.6610884219408,287.8222890049219,,,,,,,,,,,,
773.0,0.0,200.0,6.92941660024227,0.75,0.8952134181001996,0.38571428571428573,0.0,nan,0.010000000000000002,0.0,0.0,70.0,590.0,2.3058291226625443,0.5736045512536083,0.33008205135153934,0.4868440694284184,-0.405307412147522,-8.708757209125906,-1.169805803336203,104.68548277532682,175.15051677823067,,,,,,,,,,,,
774.0,0.0,154.0,8.084238845072697,1.0,0.722325578286087,0.5555555555555556,0.0,nan,0.010000000000000002,0.0,0.0,45.0,389.0,2.846407413482666,0.5200517164873588,0.34182575801350856,0.3558731411897469,-0.405307412147522,0.6255449128802866,9.510446801781654,64.55500657111406,187.04828184843063,,,,,,,,,,,,
775.0,0.0,127.0,7.893195993229754,1.0,0.7527833009225946,0.4666666666666667,0.0,nan,0.010000000000000002,0.0,0.0,45.0,384.0,0.4972565397620201,0.36100572531281294,0.3036830529781545,0.11442035198309325,-0.405307412147522,8.440207788720727,11.559112515300512,115.85481427237391,208.9337577559054,,,,,,,,,,,,
776.0,0.0,134.0,8.534457251876603,1.0,0.828788135782466,0.42857142857142855,0.0,nan,0.010000000000000002,0.0,0.0,49.0,392.0,0.6806688159704208,0.36111798811589324,0.288544489969368,0.1448650482624877,-0.405307412147522,15.044681602157652,-0.7866284046322107,203.50570365786552,295.9122225344181,,,,,,,,,,,,
777.0,0.0,16.0,-1.135893497467041,0.0,0.8339017783018282,0.36363636363636365,0.0,nan,0.010000000000000002,0.0,0.0,11.0,64.0,17.302461624145508,2.8480327308866435,0.3112015177560465,5.052237651063024,-0.405307412147522,-27.120290003716946,32.82416082173586,263.8721094140783,344.90515595674515,,,,,,,,,,,,
778.0,0.0,102.0,7.409445067942148,1.0,0.7457034995556758,0.41025641025641024,0.0,nan,0.010000000000000002,0.0,0.0,39.0,332.0,0.5700647383928299,0.4028274608103022,0.31514821708707363,0.1751135761234892,-0.405307412147522,6.0756453475914896,5.643961042165756,200.00937946885824,266.5522136837244,,,,,,,,,,,,
779.0,0.0,170.0,8.472049857452522,1.0,0.7432581890191063,0.4583333333333333,0.0,nan,0.010000000000000002,0.0,0.0,48.0,384.0,1.359888643026352,0.44088376503781035,0.32288331224252986,0.2356100074799049,-0.405307412147522,10.733777927234769,13.885191965848207,123.23140607774258,262.41895762085915,,,,,,,,,,,,
780.0,0.0,137.0,8.63037418089808,1.0,0.6428701698314793,0.4807692307692308,0.0,0.20000000000000007,0.010000000000000002,0.0,0.0,52.0,420.0,0.9583404213190079,0.3548397932172629,0.3148033028849381,0.0797227712931418,-0.405307412147522,19.942406487884,4.222428681328893,273.7351895272732,391.553380548954,1.0,1.0,1.0,0.0,1.0,0.24992993474006653,2.160696029663086,12.149919047369622,76.0,1.0,176.0,220.18387033581755
781.0,0.0,200.0,6.048444641605027,0.75,0.554253401822238,0.7142857142857143,0.0,nan,0.010000000000000002,0.0,0.0,42.0,361.0,1.2042085826396942,0.49666652415229606,0.37947058979705,0.2342493020662902,-0.405307412147522,2.736511101014912,21.06595702469349,66.67011279170401,118.4213540405035,,,,,,,,,,,,
782.0,0.0,61.0,0.955062478184701,0.0,0.516001112971235,0.6428571428571429,0.0,nan,0.010000000000000002,0.0,0.0,28.0,244.0,14.391942501068115,1.796915080466537,0.32371497170635144,2.944949287526805,-0.40551843164397067,-47.26533723036285,19.359271773549377,259.23058670075216,346.8953415604888,,,,,,,,,,,,
783.0,0.0,199.0,8.993321247994915,1.0,0.7821336935620794,0.4727272727272727,0.0,nan,0.010000000000000002,0.0,0.0,55.0,481.0,1.1242280304431915,0.37500949675020934,0.28994418669055594,0.16948722066281957,-0.405307412147522,32.871949897147715,-1.0120288860052824,181.2955356836319,309.32816913723946,,,,,,,,,,,,
784.0,0.0,196.0,9.280642256513252,1.0,0.7435375028263822,0.4642857142857143,0.0,nan,0.010000000000000002,0.0,0.0,56.0,485.0,1.0269289314746857,0.3909724772518075,0.33278984074955503,0.11606576962942323,-0.405307412147522,2.1828531199134886,-1.4762299358844757,200.94587513059378,344.57303634285927,,,,,,,,,,,,
785.0,0.0,180.0,9.339346487224116,1.0,0.7360535815622221,0.5263157894736842,0.0,nan,0.010000000000000002,0.0,0.0,57.0,489.0,1.6714467704296112,0.3904890584836238,0.30381110798492034,0.17311227304862342,-0.405307412147522,2.5993932276032865,-13.13462509214878,104.08034579455853,208.13428685069084,,,,,,,,,,,,
786.0,0.0,148.0,7.7889670093916425,1.0,0.6833187495902898,0.5961538461538461,0.0,nan,0.010000000000000002,0.0,0.0,52.0,446.0,0.4637085497379303,0.3835249654560655,0.34857782976995794,0.06807782226087333,-0.405307412147522,4.302369473036379,-16.007562397047877,50.80273680947721,126.76168268918991,,,,,,,,,,,,
787.0,0.0,104.0,7.373756909780209,1.0,0.6511657380593434,0.4864864864864865,0.0,nan,0.010000000000000002,0.0,0.0,37.0,291.0,0.9549886137247086,0.36483767737195194,0.28848649242792285,0.15239647723083075,-0.405307412147522,-3.982201845385134,14.252561712637544,87.67632530629635,207.19782295823097,,,,,,,,,,,,
788.0,0.0,165.0,9.683652455732242,1.0,0.71909084145465,0.43548387096774194,0.0,nan,0.010000000000000002,0.0,0.0,62.0,545.0,1.617495447397232,0.3552725378574599,0.25652307825435605,0.19724084415779408,-0.405307412147522,-0.9807014404796064,13.834024749696255,219.62293455004692,311.5862186551094,,,,,,,,,,,,
789.0,0.0,168.0,9.174355692937985,1.0,0.884802442199093,0.41379310344827586,0.0,nan,0.010000000000000002,0.0,0.0,58.0,504.0,1.088802456855774,0.3768894492863595,0.34824382096875034,0.05693821442519731,-0.405307412147522,-9.188438863959163,11.128925010561943,187.42871975153685,262.2226829826832,,,,,,,,,,,,
790.0,0.0,155.0,8.875957050398004,1.0,0.6522650686155852,0.5636363636363636,0.0,0.20000000000000007,0.010000000000000002,0.0,0.0,55.0,491.0,1.1498092114925385,0.36230814569185554,0.3115767786364784,0.101236316064508,-0.405307412147522,18.151553390547633,-1.5410299990326166,78.68544787913561,138.05514435470104,1.0,0.0,0.75,0.0,0.75,0.2873697280883789,1.278200626373291,11.989564597548451,83.0,1.0,200.0,292.37849856168066
791.0,0.0,200.0,6.593541278988134,0.75,0.5736039379685409,0.6885245901639344,0.0,nan,0.010000000000000002,0.0,0.0,61.0,558.0,1.8859046697616577,0.5975920002992847,0.33587745271217173,0.5232242665912206,-0.405307412147522,2.383337046718225,-0.43655199836939573,32.579060703050345,118.04582431912422,,,,,,,,,,,,
792.0,0.0,142.0,7.617657806761569,1.0,0.7169936547298535,0.5897435897435898,0.0,nan,0.010000000000000002,0.0,0.0,39.0,316.0,0.5620339214801788,0.34876844074026536,0.30878809452033207,0.07964999100419215,-0.405307412147522,4.181138237006962,12.327039070427418,121.88181559741497,186.44202601909637,,,,,,,,,,,,
793.0,0.0,161.0,8.540754038766043,1.0,0.6691318154337832,0.6181818181818182,0.0,nan,0.010000000000000002,0.0,0.0,55.0,468.0,0.33963990211486816,0.3816387981757826,0.3495363023899646,0.06402111142382672,-0.405307412147522,1.8123082099482417,-23.78418020531535,88.99783918075264,180.45093807578087,,,,,,,,,,,,
794.0,0.0,193.0,9.604879773128797,1.0,0.28954912878976086,0.8852459016393442,0.0,nan,0.010000000000000002,0.0,0.0,61.0,560.0,1.3904463052749634,0.3250410028272066,0.30169252455777695,0.04518466697232337,-0.405307412147522,18.399886039085686,-5.333696497604251,239.68227949738503,324.4824358224869,,,,,,,,,,,,
795.0,0.0,142.0,8.820841220021258,1.0,0.73038834797344,0.48,0.0,nan,0.010000000000000002,0.0,0.0,50.0,420.0,0.5725980699062347,0.41812738333884925,0.34021637040918945,0.15550358334301206,-0.405307412147522,-13.628567525884137,-1.1653212867677212,278.3542098104954,387.8052618801594,,,,,,,,,,,,
796.0,0.0,54.0,1.8690516557544472,0.0,0.5769868125922218,0.6,0.0,nan,0.010000000000000002,0.0,0.0,25.0,200.0,13.703943014144897,1.7305765921772036,0.32836267007028025,2.8041674647427133,-0.405307412147522,-51.78857648074627,-46.67496044397354,163.34851549148559,229.3505601501465,,,,,,,,,,,,
797.0,0.0,144.0,8.979588269162935,1.0,0.7735457754012219,0.5510204081632653,0.0,nan,0.010000000000000002,0.0,0.0,49.0,435.0,0.907946914434433,0.5376411636658247,0.4131415329193368,0.24869100658054555,-0.405307412147522,-30.56814900797326,-15.493467908352613,243.06662991642952,314.32240331172943,,,,,,,,,,,,
798.0,0.0,90.0,7.494838758520788,1.0,0.8186615844424677,0.375,0.0,nan,0.010000000000000002,0.0,0.0,40.0,314.0,0.4372061640024185,0.39059695803417327,0.352268442430463,0.07632238819822657,-0.405307412147522,-6.387872441555373,5.157091569155455,229.1381222307682,307.96856290102005,,,,,,,,,,,,
799.0,0.0,124.0,8.580010897070178,1.0,0.5762018304311216,0.6170212765957447,0.0,nan,0.010000000000000002,0.0,0.0,47.0,399.0,0.8796400278806686,0.3721768407259609,0.2915686919295221,0.16093662830027328,-0.405307412147522,-5.650627873837948,-22.026188623160124,284.3984622359276,362.055352807045,,,,,,,,,,,,
800.0,0.0,74.0,3.552817204669119,0.25,0.679991204432012,0.5454545454545454,0.0,0.0,0.010000000000000002,0.0,0.0,33.0,247.0,4.639496326446533,0.7491459772720875,0.31823297859432903,0.8615433480846718,-0.405307412147522,-57.53326694975015,-39.67502849015147,165.07303716682713,231.74674478137058,1.0,1.0,1.0,0.0,1.0,0.3277550935745239,2.084641456604004,11.75582192465663,75.0,1.0,179.0,296.41130421035024
801.0,0.0,139.0,8.06123441453093,1.0,0.6276880459866784,0.5882352941176471,0.0,nan,0.010000000000000002,0.0,0.0,51.0,430.0,0.7662980258464813,0.3888402184468305,0.3300290264500698,0.11485198654366813,-0.405307412147522,-3.924350949935615,31.955242646858096,175.7451089322567,261.0164324045181,,,,,,,,,,,,
802.0,0.0,200.0,8.698610324338095,0.75,0.7706961968296189,0.4918032786885246,0.0,nan,0.010000000000000002,0.0,0.0,61.0,518.0,1.4971301853656769,0.4287700335416531,0.3422140292707475,0.17283107318432667,-0.40968624874949455,21.374010955914855,8.344487039372325,260.91100673377514,331.44474813342094,,,,,,,,,,,,
803.0,0.0,176.0,9.285130117163078,1.0,0.4984750048397594,0.7413793103448276,0.0,nan,0.010000000000000002,0.0,0.0,58.0,507.0,0.7651989907026291,0.35250403775864214,0.31728350460704613,0.0700098519392161,-0.4055937579832971,1.5921391546726227,-21.637689154595137,361.960222363472,442.0597606897354,,,,,,,,,,,,
804.0,0.0,82.0,2.0965016114711825,0.0,0.5952456472785835,0.6944444444444444,0.0,nan,0.010000000000000002,0.0,0.0,36.0,328.0,8.394920587539673,1.172006866179487,0.3272585629881374,1.688537333399415,-0.405307412147522,10.321886840742081,-21.08695779927075,302.9002554118633,377.62553584575653,,,,,,,,,,,,
805.0,0.0,58.0,0.9240474832057959,0.0,0.3828223120226035,0.7857142857142857,0.0,nan,0.010000000000000002,0.0,0.0,28.0,232.0,9.41731882095337,1.0117584173596132,0.3496979954776432,1.3234659692047115,-0.405307412147522,7.990037669395578,1.2389662574077476,345.1077121208454,433.26194921033135,,,,,,,,,,,,
806.0,0.0,137.0,9.160557892844093,1.0,0.7387227283028721,0.5370370370370371,0.0,nan,0.010000000000000002,0.0,0.0,54.0,463.0,0.688769742846489,0.5964941186360946,0.3240076049355106,0.5447419501331412,-0.405307412147522,-3.281297721201554,11.999437471851707,222.9700069539249,305.4588975459337,,,,,,,,,,,,
807.0,0.0,117.0,4.0963304622098935,0.25,0.6219736306508713,0.6346153846153846,0.0,nan,0.010000000000000002,0.0,0.0,52.0,455.0,7.011133670806885,1.2038816133388863,0.3383516507787486,1.7258825291129447,-0.405307412147522,-28.358773162588477,6.135333526879549,163.724204108119,235.00140704214573,,,,,,,,,,,,
808.0,0.0,169.0,10.055717322547006,1.0,0.7344296950836449,0.5614035087719298,0.0,nan,0.010000000000000002,0.0,0.0,57.0,516.0,1.1336711049079895,0.6972741354006116,0.3692796636314375,0.6556910404533487,-0.405307412147522,-4.3347710929811,5.204614229500294,193.81164646148682,254.58533534407616,,,,,,,,,,,,
809.0,0.0,128.0,9.496267913393691,1.0,0.3286663201407797,0.8490566037735849,0.0,nan,0.010000000000000002,0.0,0.0,53.0,483.0,1.073985904455185,0.42056396801395635,0.32053415051076334,0.1998464522435124,-0.405307412147522,20.482175914235995,-1.3743870444595814,124.70705072581768,201.6951447725296,,,,,,,,,,,,
810.0,0.0,125.0,8.537731986120352,1.0,0.6481288392494481,0.6595744680851063,0.0,0.0,0.010000000000000002,0.0,0.0,47.0,415.0,0.29032424837350845,0.4002757009103952,0.35761282836443675,0.08505858458319476,-0.405307412147522,2.5735396509990096,-10.57274654507637,235.07559295743704,344.8257627636194,1.0,1.0,1.0,0.0,1.0,0.4562760889530182,2.0241379737854004,11.733901327825151,73.0,1.0,175.0,281.4636287726465
811.0,0.0,124.0,8.608062657415877,1.0,0.7819911109370447,0.5102040816326531,0.0,nan,0.010000000000000002,0.0,0.0,49.0,402.0,0.6650087386369705,0.38674956656934967,0.3083876368490871,0.1564065190780739,-0.40591454273089767,-39.452153235673904,8.110297933220863,362.182687997818,441.7802894115448,,,,,,,,,,,,
812.0,0.0,170.0,10.090170553699153,1.0,0.759518978198131,0.45901639344262296,0.0,nan,0.010000000000000002,0.0,0.0,61.0,520.0,1.577641874551773,0.34736597873058794,0.3008191314725144,0.09277343800194218,-0.405307412147522,-7.725707340985537,25.118194438517094,296.76951691508293,395.71680480241776,,,,,,,,,,,,
813.0,0.0,89.0,2.445018057841816,0.0,0.6892784811100527,0.5,0.0,nan,0.010000000000000002,0.0,0.0,42.0,356.0,8.277843236923218,1.0970817097506398,0.32262573210269085,1.5478075126300261,-0.405307412147522,-13.01788931293413,-15.976583136245608,242.19561219215393,336.83522030711174,,,,,,,,,,,,
814.0,0.0,168.0,11.301341637242608,1.0,0.6662295738770375,0.5833333333333334,0.0,nan,0.010000000000000002,0.0,0.0,72.0,638.0,1.2380676046013832,0.3787066127461536,0.27838360986460176,0.2003120173274625,-0.405307412147522,-8.12901343870908,8.22090164013207,175.03948359191418,269.71121847629547,,,,,,,,,,,,
815.0,0.0,127.0,7.896311195865281,1.0,0.5912674068678746,0.7142857142857143,0.0,nan,0.010000000000000002,0.0,0.0,42.0,353.0,0.8034742623567581,0.48784086862164777,0.43605521133948333,0.10334687467660611,-0.405307412147522,1.6411702362820506,-26.286901822313666,174.3564999550581,285.6507665216923,,,,,,,,,,,,
816.0,0.0,137.0,8.611146146152182,1.0,0.5644699839054725,0.5098039215686274,0.0,nan,0.010000000000000002,0.0,0.0,51.0,455.0,0.3438772037625313,1.9660858398099634,1.9196958794759431,0.09147308599281709,-0.405307412147522,62.50079538417049,31.52387171983719,232.57799232006073,316.333408087492,,,,,,,,,,,,
817.0,0.0,200.0,5.53356425896288,0.75,0.6544752844758636,0.5833333333333334,0.0,nan,0.010000000000000002,0.0,0.0,48.0,431.0,1.260169357061386,0.5367625047301345,0.3304003223093301,0.4126612182372437,-0.405307412147522,-2.233991073560901,-5.3137094378471375,27.735436119604856,123.6271733790636,,,,,,,,,,,,
818.0,0.0,122.0,7.778733321903282,1.0,0.6402219845884318,0.4666666666666667,0.0,nan,0.010000000000000002,0.0,0.0,45.0,388.0,0.40140509605407715,0.3397233099656489,0.299005243117183,0.08005562621306041,-0.405307412147522,48.672179442830384,34.37935216911137,268.76023349165916,360.89576518535614,,,,,,,,,,,,
819.0,0.0,110.0,7.550613329596825,1.0,0.7660460774621879,0.3953488372093023,0.0,nan,0.010000000000000002,0.0,0.0,43.0,336.0,0.1346522830426693,0.34396097822887794,0.3069539355344442,0.07365783486359223,-0.405307412147522,23.337243797257543,27.887051345780492,298.25700160861015,414.76074546575546,,,,,,,,,,,,
820.0,0.0,135.0,8.244934033937762,1.0,0.5309404389745481,0.7380952380952381,0.0,0.0,0.010000000000000002,0.0,0.0,42.0,369.0,0.7570609897375107,0.3557087850143992,0.2905027764418344,0.13003461633851895,-0.405307412147522,-32.81880352948792,-17.588047297671437,271.42028188705444,349.04899507761,1.0,1.0,1.0,0.0,1.0,0.3834526240825653,1.8717695474624634,11.70809971773997,74.0,1.0,179.0,295.18066015843334
821.0,0.0,42.0,0.15442387938499447,0.0,0.6343134346758891,0.5,0.0,nan,0.010000000000000002,0.0,0.0,22.0,168.0,19.731262683868408,2.3257281016235756,0.3305498927287599,3.9844530543895025,-0.4054381045557204,-23.779820771444413,19.552638666970388,359.0875817253476,440.94299080258327,,,,,,,,,,,,
822.0,0.0,120.0,7.363108834116725,1.0,0.766316503001929,0.4418604651162791,0.0,nan,0.010000000000000002,0.0,0.0,43.0,367.0,0.3813576325774193,0.5910307016158007,0.32560031710443843,0.5304354865913905,-0.405307412147522,-28.159409599378705,-36.75995711237192,255.6970822364092,394.42543882131577,,,,,,,,,,,,
823.0,0.0,53.0,0.7626832735538485,0.0,0.7611673814813246,0.5714285714285714,0.0,nan,0.010000000000000002,0.0,0.0,28.0,212.0,15.222739458084106,1.5211826016295746,0.33542922375879847,2.3677606220392264,-0.405307412147522,38.88563855751505,17.234880809514028,266.8739208365386,352.54175869923716,,,,,,,,,,,,
824.0,0.0,91.0,2.9724347518384535,0.0,0.4539398959441095,0.75,0.0,nan,0.010000000000000002,0.0,0.0,40.0,364.0,8.719664573669434,1.1883930745696711,0.3132749376370934,1.7462311043220313,-0.405307412147522,37.93946690496523,-1.029801582917571,163.24200816079974,239.31439001858234,,,,,,,,,,,,
825.0,0.0,173.0,9.555594002306476,1.0,0.8108351686026398,0.43333333333333335,0.0,nan,0.010000000000000002,0.0,0.0,60.0,501.0,1.7721916437149048,0.7512553742941606,0.3156612769705032,0.8708584087693105,-0.4053832511417568,-9.755507455673069,8.675961289554834,274.3909791111946,373.90385669469833,,,,,,,,,,,,
826.0,0.0,41.0,0.8052979143336414,0.25,0.6783648736798628,0.38095238095238093,0.0,nan,0.010000000000000002,0.0,0.0,21.0,160.0,18.532594203948975,2.064772708085593,0.3375564287271101,3.449422603992754,-0.405307412147522,4.2510008096694945,-63.373925897479054,362.07377490997317,441.9212368011475,,,,,,,,,,,,
827.0,0.0,172.0,8.688427193053077,1.0,0.8309607246435146,0.3958333333333333,0.0,nan,0.010000000000000002,0.0,0.0,48.0,409.0,1.3871114552021027,0.5263071006075108,0.29461033525944913,0.46298546561955567,-0.4182972351554781,-6.1676752447965555,18.587365156039596,302.91154891625047,403.7203718274832,,,,,,,,,,,,
828.0,0.0,167.0,7.826052233073866,1.0,0.8235136896896232,0.3541666666666667,0.0,nan,0.010000000000000002,0.0,0.0,48.0,384.0,0.7516021877527237,0.38891893615366513,0.29239356448124454,0.19242946312268971,-0.405307412147522,13.07863781414926,-26.526203045621514,307.2210578992963,392.9288900792599,,,,,,,,,,,,
829.0,0.0,196.0,10.97142876610162,1.0,0.8677542265853961,0.45588235294117646,0.0,nan,0.010000000000000002,0.0,0.0,68.0,605.0,2.1903561800718307,0.39966433993230055,0.3253688475739331,0.14827258843061575,-0.40740405465476215,14.11276988685131,20.296092415228486,361.9646122455597,442.05439925193787,,,,,,,,,,,,
830.0,0.0,179.0,8.422615527957687,1.0,0.7638294916768429,0.5333333333333333,0.0,0.0,0.010000000000000002,0.0,0.0,45.0,386.0,1.4758918285369873,0.42653247133786465,0.3294589114443156,0.1938323241441367,-0.40974831650964916,32.94089908152819,19.636670960113406,361.0784145593643,441.60738587379456,1.0,1.0,1.0,0.0,1.0,0.3112137019634247,2.0895514488220215,11.75389212067239,74.0,1.0,179.0,296.4128123047206
831.0,0.0,53.0,1.6334858537465333,0.25,0.5370987492048139,0.6666666666666666,0.0,nan,0.010000000000000002,0.0,0.0,27.0,207.0,13.157921552658081,1.4208087504975027,0.3217469083937077,2.196708262598088,-0.4054431650373671,8.326988959657973,-5.986485741564617,361.37516261298873,439.3493266082616,,,,,,,,,,,,
832.0,0.0,171.0,9.265423384755863,1.0,0.6716317147467946,0.5454545454545454,0.0,nan,0.010000000000000002,0.0,0.0,55.0,462.0,0.7458943277597427,0.5292633271497102,0.3596268410782605,0.33900232135358316,-0.40800278075039387,13.833840546896681,33.13137277774513,296.6780426800251,387.2197197973728,,,,,,,,,,,,
833.0,0.0,152.0,8.961731890216482,1.0,0.6871523334468727,0.5185185185185185,0.0,nan,0.010000000000000002,0.0,0.0,54.0,450.0,1.1379010677337646,0.4314357144465304,0.31755337909795195,0.22746236422882765,-0.40535603230819106,-20.854255937971175,16.201848544180393,338.5346006155014,424.8501891195774,,,,,,,,,,,,
834.0,0.0,155.0,7.679066287921749,1.0,0.7618005964742709,0.40425531914893614,0.0,nan,0.010000000000000002,0.0,0.0,47.0,394.0,0.8449557274580002,0.3713195065969117,0.3022887150044294,0.13573687508899218,-0.4056147856172174,75.9343300331384,31.835366192273796,357.1702693104744,440.01469671726227,,,,,,,,,,,,
835.0,0.0,129.0,9.037127106934799,1.0,0.7898650790081828,0.4,0.0,nan,0.010000000000000002,0.0,0.0,50.0,433.0,1.2406388223171234,0.42290873551127106,0.317000961008595,0.21150200574868216,-0.44390552514232695,-23.624382769688964,-1.5647122841328382,361.24765968322754,441.6097147464752,,,,,,,,,,,,
836.0,0.0,177.0,9.172300601191832,1.0,0.7054969769493917,0.5384615384615384,0.0,nan,0.010000000000000002,0.0,0.0,52.0,445.0,0.8090796321630478,0.33105541822291684,0.30427536925410664,0.05327733384471102,-0.5523352643940598,-5.512948332354426,-6.193310813978314,361.96196031570435,442.05763602256775,,,,,,,,,,,,
837.0,0.0,126.0,7.466885212883359,1.0,0.8055226510971903,0.38461538461538464,0.0,nan,0.010000000000000002,0.0,0.0,39.0,307.0,0.13059454038739204,0.3205668401277033,0.29624059965046545,0.04835092768625393,-0.405307412147522,39.308470936492085,-3.4575302582234144,361.96120035648346,442.0585629940033,,,,,,,,,,,,
838.0,0.0,141.0,8.860717727243912,1.0,0.7779749472515212,0.45098039215686275,0.0,nan,0.010000000000000002,0.0,0.0,51.0,435.0,0.516966700553894,0.3554396999625524,0.3114657813836622,0.08767718918902867,-0.4111018441617489,-6.85405539534986,2.502141036093235,361.9602496623993,442.05972635746,,,,,,,,,,,,
839.0,0.0,146.0,8.695495778545748,1.0,0.6712289280896835,0.46938775510204084,0.0,nan,0.010000000000000002,0.0,0.0,49.0,411.0,0.6259963810443878,0.3797717763996219,0.311379155435595,0.1364719190196268,-0.8791685872711241,31.24660374969244,-10.1332426071167,361.960750579834,442.0591149330139,,,,,,,,,,,,
840.0,0.0,146.0,8.211592324599632,1.0,0.7634239644705754,0.5454545454545454,0.0,0.19999999999999996,0.010000000000000002,0.0,0.0,44.0,374.0,0.42925433069467545,0.3620436465681447,0.32685150939579544,0.07006187219117033,-0.45352912973612547,0.6834966875612736,-28.050109701231122,361.9615707397461,442.0581133365631,1.0,1.0,1.0,0.0,1.0,0.30109915137290955,2.0948681831359863,11.755783498520032,76.0,1.0,180.0,300.15184762962195
841.0,0.0,134.0,9.547483556270613,1.0,0.722689478772734,0.46296296296296297,0.0,nan,0.010000000000000002,0.0,0.0,54.0,478.0,1.0761843919754028,0.39229447095360115,0.323660185630244,0.13700320850686354,-0.40540541149675846,-9.141411356627941,21.807876012288034,361.97417318820953,442.04272305965424,,,,,,,,,,,,
842.0,0.0,156.0,8.2936320194509,1.0,0.7095509898408334,0.509090909090909,0.0,nan,0.010000000000000002,0.0,0.0,55.0,460.0,0.769150123000145,0.5319717476436283,0.4586114693293476,0.14508428568024812,-0.45134305115789175,-15.056711366400123,-5.722825407981873,361.9815604686737,442.0337098836899,,,,,,,,,,,,
843.0,0.0,113.0,5.164279720038184,0.5,0.7644525592310206,0.4666666666666667,0.0,nan,0.010000000000000002,0.0,0.0,45.0,371.0,4.024201512336731,0.7580710925683505,0.33146734946337514,0.8454927777818931,-0.4054272847715765,-8.342734819278121,-18.003994714468718,361.96950829029083,442.04841780662537,,,,,,,,,,,,
844.0,0.0,110.0,4.724645873084672,0.5,0.7174662142871115,0.6097560975609756,0.0,nan,0.010000000000000002,0.0,0.0,41.0,333.0,2.768143355846405,0.6423395102612091,0.3329657199515753,0.6131733360224222,-0.405307412147522,31.551687132567167,-22.12161927111447,361.9616996049881,442.05795550346375,,,,,,,,,,,,
845.0,0.0,147.0,9.841390113532558,1.0,0.8396891515003153,0.4745762711864407,0.0,nan,0.010000000000000002,0.0,0.0,59.0,505.0,1.0267693400382996,0.48132029864973447,0.35951661532465096,0.24331329605192664,-0.4057030437979847,-10.36056500300765,-18.168781684711576,346.3642371594906,431.36686396598816,,,,,,,,,,,,
846.0,0.0,183.0,10.351216677725333,1.0,0.697296439115252,0.5967741935483871,0.0,nan,0.010000000000000002,0.0,0.0,62.0,539.0,1.1396693289279938,0.3932379608405352,0.3564204405484098,0.07336712916386234,-0.4068221980705857,0.20646759308874607,-0.43876790488138795,361.82297015190125,441.7632215023041,,,,,,,,,,,,
847.0,0.0,200.0,8.748988986685887,0.75,0.6955384138657978,0.5254237288135594,0.0,nan,0.010000000000000002,0.0,0.0,59.0,488.0,1.1630952656269073,0.5110415824997503,0.3415620832572935,0.3386485098285874,-0.4055370478890836,5.611510373651981,36.09794860519469,361.9614300727844,442.05828738212585,,,,,,,,,,,,
848.0,0.0,89.0,2.0762409834563798,0.0,0.7475633695372975,0.4878048780487805,0.0,nan,0.010000000000000002,0.0,0.0,41.0,356.0,7.369462728500366,0.854403531458729,0.31956670568070733,1.0670584116579942,-0.4066485399380326,12.93037711828947,10.083680054172873,359.0339448451996,439.9152728319168,,,,,,,,,,,,
849.0,0.0,124.0,8.031983362124311,1.0,0.9236266910659496,0.30612244897959184,0.0,nan,0.010000000000000002,0.0,0.0,49.0,409.0,0.24025636166334152,0.3434844857456578,0.30882582670164993,0.06654276702495898,-0.405307412147522,17.839021461084485,19.027288490906358,361.9749153852463,442.0418176651001,,,,,,,,,,,,
850.0,0.0,107.0,7.777283050715932,1.0,0.721257060390632,0.4146341463414634,0.0,0.19999999999999996,0.010000000000000002,0.0,0.0,41.0,331.0,0.7250871807336807,0.46864596895296984,0.3445123761976841,0.24795674637547194,-0.405307412147522,-12.370106408372521,12.190618123859167,359.8712921142578,440.7451479434967,1.0,1.0,1.0,0.0,1.0,0.29735201597213745,2.119006633758545,11.753209750633687,77.0,1.0,180.0,301.4032380886379
851.0,0.0,51.0,1.4539591715484859,0.25,0.6296065785340287,0.48,0.0,nan,0.010000000000000002,0.0,0.0,25.0,202.0,15.240913152694702,1.693719850774653,0.32415615252914504,2.7355631380331062,-0.405307412147522,11.39854661544951,-61.007614022434346,362.0040000688912,442.0063018798828,,,,,,,,,,,,
852.0,0.0,107.0,7.677055112198001,1.0,0.44804738194757726,0.7567567567567568,0.0,nan,0.010000000000000002,0.0,0.0,37.0,323.0,0.17770841345191002,0.45970614917624175,0.3525784314624616,0.21395549244462186,-0.405307412147522,5.068080196157098,-21.63763506896794,362.118705868721,441.8666008710861,,,,,,,,,,,,
853.0,0.0,131.0,8.996929159760487,1.0,0.7875850902477575,0.4444444444444444,0.0,nan,0.010000000000000002,0.0,0.0,54.0,460.0,0.6787395626306534,0.4053027788964272,0.3139866186941427,0.18197529018303843,-0.405307412147522,-36.411303689703345,-34.68624954111874,361.9669495820999,442.0515412092209,,,,,,,,,,,,
854.0,0.0,91.0,7.585283459201461,1.0,0.7345911652771907,0.41025641025641024,0.0,nan,0.010000000000000002,0.0,0.0,39.0,316.0,0.9779897779226303,0.421796541991057,0.324525078971854,0.19423990775161976,-0.405307412147522,-27.83159041404724,29.73716053646058,359.95889258384705,440.8939390182495,,,,,,,,,,,,
855.0,0.0,122.0,7.86224432390184,1.0,0.6701421892457825,0.4,0.0,nan,0.010000000000000002,0.0,0.0,45.0,357.0,0.5430841222405434,0.37414803205755964,0.3086952633288069,0.13058193226478965,-0.405307412147522,31.595050090923905,-13.159045297652483,361.98767924308777,442.02623200416565,,,,,,,,,,,,
856.0,0.0,169.0,9.01826139867307,1.0,0.4006813228076991,0.7916666666666666,0.0,nan,0.010000000000000002,0.0,0.0,48.0,433.0,0.8802492767572403,0.3803183284080376,0.3449424812606349,0.07047211053568109,-0.40724071953445673,-23.305762954056263,-42.515902154147625,361.98392152786255,442.03082025051117,,,,,,,,,,,,
857.0,0.0,110.0,4.5733169422298765,0.0,0.5386795275858483,0.6818181818181818,0.0,nan,0.010000000000000002,0.0,0.0,44.0,387.0,4.76020073890686,0.9324899605705639,0.32391708288914844,1.2169178787911836,-0.405307412147522,11.007005168125033,-18.39920335263014,361.9644732475281,442.05456697940826,,,,,,,,,,,,
858.0,0.0,68.0,1.8588559848070165,0.0,0.8561902201783594,0.3939393939393939,0.0,nan,0.010000000000000002,0.0,0.0,33.0,272.0,11.158493280410767,1.2243341267758554,0.31587476459471675,1.8083289938702043,-0.405307412147522,18.744522158056498,-28.422743536531925,340.3557959198952,431.18612706661224,,,,,,,,,,,,
859.0,0.0,96.0,3.5126823416352337,0.25,0.6811500863807358,0.36585365853658536,0.0,nan,0.010000000000000002,0.0,0.0,41.0,331.0,8.640234231948853,1.3786883324284958,0.3281117878911341,2.0934342595798565,-0.405307412147522,35.00880040042102,-11.724929427728057,205.51627472043037,272.3233668394387,,,,,,,,,,,,
860.0,0.0,161.0,8.078459939509639,1.0,0.7470920691512737,0.4,0.0,0.19999999999999996,0.010000000000000002,0.0,0.0,50.0,399.0,0.4719337746500969,0.5140667190850188,0.3386183141514612,0.35064716922160144,-0.405307412147522,22.854873946867883,6.22006506100297,224.3837882205844,287.8879230543971,1.0,1.0,1.0,0.0,1.0,0.25691378116607666,2.140772819519043,11.75203434494324,73.0,1.0,177.0,291.4333819910142
861.0,0.0,95.0,7.375953204110269,1.0,0.7351974932608448,0.4864864864864865,0.0,nan,0.010000000000000002,0.0,0.0,37.0,298.0,0.836555153131485,0.40056432815204346,0.29858434264944367,0.20366698308899212,-0.405307412147522,16.004861753433943,10.316177564673126,362.0365411043167,441.9666084051132,,,,,,,,,,,,
862.0,0.0,200.0,8.73877088129522,0.75,0.6639169948023186,0.4603174603174603,0.0,nan,0.010000000000000002,0.0,0.0,63.0,565.0,2.2474478483200073,0.5933034367186707,0.3863851262997359,0.41357588779052723,-0.405307412147522,-7.416216431185603,8.285777363926172,304.8705485612154,383.2985805571079,,,,,,,,,,,,
863.0,0.0,136.0,8.182976408228287,1.0,0.8880159953262392,0.37777777777777777,0.0,nan,0.010000000000000002,0.0,0.0,45.0,378.0,1.0980747044086456,0.49530429596750203,0.331508558106543,0.3273077588541249,-0.405307412147522,-52.05233128555119,4.341574843972921,361.9831484556198,442.03178226947784,,,,,,,,,,,,
864.0,0.0,190.0,9.930431847423332,1.0,0.8422796370732838,0.3728813559322034,0.0,nan,0.010000000000000002,0.0,0.0,59.0,509.0,2.540503442287445,0.4432278159055869,0.30526950374470885,0.2756017863427363,-0.4159859779756516,-30.07122953236103,44.7017508468125,361.9632476568222,442.0560681819916,,,,,,,,,,,,
865.0,0.0,131.0,7.076840161234152,0.75,0.6327425074580391,0.52,0.0,nan,0.010000000000000002,0.0,0.0,50.0,427.0,3.0109358429908752,0.7573441572789079,0.287272676524343,0.9320873617144332,-0.4062163617927581,9.515455616638064,-19.27828845800832,362.0945632457733,441.89587342739105,,,,,,,,,,,,
866.0,0.0,183.0,8.917532057389629,1.0,0.6623078480340696,0.6078431372549019,0.0,nan,0.010000000000000002,0.0,0.0,51.0,427.0,1.2598114907741547,0.42285398943786134,0.33620165259701906,0.1730263440450624,-0.5257671684958041,-30.25545840524137,-19.331048804568127,353.4374349117279,434.86112880706787,,,,,,,,,,,,
867.0,0.0,61.0,2.559583018049598,0.25,0.652356099288919,0.4827586206896552,0.0,nan,0.010000000000000002,0.0,0.0,29.0,242.0,11.421453714370728,1.3436064067423141,0.34780743551124965,1.9823929651819534,-0.405307412147522,99.59200070515152,40.792989269761016,332.9944765075179,414.6767089150169,,,,,,,,,,,,
868.0,0.0,81.0,3.407577666565781,0.25,0.785905800234881,0.47368421052631576,0.0,nan,0.010000000000000002,0.0,0.0,38.0,323.0,11.277852773666382,1.4844968655055766,0.33171713070595293,2.297487383139737,-0.49410148011520505,14.05138424783945,-44.56210891669616,331.819224357605,418.60749185085297,,,,,,,,,,,,
869.0,0.0,43.0,0.7265552353858946,0.0,0.723007160268201,0.4166666666666667,0.0,nan,0.010000000000000002,0.0,0.0,24.0,172.0,17.803633213043213,1.7196799012441937,0.3293283716469544,2.7693213706185213,-0.4053390705308249,23.634998720745706,92.3042144186275,263.11474090398747,330.25169012158415,,,,,,,,,,,,
870.0,0.0,141.0,9.118323699086918,1.0,0.5818181415140151,0.66,0.0,0.0,0.010000000000000002,0.0,0.0,50.0,442.0,0.6885159909725189,0.5822868608622263,0.33167790824872667,0.500932318748263,-0.5280035734176636,-12.107440277002752,-20.7079268329544,317.100550159812,393.6821808218956,1.0,0.0,0.25,0.5,0.25,-0.01861444115638733,2.4311134815216064,7.255804701242596,40.0,1.0,83.0,21.49409934699536
871.0,0.0,176.0,9.945777565985935,1.0,0.7043594268427511,0.5303030303030303,0.0,nan,0.010000000000000002,0.0,0.0,66.0,570.0,1.3639855086803436,0.4898688102391304,0.3462604523500735,0.2869160240535571,-0.46447349851951003,25.31463897926733,27.03243834921159,318.36798912100494,388.216695362702,,,,,,,,,,,,
872.0,0.0,91.0,3.2568064057081987,0.25,0.7831158471246562,0.4166666666666667,0.0,nan,0.010000000000000002,0.0,0.0,36.0,317.0,5.930269360542297,0.8819828910369267,0.30145853813572643,1.158430116602343,-0.40582968411035836,45.2930647963658,-74.63375158573035,344.3515060544014,417.2934538125992,,,,,,,,,,,,
873.0,0.0,173.0,9.143610729575169,1.0,0.8220825304787552,0.4444444444444444,0.0,nan,0.010000000000000002,0.0,0.0,54.0,438.0,1.4137400090694427,0.48084826492323174,0.34200141648468185,0.27739862196175313,-0.405307412147522,16.135766737745143,19.7040924616158,293.7828920632601,366.90480014681816,,,,,,,,,,,,
874.0,0.0,51.0,0.6482054421305655,0.0,0.6673710496351727,0.44,0.0,nan,0.010000000000000002,0.0,0.0,25.0,204.0,14.187148571014404,1.5958086657077122,0.3108551540492776,2.5562548139957526,-0.405307412147522,14.556375360956379,50.80676184214798,289.1729372809915,369.82682979808135,,,,,,,,,,,,
875.0,0.0,46.0,0.2746564754843711,0.0,0.3179619943765822,0.7916666666666666,0.0,nan,0.010000000000000002,0.0,0.0,24.0,184.0,15.117427349090576,1.3781293643685948,0.3169992834498116,2.122042203074601,-0.405307412147522,10.751476712848829,17.463118554133437,151.42695915180704,206.16151958963147,,,,,,,,,,,,
876.0,0.0,155.0,9.487334840893759,1.0,0.7560374438048156,0.3888888888888889,0.0,nan,0.010000000000000002,0.0,0.0,54.0,459.0,1.457667052745819,0.5481215982619005,0.3050195700074192,0.48592783087236624,-0.4116256928537041,-5.798232001252472,21.775633779674536,234.33947563171387,302.5201802700758,,,,,,,,,,,,
877.0,0.0,137.0,8.193829895854005,1.0,0.7303983472744164,0.45652173913043476,0.0,nan,0.010000000000000002,0.0,0.0,46.0,368.0,0.4199761375784874,0.398291328717022,0.31810444962079365,0.16004960235410165,-0.405307412147522,15.791171353310347,-2.147076543420553,315.15842923521996,392.0281140357256,,,,,,,,,,,,
878.0,0.0,200.0,9.44001135479661,0.75,0.7216727350356683,0.5555555555555556,0.0,nan,0.010000000000000002,0.0,0.0,72.0,647.0,1.922120824456215,0.40067242377221746,0.30602839420828365,0.18860074077493005,-0.405307412147522,-24.40805545449257,8.20689825154841,362.64676344394684,441.2017660140991,,,,,,,,,,,,
879.0,0.0,102.0,5.777430083677178,0.5,0.5982723245808141,0.5384615384615384,0.0,nan,0.010000000000000002,0.0,0.0,39.0,307.0,3.388739764690399,0.823638377836782,0.33433060414340204,0.9783402801991635,-0.405307412147522,-4.097929960116744,28.27422223240137,362.18236100673676,441.78983974456787,,,,,,,,,,,,
880.0,0.0,173.0,9.364170283302679,1.0,0.8611243937624181,0.36065573770491804,0.0,0.0,0.010000000000000002,0.0,0.0,61.0,521.0,1.3405207097530365,0.43844307714151576,0.3502710998810336,0.1759265581143803,-0.405307412147522,11.029787587700412,4.533318139612675,277.73441886901855,342.32951858639717,1.0,1.0,1.0,0.0,1.0,0.30666717886924744,2.1549978256225586,11.761297081480734,74.0,1.0,178.0,293.91931522384317
881.0,0.0,137.0,8.782210300266755,1.0,0.5872721676455056,0.7083333333333334,0.0,nan,0.010000000000000002,0.0,0.0,48.0,424.0,0.9199234843254089,0.3749521506895803,0.3046369417379366,0.14032913522335488,-0.405307412147522,-18.04386793449521,17.23501062899595,349.92280346155167,429.98429703712463,,,,,,,,,,,,
882.0,0.0,45.0,0.3067685246467589,0.0,0.7307903939415898,0.4583333333333333,0.0,nan,0.010000000000000002,0.0,0.0,24.0,180.0,17.796178340911865,1.621462582015261,0.3354883518507454,2.5667253684626417,-0.405307412147522,-3.9035411251915826,-2.5977514452404447,347.21760041978627,422.4783884684245,,,,,,,,,,,,
883.0,0.0,165.0,9.058475069478167,1.0,0.7171687536002859,0.4642857142857143,0.0,nan,0.010000000000000002,0.0,0.0,56.0,479.0,0.7760967165231705,0.6051479516099363,0.2931702166874721,0.62367622231256,-0.44726999290287495,27.61924605164677,-2.3489691705908626,255.63948096334934,313.79083678498864,,,,,,,,,,,,
884.0,0.0,200.0,8.016433743312973,0.75,0.7694085831394353,0.5633802816901409,0.0,nan,0.010000000000000002,0.0,0.0,71.0,658.0,1.2263330295681953,0.4960855833831099,0.3302200986804934,0.3302012718471129,-0.40746339899487793,-32.38975267205387,0.17419621534645557,108.81295144557953,170.17287853360176,,,,,,,,,,,,
885.0,0.0,179.0,10.103728182688371,1.0,0.7242738865296783,0.559322033898305,0.0,nan,0.010000000000000002,0.0,0.0,59.0,532.0,1.7140984237194061,0.3847952646359811,0.32571831886889413,0.11789330805826115,-0.405307412147522,-1.9397242302075028,-24.902138136327267,310.3763054907322,376.26378932595253,,,,,,,,,,,,
886.0,0.0,110.0,7.990116812512289,1.0,0.795075381436984,0.5,0.0,nan,0.010000000000000002,0.0,0.0,48.0,396.0,0.3072488084435463,0.3193066571925556,0.2799162563041551,0.0781561493018571,-0.4114360648673028,6.334409259259701,5.461415076628327,340.9961525797844,410.53936702013016,,,,,,,,,,,,
887.0,0.0,168.0,9.091761090606465,1.0,0.6698195451342754,0.6470588235294118,0.0,nan,0.010000000000000002,0.0,0.0,51.0,445.0,1.1881608963012695,0.3828519687421057,0.31507128752648084,0.13531835998960057,-0.40996794984675944,5.788303218316287,-4.3348783096298575,242.5440411567688,315.12660425901413,,,,,,,,,,,,
888.0,0.0,139.0,9.819200208783165,1.0,0.8285453379409784,0.3333333333333333,0.0,nan,0.010000000000000002,0.0,0.0,60.0,510.0,0.7101885825395584,0.31606202459968635,0.28790768701516734,0.05601890019965733,-0.4055125922895968,-12.957250188104808,5.375632158480585,269.5131129324436,335.6312933266163,,,,,,,,,,,,
889.0,0.0,139.0,9.05326972931625,1.0,0.7649888921078395,0.4666666666666667,0.0,nan,0.010000000000000002,0.0,0.0,60.0,528.0,0.6125222742557526,0.3756200874693221,0.30219333637689316,0.1461342001063124,-0.4053488445933908,10.161472383886576,-7.128628290258348,304.054684728384,389.8381515145302,,,,,,,,,,,,
890.0,0.0,155.0,10.087282901033776,1.0,0.7653470892894851,0.4838709677419355,0.0,0.19999999999999996,0.010000000000000002,0.0,0.0,62.0,544.0,0.7763889282941818,0.33448776050001783,0.29676603437290067,0.07515761765309603,-0.405307412147522,-19.811907356604934,-10.357081688009202,319.42035406827927,394.8576036095619,1.0,1.0,1.0,0.0,1.0,0.22227874398231506,2.30239200592041,11.768391484161839,75.0,1.0,172.0,272.7239225979152
891.0,0.0,194.0,9.012975895926369,1.0,0.7020098873888673,0.46153846153846156,0.0,nan,0.010000000000000002,0.0,0.0,52.0,439.0,2.436151146888733,0.4467394176153956,0.3189710746413844,0.2552245241053941,-0.405307412147522,3.3260657750070095,13.749313235515729,360.47606348991394,440.43235099315643,,,,,,,,,,,,
892.0,0.0,158.0,9.146457212474212,1.0,0.7513089595452875,0.47368421052631576,0.0,nan,0.010000000000000002,0.0,0.0,57.0,484.0,0.7042058259248734,0.3795762703465695,0.3419901144999059,0.07461945911591172,-0.405307412147522,45.010627662763,-25.707115896511823,362.0175222158432,441.98981034755707,,,,,,,,,,,,
893.0,0.0,70.0,6.569468423277141,1.0,0.6724075123647757,0.6176470588235294,0.0,nan,0.010000000000000002,0.0,0.0,34.0,233.0,0.3791723847389221,0.3658390991403991,0.3201091762612789,0.09117388401558711,-0.405307412147522,-3.777689409869935,-2.4354911116571385,364.2704831888747,437.92561621932003,,,,,,,,,,,,
894.0,0.0,116.0,7.4234866428375295,1.0,0.6531495993730733,0.5945945945945946,0.0,nan,0.010000000000000002,0.0,0.0,37.0,303.0,0.6065331101417542,0.3851771515892821,0.3101650825734995,0.14972181661798079,-0.4061718946322799,-34.02085950784385,-1.1899129040539265,278.40611639618874,375.1693687438965,,,,,,,,,,,,
895.0,0.0,132.0,9.289607151076211,1.0,0.7904581486594311,0.38181818181818183,0.0,nan,0.010000000000000002,0.0,0.0,55.0,456.0,0.27962568402290344,0.33274884792317466,0.31401387483210996,0.03717421060673948,-0.405307412147522,-0.13579573296010494,5.480551227927208,292.00559654831886,404.16711270809174,,,,,,,,,,,,
896.0,0.0,130.0,6.248714116849017,0.25,0.608726630786152,0.5490196078431373,0.0,nan,0.010000000000000002,0.0,0.0,51.0,442.0,3.309430241584778,0.8087277839801921,0.33800139034768256,0.941209890794795,-0.405307412147522,-0.6130314329639077,6.829635674133897,200.90996134281158,338.1837139725685,,,,,,,,,,,,
897.0,0.0,126.0,8.912617430835974,1.0,0.7278214163094383,0.34615384615384615,0.0,nan,0.010000000000000002,0.0,0.0,52.0,420.0,0.3680506572127342,0.34267710786681604,0.31573304836882643,0.05358619613001289,-0.405307412147522,37.41299001686275,55.43575841188431,362.5722372531891,441.3153667449951,,,,,,,,,,,,
898.0,0.0,118.0,5.131702095791706,0.25,0.6378592608710383,0.6041666666666666,0.0,nan,0.010000000000000002,0.0,0.0,48.0,374.0,4.213099956512451,0.8367874960615751,0.32669688338434877,1.0199234787744882,-0.405307412147522,13.948370632249862,36.73017313238233,262.48699148371816,317.58286421746016,,,,,,,,,,,,
899.0,0.0,146.0,9.533912762552514,1.0,0.7217643582601712,0.3684210526315789,0.0,nan,0.010000000000000002,0.0,0.0,57.0,483.0,0.4821883663535118,0.3914084577972416,0.31928100072616544,0.1439451531627669,-0.405307412147522,3.8092718832194805,-20.179536489769816,365.3493901491165,438.02215325832367,,,,,,,,,,,,
900.0,0.0,146.0,8.078563341274865,1.0,0.7000246928350072,0.5531914893617021,0.0,0.19999999999999996,0.010000000000000002,0.0,0.0,47.0,394.0,0.3665711358189583,0.4436496781636805,0.34402799129447703,0.1989734114040671,-0.40815923688933253,-35.847146161366254,-48.643619613489136,262.7788405586034,338.9425788987428,1.0,1.0,1.0,0.0,1.0,0.5061208009719849,1.8833099603652954,11.759780394146219,76.0,1.0,178.0,293.9225224324319
901.0,0.0,92.0,3.7520030220970546,0.5,0.6603979815475656,0.3939393939393939,0.0,nan,0.010000000000000002,0.0,0.0,33.0,265.0,5.629834294319153,0.9333379593308604,0.2934435573955488,1.271463927371087,-0.405307412147522,62.45774251781404,33.47492712549865,362.37752932310104,432.45829224586487,,,,,,,,,,,,
902.0,0.0,123.0,5.432689120396981,0.5,0.6645499875885766,0.4782608695652174,0.0,nan,0.010000000000000002,0.0,0.0,46.0,394.0,5.923606872558594,0.8610422195873587,0.29214108557221274,1.1327618122227887,-0.405307412147522,-10.840898445807397,-49.341017874656245,309.8627144098282,399.8766769170761,,,,,,,,,,,,
903.0,0.0,152.0,8.429247014485309,1.0,0.7898387104811634,0.40425531914893614,0.0,nan,0.010000000000000002,0.0,0.0,47.0,387.0,1.193285048007965,0.4047516290611952,0.3118600544143959,0.1855031662601262,-0.40603739442303777,-44.598409169120714,-0.7987460184376687,302.20799046754837,375.0598888397217,,,,,,,,,,,,
904.0,0.0,157.0,9.18978777527811,1.0,0.7657949839043345,0.46875,0.0,nan,0.010000000000000002,0.0,0.0,64.0,550.0,0.36293721199035645,0.3620588180566813,0.30350897792532794,0.11467188808809226,-0.405307412147522,39.39609814994037,32.40062690898776,337.6557106077671,418.61573362350464,,,,,,,,,,,,
905.0,0.0,150.0,9.367786877751364,1.0,0.7890366924739551,0.3888888888888889,0.0,nan,0.010000000000000002,0.0,0.0,54.0,459.0,0.3596895560622215,0.3809198781874481,0.3508106788777587,0.05991167835231129,-0.405307412147522,33.73626012913883,-10.129133211448789,386.52977871894836,414.1823183298111,,,,,,,,,,,,
906.0,0.0,125.0,8.326561568304905,1.0,0.7773869142852092,0.375,0.0,nan,0.010000000000000002,0.0,0.0,48.0,400.0,0.2570390850305557,0.3507377748422873,0.32243621810251627,0.05620533901408287,-0.405307412147522,10.206905905157328,-38.885741454549134,373.820321559906,428.48062479496,,,,,,,,,,,,
907.0,0.0,190.0,9.487362788096085,1.0,0.5812146651828617,0.660377358490566,0.0,nan,0.010000000000000002,0.0,0.0,53.0,466.0,1.687677025794983,0.37552791342757397,0.28722352243706656,0.1763225429902966,-0.405307412147522,-6.796528394334018,-14.803014724049717,369.5666754245758,428.256663441658,,,,,,,,,,,,
908.0,0.0,180.0,9.547134671732797,1.0,0.7950031642632651,0.3333333333333333,0.0,nan,0.010000000000000002,0.0,0.0,57.0,485.0,1.0594567954540253,0.38194970763962033,0.30565077865546486,0.15230259109474364,-0.405307412147522,25.455498753115535,53.56292204558849,380.3096534013748,416.9089447259903,,,,,,,,,,,,
909.0,0.0,129.0,8.004793743044145,1.0,0.6823400031969347,0.4782608695652174,0.0,nan,0.010000000000000002,0.0,0.0,46.0,360.0,0.5499300360679626,0.35172594811444924,0.304727563254346,0.09368966181003913,-0.405307412147522,5.850207149982452,49.70063124410808,378.05295503139496,423.70379996299744,,,,,,,,,,,,
910.0,0.0,157.0,9.440371183231488,1.0,0.7030638877806823,0.5357142857142857,0.0,0.19999999999999996,0.010000000000000002,0.0,0.0,56.0,483.0,1.0247561782598495,0.3567360333913143,0.30990961105008685,0.09333818977027009,-0.405307412147522,-27.805674897506833,-2.474461969221011,368.5602568387985,434.3455482721329,1.0,1.0,1.0,0.0,1.0,0.5296033620834351,2.0280280113220215,11.767624936066568,76.0,1.0,179.0,301.40735170528325
911.0,0.0,116.0,7.888975484222181,1.0,0.7245076479658391,0.38095238095238093,0.0,nan,0.010000000000000002,0.0,0.0,42.0,343.0,0.2859925404191017,0.3549960778781944,0.3228878699212011,0.06390717710755123,-0.405307412147522,-6.840635443106294,-2.7045771724078804,380.12728011608124,421.12348544597626,,,,,,,,,,,,
912.0,0.0,150.0,7.874708951041109,1.0,0.7723351192941089,0.38636363636363635,0.0,nan,0.010000000000000002,0.0,0.0,44.0,349.0,0.9884585440158844,0.34549418896217476,0.293382810899539,0.10393549550603098,-0.405307412147522,12.95265389047563,29.777748663909733,381.50809490680695,419.6252187490463,,,,,,,,,,,,
913.0,0.0,115.0,6.03956918776036,0.5,0.6800186839924732,0.5238095238095238,0.0,nan,0.010000000000000002,0.0,0.0,42.0,336.0,2.057288944721222,0.680965369069877,0.32142934348861557,0.7188004712973393,-0.405307412147522,31.288795514032245,12.531456279335544,383.4006733894348,417.610190987587,,,,,,,,,,,,
914.0,0.0,159.0,9.00546671304853,1.0,0.6963951687872403,0.5272727272727272,0.0,nan,0.010000000000000002,0.0,0.0,55.0,476.0,1.2003396153450012,0.4414046043893474,0.32136604211334396,0.23490726479826554,-0.405307412147522,58.75736548192799,-15.234223126899451,352.3417707681656,391.1017287373543,,,,,,,,,,,,
915.0,0.0,84.0,3.5485935172438676,0.25,0.802073855155961,0.3902439024390244,0.0,nan,0.010000000000000002,0.0,0.0,41.0,336.0,7.756371974945068,1.1351917919563732,0.33079960965013744,1.6033176914202594,-0.405307412147522,76.91981524601579,5.445001090411097,375.6944054365158,426.17809545993805,,,,,,,,,,,,
916.0,0.0,97.0,3.752072447985418,0.25,0.456803769812664,0.6578947368421053,0.0,nan,0.010000000000000002,0.0,0.0,38.0,332.0,6.866476535797119,0.9901618252803246,0.30413277260594773,1.3690227609112906,-0.405307412147522,-48.424642346799374,-32.428633479750715,366.787064909935,421.57074069976807,,,,,,,,,,,,
917.0,0.0,157.0,9.096343086361898,1.0,0.8256038398692881,0.37735849056603776,0.0,nan,0.010000000000000002,0.0,0.0,53.0,437.0,1.1664850115776062,0.481928804260221,0.336237972443761,0.29106742329632873,-0.405307412147522,14.107462925836444,14.879908761475235,335.9318608343601,382.0463864505291,,,,,,,,,,,,
918.0,0.0,129.0,8.447487388551245,1.0,0.6668119776072443,0.5416666666666666,0.0,nan,0.010000000000000002,0.0,0.0,48.0,420.0,0.7012186944484711,0.4319092617067639,0.3270092882507482,0.20948303799357348,-0.405307412147522,-19.448156774044037,-15.56755342707038,344.9187464118004,428.4964678287506,,,,,,,,,,,,
919.0,0.0,197.0,10.537590886056442,1.0,0.6118527826158743,0.546875,0.0,nan,0.010000000000000002,0.0,0.0,64.0,574.0,1.8823522329330444,0.40408752659055835,0.32888127300915204,0.15012661751942913,-0.405307412147522,-6.00840418599546,-13.620932733640075,372.2434307336807,430.1968992948532,,,,,,,,,,,,
920.0,0.0,200.0,9.257012861426944,0.75,0.8015834449947377,0.4166666666666667,0.0,0.19999999999999996,0.010000000000000002,0.0,0.0,72.0,623.0,0.9952010028064251,0.4391178682751189,0.3336047471274246,0.2090402940504427,-0.405307412147522,11.654494397342205,-40.95845062844455,372.2752193212509,430.1300662755966,1.0,1.0,1.0,0.0,1.0,0.4044940769672394,2.270598888397217,11.772129434393719,76.0,1.0,178.0,297.6648968898508
921.0,0.0,177.0,8.866055982485426,1.0,0.6841939476668666,0.5714285714285714,0.0,nan,0.010000000000000002,0.0,0.0,49.0,428.0,1.5751003324985504,0.4789207310544885,0.33184718809868835,0.2938489681588822,-0.405307412147522,23.637170331552625,-2.0918581625446677,373.2188559770584,429.1906359195709,,,,,,,,,,,,
922.0,0.0,125.0,8.226676585152752,1.0,0.7018346403806428,0.5227272727272727,0.0,nan,0.010000000000000002,0.0,0.0,44.0,375.0,0.25514256209135056,0.3470682185303655,0.30992298548530384,0.07401571499362203,-0.405307412147522,-2.342457102611661,-57.709807481616735,375.0907572507858,427.1929397583008,,,,,,,,,,,,
923.0,0.0,121.0,7.915322123533123,1.0,0.7889391437377625,0.4230769230769231,0.0,nan,0.010000000000000002,0.0,0.0,52.0,413.0,0.40164583921432495,0.37145754913947493,0.3300381527326359,0.08156831283287413,-0.405307412147522,33.60607596859336,27.52128611691296,366.4095240831375,436.8252292871475,,,,,,,,,,,,
924.0,0.0,190.0,9.208194590434445,1.0,0.7512928125259329,0.49056603773584906,0.0,nan,0.010000000000000002,0.0,0.0,53.0,462.0,1.4674588441848755,0.3945867411632875,0.33837645657027643,0.11212993898184109,-0.405307412147522,-1.0275407917797565,-21.937805984169245,375.17522728443146,426.845934510231,,,,,,,,,,,,
925.0,0.0,97.0,7.199155561178927,1.0,0.648135505450099,0.5675675675675675,0.0,nan,0.010000000000000002,0.0,0.0,37.0,283.0,0.3119674101471901,0.32132819096116805,0.28095631171515834,0.08043099127022929,-0.405307412147522,26.02438105456531,-13.72510588914156,362.1569277048111,441.8204298019409,,,,,,,,,,,,
926.0,0.0,55.0,0.9283720374107367,0.0,0.6563932985409411,0.4666666666666667,0.0,nan,0.010000000000000002,0.0,0.0,30.0,220.0,18.115304946899414,1.9077047748766993,0.32887189516275284,3.156654044913971,-0.4070156601342288,-5.047701584209095,10.101426182551817,372.41095636541195,430.09908377907493,,,,,,,,,,,,
927.0,0.0,159.0,8.21559963211418,1.0,0.7771093781314403,0.4772727272727273,0.0,nan,0.010000000000000002,0.0,0.0,44.0,371.0,0.4452575445175171,0.4213764036346106,0.3009946198867808,0.24047644567615944,-0.405307412147522,-3.7197182048112154,-2.2180367475375533,298.9401455670595,365.5200783908367,,,,,,,,,,,,
928.0,0.0,151.0,8.000704237930485,1.0,0.6706565977293494,0.5333333333333333,0.0,nan,0.010000000000000002,0.0,0.0,45.0,413.0,0.9330812394618988,0.416680539195049,0.3172006493571098,0.19871710885052524,-0.405307412147522,18.285191127099097,-13.821117129176855,321.4107595384121,415.87606167793274,,,,,,,,,,,,
929.0,0.0,145.0,9.690060545653118,1.0,0.7609014000753507,0.38596491228070173,0.0,nan,0.010000000000000002,0.0,0.0,57.0,484.0,1.2715519070625305,0.3698228597323805,0.3250992888703582,0.08916209659895968,-0.405307412147522,17.168059373274446,-0.3599715931341052,358.831928730011,439.6550784111023,,,,,,,,,,,,
930.0,0.0,151.0,9.866325765475647,1.0,0.7521491230339986,0.3870967741935484,0.0,0.19999999999999996,0.010000000000000002,0.0,0.0,62.0,515.0,0.718268558382988,0.3281002671691948,0.3079592425530857,0.03999866792028289,-0.405307412147522,23.263289948925376,-24.774270765017718,362.19082367420197,441.77909803390503,1.0,1.0,1.0,0.0,1.0,0.4399493634700775,2.2556347846984863,11.773038160754368,76.0,1.0,178.0,297.6648771979663
931.0,0.0,113.0,8.558979730084548,1.0,0.7661862898825467,0.3958333333333333,0.0,nan,0.010000000000000002,0.0,0.0,48.0,409.0,0.5486433357000351,0.3805236143967857,0.32052234226719195,0.11972723527451212,-0.405307412147522,53.817156940698624,-26.277490976965055,365.22459411621094,438.2014853954315,,,,,,,,,,,,
932.0,0.0,73.0,2.1445323787443376,0.0,0.7111698396344744,0.4444444444444444,0.0,nan,0.010000000000000002,0.0,0.0,36.0,292.0,8.595146179199219,1.0355496673128808,0.3288496250878854,1.4076956167249035,-0.405307412147522,-32.52182607538998,-29.726519886404276,363.1488584280014,440.6240221261978,,,,,,,,,,,,
933.0,0.0,119.0,6.025858727544558,0.5,0.737334084638378,0.5306122448979592,0.0,nan,0.010000000000000002,0.0,0.0,49.0,437.0,3.405727744102478,0.8996328835252285,0.3320571645169281,1.1273742596143492,-0.405307412147522,48.272988460958004,16.457163878541905,363.0842332839966,420.87252938747406,,,,,,,,,,,,
934.0,0.0,144.0,7.923568815737971,1.0,0.8511562017223284,0.3953488372093023,0.0,nan,0.010000000000000002,0.0,0.0,43.0,345.0,0.8593543618917465,0.39406891565964486,0.30502885518490075,0.1777594361205205,-0.405307412147522,4.098637262824923,26.21389074716717,310.9277640879154,402.94104075431824,,,,,,,,,,,,
935.0,0.0,59.0,1.4300359523296367,0.0,0.5533234668314271,0.5172413793103449,0.0,nan,0.010000000000000002,0.0,0.0,29.0,236.0,11.810911178588867,1.333666549771405,0.3323163424255484,1.9966834647595737,-0.405307412147522,60.39739918304702,-58.6769560130976,361.9629771345753,442.05639454469843,,,,,,,,,,,,
936.0,0.0,133.0,8.45873569086195,1.0,0.7195151080916364,0.56,0.0,nan,0.010000000000000002,0.0,0.0,50.0,426.0,0.450876921415329,0.46103183834159767,0.30430742558655766,0.3130028315623979,-0.405307412147522,39.02557684550993,34.22485977783799,283.96073741465807,353.52185590565205,,,,,,,,,,,,
937.0,0.0,100.0,7.46634226031602,1.0,0.6644368103153023,0.45,0.0,nan,0.010000000000000002,0.0,0.0,40.0,305.0,0.22589028626680374,0.343349438985058,0.28950560311805273,0.10735586476905512,-0.405307412147522,39.1229407065548,0.20800425484776497,337.1102726459503,418.96888107061386,,,,,,,,,,,,
938.0,0.0,122.0,7.660357794389135,1.0,0.7332654801744003,0.46153846153846156,0.0,nan,0.010000000000000002,0.0,0.0,39.0,331.0,0.2967711463570595,0.33453248878209507,0.28764508126732835,0.09348034424935173,-0.405307412147522,-24.283976955339313,40.42796769645065,341.373597741127,415.6533231139183,,,,,,,,,,,,
939.0,0.0,70.0,2.8418910855054875,0.0,0.6019817689674966,0.45714285714285713,0.0,nan,0.010000000000000002,0.0,0.0,35.0,279.0,7.506574988365173,0.9154843163588104,0.3239213127452463,1.1823860047282242,-0.405307412147522,54.331101236864924,-36.80004492402077,362.1290625333786,441.85410940647125,,,,,,,,,,,,
940.0,0.0,140.0,8.693491878807556,1.0,0.4640548925363129,0.717391304347826,0.0,0.19999999999999996,0.010000000000000002,0.0,0.0,46.0,402.0,0.3588664382696152,0.373518816949165,0.3280672904708103,0.0906390280761169,-0.405307412147522,41.33383481763303,-19.42901422083378,336.94784039258957,408.7472303211689,1.0,1.0,1.0,0.0,1.0,0.27389878034591675,2.3252124786376953,11.772109793266281,75.0,1.0,178.0,297.66510278478296
941.0,0.0,63.0,1.169221456050875,0.0,0.4072737138036875,0.6363636363636364,0.0,nan,0.010000000000000002,0.0,0.0,33.0,252.0,14.804616451263428,1.5661319193679937,0.3337218798290465,2.463939214004486,-0.405307412147522,-53.97588365797012,-2.6862260093764654,364.18885621570405,439.37496899801585,,,,,,,,,,,,
942.0,0.0,174.0,8.68018669664861,1.0,0.7978520021459069,0.36,0.0,nan,0.010000000000000002,0.0,0.0,50.0,428.0,0.6850527375936508,0.4432529528298943,0.3037162132184256,0.27879448652761785,-0.405307412147522,-7.922067062929273,4.613266882253811,318.63025534152985,386.7038897573948,,,,,,,,,,,,
943.0,0.0,155.0,8.172176305651671,1.0,0.6500018194256834,0.574468085106383,0.0,nan,0.010000000000000002,0.0,0.0,47.0,367.0,0.5767770111560822,0.313524110879591,0.27955221775293143,0.0676312554904602,-0.405307412147522,31.053815064951777,23.20454440638423,362.1415425539017,441.8389564752579,,,,,,,,,,,,
944.0,0.0,145.0,9.315238421484842,1.0,0.6762490215932436,0.375,0.0,nan,0.010000000000000002,0.0,0.0,56.0,472.0,0.43268441408872604,0.35846232781619847,0.320645775633331,0.07533781175922055,-0.405307412147522,8.438357276841998,-15.244765963871032,348.91761896014214,432.89055198431015,,,,,,,,,,,,
945.0,0.0,137.0,7.917779333069928,1.0,0.6954890099120845,0.4791666666666667,0.0,nan,0.010000000000000002,0.0,0.0,48.0,373.0,0.35476497560739517,0.3684611468446608,0.3260982760206532,0.08446225581046102,-0.405307412147522,51.66295807249844,9.382131432445021,344.95688197016716,420.81347393989563,,,,,,,,,,,,
946.0,0.0,145.0,8.600443158186984,1.0,0.6359450983885592,0.5957446808510638,0.0,nan,0.010000000000000002,0.0,0.0,47.0,402.0,0.4418250620365143,0.338977025298969,0.315937831403591,0.045812449158813995,-0.405307412147522,25.085382789373398,-25.10365281254053,362.1960719823837,441.7724609375,,,,,,,,,,,,
947.0,0.0,93.0,7.549202389344579,1.0,0.9426574347532461,0.3076923076923077,0.0,nan,0.010000000000000002,0.0,0.0,39.0,312.0,0.4801187664270401,0.3424016323039254,0.3008200717853193,0.08286362527916757,-0.405307412147522,-12.081695213913918,-5.325668064877391,363.3973779678345,440.32475304603577,,,,,,,,,,,,
948.0,0.0,151.0,8.889345353245746,1.0,0.8247270122769966,0.3269230769230769,0.0,nan,0.010000000000000002,0.0,0.0,52.0,429.0,1.1500433385372162,0.3181994589315238,0.2821642302073306,0.07175783911925884,-0.405307412147522,-19.165056474506855,20.479272916913033,363.088818192482,439.7864692211151,,,,,,,,,,,,
949.0,0.0,128.0,7.9012728410027995,1.0,0.7821774682796874,0.4791666666666667,0.0,nan,0.010000000000000002,0.0,0.0,48.0,388.0,0.34049803763628006,0.32025722600837114,0.28656074816040183,0.06509790651690572,-0.405307412147522,-26.025947427377105,4.595497201662511,362.93534326553345,440.87007999420166,,,,,,,,,,,,
950.0,0.0,144.0,8.612063384875665,1.0,0.7753748327220569,0.38,0.0,0.19999999999999996,0.010000000000000002,0.0,0.0,50.0,412.0,1.0180971324443817,0.4343672663525382,0.3030375400455565,0.2623622292060255,-0.405307412147522,21.85197955556214,-19.755422342568636,354.4444609284401,438.68855476379395,1.0,1.0,1.0,0.0,1.0,0.47531625628471375,2.2802391052246094,11.778209205484018,75.0,1.0,178.0,296.41269300811024
951.0,0.0,154.0,9.438212591856733,1.0,0.706790442082369,0.5689655172413793,0.0,nan,0.010000000000000002,0.0,0.0,58.0,522.0,0.8984698057174683,0.3926789413458036,0.33415580587246485,0.11672150956433824,-0.405307412147522,-39.76895963586867,-29.111545315012336,357.12649154663086,436.6683427095413,,,,,,,,,,,,
952.0,0.0,158.0,8.726402541957807,1.0,0.6804101381084776,0.35294117647058826,0.0,nan,0.010000000000000002,0.0,0.0,51.0,419.0,0.8564945757389069,0.3677172808381073,0.3026259008776532,0.1298048336781552,-0.405307412147522,-14.742635320872068,38.8041037931107,331.7269783616066,426.3387761116028,,,,,,,,,,,,
953.0,0.0,161.0,6.438673280328523,0.5,0.8281810671098507,0.33962264150943394,0.0,nan,0.010000000000000002,0.0,0.0,53.0,464.0,1.82264643907547,0.6343506816167235,0.32331645606111165,0.6213050937823644,-0.405307412147522,11.500728074461222,19.731984644196928,367.0379205942154,436.07925283908844,,,,,,,,,,,,
954.0,0.0,200.0,9.512362283132989,0.75,0.7217570254394551,0.484375,0.0,nan,0.010000000000000002,0.0,0.0,64.0,576.0,1.5196702480316162,0.3891991132763657,0.3062585827616903,0.1656234787272002,-0.4077935495879501,-13.670492187142372,-11.369769034907222,265.7964863926172,370.0382824540138,,,,,,,,,,,,
955.0,0.0,137.0,8.200958318971109,1.0,0.7394648986420138,0.3877551020408163,0.0,nan,0.010000000000000002,0.0,0.0,49.0,409.0,0.25353194400668144,0.3554049684254137,0.3091843596273697,0.09202154550218444,-0.4064217763952911,23.828007573261857,-12.600546419620514,303.2915444970131,402.9191837310791,,,,,,,,,,,,
956.0,0.0,154.0,9.205947719924165,1.0,0.7771269324598212,0.38181818181818183,0.0,nan,0.010000000000000002,0.0,0.0,55.0,476.0,0.5352173149585724,0.3715521873272971,0.31935298753250724,0.10406442067265809,-0.405307412147522,-25.930608367547393,44.435614654794335,364.13409864902496,438.3906774520874,,,,,,,,,,,,
957.0,0.0,126.0,8.726505478397023,1.0,0.6641603851949752,0.4583333333333333,0.0,nan,0.010000000000000002,0.0,0.0,48.0,408.0,0.44502323120832443,0.3199629728804126,0.2841245549220852,0.07137999588172542,-0.4053894972894341,-45.899122493341565,-36.02515741344541,339.69453221559525,432.5633354187012,,,,,,,,,,,,
958.0,0.0,151.0,8.55661640252919,1.0,0.8615555488067439,0.3673469387755102,0.0,nan,0.010000000000000002,0.0,0.0,49.0,403.0,0.3966881036758423,0.38802056988424244,0.36420285754701714,0.04736258642711841,-0.5051311205606908,-3.101048309355974,-3.1624218514189124,260.89419317245483,350.42781975865364,,,,,,,,,,,,
959.0,0.0,165.0,9.525483045801536,1.0,0.7357156051892177,0.5454545454545454,0.0,nan,0.010000000000000002,0.0,0.0,55.0,482.0,0.7835719734430313,0.37357505257907775,0.30344781856875686,0.13996632202876724,-0.405307412147522,-40.73653616197407,17.224043855443597,346.2637438774109,433.1216399669647,,,,,,,,,,,,
960.0,0.0,147.0,8.312945299446593,1.0,0.6280304664934501,0.5348837209302325,0.0,0.19999999999999996,0.010000000000000002,0.0,0.0,43.0,381.0,0.6835277378559113,0.37207460376397705,0.32193257230872174,0.10000055604726671,-0.44281070306897163,-19.719712691381574,11.335226841270924,242.1028631478548,337.98510217666626,1.0,1.0,1.0,0.0,1.0,0.39674636721611023,2.2630906105041504,11.846521946310531,76.0,1.0,178.0,271.39184264585407
961.0,0.0,169.0,9.25499063108118,1.0,0.7236412640879009,0.4406779661016949,0.0,nan,0.010000000000000002,0.0,0.0,59.0,503.0,0.7358035147190094,0.3186879273421862,0.2850220368560606,0.0670516985248597,-0.405307412147522,-6.308262534439564,3.5203309562057257,183.0833509117365,296.0430338680744,,,,,,,,,,,,
962.0,0.0,117.0,5.180972019545743,0.5,0.7744191958242918,0.3953488372093023,0.0,nan,0.010000000000000002,0.0,0.0,43.0,369.0,3.2769694924354553,0.7035213456572649,0.3373776754426945,0.7248115768174124,-0.405307412147522,-28.036760726943612,-50.044264228548855,333.2725577354431,420.20513355731964,,,,,,,,,,,,
963.0,0.0,165.0,9.202775332480682,1.0,0.7322663648346116,0.52,0.0,nan,0.010000000000000002,0.0,0.0,50.0,444.0,0.7777926027774811,0.41343550508019256,0.33390942514908284,0.15879614914122273,-0.405307412147522,-10.472240893170238,-15.926232209894806,289.9549347907305,376.366985976696,,,,,,,,,,,,
964.0,0.0,144.0,8.959245417714131,1.0,0.7225034177056757,0.5882352941176471,0.0,nan,0.010000000000000002,0.0,0.0,51.0,442.0,0.44352099299430847,0.3839754609646082,0.3610573819590677,0.04560841686497649,-0.405307412147522,-4.421024970710278,-15.135042088106275,153.02596627920866,273.2439537346363,,,,,,,,,,,,
965.0,0.0,56.0,1.6352128946408633,0.25,0.7817041680334683,0.4482758620689655,0.0,nan,0.010000000000000002,0.0,0.0,29.0,223.0,15.443818807601929,1.6212063272177835,0.33813333683759783,2.5650910509850804,-0.5097146705127084,9.694545476425924,-35.67899427071815,209.65822597041793,341.3222201223331,,,,,,,,,,,,
966.0,0.0,171.0,9.035840618014351,1.0,0.7827138752254025,0.3728813559322034,0.0,nan,0.010000000000000002,0.0,0.0,59.0,499.0,0.7192882001399994,0.44805508064780986,0.33733283795083985,0.2211198034261838,-0.405307412147522,20.86209691967815,4.487677417695522,203.31823563575745,310.23005947470665,,,,,,,,,,,,
967.0,0.0,171.0,10.059602354243415,1.0,0.474065896398361,0.6440677966101694,0.0,nan,0.010000000000000002,0.0,0.0,59.0,524.0,0.8991638422012329,0.387811107101836,0.34549255811163504,0.08430681221488734,-0.405307412147522,-24.431563183665276,-24.208095395937562,242.2047682404518,336.0854263305664,,,,,,,,,,,,
968.0,0.0,194.0,8.592292117420596,1.0,0.8710229610401532,0.35714285714285715,0.0,nan,0.010000000000000002,0.0,0.0,56.0,475.0,1.0099339187145233,0.36245857601990084,0.32521230506416904,0.0646523525055005,-0.405307412147522,-18.53376829624176,-51.51937474869192,325.90840846300125,428.8349040746689,,,,,,,,,,,,
969.0,0.0,175.0,8.913186752852063,1.0,0.7675225668374824,0.37037037037037035,0.0,nan,0.010000000000000002,0.0,0.0,54.0,464.0,0.41005974262952805,0.3347071639131687,0.3051519916470636,0.058769744660266646,-0.405307412147522,1.7852928936481476,-37.91217958834022,131.17379128187895,306.0357850790024,,,,,,,,,,,,
970.0,0.0,171.0,8.970578353554025,1.0,0.7041390718767884,0.5,0.0,0.0,0.010000000000000002,0.0,0.0,58.0,497.0,0.23604805767536163,0.3070704132716706,0.2916001919674093,0.030613402789336774,-0.405307412147522,-19.46718363650143,-18.519297210499644,165.78295271843672,324.6933025121689,1.0,1.0,1.0,0.0,1.0,0.37897995114326477,2.24332857131958,11.911051501592738,76.0,1.0,178.0,251.39088846303548
971.0,0.0,156.0,8.618524518907082,1.0,0.8103330555558292,0.34,0.0,nan,0.010000000000000002,0.0,0.0,50.0,423.0,0.8413036316633224,0.35589885072634786,0.3149985338402472,0.08151688927803313,-0.405307412147522,-14.76220940053463,11.76039663888514,187.78627111762762,303.8043535351753,,,,,,,,,,,,
972.0,0.0,170.0,9.678401345461623,1.0,0.7104295210177357,0.5423728813559322,0.0,nan,0.010000000000000002,0.0,0.0,59.0,507.0,0.340725876390934,0.3577228859807171,0.3306308694858597,0.05392326286604643,-0.405307412147522,15.670125018805265,-10.386868035420775,297.76015543937683,407.1490732431412,,,,,,,,,,,,
973.0,0.0,151.0,8.209494005925963,1.0,0.7725191805009719,0.4,0.0,nan,0.010000000000000002,0.0,0.0,45.0,366.0,0.4524707496166229,0.3656009826337794,0.31296951706037934,0.1049242965329005,-0.405307412147522,11.429495815187693,-15.192946104798466,325.90274718403816,415.46314811706543,,,,,,,,,,,,
974.0,0.0,111.0,7.521457992605872,1.0,0.8460687795921935,0.35,0.0,nan,0.010000000000000002,0.0,0.0,40.0,323.0,0.26969674974679947,0.3312161313432149,0.3012934566825847,0.05949370775392006,-0.405307412147522,-6.098836259916425,2.6320923436433077,289.9815299510956,414.5479657649994,,,,,,,,,,,,
975.0,0.0,35.0,0.30732145309448244,0.0,0.610710566168778,0.5238095238095238,0.0,nan,0.010000000000000002,0.0,0.0,21.0,140.0,21.119901657104492,2.16502503981486,0.33302569036093554,3.656216333995004,-0.405307412147522,103.98990267685481,3.148962879180908,162.8411140714373,272.2128590447562,,,,,,,,,,,,
976.0,0.0,200.0,5.992552806288019,0.5,0.8145891283958916,0.3246753246753247,0.0,nan,0.010000000000000002,0.0,0.0,77.0,656.0,1.811029314994812,0.6005870765386003,0.33547239209795343,0.5301691444831751,-0.405307412147522,-1.0934037622064352,0.6320522511377931,28.048167480155826,62.86471093818545,,,,,,,,,,,,
977.0,0.0,109.0,6.71614191271365,1.0,0.7038866450788048,0.4864864864864865,0.0,nan,0.010000000000000002,0.0,0.0,37.0,290.0,0.3072177693247795,0.3639665648433059,0.30178861581068445,0.12413587031596673,-0.405307412147522,-1.7062603747472167,-8.140844504348934,184.51195638626814,254.88219140470028,,,,,,,,,,,,
978.0,0.0,160.0,10.032795604914444,1.0,0.7765899329629372,0.39344262295081966,0.0,nan,0.010000000000000002,0.0,0.0,61.0,531.0,0.6782078891992569,0.3844629207529806,0.3315819656111486,0.10547225277490302,-0.405307412147522,-9.52207357250154,-9.471731853089295,351.6913243532181,430.3274087905884,,,,,,,,,,,,
979.0,0.0,87.0,4.290469411909584,0.5,0.5818691749834431,0.6052631578947368,0.0,nan,0.010000000000000002,0.0,0.0,38.0,314.0,7.51098358631134,1.0261087243944473,0.3125882745228893,1.4243297889671465,-0.405307412147522,60.402323769405484,-24.700049459934235,296.58607417345047,408.15482342243195,,,,,,,,,,,,
980.0,0.0,105.0,3.8979429931193668,0.0,0.5338285333721345,0.6808510638297872,0.0,0.0,0.010000000000000002,0.0,0.0,47.0,412.0,3.7642930150032043,0.9881471251340486,0.3225953464865013,1.3230693374408844,-0.405307412147522,-58.48839776776731,-28.32178823207505,336.1175044775009,418.8212788105011,1.0,1.0,1.0,0.0,1.0,0.2946471571922302,2.159116268157959,11.769315191428177,79.0,1.0,179.0,298.9059073934707
981.0,0.0,192.0,8.362979063596587,1.0,0.7421073805800599,0.5490196078431373,0.0,nan,0.010000000000000002,0.0,0.0,51.0,453.0,0.867945984005928,0.3851448823586665,0.30218828787474195,0.16445029697965025,-0.405307412147522,11.734868630766869,-22.734529489651322,304.8686453998089,390.07660841941833,,,,,,,,,,,,
982.0,0.0,75.0,1.3313162936829064,0.0,0.723614599285297,0.43243243243243246,0.0,nan,0.010000000000000002,0.0,0.0,37.0,300.0,9.457740783691406,1.028391140550184,0.3290959564418081,1.3975350517718503,-0.405307412147522,9.440489694476128,38.94715323578566,284.3919318318367,392.2615978717804,,,,,,,,,,,,
983.0,0.0,133.0,8.78002346277238,1.0,0.8804043052162688,0.36538461538461536,0.0,nan,0.010000000000000002,0.0,0.0,52.0,447.0,0.5841121226549149,0.48554457066610013,0.3081868906030531,0.35445354394101913,-0.405307412147522,-2.042653925716877,-12.1893454734236,188.58006215840578,233.12628176808357,,,,,,,,,,,,
984.0,0.0,92.0,6.799686253257098,1.0,0.9267786929404185,0.3225806451612903,0.0,nan,0.010000000000000002,0.0,0.0,31.0,255.0,0.39276766031980515,0.34287599670938596,0.2971034561265625,0.09121856316106365,-0.405307412147522,-10.453217220306396,0.7892649797832265,247.5255572449927,335.18519765816484,,,,,,,,,,,,
985.0,0.0,150.0,9.016595726609243,1.0,0.7727284992014125,0.4489795918367347,0.0,nan,0.010000000000000002,0.0,0.0,49.0,429.0,1.1187697649002075,0.4475527842599636,0.3485558745410321,0.19770852419328588,-0.405307412147522,-14.004940681159496,-1.0705850834492594,360.5982370376587,431.97927153110504,,,,,,,,,,,,
986.0,0.0,84.0,3.6241669411957327,0.25,0.6800980117802199,0.5128205128205128,0.0,nan,0.010000000000000002,0.0,0.0,39.0,318.0,8.367512941360474,1.1129130745214582,0.3155690523131933,1.5910867409863219,-0.405307412147522,-48.1425345428288,-27.957756060175598,388.5970027446747,411.90678191185,,,,,,,,,,,,
987.0,0.0,176.0,8.730980566721424,1.0,0.8169802205004998,0.46551724137931033,0.0,nan,0.010000000000000002,0.0,0.0,58.0,483.0,0.5812348276376724,0.3811948267704972,0.31813381020704856,0.12201364283137228,-0.405307412147522,40.62741600163281,-54.62529735080898,373.8516433238983,413.42705488204956,,,,,,,,,,,,
988.0,0.0,47.0,0.9930751013755796,0.0,0.747556925543335,0.4166666666666667,0.0,nan,0.010000000000000002,0.0,0.0,24.0,188.0,17.979629516601562,1.6229347028624845,0.33306543259111115,2.5691267392359776,-0.405307412147522,-61.2140774701504,60.189520873921985,377.86469918109003,420.69244758118975,,,,,,,,,,,,
989.0,0.0,188.0,9.309119213558748,1.0,0.7106921693233841,0.41379310344827586,0.0,nan,0.010000000000000002,0.0,0.0,58.0,480.0,0.7880873382091522,0.5377365312098163,0.32416407348297566,0.42686105100107263,-0.405307412147522,-22.563072150573134,8.943645859137177,314.0108759999275,391.26606726646423,,,,,,,,,,,,
990.0,0.0,128.0,7.979234502688058,1.0,0.7151248964806972,0.5111111111111111,0.0,0.0,0.010000000000000002,0.0,0.0,45.0,366.0,0.5682053118944168,0.38232110512051065,0.30819249378146163,0.147969175606935,-0.405307412147522,6.662758383899927,-9.776459228713065,318.00970390439034,384.34904956817627,1.0,1.0,1.0,0.0,1.0,0.37320592999458313,2.272824764251709,11.774254242889583,75.0,1.0,178.0,297.663909434602
991.0,0.0,100.0,6.917308948114519,1.0,0.45629636083978076,0.78125,0.0,nan,0.010000000000000002,0.0,0.0,32.0,273.0,0.6061387807130814,0.3725700940627412,0.3107420989022841,0.12335960797790047,-0.405307412147522,-2.0725075379014015,-3.0067329332232475,366.13981795310974,422.0622618198395,,,,,,,,,,,,
992.0,0.0,175.0,8.711851919665945,1.0,0.6300203273877658,0.5957446808510638,0.0,nan,0.010000000000000002,0.0,0.0,47.0,406.0,0.9121819734573364,0.3845327146385107,0.2991320003538603,0.17052643560817993,-0.405307412147522,24.897551223635674,-37.39297133870423,376.207844376564,411.36073076725006,,,,,,,,,,,,
993.0,0.0,157.0,8.39899514991791,1.0,0.7573657953878663,0.36,0.0,nan,0.010000000000000002,0.0,0.0,50.0,416.0,0.44629617780447006,0.3744921428727981,0.33137567792694655,0.08583160169938964,-0.405307412147522,-17.671601705253124,37.58111136779189,358.151169359684,403.61637818813324,,,,,,,,,,,,
994.0,0.0,124.0,8.237982366718361,1.0,0.7527588581868744,0.38636363636363635,0.0,nan,0.010000000000000002,0.0,0.0,44.0,383.0,0.3340087980031967,0.3384978323737755,0.30208136855907897,0.07250498201434152,-0.405307412147522,20.883424738422036,7.9702076790854335,346.43777787685394,425.3343309164047,,,,,,,,,,,,
995.0,0.0,74.0,2.765853836238386,0.25,0.5699961161073377,0.5151515151515151,0.0,nan,0.010000000000000002,0.0,0.0,33.0,266.0,11.608811140060425,1.7792619431111665,0.30706397001650004,2.938619365341908,-0.405307412147522,48.964911008253694,12.280884679406881,318.6812739521265,417.2271280884743,,,,,,,,,,,,
996.0,0.0,142.0,7.857663086652763,1.0,0.5898633568729872,0.627906976744186,0.0,nan,0.010000000000000002,0.0,0.0,43.0,366.0,0.30533909797668457,0.38911306714948424,0.296742253714001,0.1828472334101139,-0.405307412147522,44.74309418722987,15.249707808718085,363.17823988199234,428.41452157497406,,,,,,,,,,,,
997.0,0.0,194.0,10.062431459426897,1.0,0.7866038255119341,0.3870967741935484,0.0,nan,0.010000000000000002,0.0,0.0,62.0,523.0,1.0292900204658508,0.3635796746171134,0.30935457742910716,0.10813618783210362,-0.405307412147522,-8.524220164865255,13.34098060708493,366.1157571077347,432.1756739616394,,,,,,,,,,,,
998.0,0.0,136.0,5.913253161907208,0.25,0.6234821918581867,0.5918367346938775,0.0,nan,0.010000000000000002,0.0,0.0,49.0,411.0,2.886203706264496,0.7195087648799756,0.30645352058780073,0.8258504152725986,-0.405307412147522,-6.482157276943326,-23.129597207531333,372.30982595682144,424.74635446071625,,,,,,,,,,,,
999.0,0.0,193.0,9.67902135469021,1.0,0.8670696818474373,0.44642857142857145,0.0,nan,0.010000000000000002,0.0,0.0,56.0,493.0,1.6942852139472961,0.36838340944057424,0.3098618944250573,0.11679399356877918,-0.405307412147522,-14.008429696783423,-20.41030683851568,272.835027217865,356.6323511004448,,,,,,,,,,,,
1000.0,0.0,33.0,-0.33113672763109214,0.0,0.7663561298613543,0.47619047619047616,0.0,0.0,0.010000000000000002,0.0,0.0,21.0,132.0,9.283113956451416,1.1624478324840697,0.31702696896062255,1.6844090214103606,-0.405307412147522,65.75488067395759,-25.11061437924703,331.26558165116745,394.91444304495144,1.0,1.0,1.0,0.0,1.0,0.2740747630596161,2.3068556785583496,11.7717657701578,78.0,1.0,181.0,306.3866040916744
