iteration,curriculum_single_agent_stage,steps_collected,episode_return_mean,safe_reach_ratio,skill_entropy_norm,top1_skill_ratio,high_div_bonus_mean,conv_eval_success_delta_w5,high_entropy_coef,low_entropy_coef,low_reference_pretrain_stage,high_samples,low_samples,loss_high_total,loss_low_mean,loss_low_actor,loss_low_value,low_entropy,low_f_mean_x,low_f_mean_y,low_h_eig_min,low_h_eig_max,eval_n_episodes,eval_success_rate,eval_reach_rate,eval_collision_rate,eval_safe_reach_ratio,eval_min_h_agent,eval_min_h_obstacle,eval_avg_traj_length,eval_avg_skill_switches,eval_qp_feasible_rate,eval_avg_steps,eval_avg_episode_return
1.0,0.0,116.0,0.8909654581546802,0.0,0.9780751069496628,0.26666666666666666,0.0,nan,0.05,0.0005,1.0,60.0,464.0,1.2314869165420532,1.0309520539569803,0.8905423795662841,0.2807025569629893,0.0,-3.418227405520156,2.4754637114237994,0.4872144539258443,7.605597531655803,1.0,0.0,0.0,0.25,0.0,7.770182132720947,0.40634584426879883,6.460847538546659,38.0,1.0,74.0,0.45045607745647603
2.0,0.0,188.0,0.10457597196104595,0.0,0.9723945410993835,0.3218390804597701,0.0,nan,0.049942775393419174,0.000494949494949495,1.0,87.0,752.0,3.469734162092209,0.7576850186451338,0.440510045928022,0.6343443084266625,0.0,-3.886055233888328,0.8105754945427179,1.121021308703348,15.356851628050208,,,,,,,,,,,,
3.0,0.0,90.0,1.1722232758998883,0.0,0.9637118147514899,0.27906976744186046,0.0,nan,0.049885550786838345,0.0004898989898989899,1.0,43.0,360.0,1.1160769164562225,0.12294765998180424,0.023528117263519777,0.1988166428608337,0.0,15.743552610598272,19.627882856875658,13.815958353457972,38.828502368181944,,,,,,,,,,,,
4.0,0.0,183.0,6.975673895180236,0.5,0.9463176973929036,0.35185185185185186,0.0,nan,0.049828326180257516,0.00048484848484848484,1.0,54.0,461.0,10.068138360977173,0.7173870580101038,0.04064321836188256,1.3533664461101012,0.0,4.40083189914003,2.500594064593315,25.05852058995515,55.49276592023671,,,,,,,,,,,,
5.0,0.0,45.0,5.544750434532761,1.0,0.9490906887259166,0.3181818181818182,0.0,nan,0.04977110157367668,0.0004797979797979798,1.0,22.0,155.0,6.0215736627578735,0.6593922424821123,0.013004859024201117,1.2927112739227478,0.0,-0.7290435225732865,-1.886228697915231,15.758007109549737,35.54762039492207,,,,,,,,,,,,
6.0,0.0,161.0,8.791295033916843,1.0,0.974325961634659,0.2857142857142857,0.0,nan,0.04971387696709585,0.00047474747474747476,1.0,56.0,491.0,12.9026517868042,0.8221865728854709,0.008254759178697668,1.627741889189366,0.0,-1.530179436900653,2.1759080631891266,42.33206393569708,72.01215630024672,,,,,,,,,,,,
7.0,0.0,187.0,9.234105926528592,1.0,0.9833207402419142,0.2698412698412698,0.0,nan,0.04965665236051502,0.0004696969696969697,1.0,63.0,574.0,11.687610149383545,0.6459466467999846,0.025765101158697234,1.2400469656256452,0.0,-2.550575273577124,3.0090383664064575,35.52223374322057,72.2263966575265,,,,,,,,,,,,
8.0,0.0,161.0,8.81423975404353,1.0,0.9734449121152886,0.3,0.0,nan,0.049599427753934194,0.0004646464646464647,1.0,50.0,447.0,14.522236585617065,0.9419790153519898,0.004116645491154758,1.8754907694434166,0.0,4.045691681560129,1.4379954709438607,49.651085540652275,111.1170613616705,,,,,,,,,,,,
9.0,0.0,200.0,10.170728725194953,0.75,0.9622741374777632,0.2571428571428571,0.0,nan,0.049542203147353366,0.0004595959595959596,1.0,70.0,645.0,15.806594610214233,0.5117062499487588,0.0027364106595895166,1.0178006969917597,0.0,2.376207283552503,0.26564729504752904,38.275250501930714,81.94458554685116,,,,,,,,,,,,
10.0,0.0,135.0,7.98224250398577,1.0,0.9940048822319185,0.24444444444444444,0.0,nan,0.04948497854077254,0.00045454545454545455,1.0,45.0,386.0,13.947179794311523,1.0884513261091797,0.0023876924661769827,2.1719085776647233,0.0,-0.3947095469920896,-6.097656884696335,60.534662045538425,115.13341645896435,1.0,1.0,1.0,0.0,1.0,0.3514818847179413,2.282860279083252,11.737474240828305,79.0,1.0,180.0,280.1662804249677
11.0,0.0,180.0,8.517085233926785,1.0,0.9649590608932871,0.3148148148148148,0.0,nan,0.04942775393419171,0.0004494949494949495,1.0,54.0,471.0,11.054707527160645,0.6347266645248055,0.012694673474644702,1.2438348837289634,0.0,-6.150130861904472,6.220608933828771,72.83795119822025,111.80300822854042,,,,,,,,,,,,
12.0,0.0,125.0,9.004435074776422,1.0,0.9429842267229361,0.35294117647058826,0.0,nan,0.04937052932761087,0.00044444444444444447,1.0,51.0,437.0,12.125156879425049,0.620117985864681,0.001525466981608048,1.2369815646803204,0.0,0.9945469959056936,-2.8247258262708783,83.64510679244995,123.21359308063984,,,,,,,,,,,,
13.0,0.0,132.0,8.272505584023902,1.0,0.9745514273544541,0.2826086956521739,0.0,nan,0.049313304721030043,0.0004393939393939394,1.0,46.0,386.0,11.142473220825195,0.7225601050388377,0.006576134658686783,1.43177038548464,0.0,-0.5088669041870162,-0.02659384172875434,80.91064547002316,122.87336155772209,,,,,,,,,,,,
14.0,0.0,89.0,7.503461562022572,1.0,0.9082097688204422,0.38461538461538464,0.0,nan,0.049256080114449215,0.00043434343434343433,1.0,39.0,318.0,10.354777574539185,0.6245220036219052,0.0016690854564735957,1.2454759942945657,0.0,-0.7691522368695587,1.7615659309085459,85.46622706949711,126.73222643136978,,,,,,,,,,,,
15.0,0.0,153.0,8.21878290064634,1.0,0.9924814331764825,0.2608695652173913,0.0,nan,0.049198855507868386,0.0004292929292929293,1.0,46.0,395.0,11.574666976928711,0.7163546830149699,0.010666991810236226,1.4111224601507617,0.0,-5.074487380683422,-1.3976680403575301,108.28324647247791,138.3977498859167,,,,,,,,,,,,
16.0,0.0,98.0,7.100444937199358,1.0,0.9018988025952691,0.30303030303030304,0.0,nan,0.04914163090128756,0.00042424242424242425,1.0,33.0,282.0,8.248733758926392,0.562501767590561,0.0015367158292960426,1.1217359139066048,0.0,0.835404094774276,1.306428543641232,101.87110252678394,121.01556028425694,,,,,,,,,,,,
17.0,0.0,107.0,7.2039524661749645,1.0,0.9725819354065719,0.3235294117647059,0.0,nan,0.04908440629470673,0.0004191919191919192,1.0,34.0,291.0,8.83145260810852,0.6527682933078722,0.004118313958314079,1.2970704818065144,0.0,0.12254154519177973,4.42801053635776,97.5071317255497,122.93730242550373,,,,,,,,,,,,
18.0,0.0,129.0,7.691154742911465,1.0,0.9386243092905108,0.3157894736842105,0.0,nan,0.0490271816881259,0.0004141414141414141,1.0,38.0,328.0,11.75200366973877,0.6695674652095533,0.0012991125146832871,1.3363219091148792,0.0,1.5386458735447377,1.9274931534891948,126.16083654761314,167.91701245307922,,,,,,,,,,,,
19.0,0.0,171.0,9.367188287526382,1.0,0.9883957928663968,0.2549019607843137,0.0,nan,0.048969957081545064,0.0004090909090909091,1.0,51.0,465.0,13.906792163848877,0.7323990893871724,0.0014406912500979363,1.4616737539723132,0.0,1.5000614286400378,-0.5197506657568738,136.0437422245741,173.96780240535736,,,,,,,,,,,,
20.0,0.0,176.0,9.039015340171769,1.0,0.9645163511011664,0.3333333333333333,0.0,nan,0.048912732474964235,0.00040404040404040404,1.0,60.0,533.0,10.451720952987671,0.5189942040178721,0.027677342387889325,0.9816714953841199,0.0,-13.970840680529363,-12.147449606098235,79.16245660930872,148.98981623351574,1.0,1.0,1.0,0.0,1.0,0.20771723985671997,1.9387496709823608,11.714598697726615,78.0,1.0,186.0,316.3558527588475
21.0,0.0,112.0,8.080219525471339,1.0,0.9285862702813781,0.3488372093023256,0.0,nan,0.048855507868383406,0.000398989898989899,1.0,43.0,365.0,10.704258680343628,0.589433449907574,0.00301980855155648,1.1726207660509713,0.0,3.673659755382687,0.8869804535061121,103.82404055446386,197.53378361463547,,,,,,,,,,,,
22.0,0.0,105.0,7.6750902007147745,1.0,0.9802471773284385,0.2619047619047619,0.0,nan,0.04879828326180258,0.00039393939393939396,1.0,42.0,367.0,7.8065505027771,0.37341480109489567,0.006110458507102123,0.7342824006454975,0.0,9.60029229731299,0.92017547856085,96.60935546457767,161.0622601211071,,,,,,,,,,,,
23.0,0.0,166.0,9.261835512295383,1.0,0.9303439992552477,0.2833333333333333,0.0,nan,0.04874105865522175,0.0003888888888888889,1.0,60.0,524.0,14.976042032241821,0.7102213437497085,0.02179480521748514,1.3749078045582621,0.0,-23.617702728603035,-3.2222053525038064,146.23933500051498,213.3670319020748,,,,,,,,,,,,
24.0,0.0,160.0,8.828556052818906,1.0,0.9807765477290219,0.25,0.0,nan,0.04868383404864092,0.0003838383838383839,1.0,48.0,426.0,10.679320573806763,0.5320731038310669,0.0013412939702170945,1.0612190963209969,0.0,-14.415180215495639,-8.40909982949961,142.758013099432,248.2437395453453,,,,,,,,,,,,
25.0,0.0,124.0,7.7058943936228825,1.0,0.8978144214564174,0.41025641025641024,0.0,nan,0.04862660944206009,0.0003787878787878788,1.0,39.0,329.0,11.691481590270996,0.7913776721720751,0.0015221234180344823,1.5794647772503367,0.0,3.5157627053558826,1.8238835220690817,170.7593142464757,258.3912205398083,,,,,,,,,,,,
26.0,0.0,149.0,8.814658389985572,1.0,0.9433523491366621,0.3076923076923077,0.0,nan,0.048569384835479255,0.00037373737373737375,1.0,52.0,440.0,15.165566205978394,0.7511651595538069,0.005042799914267704,1.4920279488177641,0.0,-1.5122768365545198,-12.37245284114033,199.70506347715855,290.31764099001884,,,,,,,,,,,,
27.0,0.0,200.0,8.655918922871367,0.75,0.9715090474462458,0.2857142857142857,0.0,nan,0.04851216022889843,0.00036868686868686865,1.0,56.0,506.0,12.58055853843689,0.4892920531801792,0.0011003106139533259,0.9761543972986644,0.0,7.327163970563561,4.155077850911766,159.97761952877045,251.59967403113842,,,,,,,,,,,,
28.0,0.0,184.0,11.325824598409259,1.0,0.9580670982469336,0.28169014084507044,0.0,nan,0.0484549356223176,0.0003636363636363636,1.0,71.0,640.0,18.6882985830307,0.7974330130369935,0.0010130002480974731,1.592604632145651,0.0,11.00596626335755,-3.7159974813694134,201.47030597925186,309.010402739048,,,,,,,,,,,,
29.0,0.0,192.0,9.739405447021145,1.0,0.9674193333468732,0.3275862068965517,0.0,nan,0.04839771101573677,0.0003585858585858586,1.0,58.0,519.0,15.458093643188477,0.7123850415130164,0.03101881566016118,1.3624893222309353,0.0,15.121499131200835,-26.172589821508154,196.45149706304073,308.3170771598816,,,,,,,,,,,,
30.0,0.0,115.0,7.372071790471678,1.0,0.958303674301147,0.2777777777777778,0.0,nan,0.04834048640915594,0.00035353535353535354,1.0,36.0,309.0,9.7306387424469,0.5569047090006052,0.002213009197518545,1.1091739332800472,0.0,-12.958933719433844,3.0654535898938775,195.80923178792,289.378429710865,1.0,1.0,1.0,0.0,1.0,0.31860169768333435,2.082172393798828,11.72005457477644,73.0,1.0,179.0,290.1778103560585
31.0,0.0,140.0,5.560455666147181,0.25,0.9527439148204425,0.30434782608695654,0.0,nan,0.04828326180257511,0.0003484848484848485,1.0,46.0,396.0,5.825969934463501,0.27204590189376177,0.005255960783793867,0.533373763829303,0.0,-18.249286193866283,9.013049645349383,153.33379965648055,229.02557663619518,,,,,,,,,,,,
32.0,0.0,151.0,10.240675018169004,1.0,0.9720187155204608,0.29508196721311475,0.0,nan,0.04822603719599428,0.00034343434343434346,1.0,61.0,550.0,15.280826807022095,0.6019701424869481,0.0023553080926479453,1.198975309817115,0.0,-16.843863111454993,0.41474343463778496,211.90498514473438,293.8676046729088,,,,,,,,,,,,
33.0,0.0,73.0,1.7019878071546604,0.0,0.9497424950117895,0.3333333333333333,0.0,nan,0.048168812589413454,0.0003383838383838384,1.0,36.0,292.0,2.3265613317489624,0.268005505921451,0.031982396186624795,0.47188351363491154,0.0,2.0319722740678117,4.8938876716420054e-05,151.59873800352216,219.5319705605507,,,,,,,,,,,,
34.0,0.0,121.0,6.776847611293201,1.0,0.9253422007690297,0.32558139534883723,0.0,nan,0.04811158798283262,0.0003333333333333334,1.0,43.0,373.0,5.228808045387268,0.389182623648594,0.0013476707803548038,0.7755210917223884,0.0,33.052455021068454,-3.32242194050923,159.1682739853859,233.78433065116405,,,,,,,,,,,,
35.0,0.0,108.0,7.76661608893425,1.0,0.994377004366035,0.25,0.0,nan,0.04805436337625179,0.0003282828282828283,1.0,40.0,331.0,10.179486989974976,0.6058214406637035,0.0004852380194328987,1.2103622832904546,0.0,-7.477389289299026,10.809527504723519,259.456814751029,335.0362486243248,,,,,,,,,,,,
36.0,0.0,95.0,5.010987917035821,0.75,0.9551046386776407,0.3333333333333333,0.0,nan,0.04799713876967096,0.00032323232323232324,1.0,36.0,282.0,4.756035327911377,0.6135203367439317,0.04516388983264935,1.1364324152020018,0.0,-35.13774822745472,12.74122296879068,147.0273876823485,235.2724210768938,,,,,,,,,,,,
37.0,0.0,89.0,3.3861644130945265,0.25,0.9642437775634376,0.23684210526315788,0.0,nan,0.04793991416309013,0.00031818181818181815,1.0,38.0,312.0,2.9350032210350037,0.27621723778133855,0.021074288726229184,0.5100444021060107,0.0,0.014068431104533374,4.679067377350293,124.27864339761436,243.4355908408761,,,,,,,,,,,,
38.0,0.0,124.0,7.76473257154227,1.0,0.8022735448999057,0.38095238095238093,0.0,nan,0.0478826895565093,0.0003131313131313131,1.0,42.0,346.0,8.68325662612915,0.6248301090174664,0.00223335631490329,1.2449834181359165,0.0,-23.43589325621724,1.28652876149863,148.42535258084536,334.61925081908703,,,,,,,,,,,,
39.0,0.0,133.0,7.432632381804294,1.0,0.9577808960323184,0.30952380952380953,0.0,nan,0.047825464949928474,0.00030808080808080807,1.0,42.0,354.0,7.5624436140060425,0.6899700959177153,0.18066269944862512,1.0182463139171105,0.0,4.993683401495218,-38.670204039430246,203.95325365662575,329.42440673708916,,,,,,,,,,,,
40.0,0.0,174.0,9.98302725656891,1.0,0.9963528662389838,0.21052631578947367,0.0,nan,0.047768240343347645,0.00030303030303030303,1.0,57.0,529.0,15.348883152008057,0.6778961790400899,0.001347423832186223,1.3527913431526515,0.0,-9.142360064201057,15.273205905221403,230.7781708240509,361.637832403183,1.0,1.0,1.0,0.0,1.0,0.4332974851131439,2.0399274826049805,11.745595778469578,74.0,1.0,177.0,271.42414342008556
41.0,0.0,118.0,7.861038114428529,1.0,0.9575339503326479,0.3333333333333333,0.0,nan,0.04771101573676681,0.000297979797979798,1.0,45.0,383.0,8.606006860733032,0.5169706168665016,0.02036387760782077,0.9930604751967707,0.0,-12.585763133130968,2.5164190251380205,220.776646271348,338.0312579423189,,,,,,,,,,,,
42.0,0.0,151.0,8.309807901093745,1.0,0.9786763241794846,0.3023255813953488,0.0,nan,0.04765379113018598,0.00029292929292929295,1.0,43.0,374.0,10.293151140213013,0.6489946260248871,0.0017753134370650514,1.2941175948475205,0.0,-1.973949033766985,8.349237560294569,224.04559364169836,332.0342295318842,,,,,,,,,,,,
43.0,0.0,151.0,8.192721660807738,1.0,0.9581527218908505,0.28846153846153844,0.0,nan,0.04759656652360515,0.0002878787878787879,1.0,52.0,440.0,7.191362619400024,0.42428045196436415,0.14733791164395882,0.5536389405723324,0.0,-18.051407350809313,16.03211253322661,174.00603630021214,268.6124492883682,,,,,,,,,,,,
44.0,0.0,17.0,-0.24495561242103586,0.0,0.7323394708350839,0.6153846153846154,0.0,nan,0.04753934191702432,0.0002828282828282828,1.0,13.0,68.0,0.4618462100625038,0.7498232467606774,0.11825382734360466,1.2571029475319135,0.0,-28.452564674265243,5.628699977608288,78.39926434965695,134.30322299284094,,,,,,,,,,,,
45.0,0.0,200.0,7.143138964846743,0.75,0.9821776349680644,0.2830188679245283,0.0,nan,0.047482117310443495,0.00027777777777777783,1.0,53.0,455.0,6.581524610519409,0.292912057611602,0.051539280978801116,0.48265504133536385,0.0,13.987674843287095,3.967023602104746,89.18911613151431,154.27493568137288,,,,,,,,,,,,
46.0,0.0,154.0,7.858976307064303,1.0,0.9489330701149691,0.3620689655172414,0.0,nan,0.047424892703862666,0.00027272727272727274,1.0,58.0,488.0,6.1180020570755005,0.4814793142863891,0.17928566264240153,0.6012893125369956,0.0,14.342415435239673,-1.1518073906190693,57.17031265050173,169.1070085838437,,,,,,,,,,,,
47.0,0.0,188.0,9.188136614821866,1.0,0.9701192186794139,0.288135593220339,0.0,nan,0.04736766809728184,0.0002676767676767677,1.0,59.0,509.0,9.875833988189697,0.4956518521980797,0.08121833248265986,0.8251346119983225,0.0,-2.4763111267238855,-27.581520488718525,157.98003909364343,277.7797006070614,,,,,,,,,,,,
48.0,0.0,116.0,8.901137908399118,1.0,0.9565498709787719,0.32075471698113206,0.0,nan,0.047310443490701,0.0002626262626262626,1.0,53.0,451.0,8.134301543235779,0.23938765576349397,0.015884598774277947,0.44676393856367114,0.0,-1.3056648066267371,5.561790244653821,179.31154564395547,271.7065195441246,,,,,,,,,,,,
49.0,0.0,139.0,8.233991681151103,1.0,0.9792679124528104,0.28,0.0,nan,0.04725321888412017,0.00025757575757575756,1.0,50.0,433.0,7.170958876609802,0.27563731607301634,0.00504522664594198,0.5405014648787336,0.0,-5.993173411116004,7.483414238784462,157.94180734828115,227.80362576246262,,,,,,,,,,,,
50.0,0.0,199.0,9.11244087347762,1.0,0.9579269598954708,0.32727272727272727,0.0,nan,0.047195994277539344,0.0002525252525252525,1.0,55.0,457.0,11.683115005493164,0.7689627217769157,0.0019050124531361234,1.5337933898099232,0.0,4.911803589202464,9.447585198562592,172.94678355008364,273.6827212572098,1.0,1.0,1.0,0.0,1.0,0.253271222114563,2.2724356651306152,11.76616633485537,75.0,1.0,178.0,287.6662445713583
51.0,0.0,165.0,9.31472211040558,1.0,0.9621285920968836,0.2833333333333333,0.0,nan,0.047138769670958515,0.0002474747474747475,1.0,60.0,527.0,9.910281896591187,0.317315449199441,0.009348410757890948,0.6145651715915026,0.0,-1.2261482481844723,8.774466207716614,127.03924329578876,212.8643986582756,,,,,,,,,,,,
52.0,0.0,157.0,9.292632847651854,1.0,0.9970301522251227,0.23076923076923078,0.0,nan,0.047081545064377686,0.00024242424242424245,1.0,52.0,465.0,12.877410411834717,0.6702818473283969,0.0009902187614443392,1.3383434002253694,0.0,5.045422425493598,-11.832221093587577,177.9291065186262,271.2050690948963,,,,,,,,,,,,
53.0,0.0,142.0,8.84820985313506,1.0,0.9663243728555028,0.3076923076923077,0.0,nan,0.04702432045779686,0.00023737373737373735,1.0,52.0,461.0,7.733636021614075,0.2728712668873641,0.001271512029546784,0.5429581981806111,0.0,2.4917391696944833,-4.485893344623037,115.35622871667147,189.1774813979864,,,,,,,,,,,,
54.0,0.0,39.0,-0.10238541603088391,0.0,0.8974287447143104,0.36363636363636365,0.0,nan,0.04696709585121603,0.0002323232323232323,1.0,22.0,156.0,1.484943151473999,0.44728380925572797,0.10201016962606119,0.6867122439049295,0.0,8.093821606574915,22.807283751475506,112.82863707420154,184.8319241694915,,,,,,,,,,,,
55.0,0.0,133.0,7.593477397561082,1.0,0.9461967428855366,0.3617021276595745,0.0,nan,0.04690987124463519,0.00022727272727272727,1.0,47.0,394.0,4.554572820663452,0.2655804256291958,0.007735376273281247,0.5155186804555385,0.0,-4.648983828548808,-25.60378099163063,84.29106309823692,135.33666966855526,,,,,,,,,,,,
56.0,0.0,181.0,8.892312956452383,1.0,0.969689248737426,0.2711864406779661,0.0,nan,0.046852646638054364,0.00022222222222222223,1.0,59.0,526.0,8.20542597770691,0.39013350990649087,0.0558268173411669,0.6680354689923309,0.0,-22.315209106775,-15.526653432520106,140.42551793158054,221.55560733377934,,,,,,,,,,,,
57.0,0.0,137.0,7.48148590520025,1.0,0.9392155272193561,0.34210526315789475,0.0,nan,0.046795422031473535,0.0002171717171717172,1.0,38.0,307.0,7.368184685707092,0.6634362343108933,0.002057490800251985,1.3225454528879297,0.0,3.7533815952483565,-6.419851697282866,171.32085147500038,217.54554818570614,,,,,,,,,,,,
58.0,0.0,200.0,7.753778412081312,0.75,0.9576991239709998,0.3387096774193548,0.0,nan,0.046738197424892707,0.0002121212121212121,1.0,62.0,532.0,6.997205495834351,0.2319967622432273,0.01982194824514783,0.4235903511000018,0.0,-45.70031896478031,1.635709979571402,103.26515161246061,196.2756580710411,,,,,,,,,,,,
59.0,0.0,134.0,8.056707368604847,1.0,0.9073614577531578,0.3333333333333333,0.0,nan,0.04668097281831188,0.00020707070707070706,1.0,45.0,360.0,6.106763005256653,0.3168173527330964,0.0047824626658168334,0.6238422111171076,0.0,8.244460567017086,0.2934765799436718,157.9952223226428,229.63401809334755,,,,,,,,,,,,
60.0,0.0,180.0,9.031315476521863,1.0,0.9690292208040835,0.2777777777777778,0.0,nan,0.04662374821173105,0.00020202020202020207,1.0,54.0,477.0,9.6128511428833,0.5035988941835967,0.008563054394753244,0.9898860048658786,0.0,8.31896083150059,1.152864045696333,172.25056717544794,243.59654107689857,1.0,1.0,1.0,0.0,1.0,0.2618192136287689,2.1996889114379883,11.765535085927695,77.0,1.0,180.0,297.6471256081018
61.0,0.0,95.0,7.3563370309397635,1.0,0.8696252809703323,0.43243243243243246,0.0,nan,0.04656652360515022,0.00019696969696969698,1.0,37.0,299.0,4.517634987831116,0.28470501667214876,0.002006530482013602,0.5651399156075692,0.0,1.8038053170312196,-3.7019158131442964,132.80873119086027,205.27673840522766,,,,,,,,,,,,
62.0,0.0,180.0,10.909490112140794,1.0,0.9717624371398789,0.2923076923076923,0.0,nan,0.046509298998569384,0.00019191919191919194,1.0,65.0,593.0,12.98600721359253,0.29310890951705915,0.0014785034966946498,0.5830293695046491,0.0,-7.2836777966003865,0.10979666374623775,155.18858820199966,223.28033301234245,,,,,,,,,,,,
63.0,0.0,113.0,7.759386668056256,1.0,0.974452323171443,0.30952380952380953,0.0,nan,0.046452074391988556,0.00018686868686868685,1.0,42.0,332.0,5.783356785774231,0.3475777241802689,0.0010225965836525575,0.6928779040521249,0.0,3.964031853247434,0.18355191207956523,167.97492198646069,241.6038554906845,,,,,,,,,,,,
64.0,0.0,66.0,1.5081503653526316,0.0,0.9578030426322589,0.2727272727272727,0.0,nan,0.04639484978540773,0.0001818181818181818,1.0,33.0,264.0,1.6242912709712982,0.2413062074687673,0.012504218161580887,0.45729525373884194,0.0,23.142623719759285,34.17128811287694,178.8709392696619,286.3955087065697,,,,,,,,,,,,
65.0,0.0,153.0,8.486145554929983,1.0,0.986995150040731,0.27450980392156865,0.0,nan,0.0463376251788269,0.00017676767676767677,1.0,51.0,452.0,5.001061916351318,0.30332392349657766,0.036629544289219496,0.5331291782426892,0.0,5.547387186437845,23.843948528752662,94.21449549496174,168.6961865723133,,,,,,,,,,,,
66.0,0.0,170.0,8.492468612864624,1.0,0.9316205766799092,0.3829787234042553,0.0,nan,0.04628040057224607,0.00017171717171717173,1.0,47.0,406.0,5.7757439613342285,0.3372583665104685,0.001096874101514711,0.6720581207459206,0.0,0.5796290910802782,2.849830858176574,112.50687277317047,176.2485612332821,,,,,,,,,,,,
67.0,0.0,195.0,10.44482195049526,1.0,0.9733787685910517,0.28125,0.0,nan,0.04622317596566524,0.0001666666666666667,1.0,64.0,567.0,12.595011711120605,0.5696660463822809,0.0014827618810840859,1.1361188497934946,0.0,6.5784568432718515,-1.7901570639805868,156.3971631154418,227.7360895574093,,,,,,,,,,,,
68.0,0.0,146.0,9.087881039427609,1.0,0.9573677397297503,0.2807017543859649,0.0,nan,0.04616595135908441,0.0001616161616161616,1.0,57.0,503.0,8.636129140853882,0.19968152234207537,0.0038170561395793057,0.39075224449103985,0.0,-4.440582094015554,-11.166506795561872,116.97201635688543,178.28096961975098,,,,,,,,,,,,
69.0,0.0,169.0,8.564782059062283,1.0,0.952335350789434,0.2916666666666667,0.0,nan,0.046108726752503576,0.00015656565656565655,1.0,48.0,404.0,11.380823373794556,0.7686299304750719,0.0004723976821283671,1.5360662221931296,0.0,-8.447921843035147,-1.5500098938355222,188.5021989196539,257.95100486278534,,,,,,,,,,,,
70.0,0.0,181.0,10.043040361292679,1.0,0.9808725410183959,0.27419354838709675,0.0,nan,0.04605150214592275,0.00015151515151515152,1.0,62.0,566.0,11.206535816192627,0.3429580970899906,0.001488532572561263,0.6825352508886606,0.0,-13.441406770958565,1.9898807262070477,127.90800235420465,175.82244147360325,1.0,1.0,1.0,0.0,1.0,0.2780624330043793,2.151691436767578,11.751871856744401,76.0,1.0,179.0,287.66546278730067
71.0,0.0,76.0,1.6856907510757495,0.0,0.9197668868201396,0.35135135135135137,0.0,nan,0.04599427753934192,0.00014646464646464648,1.0,37.0,304.0,2.5275615453720093,0.29810299610579705,0.013427178690821717,0.5686692315769826,0.0,-12.872598638758063,4.438083324814215,147.26195077598095,220.35571002960205,,,,,,,,,,,,
72.0,0.0,120.0,8.620451559983206,1.0,0.9244193023233505,0.3958333333333333,0.0,nan,0.04593705293276109,0.00014141414141414144,1.0,48.0,413.0,7.607672214508057,0.36331524603122034,0.00574423260701451,0.7148524286100226,0.0,-1.5307237994056777,0.306398400105536,113.6985113620758,165.7413524389267,,,,,,,,,,,,
73.0,0.0,89.0,6.7619931877404476,1.0,0.8823219489368657,0.4444444444444444,0.0,nan,0.04587982832618026,0.00013636363636363634,1.0,36.0,262.0,2.487930417060852,0.18609877876991732,0.01297200267914178,0.3460265553570139,0.0,-3.710365518112667,5.371846689609811,77.25880566239357,136.60419462621212,,,,,,,,,,,,
74.0,0.0,157.0,9.812943195253627,1.0,0.9747564500589196,0.26785714285714285,0.0,nan,0.04582260371959943,0.0001313131313131313,1.0,56.0,512.0,9.241012811660767,0.21407083081373912,0.002884233506979861,0.42219404420030315,0.0,-0.6107529802247882,-3.081421480514109,79.22839681431651,125.68110579252243,,,,,,,,,,,,
75.0,0.0,155.0,6.874415635690099,1.0,0.9412048696313989,0.34285714285714286,0.0,nan,0.0457653791130186,0.00012626262626262626,1.0,35.0,290.0,3.558121085166931,0.35605134644742975,0.08274677226722105,0.5462443589877832,0.0,-23.307790730614215,4.073563512589317,112.48708011209965,201.02153325080872,,,,,,,,,,,,
76.0,0.0,191.0,10.53776835836472,1.0,0.9448347640236464,0.3076923076923077,0.0,nan,0.04570815450643777,0.00012121212121212122,1.0,65.0,575.0,11.21666207909584,0.41324872238976695,0.00135034997556005,0.8235563942805992,0.0,-2.6164019773714244,2.828743747668341,103.08571004867554,171.29253420233727,,,,,,,,,,,,
77.0,0.0,165.0,8.929678946435462,1.0,0.9311087606077066,0.3333333333333333,0.0,nan,0.04565092989985694,0.00011616161616161618,1.0,48.0,422.0,7.665539503097534,0.345516400578731,0.0008209954624396332,0.6891778226474621,0.0,3.6218185258912854,-5.418937550508417,96.83209575712681,150.9775438606739,,,,,,,,,,,,
78.0,0.0,106.0,4.996355770453817,0.25,0.9569673973462113,0.2682926829268293,0.0,nan,0.04559370529327611,0.00011111111111111109,1.0,41.0,328.0,2.9613439440727234,0.21825801975330705,0.0007914139100871909,0.4347183326162982,0.0,8.144288408569992,3.356476749991998,144.96313109993935,214.98751865327358,,,,,,,,,,,,
79.0,0.0,158.0,8.393897841647277,1.0,0.9401122052758082,0.3191489361702128,0.0,nan,0.04553648068669528,0.0001060606060606061,1.0,47.0,409.0,5.3083213567733765,0.2804338042696486,0.011176680982810439,0.5383152958525521,0.0,-6.880719417938963,6.076232202816755,83.39141953550279,138.58270074427128,,,,,,,,,,,,
80.0,0.0,177.0,10.250303313955683,1.0,0.9810625277369487,0.3,0.0,nan,0.04547925608011445,0.00010101010101010101,1.0,60.0,552.0,8.07536268234253,0.21347792547487643,0.015154006584097601,0.39631675055135007,0.0,-6.358088890090585,1.1301771686412394,126.23323658108711,204.61087468266487,1.0,1.0,1.0,0.0,1.0,0.42033907771110535,1.9589507579803467,11.740580561570823,74.0,1.0,176.0,281.45186665818125
81.0,0.0,170.0,8.966644243374478,1.0,0.9327962722680526,0.38461538461538464,0.0,nan,0.045422031473533624,9.595959595959597e-05,1.0,52.0,441.0,7.805362105369568,0.30342702564994184,0.005153516428550553,0.5963415469137523,0.0,6.072257766732946,16.431217761477455,143.328745752573,209.04061490297318,,,,,,,,,,,,
82.0,0.0,194.0,8.65516056895257,1.0,0.849366326847542,0.4897959183673469,0.0,nan,0.045364806866952795,9.090909090909088e-05,1.0,49.0,428.0,6.988545060157776,0.30686448041399217,0.015348427139464604,0.5827916271992919,0.0,12.267093373287935,-18.738002293976024,124.69154382497072,185.23476698994637,,,,,,,,,,,,
83.0,0.0,23.0,-0.11925188779830939,0.0,0.7995789184589898,0.5333333333333333,0.0,nan,0.04530758226037196,8.585858585858584e-05,1.0,15.0,92.0,4.164900779724121,1.0465985667434996,0.14193336508769197,1.7983095049263054,0.0,80.91981833914052,-62.57114926628444,188.17635208627453,336.1272012461787,,,,,,,,,,,,
84.0,0.0,162.0,8.04269992008806,1.0,0.8727932817263635,0.46511627906976744,0.0,nan,0.04525035765379113,8.080808080808085e-05,1.0,43.0,357.0,5.68398642539978,0.474363148685196,0.0036736661895537814,0.941089987965985,0.0,6.119223305489868,-5.490552528761327,76.15512770600617,157.91498939692974,,,,,,,,,,,,
85.0,0.0,130.0,8.060175612196335,1.0,0.9597434995728613,0.3023255813953488,0.0,nan,0.0451931330472103,7.575757575757576e-05,1.0,43.0,365.0,3.285930037498474,0.21085676212078397,0.03187548017918118,0.3577148170951201,0.0,26.446029195096344,21.558455265127122,128.49079740047455,203.17938996851444,,,,,,,,,,,,
86.0,0.0,127.0,7.687904069498186,1.0,0.9140581747893339,0.42105263157894735,0.0,nan,0.04513590844062947,7.070707070707072e-05,1.0,38.0,328.0,3.0756478905677795,0.1470618546882747,0.0013424479151753488,0.29112816927096574,0.0,30.209786290535703,-3.3301512831822038,120.4975812509656,180.0465743392706,,,,,,,,,,,,
87.0,0.0,106.0,7.651267876103526,1.0,0.947863885599449,0.3076923076923077,0.0,nan,0.045078683834048644,6.565656565656562e-05,1.0,39.0,330.0,2.6347551345825195,0.12073800069612162,0.006197733002471395,0.2287847566496679,0.0,-20.111258737160824,3.5331441553425975,113.46442935243249,197.0599069520831,,,,,,,,,,,,
88.0,0.0,160.0,9.07009099893273,1.0,0.967357856163092,0.32,0.0,nan,0.045021459227467815,6.0606060606060584e-05,1.0,50.0,441.0,6.084489583969116,0.18664503894208906,0.0019559864073013244,0.3691202339535842,0.0,2.7203410556539893,14.29681531060487,142.95357798039913,232.6739601790905,,,,,,,,,,,,
89.0,0.0,116.0,7.327009496018295,1.0,0.8411997866367221,0.49019607843137253,0.0,nan,0.044964234620886986,5.55555555555556e-05,1.0,51.0,413.0,1.4970699846744537,0.11161015051879986,0.059310227299469886,0.10387451539189341,0.0,5.974809718434699,-23.313739478122443,116.83803901076317,247.33678881824017,,,,,,,,,,,,
90.0,0.0,200.0,9.529954594746252,0.75,0.958078282650248,0.3283582089552239,0.0,0.19999999999999996,0.04490701001430615,5.0505050505050505e-05,1.0,67.0,605.0,13.049031019210815,0.4434604446616959,0.0030258160093956654,0.880656293496759,0.0,-2.4036929853027686,-14.03774555400014,118.84958985447884,204.91919408738613,1.0,1.0,1.0,0.0,1.0,0.5428684949874878,2.202303886413574,11.753869706997648,75.0,1.0,175.0,280.20428264234243
91.0,0.0,130.0,7.75506919391454,1.0,0.961151475219243,0.3333333333333333,0.0,nan,0.04484978540772532,4.5454545454545465e-05,1.0,42.0,358.0,4.741093039512634,0.32645805943354844,0.010676613121950285,0.6312231061690383,0.0,-3.011383517179638,8.454883042315487,96.54651890695095,206.63678377866745,,,,,,,,,,,,
92.0,0.0,94.0,7.0196084989234855,1.0,0.8287058452388746,0.5142857142857142,0.0,nan,0.04479256080114449,4.040404040404037e-05,1.0,35.0,285.0,1.26019948720932,0.09537197331087555,0.004049562995285694,0.18232585209317165,0.0,-7.612744729733095,9.005879344884306,104.15955078601837,200.76615004241467,,,,,,,,,,,,
93.0,0.0,174.0,8.944711044356243,1.0,0.9774796670937386,0.3090909090909091,0.0,nan,0.044735336194563664,3.5353535353535386e-05,1.0,55.0,493.0,6.324390172958374,0.26586873137182465,0.10169020249454519,0.3281366313550099,0.0,-2.5009343177080154,-16.881965740583837,60.36639333516359,142.15073227882385,,,,,,,,,,,,
94.0,0.0,155.0,8.191299556754537,1.0,0.9513590486696507,0.36363636363636365,0.0,nan,0.044678111587982836,3.0303030303030292e-05,1.0,44.0,375.0,3.728671610355377,0.23551921162965073,0.0034613649287703885,0.46379604232519256,0.0,-4.327889423293527,18.743500272743404,125.8753807246685,264.2566972374916,,,,,,,,,,,,
95.0,0.0,113.0,7.481893988177186,1.0,0.9259373443493695,0.39473684210526316,0.0,nan,0.04462088698140201,2.5252525252525253e-05,1.0,38.0,311.0,3.073048174381256,0.192211496914922,0.004465028869240627,0.3751429623454028,0.0,-11.15542389381153,-42.12139588710852,139.8911246433854,262.1134236305952,,,,,,,,,,,,
96.0,0.0,135.0,8.735045197457085,1.0,0.9298737358337695,0.3829787234042553,0.0,nan,0.04456366237482118,2.0202020202020213e-05,1.0,47.0,416.0,3.5503039360046387,0.10736156976241773,0.0014372985041719022,0.21161026787703108,0.0,9.396210609120317,-3.7114066909998655,108.5952699482441,196.91013111174107,,,,,,,,,,,,
97.0,0.0,147.0,8.752399453893316,1.0,0.9495213252879695,0.3469387755102041,0.0,nan,0.04450643776824034,1.5151515151515119e-05,1.0,49.0,425.0,3.703950881958008,0.1440089920420462,0.01809554995670526,0.2515420086330584,0.0,-27.7683163350448,-6.623325344640762,149.85343380272388,223.3995359838009,,,,,,,,,,,,
98.0,0.0,110.0,7.678303077891476,1.0,0.9163691984172343,0.38461538461538464,0.0,nan,0.044449213161659513,1.010101010101008e-05,1.0,39.0,332.0,2.49289071559906,0.0870027334665906,0.0017836129225203834,0.1701242988218188,0.0,15.611761109204963,-8.31214036088204,143.45903884619474,210.57430662214756,,,,,,,,,,,,
99.0,0.0,131.0,8.487468243911872,1.0,0.9652768164576503,0.32608695652173914,0.0,nan,0.044391988555078685,5.05050505050504e-06,1.0,46.0,394.0,4.196244716644287,0.16769866247102527,0.0009341995530487424,0.3332589520582349,0.0,3.2640651646070182,-10.746645128703676,123.14459025859833,192.23740057647228,,,,,,,,,,,,
100.0,0.0,107.0,7.900869573503739,1.0,0.8988261285085468,0.4186046511627907,0.0,0.0,0.044334763948497856,0.0,1.0,43.0,341.0,2.465282142162323,0.1368616461151504,0.000574302816531258,0.2723098178155303,0.0,2.2736380381975323,-15.942275447421707,118.03571742773056,170.9789132475853,1.0,1.0,1.0,0.0,1.0,0.13864776492118835,2.3831558227539062,11.754305564099923,75.0,1.0,175.0,273.9548409562561
101.0,0.0,127.0,7.349378244876867,1.0,0.7940006417542548,0.46511627906976744,0.0,nan,0.04427753934191703,0.0,1.0,43.0,368.0,1.881386935710907,0.1206462081639188,0.03746612890895307,0.16582523624980508,0.0,0.4583356101065874,31.734940786031075,91.7873532101512,182.00669407844543,,,,,,,,,,,,
102.0,0.0,162.0,7.791309264451272,1.0,0.9090133422744691,0.3404255319148936,0.0,nan,0.0442203147353362,0.0,1.0,47.0,409.0,3.0526310801506042,0.37092728161724153,0.1952498286254709,0.35086148494634983,0.0,11.900173288304359,-26.44651645887643,91.82080205529928,234.28594222664833,,,,,,,,,,,,
103.0,0.0,148.0,9.519197795763626,1.0,0.9059698513328189,0.39285714285714285,0.0,nan,0.04416309012875537,0.0,1.0,56.0,471.0,5.247666597366333,0.10872087309277845,0.000978574468602389,0.21522844563768473,0.0,9.979597503552213,5.561045341193676,97.38857365399599,220.5673945248127,,,,,,,,,,,,
104.0,0.0,95.0,6.407449713572863,1.0,0.7057985114255041,0.625,0.0,nan,0.04410586552217454,0.0,1.0,32.0,256.0,0.7763730734586716,0.12684199872234103,0.04730538035619658,0.15873195665155038,0.0,9.48146265046671,-1.3005791981704533,103.80387137457728,164.45581513643265,,,,,,,,,,,,
105.0,0.0,184.0,9.703693390861169,1.0,0.946738853136253,0.3090909090909091,0.0,nan,0.044048640915593705,0.0,1.0,55.0,491.0,5.619442105293274,0.22500190068501524,0.0018730888628795128,0.4460101048539755,0.0,4.344952642917633,10.912382000125945,112.0818198621273,190.22188237309456,,,,,,,,,,,,
106.0,0.0,184.0,8.952331046983614,1.0,0.871205096455717,0.48214285714285715,0.0,nan,0.043991416309012876,0.0,1.0,56.0,476.0,5.138137936592102,0.17043591794038093,0.0298477291088024,0.28091922660648294,0.0,-2.0075403027585708,6.430738519411534,85.16996498405933,164.81147572398186,,,,,,,,,,,,
107.0,0.0,151.0,8.031199563182899,1.0,0.9275948581067861,0.3,0.0,nan,0.04393419170243205,0.0,1.0,40.0,352.0,5.043953895568848,0.2601589821197763,0.0005136512726358067,0.5189100628455492,0.0,15.795136002241634,0.3353523479308933,127.38227514922619,227.47916597127914,,,,,,,,,,,,
108.0,0.0,180.0,9.895263741053661,1.0,0.9510842530650384,0.3384615384615385,0.0,nan,0.04387696709585122,0.0,1.0,65.0,587.0,4.678439751267433,0.09148129480911393,0.04758073787697725,0.08755216217703038,0.0,-16.764710258692503,1.9609004829544574,76.6921018473804,272.9792555421591,,,,,,,,,,,,
109.0,0.0,183.0,9.834167860671894,1.0,0.962476345564176,0.32727272727272727,0.0,nan,0.04381974248927039,0.0,1.0,55.0,496.0,5.862986207008362,0.17969118649125448,0.002364207977786581,0.354433528808741,0.0,-0.9753103200346231,-3.7176245807204396,108.1541617512703,260.4114691913128,,,,,,,,,,,,
110.0,0.0,165.0,8.893045508600782,1.0,0.9238117151684623,0.375,0.0,0.0,0.04376251788268956,0.0,1.0,56.0,503.0,3.120731472969055,0.15524339014166344,0.0062510398818318436,0.2968287967481764,0.0,24.67041509412229,22.0860958675039,143.42557705938816,275.1911425590515,1.0,1.0,1.0,0.0,1.0,0.6452949047088623,1.8488556146621704,11.771064858650789,75.0,1.0,179.0,298.9075269932303
111.0,0.0,156.0,9.845760432407276,1.0,0.9591866496118165,0.3333333333333333,0.0,nan,0.043705293276108725,0.0,1.0,57.0,519.0,6.489002227783203,0.1141424170365326,0.0010032143293692286,0.22599471526742132,0.0,-11.58744642836973,-5.4651088828686625,117.40610200166702,249.37320992350578,,,,,,,,,,,,
112.0,0.0,151.0,9.276510059610022,1.0,0.9430398524639236,0.37254901960784315,0.0,nan,0.043648068669527904,0.0,1.0,51.0,454.0,5.390121102333069,0.13752706779837354,0.0005167609477478852,0.2737548708474229,0.0,-10.722611649660394,6.146850906079635,102.58114422857761,222.78209440410137,,,,,,,,,,,,
113.0,0.0,82.0,4.155442085191611,0.25,0.9263157623396564,0.34375,0.0,nan,0.04359084406294707,0.0,1.0,32.0,257.0,2.5226858854293823,0.25986761443471096,0.00028877567936103077,0.518925942740637,0.0,-2.7194222542457283,10.3333512453828,125.06081131100655,287.5672254860401,,,,,,,,,,,,
114.0,0.0,170.0,8.785279744863521,1.0,0.8904252343103973,0.4423076923076923,0.0,nan,0.04353361945636624,0.0,1.0,52.0,415.0,6.14335024356842,0.455073362441226,0.0009034527590165986,0.9080781991073734,0.0,-9.072886042238679,8.484128610696644,121.98567180335522,221.12039496004581,,,,,,,,,,,,
115.0,0.0,192.0,8.359194777682433,1.0,0.9562958887339698,0.30612244897959184,0.0,nan,0.04347639484978541,0.0,1.0,49.0,429.0,4.0120192766189575,0.2369815690028645,0.03646460515312544,0.40015372105028435,0.0,4.282639157027006,43.306394210550934,92.20720297843218,242.093169182539,,,,,,,,,,,,
116.0,0.0,134.0,7.905084599666303,1.0,0.9807476608595344,0.3023255813953488,0.0,nan,0.04341917024320458,0.0,1.0,43.0,368.0,2.820185899734497,0.15864650958951643,0.017510801351611205,0.2819703105105668,0.0,-15.866711450391449,-4.885247973623336,90.96474986150861,234.37236306071281,,,,,,,,,,,,
117.0,0.0,122.0,3.674967972040182,0.0,0.891999568697469,0.4117647058823529,0.0,nan,0.04336194563662375,0.0,1.0,51.0,451.0,4.002584457397461,0.7013877263088943,0.1664807807044415,1.0683759672435997,0.0,-73.62779498100281,50.36224107071757,160.789377912879,315.4383672773838,,,,,,,,,,,,
118.0,0.0,159.0,7.973202752955266,1.0,0.9714815678857845,0.2978723404255319,0.0,nan,0.043304721030042924,0.0,1.0,47.0,407.0,3.189117670059204,0.34734379398446436,0.05540675958112917,0.5835684230134379,0.0,9.22472772328183,21.09117825049907,111.80570732057095,179.41668492555618,,,,,,,,,,,,
119.0,0.0,98.0,7.724001775234944,1.0,0.9803912413313957,0.2564102564102564,0.0,nan,0.04324749642346209,0.0,1.0,39.0,338.0,1.2574968039989471,0.0726334282372818,0.0017033987076295054,0.14161757302160982,0.0,6.598650994012132,0.32569865277037024,109.51222839578986,157.59917657077312,,,,,,,,,,,,
120.0,0.0,98.0,7.448818943947559,1.0,0.9162992033103992,0.40540540540540543,0.0,0.0,0.04319027181688126,0.0,1.0,37.0,308.0,1.6974900364875793,0.13191305529252872,0.0008173656948287089,0.26190036327219224,0.0,0.7425802634097636,-5.297413635766134,122.2096585482359,164.4530240446329,1.0,1.0,1.0,0.0,1.0,0.21366876363754272,2.516692638397217,11.747492115129717,78.0,1.0,180.0,291.4080195527527
121.0,0.0,200.0,7.628033644459233,0.5,0.9811178572023518,0.2898550724637681,0.0,nan,0.04313304721030043,0.0,1.0,69.0,624.0,4.550572991371155,0.2903484313324043,0.07122049801992603,0.4378319791541044,0.0,-42.736209257971495,-1.5749206561595201,77.16804046928883,191.9456261843443,,,,,,,,,,,,
122.0,0.0,177.0,10.2456865588017,1.0,0.9881566984697152,0.25806451612903225,0.0,nan,0.0430758226037196,0.0,1.0,62.0,562.0,5.99984085559845,0.11491429677084852,0.031464059028021296,0.16660802096040683,0.0,-25.587614701129496,-1.0981780802831054,117.27704605460167,234.5205919444561,,,,,,,,,,,,
123.0,0.0,67.0,1.3486930298805269,0.0,0.9293037756781113,0.30303030303030304,0.0,nan,0.04301859799713877,0.0,1.0,33.0,268.0,5.617946743965149,0.5581121634770625,0.03321486964784803,1.049464979567908,0.0,5.5989039074629545,-11.234778079669923,169.67050554603338,294.45280803740025,,,,,,,,,,,,
124.0,0.0,148.0,7.77530434876681,1.0,0.884232630181227,0.4634146341463415,0.0,nan,0.042961373390557944,0.0,1.0,41.0,365.0,2.5215877890586853,0.46312219744174854,0.009833659241775816,0.906242015890566,0.0,-11.951528176374268,1.4268297309754416,82.47748008184135,175.64189811050892,,,,,,,,,,,,
125.0,0.0,181.0,9.300069058910026,1.0,0.9081562910774422,0.3148148148148148,0.0,nan,0.04290414878397711,0.0,1.0,54.0,481.0,6.247828841209412,0.29600987535843615,0.0005416677202436659,0.590621569672255,0.0,18.87380255572498,-2.240696561522782,125.44754861295223,221.22093845903873,,,,,,,,,,,,
126.0,0.0,151.0,9.039362652748839,1.0,0.9700649261785564,0.2545454545454545,0.0,nan,0.04284692417739629,0.0,1.0,55.0,499.0,3.221881687641144,0.14617372516238447,0.02378231353953475,0.24184808992102091,0.0,-45.89786059706239,29.245135651202872,120.29760058224201,267.0343565940857,,,,,,,,,,,,
127.0,0.0,170.0,10.534093199372311,1.0,0.9373043274927219,0.3225806451612903,0.0,nan,0.04278969957081545,0.0,1.0,62.0,557.0,6.711111783981323,0.12660993078037563,0.0042502211963362235,0.2444467251834215,0.0,23.97419719118625,-8.338985620997846,103.86365727335215,227.5054767280817,,,,,,,,,,,,
128.0,0.0,163.0,9.685944449268298,1.0,0.9354556419144145,0.36065573770491804,0.0,nan,0.04273247496423462,0.0,1.0,61.0,523.0,3.1852824091911316,0.08010964038328439,0.016230326544937057,0.12748030131544277,0.0,-1.1752460529096425,9.777128364890814,102.82637617364526,175.72222387045622,,,,,,,,,,,,
129.0,0.0,101.0,7.647619353234774,1.0,0.8897278756534093,0.425,0.0,nan,0.04267525035765379,0.0,1.0,40.0,340.0,1.7644317746162415,0.16098692072137055,0.023783737159221552,0.2741518831554792,0.0,18.386684411671013,-1.2582350575830787,138.3427835330367,227.01699283719063,,,,,,,,,,,,
130.0,0.0,144.0,7.960771534815438,1.0,0.9469096560107102,0.3409090909090909,0.0,0.0,0.042618025751072965,0.0,1.0,44.0,346.0,3.649997353553772,0.25620513055071115,0.0006079749963453507,0.5108846617558171,0.0,1.9596665715798736,5.807373975054361,161.94935897737741,254.085636600852,1.0,1.0,1.0,0.0,1.0,0.2534199357032776,2.5113775730133057,11.75441269390285,79.0,1.0,182.0,303.8842843550447
131.0,0.0,38.0,0.3545622330904006,0.0,0.8057746334817971,0.4,0.0,nan,0.042560801144492136,0.0,1.0,20.0,152.0,7.648573875427246,1.0015945656571268,0.08000470662805532,1.8427626438462337,0.0,-11.179685570691761,47.479382486719835,176.25124253724752,309.7048013084813,,,,,,,,,,,,
132.0,0.0,145.0,8.223721942789862,1.0,0.9804422007319276,0.2826086956521739,0.0,nan,0.04250357653791131,0.0,1.0,46.0,393.0,2.457837998867035,0.2750944940479485,0.021886704301300575,0.5061486422851615,0.0,-5.080134301097132,10.915719924261793,197.66061448212713,288.44905365630984,,,,,,,,,,,,
133.0,0.0,133.0,8.278161164149651,1.0,0.9738747339194842,0.2727272727272727,0.0,nan,0.04244635193133047,0.0,1.0,44.0,379.0,2.619952380657196,0.21138224211830448,0.0012004075924441082,0.42006985239100914,0.0,-16.238636050140485,8.06517976662144,162.1085456609726,239.11827296763659,,,,,,,,,,,,
134.0,0.0,140.0,7.852044075280434,1.0,0.9408617825045621,0.37735849056603776,0.0,nan,0.04238912732474964,0.0,1.0,53.0,458.0,1.454632729291916,0.1432499906543967,0.039641529428862565,0.2068877837655927,0.0,7.085911143803969,14.587242757435888,115.59797990322113,182.98199263960123,,,,,,,,,,,,
135.0,0.0,176.0,9.412983372658509,1.0,0.9527902819494148,0.3064516129032258,0.0,nan,0.042331902718168814,0.0,1.0,62.0,536.0,4.294487953186035,0.1525075824869191,0.020075488879350734,0.26441547540524324,0.0,11.629003687761724,-0.9865444349125028,173.00579949468374,249.23864659667015,,,,,,,,,,,,
136.0,0.0,140.0,6.850300903916363,1.0,0.9925166899710366,0.25806451612903225,0.0,nan,0.042274678111587985,0.0,1.0,31.0,258.0,4.01273775100708,0.3352891609756625,0.0004712980159631286,0.669306992460946,0.0,7.156239558476955,-3.1281066946685314,265.2680895328522,338.6306667625904,,,,,,,,,,,,
137.0,0.0,150.0,7.427793466113513,1.0,0.9268806858103784,0.358974358974359,0.0,nan,0.042217453505007156,0.0,1.0,39.0,315.0,2.0712021589279175,0.1589717477186241,0.0005189914046628274,0.3165671154376217,0.0,-7.705845696153119,12.676772555336356,125.88450267910957,181.79069538414478,,,,,,,,,,,,
138.0,0.0,163.0,9.328864272609366,1.0,0.9639885361474014,0.3157894736842105,0.0,nan,0.04216022889842633,0.0,1.0,57.0,468.0,4.37997043132782,0.09462988861770327,0.0007099283300178172,0.1875906256222506,0.0,11.909160708077252,-7.417867245385423,122.61985918134451,173.9860503077507,,,,,,,,,,,,
139.0,0.0,114.0,7.334421214945619,1.0,0.959546550378073,0.325,0.0,nan,0.0421030042918455,0.0,1.0,40.0,328.0,1.5688011348247528,0.15261568650316804,0.019838761198831323,0.26524607743522255,0.0,-8.662468744441867,-19.59432270261459,194.4388106763363,274.379872828722,,,,,,,,,,,,
140.0,0.0,49.0,0.21208637282485132,0.0,0.9316463526557597,0.32,0.0,0.0,0.04204577968526467,0.0,1.0,25.0,196.0,13.482438802719116,1.0353566381520476,0.027562744438498217,2.0140130510576015,0.0,27.845165559375772,-22.920411778956044,316.2401499456289,384.01574056975693,1.0,1.0,1.0,0.0,1.0,1.1102246046066284,2.2124123573303223,11.7728052403545,75.0,1.0,174.0,280.20858418963877
141.0,0.0,167.0,9.227423181235805,1.0,0.9467170768807931,0.2909090909090909,0.0,nan,0.041988555078683834,0.0,1.0,55.0,501.0,6.022449374198914,0.2668807765011252,0.0026031272783741954,0.5283196605101046,0.0,-4.050283717690036,-11.19602005098568,174.99192655086517,246.39336881041527,,,,,,,,,,,,
142.0,0.0,127.0,7.4010813673958245,1.0,0.9650310558603177,0.3181818181818182,0.0,nan,0.041931330472103005,0.0,1.0,44.0,375.0,2.1886579394340515,0.2252480469069269,0.031413661882807364,0.37905770700977826,0.0,-74.79941679630429,-7.940574340522289,150.3860311061144,248.63329023122787,,,,,,,,,,,,
143.0,0.0,175.0,9.664376655230315,1.0,0.9736490459930006,0.3125,0.0,nan,0.041874105865522177,0.0,1.0,64.0,569.0,5.999230861663818,0.14123814218129382,0.002785852576067782,0.27653197121638945,0.0,-9.584686617134139,4.110352645162493,161.95467002689838,282.17991840839386,,,,,,,,,,,,
144.0,0.0,200.0,7.834986869450672,0.75,0.9598792678594528,0.32142857142857145,0.0,nan,0.04181688125894135,0.0,1.0,56.0,488.0,4.265162467956543,0.21887220663978724,0.0020764230107299664,0.43320794303632226,0.0,-0.43818755517713726,-0.6891254633665085,120.00498644262552,221.43412156403065,,,,,,,,,,,,
145.0,0.0,142.0,8.164072426371284,1.0,0.9797366944963661,0.26666666666666666,0.0,nan,0.04175965665236052,0.0,1.0,45.0,369.0,3.3495575189590454,0.2826716554121873,0.0004700607094932571,0.564104514448772,0.0,0.2843125194776803,4.227437398018083,193.46818108856678,293.2146500349045,,,,,,,,,,,,
146.0,0.0,183.0,10.090939873978513,1.0,0.9441815504287471,0.3220338983050847,0.0,nan,0.04170243204577968,0.0,1.0,59.0,539.0,4.868425250053406,0.13591042171147194,0.0007241330098384235,0.27010575374539847,0.0,0.12364493915811181,4.888105689082295,154.70890200138092,265.73314836621284,,,,,,,,,,,,
147.0,0.0,157.0,8.78352680347861,1.0,0.9167098412704991,0.3617021276595745,0.0,nan,0.04164520743919886,0.0,1.0,47.0,423.0,3.3096431493759155,0.1754790684534555,0.00017525876396451423,0.3503232133407437,0.0,-42.17063998163212,-1.1588232866488397,190.5173598229885,310.51615339517593,,,,,,,,,,,,
148.0,0.0,167.0,9.179308569319561,1.0,0.9842056413438829,0.27586206896551724,0.0,nan,0.041587982832618026,0.0,1.0,58.0,512.0,3.473234176635742,0.17883458076312309,0.10409729070348117,0.1491838655714588,0.0,11.717180791078135,-4.850862748979125,116.1989959422499,194.20524959266186,,,,,,,,,,,,
149.0,0.0,188.0,10.468106632456202,1.0,0.9612306548691975,0.2923076923076923,0.0,nan,0.0415307582260372,0.0,1.0,65.0,594.0,4.217570722103119,0.13840469392584964,0.0013158888392439394,0.2738748311166179,0.0,15.492247566580772,5.074492521351203,161.11479821056128,277.71755512058735,,,,,,,,,,,,
150.0,0.0,138.0,8.546891369447122,1.0,0.8653301738220137,0.4897959183673469,0.0,0.0,0.04147353361945637,0.0,1.0,49.0,399.0,2.6295043230056763,0.10634305793411158,0.00097304741925619,0.21047760108906033,0.0,7.203142577782273,-13.821102978195995,158.93561056256294,268.4634549021721,1.0,1.0,1.0,0.0,1.0,0.6389565467834473,2.0995430946350098,11.765794078353792,77.0,1.0,175.0,275.2021281272176
151.0,0.0,138.0,8.543144060075294,1.0,0.9703918662860387,0.2857142857142857,0.0,nan,0.04141630901287554,0.0,1.0,49.0,429.0,3.042016327381134,0.14595834304986965,0.021699696881531304,0.24826271173655812,0.0,-3.7469827262684703,47.402078612707555,186.56491962075233,298.7790070772171,,,,,,,,,,,,
152.0,0.0,109.0,7.4476789215207155,1.0,0.9790684449155541,0.275,0.0,nan,0.04135908440629471,0.0,1.0,40.0,329.0,1.8668951392173767,0.16887021194361296,0.04167944054516817,0.25409816115540806,0.0,4.969726383686066,-9.415478256996721,153.19734151661396,282.8225612938404,,,,,,,,,,,,
153.0,0.0,150.0,7.516669142022735,1.0,0.9768806719308005,0.2972972972972973,0.0,nan,0.04130185979971388,0.0,1.0,37.0,309.0,3.083016514778137,0.28451788939901235,0.0007497655323192021,0.5672425221224535,0.0,-13.222813150379807,-0.5732555302092806,193.17379803955555,286.55400416255,,,,,,,,,,,,
154.0,0.0,75.0,1.5733674466609977,0.0,0.8928586197546912,0.3888888888888889,0.0,nan,0.04124463519313305,0.0,1.0,36.0,300.0,9.113453388214111,1.0187165500428819,0.04265107745024711,1.9491465369307122,0.0,-85.47436353936791,-12.88310228753835,222.33870539814234,375.3888787329197,,,,,,,,,,,,
155.0,0.0,142.0,8.886005725562583,1.0,0.91580279356859,0.36,0.0,nan,0.04118741058655222,0.0,1.0,50.0,436.0,3.202658712863922,0.22187513880146525,0.0021865277444224063,0.439172110070867,0.0,25.213993315119296,-11.963691455777735,83.11611124128103,220.8990436643362,,,,,,,,,,,,
156.0,0.0,107.0,7.501213317364461,1.0,0.9367216274869306,0.35555555555555557,0.0,nan,0.04113018597997139,0.0,1.0,45.0,390.0,2.31813645362854,0.23845622315820947,0.028669619007738234,0.41801054450538544,0.0,-7.028422855073586,-22.579169313888997,103.77181006968021,228.1936338543892,,,,,,,,,,,,
157.0,0.0,126.0,7.332927742041653,1.0,0.8729334200778261,0.4473684210526316,0.0,nan,0.04107296137339056,0.0,1.0,38.0,300.0,1.9959202706813812,0.18065471263969357,0.000990007325138098,0.35904171249158384,0.0,7.522082221694291,-4.056058055488393,133.0958539992571,222.39965544641018,,,,,,,,,,,,
158.0,0.0,180.0,9.59518888711931,1.0,0.942803202340814,0.359375,0.0,nan,0.04101573676680973,0.0,1.0,64.0,562.0,3.9813669323921204,0.15877703099317841,0.052886136900113456,0.21144391758933967,0.0,7.493039273656905,7.641146183945239,118.41543892025948,208.05010516941547,,,,,,,,,,,,
159.0,0.0,162.0,8.62342122718693,1.0,0.8840054608768211,0.4375,0.0,nan,0.0409585121602289,0.0,1.0,48.0,415.0,2.8522770404815674,0.17965655565109273,0.003288522970654517,0.35249349427841753,0.0,-1.2067589765647426,-10.81759477313608,120.73557008802891,208.7466401308775,,,,,,,,,,,,
160.0,0.0,159.0,8.313487485237431,1.0,0.8544363427870882,0.4888888888888889,0.0,0.0,0.04090128755364807,0.0,1.0,45.0,380.0,3.198837399482727,0.17658552771877112,0.0003616230124705577,0.35216801728388514,0.0,16.398151616565883,1.9790637201367645,160.47951155900955,251.50822657346725,1.0,1.0,1.0,0.0,1.0,0.16158169507980347,2.410806655883789,11.75807951297611,75.0,1.0,176.0,287.69188624598115
161.0,0.0,138.0,8.429388567507278,1.0,0.8687155667881628,0.391304347826087,0.0,nan,0.040844062947067244,0.0,1.0,46.0,397.0,2.4209933280944824,0.115446676831084,0.0007776126272460715,0.22909554147413047,0.0,-5.083586267195642,5.733813771512359,141.14711938798428,233.81580206751823,,,,,,,,,,,,
162.0,0.0,113.0,7.025636607669299,1.0,0.7476722508145968,0.5882352941176471,0.0,nan,0.04078683834048641,0.0,1.0,34.0,277.0,1.9051381647586823,0.12733095559678986,0.0011137131055476424,0.2520951164288192,0.0,6.434419431723654,3.900408454006538,151.0959733426571,233.7720806002617,,,,,,,,,,,,
163.0,0.0,147.0,9.421114345714464,1.0,0.8833597282404301,0.4642857142857143,0.0,nan,0.04072961373390558,0.0,1.0,56.0,472.0,3.9658687114715576,0.13059152704920507,0.004990928716704701,0.2509589871538225,0.0,2.0507487603463233,3.031960831489414,115.53131945431232,237.04235643148422,,,,,,,,,,,,
164.0,0.0,154.0,8.422884665578612,1.0,0.9182118103460597,0.41304347826086957,0.0,nan,0.04067238912732475,0.0,1.0,46.0,389.0,4.104929089546204,0.20656369573845268,0.0003074802001803434,0.4122240194255369,0.0,-15.30159474699758,-8.611295517534018,164.4311625957489,296.09181770682335,,,,,,,,,,,,
165.0,0.0,185.0,9.019561823233975,1.0,0.9338218302037569,0.34,0.0,nan,0.04061516452074392,0.0,1.0,50.0,429.0,5.197101831436157,0.2584428735877822,0.00032083647099034884,0.5159884091092306,0.0,5.657148259924725,-12.228318619541824,206.22804218530655,309.96284306049347,,,,,,,,,,,,
166.0,0.0,51.0,0.30600415520369995,0.0,0.917642220534882,0.4,0.0,nan,0.040557939914163094,0.0,1.0,25.0,204.0,11.304492473602295,1.4454298080464452,0.01412201922434353,2.8610761560481905,0.0,-89.6690511177568,-7.825504572075956,245.45637577655268,356.535171770582,,,,,,,,,,,,
167.0,0.0,86.0,3.048686027321972,0.25,0.9487821177046726,0.275,0.0,nan,0.040500715307582265,0.0,1.0,40.0,337.0,4.775691986083984,0.654777125371993,0.06244971028952673,1.178673717426559,0.0,23.364294291473925,5.601169640896842,202.5879457294941,326.79552778601646,,,,,,,,,,,,
168.0,0.0,157.0,10.320038997381943,1.0,0.9407052008581603,0.36065573770491804,0.0,nan,0.040443490701001436,0.0,1.0,61.0,545.0,4.011953294277191,0.26038995541330223,0.0005364702343779726,0.5194576444882308,0.0,-21.23170516185928,-9.016491401940584,115.38331469893456,206.0147424042225,,,,,,,,,,,,
169.0,0.0,106.0,7.66197784118355,1.0,0.9618135030127809,0.3170731707317073,0.0,nan,0.0403862660944206,0.0,1.0,41.0,356.0,1.4517813920974731,0.2163326418116185,0.0027985021664963584,0.42683976486242425,0.0,0.9634956144727767,1.7317433152347803,103.04795521497726,182.20899951457977,,,,,,,,,,,,
170.0,0.0,147.0,9.670581084713355,1.0,0.9541087823692814,0.3090909090909091,0.0,0.0,0.04032904148783977,0.0,1.0,55.0,491.0,5.0437304973602295,0.20014265691878563,0.001564550237048934,0.3969164729231629,0.0,-2.021650262409821,12.18551367544569,118.28665816783905,224.07884964346886,1.0,1.0,1.0,0.0,1.0,0.4170057475566864,1.8349698781967163,11.761053080670536,80.0,1.0,182.0,303.8797952237729
171.0,0.0,48.0,0.4946985062956809,0.0,0.9631825184198026,0.3333333333333333,0.0,nan,0.04027181688125894,0.0,1.0,24.0,192.0,9.46939206123352,1.039920415032422,0.056873192457506626,1.9637159338133223,0.0,32.0834559177359,11.549050940821568,305.23473167419434,408.50641401608783,,,,,,,,,,,,
172.0,0.0,147.0,9.831416494175809,1.0,0.9488847771946975,0.3275862068965517,0.0,nan,0.040214592274678114,0.0,1.0,58.0,509.0,3.4188764095306396,0.2117546279976068,0.0035806281998738143,0.4161161159530658,0.0,1.3842220098595135,-0.25297787532326765,73.82325244136155,120.75355840474367,,,,,,,,,,,,
173.0,0.0,159.0,8.943486903607859,1.0,0.9494999934458863,0.3333333333333333,0.0,nan,0.040157367668097285,0.0,1.0,51.0,445.0,3.737508773803711,0.2166883740699248,0.001579396446267367,0.42995525693118175,0.0,4.23678949708119,4.008264537376817,87.93375716730952,126.17785674333572,,,,,,,,,,,,
174.0,0.0,94.0,7.47403706811369,1.0,0.9233173793557444,0.38461538461538464,0.0,nan,0.040100143061516456,0.0,1.0,39.0,314.0,1.2996371686458588,0.11186254292783815,0.0012169834278916714,0.22102316461036065,0.0,8.777675631456077,3.980061973677948,117.91973432153463,188.24092762172222,,,,,,,,,,,,
175.0,0.0,153.0,9.609422110989705,1.0,0.9790388173571053,0.26785714285714285,0.0,nan,0.04004291845493563,0.0,1.0,56.0,491.0,4.428535580635071,0.13306825216591278,0.00755985258876124,0.25077236618264975,0.0,-18.077629059320316,-13.616219011717476,122.82061995565891,215.51384103298187,,,,,,,,,,,,
176.0,0.0,81.0,1.538280876874928,0.0,0.9473898446642687,0.32432432432432434,0.0,nan,0.03998569384835479,0.0,1.0,37.0,324.0,6.758256673812866,1.0375527905001718,0.1216967246428548,1.8277361002776615,0.0,50.27450690791011,21.200670579448342,330.49233162403107,417.3264358639717,,,,,,,,,,,,
177.0,0.0,147.0,9.471755152419226,1.0,0.9743232951543985,0.3148148148148148,0.0,nan,0.03992846924177396,0.0,1.0,54.0,486.0,2.726319372653961,0.21034946456541093,0.017560731847801214,0.3853318925989934,0.0,-4.207957815960981,9.90823785768589,116.06666419841349,165.15326549485326,,,,,,,,,,,,
178.0,0.0,183.0,8.565463333055389,1.0,0.8842449996868793,0.39622641509433965,0.0,nan,0.039871244635193134,0.0,1.0,53.0,456.0,1.7624345123767853,0.1866460056902497,0.057096788566651985,0.2588695109832866,0.0,-6.519754845183343,15.264771285001189,131.2207997739315,202.45654302835464,,,,,,,,,,,,
179.0,0.0,118.0,8.51638283841313,1.0,0.9052897507286273,0.4,0.0,nan,0.039814020028612306,0.0,1.0,45.0,395.0,2.435173809528351,0.1536317256595794,0.001870332636976002,0.30323111906043465,0.0,-3.753825185704045,-9.600217984989285,164.65824481844902,239.03829979896545,,,,,,,,,,,,
180.0,0.0,200.0,9.367383447363993,0.75,0.9557103741101259,0.2714285714285714,0.0,0.0,0.03975679542203148,0.0,1.0,70.0,627.0,3.993336021900177,0.19649535226801618,0.007070701425023529,0.3785189238671762,0.0,3.603600539965555,3.0543765858747065,149.00679699331522,213.57414683699608,1.0,1.0,1.0,0.0,1.0,0.43003150820732117,2.11232852935791,11.736789382994175,77.0,1.0,176.0,280.2014212065938
181.0,0.0,148.0,8.453385572955021,1.0,0.9277855114454039,0.2708333333333333,0.0,nan,0.03969957081545065,0.0,1.0,48.0,407.0,2.889760732650757,0.1675615591804558,0.008064648593795631,0.31870289113893263,0.0,-10.317084851500113,-0.3895359905436635,110.27919593453407,195.6287207007408,,,,,,,,,,,,
182.0,0.0,149.0,8.168146607279786,1.0,0.9201844131875789,0.3617021276595745,0.0,nan,0.03964234620886982,0.0,1.0,47.0,420.0,3.2989601492881775,0.21095264986252005,0.04161779522056008,0.33810116419300407,0.0,18.37007292220369,-21.015337385237217,166.19991570711136,277.9815725386143,,,,,,,,,,,,
183.0,0.0,189.0,9.828055277243271,1.0,0.8824320153165028,0.47368421052631576,0.0,nan,0.03958512160228898,0.0,1.0,57.0,504.0,6.338223218917847,0.21156541339766477,0.004244553988357547,0.41436139157087915,0.0,-15.152762493118644,7.633023124653846,209.6719792485237,293.5108891427517,,,,,,,,,,,,
184.0,0.0,148.0,8.619372878186415,1.0,0.8851096059113107,0.45098039215686275,0.0,nan,0.039527896995708155,0.0,1.0,51.0,409.0,2.854761779308319,0.16211858084935216,0.0003890279334797242,0.323155465216189,0.0,11.273610654636286,11.567696025478654,229.2030119895935,319.3016084730625,,,,,,,,,,,,
185.0,0.0,165.0,9.869913310110585,1.0,0.9594119671938195,0.2857142857142857,0.0,nan,0.039470672389127326,0.0,1.0,56.0,503.0,4.070399880409241,0.09628466556890203,0.0013450006044317675,0.18959777695100122,0.0,-27.168316086987033,-7.651123791001737,194.1482581049204,276.63583865761757,,,,,,,,,,,,
186.0,0.0,169.0,10.255745869260302,1.0,0.9515890325921094,0.328125,0.0,nan,0.0394134477825465,0.0,1.0,64.0,581.0,4.200935244560242,0.16944575735010403,0.017310084648552333,0.3029461732722756,0.0,-56.93187915161252,-4.283740089274943,190.97339713573456,306.836009144783,,,,,,,,,,,,
187.0,0.0,130.0,7.014086180180317,1.0,0.8285806688044285,0.5263157894736842,0.0,nan,0.03935622317596567,0.0,1.0,38.0,320.0,1.7652339041233063,0.2129331190318453,0.03894468888093622,0.347651742205457,0.0,7.389307635836303,-20.7778708509868,160.08972497284412,280.5839655697346,,,,,,,,,,,,
188.0,0.0,150.0,9.546911905556932,1.0,0.9149704813828677,0.34545454545454546,0.0,nan,0.03929899856938484,0.0,1.0,55.0,491.0,2.664266884326935,0.08891824973102302,0.01302454449186996,0.1515513131666637,0.0,7.502044864784693,8.836240032222122,154.93488454818726,254.873707562685,,,,,,,,,,,,
189.0,0.0,177.0,10.039228648766892,1.0,0.9701192927483099,0.288135593220339,0.0,nan,0.03924177396280401,0.0,1.0,59.0,527.0,4.603260636329651,0.17844282164492142,0.001456200316440004,0.35370663916880285,0.0,-15.502143731340766,-12.385047596006189,184.22997517883778,279.87734177708626,,,,,,,,,,,,
190.0,0.0,189.0,10.010297007411737,1.0,0.8445710324437119,0.3728813559322034,0.0,0.0,0.039184549356223175,0.0,1.0,59.0,533.0,4.38061785697937,0.10200179792161634,0.014118230341161109,0.17551003828031764,0.0,2.147125716554001,-1.0956502384506166,146.68065385706723,242.9717092886567,1.0,1.0,1.0,0.0,1.0,0.48179468512535095,2.502418279647827,11.75884370773565,73.0,1.0,173.0,267.72522615313557
191.0,0.0,200.0,9.46284031867983,0.75,0.9388478492190068,0.391304347826087,0.0,nan,0.03912732474964235,0.0,1.0,69.0,625.0,6.27250075340271,0.37834795791900433,0.08406198951293686,0.5868553323808428,0.0,35.058187743183225,63.57768405764364,162.97817561030388,280.9317640066147,,,,,,,,,,,,
192.0,0.0,143.0,8.473225797023634,1.0,0.889273907389078,0.3333333333333333,0.0,nan,0.03907010014306152,0.0,1.0,48.0,409.0,1.9960825443267822,0.15195249703754143,0.0033613092666442412,0.29689903376398075,0.0,10.522460747510195,6.910513717448339,106.50430954247713,152.77991238981485,,,,,,,,,,,,
193.0,0.0,143.0,7.266638527736074,1.0,0.8433509695867915,0.4222222222222222,0.0,nan,0.03901287553648069,0.0,1.0,45.0,398.0,1.6717859208583832,0.2539183828188243,0.1421299694468514,0.22323120130476415,0.0,11.130958736408502,3.0981888193637133,95.41157852485776,151.9854455962777,,,,,,,,,,,,
194.0,0.0,60.0,1.2369602560997017,0.0,0.7947408863020974,0.4482758620689655,0.0,nan,0.03895565092989986,0.0,1.0,29.0,240.0,8.069857239723206,0.8975130752901653,0.05101381932537995,1.6923866303929875,0.0,-6.880019944906235,-29.605341253678002,153.35494655768076,299.7097436269124,,,,,,,,,,,,
195.0,0.0,200.0,9.74446883779021,1.0,0.9212761887164163,0.4,0.0,nan,0.03889842632331903,0.0,1.0,65.0,570.0,1.6366375610232353,0.18178649948595194,0.02700998892636619,0.30933699931023106,0.0,-12.271453548106365,4.791570069966838,40.7608240917325,94.02586404979229,,,,,,,,,,,,
196.0,0.0,157.0,7.185829613171523,1.0,0.9264599744804058,0.37209302325581395,0.0,nan,0.0388412017167382,0.0,1.0,43.0,370.0,1.1506657898426056,0.19555105254858063,0.09457496310132285,0.2016815210439198,0.0,4.423938624328002,-17.88916588295251,51.4043733694125,118.58413361757994,,,,,,,,,,,,
197.0,0.0,114.0,3.1017720596399228,0.25,0.9767180907038129,0.28846153846153844,0.0,nan,0.03878397711015737,0.0,1.0,52.0,455.0,6.612349510192871,1.0781458914893847,0.14019808021597235,1.8662687382891718,0.0,21.460093153174967,8.045838825870305,189.568838134408,281.4087847471237,,,,,,,,,,,,
198.0,0.0,200.0,10.221589413881325,0.75,0.9571030915639066,0.2987012987012987,0.0,nan,0.038726752503576545,0.0,1.0,77.0,676.0,4.865313827991486,0.24047733045540554,0.0452852985004597,0.3902348489536036,0.0,-3.3444850868545473,-18.496520448010415,66.04755799472332,110.38343583792448,,,,,,,,,,,,
199.0,0.0,143.0,8.373805701062093,1.0,0.9108170680328304,0.41304347826086957,0.0,nan,0.03866952789699571,0.0,1.0,46.0,387.0,2.723717510700226,0.31691327728454155,0.004803782818614932,0.6239076230111298,0.0,3.668936361093074,1.073617325793748,38.91212860867381,102.5562719926238,,,,,,,,,,,,
200.0,0.0,136.0,9.05260080818088,1.0,0.9946249870302513,0.23529411764705882,0.0,0.0,0.03861230329041488,0.0,1.0,51.0,438.0,4.360938787460327,0.24990868763512708,0.003896835067363824,0.49176593241973876,0.0,8.296286317519844,-7.6439186978386715,69.70010999124497,143.41337257623672,1.0,1.0,1.0,0.0,1.0,0.13458654284477234,2.493133544921875,11.741870384663343,73.0,1.0,175.0,286.4578715953979
201.0,0.0,132.0,7.575753277726477,1.0,0.9825062786601574,0.2777777777777778,0.0,nan,0.03855507868383405,0.0,1.0,36.0,315.0,2.0185937881469727,0.18408652223240551,0.0023039580452106634,0.3633183933238726,0.0,-3.618588504148647,6.129201979434583,112.3409708365798,177.41866531968117,,,,,,,,,,,,
202.0,0.0,132.0,8.749237769767653,1.0,0.9484102918461405,0.3617021276595745,0.0,nan,0.03849785407725322,0.0,1.0,47.0,408.0,3.1089566349983215,0.15037603090513585,0.0017390787588311696,0.29704187690228423,0.0,12.417642206593882,7.939392834203318,74.22751595079899,162.59274105727673,,,,,,,,,,,,
203.0,0.0,200.0,8.143081713393347,0.75,0.9818416584552553,0.2714285714285714,0.0,nan,0.038440629470672394,0.0,1.0,70.0,643.0,4.134458273649216,0.5324733165562066,0.16051027746995228,0.7436075482999946,0.0,-19.823371176607907,-0.141544405836612,28.600680537056178,92.57506807893515,,,,,,,,,,,,
204.0,0.0,95.0,4.96287109110505,0.25,0.9055118092792008,0.358974358974359,0.0,nan,0.03838340486409156,0.0,1.0,39.0,331.0,3.112587094306946,0.3831397188005212,0.0024405892865121265,0.7611442701041184,0.0,-0.3918636937160045,-8.165856366511434,229.54834949225187,300.5544720068574,,,,,,,,,,,,
205.0,0.0,54.0,0.7079391098022465,0.0,0.8920083828961075,0.4074074074074074,0.0,nan,0.03832618025751073,0.0,1.0,27.0,216.0,10.0267014503479,0.9277848607391072,0.018590944504704065,1.817338198113193,0.0,-19.011645056583262,60.405988175559926,219.25542340455232,344.614650938246,,,,,,,,,,,,
206.0,0.0,142.0,8.206478320732721,1.0,0.9285862702813781,0.3488372093023256,0.0,nan,0.0382689556509299,0.0,1.0,43.0,388.0,1.626605600118637,0.38740283396282393,0.007613736480863054,0.7594245851429946,0.0,-0.7895135330909397,-10.020647842320614,73.79666408058256,128.0837665423751,,,,,,,,,,,,
207.0,0.0,95.0,7.206891587227588,1.0,0.9471259371873861,0.3055555555555556,0.0,nan,0.03821173104434907,0.0,1.0,36.0,296.0,1.565378487110138,0.15802922353401527,0.0027271401512241056,0.3103570874230499,0.0,-8.894328381400555,-18.883235986344516,100.24480407126248,173.85481582581997,,,,,,,,,,,,
208.0,0.0,168.0,9.831180253922955,1.0,0.9432657625970956,0.3114754098360656,0.0,nan,0.03815450643776824,0.0,1.0,61.0,568.0,2.848685383796692,0.10956316019485257,0.0022139835191623547,0.21448783846309993,0.0,1.350108801620081,14.750394389498979,74.43291630968451,119.38702141493559,,,,,,,,,,,,
209.0,0.0,65.0,1.1558452457189583,0.0,0.9293515501161099,0.34375,0.0,nan,0.038097281831187414,0.0,1.0,32.0,260.0,9.164214134216309,1.0318936315655378,0.1445502790425195,1.7667511364386712,0.0,34.221828884852584,33.27651781775057,147.9345427080989,289.5102822482586,,,,,,,,,,,,
210.0,0.0,158.0,9.822906330339627,1.0,0.9546021552863496,0.3392857142857143,0.0,0.0,0.038040057224606585,0.0,1.0,56.0,498.0,4.798054456710815,0.33051809877053984,0.0026311330164983104,0.6555058057504048,0.0,28.614945415523835,11.322666875552386,175.31948870047927,242.37512739002705,1.0,1.0,1.0,0.0,1.0,0.2229730486869812,2.3590965270996094,11.744222479639575,75.0,1.0,178.0,295.17792631898106
211.0,0.0,160.0,9.74029433726335,1.0,0.9596156566581548,0.296875,0.0,nan,0.03798283261802575,0.0,1.0,64.0,571.0,3.141501724720001,0.1066507029653394,0.0021085285601589315,0.20861638008089514,0.0,3.752929493319243,22.56100127636455,145.8150491118431,220.8950004130602,,,,,,,,,,,,
212.0,0.0,120.0,7.351812148243195,1.0,0.900487567917458,0.37142857142857144,0.0,nan,0.03792560801144493,0.0,1.0,35.0,304.0,2.779128909111023,0.2338812371561403,0.0009097012664223136,0.4654672462061964,0.0,6.6249126004986465,-12.030975294299424,271.4346924126148,345.4804241359234,,,,,,,,,,,,
213.0,0.0,90.0,6.8863262384757435,1.0,0.9224807711740473,0.3125,0.0,nan,0.03786838340486409,0.0,1.0,32.0,259.0,1.8277738988399506,0.12727644707047148,0.0005945926753381237,0.2530715002974254,0.0,-10.261521401815116,11.226552014239132,225.27050161361694,296.45446249842644,,,,,,,,,,,,
214.0,0.0,177.0,10.4449515283853,1.0,0.903833482161974,0.4444444444444444,0.0,nan,0.03781115879828326,0.0,1.0,63.0,547.0,4.60785710811615,0.10934396282272019,0.0009825827650484786,0.21645891206585333,0.0,3.8790413255337626,-20.926611105911434,253.64349088072777,329.03961795568466,,,,,,,,,,,,
215.0,0.0,118.0,8.443393230773518,1.0,0.9214846185901033,0.3404255319148936,0.0,nan,0.037753934191702435,0.0,1.0,47.0,394.0,2.248296797275543,0.10843022604183261,0.0017647367242874246,0.21259955538570163,0.0,-19.112885764800012,-21.99969497648999,234.1044501364231,314.0988954901695,,,,,,,,,,,,
216.0,0.0,45.0,0.7687597583979366,0.0,0.9654381385134038,0.25,0.0,nan,0.037696709585121606,0.0,1.0,24.0,180.0,8.932796478271484,0.8706941203823791,0.07535663043444442,1.5902281119543304,0.0,58.056435869137445,-5.026685387558407,185.25959786309136,298.70449879964195,,,,,,,,,,,,
217.0,0.0,181.0,8.898946640044464,1.0,0.9220801325149237,0.34615384615384615,0.0,nan,0.03763948497854078,0.0,1.0,52.0,459.0,2.8407719135284424,0.20210056892756256,0.08239471094904971,0.23898798188583648,0.0,-25.284482444636524,13.816458655055612,178.37786623835564,260.27898347377777,,,,,,,,,,,,
218.0,0.0,134.0,8.741537399217501,1.0,0.8762610393050001,0.38181818181818183,0.0,nan,0.03758226037195995,0.0,1.0,55.0,490.0,1.4387668371200562,0.09906536884557227,0.0289229319981823,0.13963441624293438,0.0,19.199972136644647,-2.1803056253120303,118.8297243565321,185.44469711184502,,,,,,,,,,,,
219.0,0.0,64.0,2.6728039169684075,0.0,0.8668384387537447,0.4482758620689655,0.0,nan,0.03752503576537912,0.0,1.0,29.0,225.0,4.868123292922974,0.4522382461404454,0.0017926058180556639,0.9006408203631225,0.0,16.03446181707912,11.011607814894782,170.0156659528944,263.79962361653645,,,,,,,,,,,,
220.0,0.0,55.0,0.4617198005318643,0.0,0.8275366677135899,0.41379310344827586,0.0,0.0,0.037467811158798284,0.0,1.0,29.0,220.0,9.36259126663208,0.8781776967695226,0.028659414861419402,1.6976462376016819,0.0,-9.331271873820912,16.197594987397846,256.94057670940055,354.4550128589977,1.0,1.0,1.0,0.0,1.0,0.3714769184589386,2.272679328918457,11.759198857122101,73.0,1.0,177.0,288.93081067457825
221.0,0.0,164.0,9.52267639741303,1.0,0.9645672364328021,0.3333333333333333,0.0,nan,0.037410586552217455,0.0,1.0,54.0,478.0,2.7403032183647156,0.3740994810780194,0.001490703791759529,0.7449969927405522,0.0,-3.673213809321169,-4.326639666105621,86.89178875088692,138.61764514446259,,,,,,,,,,,,
222.0,0.0,95.0,4.115280940029779,0.0,0.8917260322640906,0.2926829268292683,0.0,nan,0.037353361945636626,0.0,1.0,41.0,353.0,3.5142767429351807,0.49226705134566373,0.00187870157891723,0.9805663811026548,0.0,2.4296057684114203,6.384885814040899,116.89443289116025,174.5393893867731,,,,,,,,,,,,
223.0,0.0,177.0,9.737185432761922,1.0,0.9737552607900395,0.30357142857142855,0.0,nan,0.0372961373390558,0.0,1.0,56.0,505.0,5.036826133728027,0.46465667763308716,0.0026861165582934277,0.9237400931903559,0.0,-2.330111107090488,-0.3724500371608883,115.79319254308939,163.970290184021,,,,,,,,,,,,
224.0,0.0,138.0,8.282525101304063,1.0,0.909163998409181,0.39215686274509803,0.0,nan,0.03723891273247497,0.0,1.0,51.0,415.0,1.8936527371406555,0.11910138628689992,0.029102114536275536,0.1796965740003043,0.0,6.064406781457365,2.2889784106519073,160.5939498245716,208.2515529692173,,,,,,,,,,,,
225.0,0.0,132.0,8.777957655340444,1.0,0.8816192573193569,0.391304347826087,0.0,nan,0.03718168812589413,0.0,1.0,46.0,411.0,2.2639451026916504,0.08725583584140395,0.004903025438391495,0.16442443512300375,0.0,12.261921054217964,7.560567905078642,160.9191431105137,227.91612535715103,,,,,,,,,,,,
226.0,0.0,165.0,10.09483658596875,1.0,0.9119401747047272,0.4,0.0,nan,0.03712446351931331,0.0,1.0,60.0,520.0,4.566178321838379,0.14610350234318048,0.0005782291699194531,0.29078243169496787,0.0,-7.81701609864831,-3.7965812308248132,169.93772146105766,218.1958723515272,,,,,,,,,,,,
227.0,0.0,190.0,8.317797372266659,1.0,0.905412927302878,0.4166666666666667,0.0,nan,0.037067238912732475,0.0,1.0,48.0,414.0,4.953250765800476,0.3355505671443666,0.0013485453535402314,0.668128989455667,0.0,-7.9097930730786175,-14.35227484209463,234.8855900168419,286.4522938132286,,,,,,,,,,,,
228.0,0.0,110.0,8.18843448869885,1.0,0.8856343099714384,0.40425531914893614,0.0,nan,0.037010014306151647,0.0,1.0,47.0,365.0,1.3593411147594452,0.0893229929977366,0.010719963982601666,0.15696487871765719,0.0,20.26277719216887,-6.624458836391568,194.15152740478516,264.80817317962646,,,,,,,,,,,,
229.0,0.0,57.0,1.2559814055636531,0.0,0.9215369112307654,0.3448275862068966,0.0,nan,0.03695278969957082,0.0,1.0,29.0,228.0,8.595942497253418,0.7820903362319274,0.014149912998397284,1.5260688213907212,0.0,30.40422911393015,43.547504631573695,294.8721951601798,361.440272883365,,,,,,,,,,,,
230.0,0.0,118.0,8.194761152639993,1.0,0.9481865297109562,0.32558139534883723,0.0,0.0,0.03689556509298999,0.0,1.0,43.0,362.0,2.639204740524292,0.22673629988045718,0.0005809281374591357,0.45205275619225027,0.0,2.774839930527378,-2.0510399537160993,161.2353744059801,212.26111011207104,1.0,1.0,1.0,0.0,1.0,0.4562889635562897,2.0930047035217285,11.7624099382665,74.0,1.0,176.0,286.4397442860159
231.0,0.0,172.0,10.195898022279161,1.0,0.8149779901005317,0.5,0.0,nan,0.03683834048640916,0.0,1.0,60.0,529.0,4.986095070838928,0.12137775145333762,0.002141608348519952,0.23822118249453617,0.0,-12.478068088646978,0.474474121874664,210.93125042319298,273.6683746278286,,,,,,,,,,,,
232.0,0.0,145.0,8.15934580929578,1.0,0.761983472578796,0.5319148936170213,0.0,nan,0.036781115879828324,0.0,1.0,47.0,368.0,1.9334502518177032,0.1646165346738897,0.0006899972548546351,0.327618972095,0.0,-7.520620070863515,-4.695518554653972,204.52003419399261,256.5336172580719,,,,,,,,,,,,
233.0,0.0,145.0,8.508639017138641,1.0,0.8778570018097395,0.47058823529411764,0.0,nan,0.036723891273247496,0.0,1.0,51.0,433.0,2.5811566710472107,0.09941422776660147,0.00038731723223506265,0.19768963649107008,0.0,-3.6992386830970645,10.611378883942962,178.7900024652481,229.97809281945229,,,,,,,,,,,,
234.0,0.0,144.0,8.081314484570187,1.0,0.9431152546001758,0.29411764705882354,0.0,nan,0.03666666666666667,0.0,1.0,51.0,442.0,2.1334513425827026,0.1667234923990577,0.021122053346303904,0.2898729768657802,0.0,-29.34600496443454,29.069543051125947,147.63496792316437,219.27952525019646,,,,,,,,,,,,
235.0,0.0,175.0,8.419843245893727,1.0,0.9632158494230575,0.29545454545454547,0.0,nan,0.03660944206008584,0.0,1.0,44.0,381.0,2.9861656427383423,0.15935713077246305,0.0006516282796127371,0.31713267269025636,0.0,-11.261873834300786,-1.493822638061829,202.48128286004066,277.21420949697495,,,,,,,,,,,,
236.0,0.0,167.0,10.486060400940499,1.0,0.8586512333209068,0.4142857142857143,0.0,nan,0.03655221745350501,0.0,1.0,70.0,617.0,3.467207759618759,0.03329320992745011,0.003226660367833034,0.059225810620175956,0.0,11.224236628971994,9.181639350368641,117.08604657649994,195.11921727657318,,,,,,,,,,,,
237.0,0.0,155.0,8.210042902380238,1.0,0.9031576775537575,0.3695652173913043,0.0,nan,0.03649499284692418,0.0,1.0,46.0,398.0,2.547289252281189,0.15226655115247922,0.034710908608118984,0.23491649405609705,0.0,1.9763729413971305,23.372878583148122,176.11802451312542,266.43967747688293,,,,,,,,,,,,
238.0,0.0,105.0,7.887675535082824,1.0,0.9283028086159195,0.38095238095238093,0.0,nan,0.03643776824034335,0.0,1.0,42.0,339.0,2.39410662651062,0.13774515716022506,0.0008145138786392891,0.2735692108971506,0.0,2.8374190437607467,-8.1496795527637,180.36032627522945,258.10116788744926,,,,,,,,,,,,
239.0,0.0,187.0,8.60877168238164,1.0,0.9330925478525404,0.3829787234042553,0.0,nan,0.03638054363376252,0.0,1.0,47.0,406.0,2.521078050136566,0.14029711676505485,0.0012417722911544082,0.2778639450263811,0.0,-4.29860725090839,0.7479157792404294,193.31588904559612,260.1570118367672,,,,,,,,,,,,
240.0,0.0,145.0,5.61838662855329,0.25,0.9255370760347266,0.3064516129032258,0.0,0.0,0.036323319027181694,0.0,1.0,62.0,567.0,6.85485053062439,1.1683806487983475,0.2125967312731829,1.9041773126273682,0.0,70.61055457004113,-66.17371037881821,269.2499684691429,345.02273973822594,1.0,1.0,1.0,0.0,1.0,0.32461848855018616,2.461280345916748,11.75186889397446,75.0,1.0,176.0,287.6951564157012
241.0,0.0,98.0,3.3798432429134944,0.0,0.8349397057431848,0.37777777777777777,0.0,nan,0.03626609442060086,0.0,1.0,45.0,392.0,4.096325993537903,0.5804799564282916,0.07205852808576552,1.0116581831773033,0.0,30.27326977159828,39.653469413518906,331.45572409033775,411.94486367702484,,,,,,,,,,,,
242.0,0.0,177.0,8.314843577146549,0.5,0.8905274493870455,0.4375,0.0,nan,0.03620886981402003,0.0,1.0,64.0,570.0,6.5478514432907104,0.6567156607395646,0.1031128172175488,1.1028456097449197,0.0,-67.02428133971989,-33.298149718903005,228.23658350110054,314.65110808610916,,,,,,,,,,,,
243.0,0.0,173.0,7.663264514356857,1.0,0.8849978359470627,0.34146341463414637,0.0,nan,0.0361516452074392,0.0,1.0,41.0,351.0,3.428552985191345,0.29256705756483825,0.0018729971255169175,0.5809967526439084,0.0,-17.33761989325285,-5.771799277514219,271.8240348994732,353.258067548275,,,,,,,,,,,,
244.0,0.0,166.0,9.614366980567588,1.0,0.7899997362613325,0.5,0.0,nan,0.03609442060085837,0.0,1.0,64.0,553.0,3.161273181438446,0.1574000223210703,0.0029047586313186743,0.30872072741927026,0.0,-4.2680340167135,-29.023266949225217,203.67545303702354,299.99047768116,,,,,,,,,,,,
245.0,0.0,155.0,9.253378472700728,1.0,0.8080241058570202,0.5471698113207547,0.0,nan,0.03603719599427754,0.0,1.0,53.0,451.0,3.588694989681244,0.15762606784426225,0.004220623111764077,0.30656671265926594,0.0,-3.7501661498099566,-29.341446940263268,273.34220737218857,360.7142021358013,,,,,,,,,,,,
246.0,0.0,194.0,9.891461898684522,1.0,0.9153528250246492,0.36764705882352944,0.0,nan,0.035979971387696714,0.0,1.0,68.0,623.0,2.907320111989975,0.12315274678161359,0.020242129512645493,0.20375350018982957,0.0,44.57500204676762,9.211944558657706,240.91397830843925,323.45086896419525,,,,,,,,,,,,
247.0,0.0,163.0,7.725056779682642,1.0,0.8937445578212055,0.34146341463414637,0.0,nan,0.035922746781115886,0.0,1.0,41.0,348.0,3.2242631316184998,0.23114616389375442,0.0017237640226639428,0.45856732684638724,0.0,-7.836425572633743,-1.068738779053092,303.6133201122284,371.83153104782104,,,,,,,,,,,,
248.0,0.0,154.0,9.806635135486738,1.0,0.8672684086957324,0.42857142857142855,0.0,nan,0.03586552217453505,0.0,1.0,56.0,497.0,3.9686591625213623,0.11050695540205879,0.00019007224790357213,0.22035666905789952,0.0,-8.519189741462469,-6.4180030529387295,303.1268551647663,378.4486600756645,,,,,,,,,,,,
249.0,0.0,137.0,8.204840194135912,1.0,0.8631061070781605,0.3953488372093023,0.0,nan,0.03580829756795422,0.0,1.0,43.0,372.0,1.7215266525745392,0.12699490188776963,0.0001717420731837116,0.2533437788325621,0.0,1.1785643744515255,18.081544689368457,277.4292026758194,351.65472054481506,,,,,,,,,,,,
250.0,0.0,140.0,9.358869211375728,1.0,0.8134434307106776,0.3793103448275862,0.0,0.0,0.03575107296137339,0.0,1.0,58.0,465.0,3.655718505382538,0.1438937094866901,0.0010505255279422698,0.28540844762537043,0.0,2.7053007724462077,-10.64779325015843,268.2669163942337,340.5500657558441,1.0,1.0,1.0,0.0,1.0,0.2297627329826355,2.3542709350585938,11.767699360148981,80.0,1.0,180.0,298.8964268293235
251.0,0.0,153.0,9.141723766848457,1.0,0.8474644598018191,0.4423076923076923,0.0,nan,0.035693848354792564,0.0,0.0,52.0,443.0,2.196702539920807,0.34250721497049597,0.24439091225051301,0.19593026257485424,-0.405307412147522,-3.9491815257351846,-21.195525661867578,261.5864327251911,331.83950221538544,,,,,,,,,,,,
252.0,0.0,157.0,9.005311339693156,1.0,0.8899250470548858,0.38181818181818183,0.0,nan,0.035636623748211735,0.0,0.0,55.0,478.0,2.749496877193451,0.28522494203923543,0.1983635473089935,0.1733102772204304,-0.405307412147522,3.8969277353025973,-7.317636865540408,264.06361481547356,334.68466848134995,,,,,,,,,,,,
253.0,0.0,134.0,7.530006290264435,1.0,0.8887015770287437,0.3684210526315789,0.0,nan,0.0355793991416309,0.0,0.0,38.0,311.0,1.1863742768764496,0.5029643598349196,0.3469616130437563,0.311634606095887,-0.405307412147522,11.969252030365169,-11.006934426375665,291.68509191274643,364.5314830541611,,,,,,,,,,,,
254.0,0.0,61.0,1.4443020181357875,0.0,0.8240905382526209,0.36666666666666664,0.0,nan,0.03552217453505008,0.0,0.0,30.0,244.0,10.119102239608765,1.7555152497350426,0.2901717467735616,2.9271568535313914,-0.4147403521127388,-22.29820276821246,22.02822876782691,306.71090326152864,382.4894410430408,,,,,,,,,,,,
255.0,0.0,80.0,7.065880688950423,1.0,0.8738427639155152,0.3333333333333333,0.0,nan,0.03546494992846924,0.0,0.0,36.0,273.0,1.6350184679031372,0.4963546384519528,0.27945622832528,0.43351318238842,-0.40920073282904923,-12.41837245086208,-8.612230972386897,330.7662861943245,410.5793753862381,,,,,,,,,,,,
256.0,0.0,104.0,7.24311973355711,1.0,0.914022992063676,0.34210526315789475,0.0,nan,0.03540772532188841,0.0,0.0,38.0,289.0,1.387278825044632,0.384864453502928,0.2908671820563487,0.18769255163120047,-0.405307412147522,4.906575546832755,-0.2702378877438605,288.9375893473625,388.3973149061203,,,,,,,,,,,,
257.0,0.0,143.0,9.00772753097118,1.0,0.9325177732186342,0.3137254901960784,0.0,nan,0.035350500715307584,0.0,0.0,51.0,430.0,3.0534324049949646,0.4693440252252934,0.3070511708451097,0.32429434068957624,-0.405307412147522,40.70123296789825,8.978331692982465,320.4439949989319,426.30079996585846,,,,,,,,,,,,
258.0,0.0,174.0,9.127807941734805,1.0,0.9050068075454415,0.37735849056603776,0.0,nan,0.035293276108726755,0.0,0.0,53.0,467.0,2.350832462310791,0.9022860693932326,0.8129161996801634,0.17696070625671823,-0.405307412147522,-27.668899776414037,-10.287468965630978,340.93857514858246,432.8696573972702,,,,,,,,,,,,
259.0,0.0,39.0,0.6057195222377776,0.0,0.7214449731800934,0.45,0.0,nan,0.035236051502145926,0.0,0.0,20.0,156.0,12.644311428070068,2.0196110931079976,0.3592579570085478,3.30840135192876,-0.4693208608107689,-91.92302968563178,-40.913769856477394,343.42838013477814,432.87521597055286,,,,,,,,,,,,
260.0,0.0,163.0,8.31233919635416,1.0,0.759517200544624,0.43478260869565216,0.0,0.0,0.0351788268955651,0.0,0.0,46.0,385.0,2.4890249371528625,0.5980347149634326,0.3144371373600734,0.5669053595388416,-0.405307412147522,2.1799801979213953,-13.151651833672076,361.3045655488968,441.48173546791077,1.0,1.0,1.0,0.0,1.0,0.4828302562236786,2.091864585876465,11.751264978665859,77.0,1.0,180.0,298.90443028956685
261.0,0.0,199.0,9.642415894791501,1.0,0.8958699647954245,0.36666666666666664,0.0,nan,0.03512160228898427,0.0,0.0,60.0,506.0,4.103047251701355,0.4125056750881839,0.3066547754036797,0.21141434612568605,-0.405307412147522,13.656721192412078,-25.60564963426441,321.59804075956345,423.13880956172943,,,,,,,,,,,,
262.0,0.0,157.0,9.32500527290629,1.0,0.8684555849627748,0.36363636363636365,0.0,nan,0.03506437768240343,0.0,0.0,55.0,491.0,2.507474720478058,0.45824726593410503,0.3215929263025592,0.2726864588827502,-0.405307412147522,30.276444472372532,-21.52364022936672,313.76682817935944,417.5325952768326,,,,,,,,,,,,
263.0,0.0,35.0,-0.2460549011826516,0.0,0.7584059448961067,0.5,0.0,nan,0.035007153075822604,0.0,0.0,20.0,140.0,15.68442440032959,2.037647486606394,0.31785221072485936,3.428330566524882,-0.8853637686797551,-21.640583957944596,-5.155391543252128,361.10445513044084,441.2163988385882,,,,,,,,,,,,
264.0,0.0,130.0,8.705460607334981,1.0,0.9317562708976046,0.2916666666666667,0.0,nan,0.034949928469241776,0.0,0.0,48.0,412.0,2.9041491746902466,0.5106040544430925,0.28873607358081316,0.4434248082601005,-0.40560017828829587,-1.3668146906420588,-4.678543029353023,364.553759098053,439.0337266921997,,,,,,,,,,,,
265.0,0.0,147.0,8.604319967851053,1.0,0.8791336533032971,0.3404255319148936,0.0,nan,0.03489270386266095,0.0,0.0,47.0,399.0,2.0885533690452576,0.35919498673615635,0.2727623138828921,0.17259444989106698,-0.405307412147522,-12.452113958075643,-14.858820363879204,311.74398458004,404.7511827945709,,,,,,,,,,,,
266.0,0.0,191.0,10.949014073163292,1.0,0.8316286779487422,0.4925373134328358,0.0,nan,0.03483547925608012,0.0,0.0,67.0,618.0,4.089732885360718,0.3390534614557499,0.2943892483217909,0.08907159550827504,-0.405307412147522,-1.1697798548266292,34.96569024329074,346.70042222738266,433.9653878211975,,,,,,,,,,,,
267.0,0.0,157.0,9.193585174307241,1.0,0.8792987528727528,0.39622641509433965,0.0,nan,0.03477825464949929,0.0,0.0,53.0,464.0,1.9601061940193176,0.38116063966215563,0.3109221725749685,0.140223774687256,-0.405307412147522,38.539249817375094,-4.654597352258861,298.71151226758957,396.93937426805496,,,,,,,,,,,,
268.0,0.0,52.0,1.1628741431236267,0.0,0.8900266695803651,0.38461538461538464,0.0,nan,0.03472103004291846,0.0,0.0,26.0,208.0,8.195800542831421,1.5131158498855326,0.3193735877659448,2.3785075793810813,-0.4055307928759318,-16.146498646873695,-138.88451477770622,327.86263436537524,420.9631903721736,,,,,,,,,,,,
269.0,0.0,156.0,10.201304414644854,1.0,0.878289860438676,0.4406779661016949,0.0,nan,0.034663805436337625,0.0,0.0,59.0,544.0,3.870596706867218,0.46522404391323846,0.315606980546688,0.29893609587990055,-0.405307412147522,-15.247815559618175,6.162468513473868,301.6236892044544,369.2997675836086,,,,,,,,,,,,
270.0,0.0,45.0,0.24723647832870477,0.0,0.8428037485822426,0.44,0.0,0.0,0.034606580829756796,0.0,0.0,25.0,180.0,15.448722124099731,1.9667011914054808,0.32913127035897427,3.272520672634134,-0.8941667768690321,-34.77737465434604,-19.139583093590208,287.48306725819907,421.46227298312715,1.0,1.0,1.0,0.0,1.0,0.47392162680625916,2.1252903938293457,11.759796763886698,77.0,1.0,179.0,296.4107462978366
271.0,0.0,95.0,4.225195482522256,0.5,0.8963614119211935,0.4,0.0,nan,0.03454935622317597,0.0,0.0,40.0,339.0,5.325350046157837,1.1639142281130859,0.2994804546220089,1.7280644268415557,-1.0214830720797181,25.03464642819017,-7.1663898611441255,361.0141657590866,429.3607279062271,,,,,,,,,,,,
272.0,0.0,70.0,1.3397463440895114,0.0,0.8451253640622884,0.4411764705882353,0.0,nan,0.03449213161659514,0.0,0.0,34.0,280.0,10.145592212677002,1.3945668416212378,0.3236146661605829,2.1407407885573555,-0.9701487962156534,-51.529497956857085,28.363555646617897,301.22440810501575,373.11810171604156,,,,,,,,,,,,
273.0,0.0,146.0,8.595668018981824,1.0,0.7880066163355873,0.4489795918367347,0.0,nan,0.03443490701001431,0.0,0.0,49.0,405.0,2.174574315547943,0.5064191923247563,0.30041974432788265,0.4116851539495445,-0.434663268039003,19.44707907299744,-0.05234692431986332,354.6109883785248,427.71593475341797,,,,,,,,,,,,
274.0,0.0,122.0,8.289079327210793,1.0,0.8420926131105759,0.4897959183673469,0.0,nan,0.03437768240343348,0.0,0.0,49.0,407.0,1.483901172876358,0.33099384374660956,0.28520625575828346,0.09114274467663874,-0.6682765989098698,9.725564871914685,16.092906925827265,204.77459213137627,263.7327046394348,,,,,,,,,,,,
275.0,0.0,171.0,9.364990285038962,1.0,0.9412673097108297,0.34615384615384615,0.0,nan,0.03432045779685265,0.0,0.0,52.0,460.0,2.960602879524231,0.4055474090066073,0.29899901234996323,0.21283564542852365,-0.5687660232651979,3.3768107211217284,-25.507759119849652,139.84104511886835,210.68979036808014,,,,,,,,,,,,
276.0,0.0,63.0,3.6334113839268696,0.25,0.8206398905889883,0.5172413793103449,0.0,nan,0.034263233190271816,0.0,0.0,29.0,213.0,4.81285548210144,0.7749839284642857,0.3106182662763327,0.9285263056685632,-0.4094467171480958,-37.856390949705954,24.294000324508954,180.3894380739597,257.8858347789782,,,,,,,,,,,,
277.0,0.0,157.0,9.218523347675815,1.0,0.8716639532671924,0.3333333333333333,0.0,nan,0.034206008583690994,0.0,0.0,57.0,493.0,2.4675963521003723,0.3880842786542446,0.28711933220748986,0.20173703644092814,-0.4561549318023026,2.835899799130857,-9.323872605338693,80.81690104305744,119.43934177607298,,,,,,,,,,,,
278.0,0.0,121.0,7.771178165227181,1.0,0.8979245619049507,0.43902439024390244,0.0,nan,0.03414878397711016,0.0,0.0,41.0,354.0,1.4469125270843506,0.41018482374933285,0.3397758468717761,0.1406100117826603,-0.48336088564246893,-6.922076257877052,-8.139437613077462,97.3523120097816,154.45056220889091,,,,,,,,,,,,
279.0,0.0,178.0,9.118874630071236,1.0,0.8451259566134575,0.39655172413793105,0.0,nan,0.03409155937052933,0.0,0.0,58.0,523.0,2.9982377886772156,0.38776983309373286,0.295008770960556,0.18527039776132975,-0.405307412147522,-2.8553217006847262,-5.496514792786911,83.37533284164965,144.14900438115,,,,,,,,,,,,
280.0,0.0,161.0,9.031340461447847,1.0,0.7699900239739924,0.5370370370370371,0.0,0.0,0.0340343347639485,0.0,0.0,54.0,446.0,2.5814570784568787,0.38801142522923104,0.3005225219102665,0.1747609982620939,-0.4392528219614178,0.8288380391895771,9.88485150784254,120.57943636365235,204.57382087409496,1.0,1.0,1.0,0.0,1.0,0.500929594039917,2.0357584953308105,11.761704326374456,77.0,1.0,179.0,295.1620976841453
281.0,0.0,200.0,8.44341800715776,0.75,0.8756633033132961,0.3898305084745763,0.0,nan,0.033977110157367665,0.0,0.0,59.0,520.0,2.9217952489852905,0.3916230405756309,0.29121443050787454,0.20057548958779958,-0.405307412147522,-1.7500136573798954,11.519598866812885,155.52641195058823,259.1786833703518,,,,,,,,,,,,
282.0,0.0,113.0,7.890379737988122,1.0,0.8325255041429865,0.3617021276595745,0.0,nan,0.033919885550786844,0.0,0.0,47.0,393.0,2.3906676173210144,0.4875788867989712,0.30881858320251954,0.3567718136430412,-0.405307412147522,-6.544490780681372,14.44383293041028,118.68855115771294,186.64807303249836,,,,,,,,,,,,
283.0,0.0,199.0,9.622115876115874,1.0,0.9387893347910704,0.3442622950819672,0.0,nan,0.03386266094420601,0.0,0.0,61.0,549.0,3.3045756816864014,0.39814546605782475,0.3132378596074048,0.16960002808049746,-0.405307412147522,6.3850517550017685,1.8270803573541343,112.69052582979202,168.94128347933292,,,,,,,,,,,,
284.0,0.0,145.0,8.652695311233412,1.0,0.8530969549385153,0.4807692307692308,0.0,nan,0.033805436337625186,0.0,0.0,52.0,450.0,2.2253134846687317,0.40315191610389434,0.3281913853635303,0.14936832121906013,-0.405307412147522,6.572201628936455,2.1942527848295867,153.85590060055256,213.52729779481888,,,,,,,,,,,,
285.0,0.0,110.0,7.295033221766357,1.0,0.7883938485245129,0.4722222222222222,0.0,nan,0.03374821173104435,0.0,0.0,36.0,297.0,1.6545064151287079,0.7096998813904065,0.5817463052113182,0.25565445368225354,-0.405307412147522,-14.068453093408607,15.599960191175342,141.26410879194736,210.22906640172005,,,,,,,,,,,,
286.0,0.0,192.0,8.135347898295159,1.0,0.8772877082741463,0.36,0.0,nan,0.03369098712446352,0.0,0.0,50.0,426.0,2.2864335775375366,0.4749628199580229,0.31194980079278384,0.3256801514691663,-0.4095704641658813,24.817218091571704,-19.522318004863337,206.84938352555037,274.47526997327805,,,,,,,,,,,,
287.0,0.0,172.0,7.148091081082839,0.5,0.8323150744091041,0.47619047619047616,0.0,nan,0.03363376251788269,0.0,0.0,63.0,558.0,3.9516807198524475,0.7911266233361971,0.31923204540321803,0.9376784379908925,-0.44067844026722014,-20.2342800993938,-20.79979699663818,265.24466817080975,364.7481499016285,,,,,,,,,,,,
288.0,0.0,115.0,7.805149416858339,1.0,0.8595330235292384,0.41304347826086957,0.0,nan,0.033576537911301864,0.0,0.0,46.0,405.0,1.0780572593212128,0.43365860488797026,0.2885724266554656,0.2897997411410454,-0.405307412147522,2.5428231731057167,9.890237944433466,168.3113227635622,219.52655026316643,,,,,,,,,,,,
289.0,0.0,157.0,8.755091401413093,1.0,0.8230583881851617,0.39622641509433965,0.0,nan,0.033519313304721035,0.0,0.0,53.0,456.0,2.494381844997406,0.3764660248236016,0.27532419949757014,0.20205963441212538,-0.405307412147522,1.2072672948706895,0.017579248873516917,90.31003561243415,132.96424786746502,,,,,,,,,,,,
290.0,0.0,187.0,9.5551023938507,1.0,0.8760233522173448,0.35135135135135137,0.0,0.19999999999999996,0.0334620886981402,0.0,0.0,74.0,627.0,1.8721403628587723,0.5085987598259152,0.43469769392792823,0.14762465181332063,-0.405307412147522,3.976898546796292,-5.478363797534257,82.30496178753674,146.49300326406956,1.0,0.0,0.75,0.0,0.75,0.5687078237533569,2.1718387603759766,10.212737553214538,85.0,1.0,200.0,299.9261259641502
291.0,0.0,167.0,8.677582362666739,1.0,0.8348224546806238,0.36666666666666664,0.0,nan,0.03340486409155937,0.0,0.0,60.0,525.0,1.9135311543941498,0.47391742268530024,0.39897591593145076,0.1496966968360155,-0.405307412147522,-1.1732854121364653,5.604951094370335,78.49867483228445,120.52853445708752,,,,,,,,,,,,
292.0,0.0,87.0,7.230362538993363,1.0,0.7331576358616468,0.5,0.0,nan,0.03334763948497854,0.0,0.0,36.0,295.0,1.1636745035648346,0.38070576875913353,0.24402505700226498,0.2731063717979918,-0.405307412147522,-5.448123706737533,3.297256528167054,83.98036707378924,148.2096163034439,,,,,,,,,,,,
293.0,0.0,147.0,9.829568894282001,1.0,0.8463211323212809,0.40625,0.0,nan,0.03329041487839771,0.0,0.0,64.0,547.0,3.6846876740455627,0.42607182755793716,0.3554104101339162,0.14109666343557423,-0.405307412147522,-9.212402586592361,-4.763016569952015,68.41024020360783,123.05211737751961,,,,,,,,,,,,
294.0,0.0,200.0,7.35819176368417,0.75,0.8166039505082004,0.3898305084745763,0.0,nan,0.033233190271816884,0.0,0.0,59.0,522.0,4.559914469718933,1.4661696048767539,0.31158945567271545,2.3079388818230377,-0.9490602421574295,-9.44734023627825,4.87237745069433,66.8592536682263,156.36485140025616,,,,,,,,,,,,
295.0,0.0,151.0,9.989275191947835,1.0,0.7464579653315738,0.49122807017543857,0.0,nan,0.03317596566523605,0.0,0.0,57.0,516.0,4.021959543228149,1.6894193197084526,1.560943145232725,0.25671967765999876,-0.4057532586157322,-15.330743474536575,-1.9982712742639706,132.05467395484447,164.5775448679924,,,,,,,,,,,,
296.0,0.0,144.0,8.302210966721185,1.0,0.8381570363840332,0.425531914893617,0.0,nan,0.03311874105865523,0.0,0.0,47.0,381.0,2.1592162251472473,0.41178550261237135,0.3186626225414056,0.18601210767206067,-0.4059939431026578,-3.6834652272518724,0.4016107943607494,142.38732467591763,189.95998038351536,,,,,,,,,,,,
297.0,0.0,161.0,9.556481031738237,1.0,0.9039648063147981,0.288135593220339,0.0,nan,0.03306151645207439,0.0,0.0,59.0,516.0,4.083747744560242,0.3967035850696519,0.28321796893080553,0.2267238877483399,-0.405307412147522,1.9235716704279184,-9.416760087769944,79.63032651692629,113.35258392989635,,,,,,,,,,,,
298.0,0.0,167.0,9.088199536278859,1.0,0.8491192330100792,0.36923076923076925,0.0,nan,0.03300429184549357,0.0,0.0,65.0,584.0,1.732254184782505,0.3410960200004638,0.28766524514744574,0.10504150162056342,-0.405307412147522,-2.65107444440946,8.53414108697325,71.12832777947187,110.98711708188057,,,,,,,,,,,,
299.0,0.0,160.0,9.267791811823859,1.0,0.8525694362603349,0.3090909090909091,0.0,nan,0.03294706723891273,0.0,0.0,55.0,492.0,1.9956127107143402,0.34618251573780157,0.2905791992962234,0.11099686346547837,-0.405307412147522,2.1177924117073417,6.388031990150921,101.12784593552351,149.16234182566404,,,,,,,,,,,,
300.0,0.0,184.0,9.220856237113491,1.0,0.8532545735494628,0.375,0.0,0.19999999999999996,0.032889842632331905,0.0,0.0,64.0,577.0,1.6673280000686646,0.36714434208855096,0.31379792778122245,0.10613098655401121,-0.405307412147522,2.458062051096931,11.98413706687279,66.63415105268359,98.1389045715332,1.0,1.0,1.0,0.0,1.0,0.3946164548397064,2.105409622192383,11.773933016462252,74.0,1.0,174.0,242.71091736968634
301.0,0.0,200.0,8.385731505099699,1.0,0.7725176991230495,0.34615384615384615,0.0,nan,0.032832618025751076,0.0,0.0,52.0,469.0,1.0269445478916168,0.3399438670022903,0.3053180607803488,0.06900106187846688,-0.405307412147522,-0.1523272602353245,0.9740005583153106,21.7467591650784,51.75427685305476,,,,,,,,,,,,
302.0,0.0,24.0,-0.07667469024658202,0.0,0.6027668251974929,0.5333333333333333,0.0,nan,0.03277539341917024,0.0,0.0,15.0,96.0,14.332008600234985,2.0140522956131313,0.3090889437668862,3.40186481864248,-0.7884633230666319,133.55279310854772,119.58883903423946,287.56791805227596,324.4166107575099,,,,,,,,,,,,
303.0,0.0,151.0,7.717762007117278,1.0,0.8073367465010087,0.40384615384615385,0.0,nan,0.03271816881258942,0.0,0.0,52.0,438.0,2.7719606757164,0.49809364572220716,0.30745483723908934,0.3809062284458993,-0.405307412147522,16.21631788602099,-0.6246171267703176,102.50518261641264,144.4690126478672,,,,,,,,,,,,
304.0,0.0,161.0,8.305430192910148,1.0,0.9075925527090581,0.3541666666666667,0.0,nan,0.03266094420600858,0.0,0.0,48.0,426.0,2.8573983907699585,0.4104653443372115,0.30033460230439857,0.2200361991052755,-0.405307412147522,-4.041383774660062,-3.412868353538215,93.08803229406476,123.23997761309147,,,,,,,,,,,,
305.0,0.0,196.0,8.459521692767751,1.0,0.9403274494879384,0.28,0.0,nan,0.03260371959942776,0.0,0.0,50.0,424.0,4.252051472663879,0.43267870609525083,0.27942835035622743,0.3062365489087357,-0.405307412147522,2.0100682522170246,-4.148251617734786,65.48962193354964,95.25647991150618,,,,,,,,,,,,
306.0,0.0,141.0,7.68128981105984,1.0,0.9077581707607868,0.2894736842105263,0.0,nan,0.032546494992846925,0.0,0.0,38.0,335.0,1.6358746588230133,0.3656947383324507,0.2569226592032756,0.21729236748820918,-0.405307412147522,-2.0680588961113244,-6.480683981440961,110.26095759123564,181.02311927080154,,,,,,,,,,,,
307.0,0.0,200.0,8.348587814401851,0.75,0.733729447739708,0.38596491228070173,0.0,nan,0.032489270386266096,0.0,0.0,57.0,514.0,2.714824616909027,0.5591915297940946,0.3989213899452459,0.3189690125316218,-0.405307412147522,11.847110353060998,-24.088234789902344,124.2928874567151,206.40435653924942,,,,,,,,,,,,
308.0,0.0,173.0,8.509035239629458,1.0,0.7756683677573881,0.42592592592592593,0.0,nan,0.03243204577968527,0.0,0.0,54.0,472.0,1.2817969918251038,0.3886317779430879,0.34686505089720393,0.08293829397871955,-0.405307412147522,-0.7418449302203953,-4.332262090552831,109.819361127913,152.38471545279026,,,,,,,,,,,,
309.0,0.0,145.0,7.901719023762281,1.0,0.7814053741065123,0.37777777777777777,0.0,nan,0.03237482117310444,0.0,0.0,45.0,399.0,3.039768934249878,0.47551743600728,0.30628322899132804,0.33780867750108357,-0.405307412147522,-7.246245342190377,-21.440980174578726,159.31518632173538,189.15346910059452,,,,,,,,,,,,
310.0,0.0,164.0,8.490284240320335,1.0,0.7791800481914251,0.35714285714285715,0.0,0.4,0.03231759656652361,0.0,0.0,56.0,492.0,0.9287880510091782,0.4036240711589336,0.3340839184970372,0.138858494611942,-0.405307412147522,-10.5186144025065,-8.986328548227903,120.28230278380215,152.70881202071905,1.0,0.0,0.75,0.0,0.75,0.03715696930885315,1.3133913278579712,10.737019202206284,87.0,1.0,200.0,279.21170578617637
311.0,0.0,136.0,7.65053497854621,1.0,0.8683192241250143,0.41304347826086957,0.0,nan,0.032260371959942774,0.0,0.0,46.0,376.0,2.12873238325119,0.5780268127642065,0.4618875840172923,0.23196259894106686,-0.405307412147522,2.6341060865670443,-6.522295117843896,111.1746998988092,128.09960117563605,,,,,,,,,,,,
312.0,0.0,196.0,10.228538254201434,1.0,0.8653422470520816,0.34285714285714286,0.0,nan,0.03220314735336195,0.0,0.0,70.0,618.0,2.0198289453983307,0.4248160543602161,0.35668488829146094,0.136039899415353,-0.405307412147522,6.526279442477971,-3.3086231108754873,88.37495124712586,109.27166892588139,,,,,,,,,,,,
313.0,0.0,149.0,7.743465176075704,1.0,0.8648682061169012,0.3902439024390244,0.0,nan,0.032145922746781116,0.0,0.0,41.0,346.0,2.538420617580414,0.4242109265561709,0.2626713572428856,0.3228572483137997,-0.40915922285057604,2.7517816992476583,14.868585994001478,113.89772417768836,151.85780838504434,,,,,,,,,,,,
314.0,0.0,138.0,8.349007720053207,1.0,0.8913793157613439,0.3695652173913043,0.0,nan,0.03208869814020029,0.0,0.0,46.0,393.0,2.4923909306526184,0.3943702490209051,0.3061547969207261,0.17619864943015795,-0.405307412147522,-9.703651498886757,-14.206689356360584,102.31584572792053,125.30013586580753,,,,,,,,,,,,
315.0,0.0,141.0,7.701947610937064,1.0,0.8622245390765172,0.40816326530612246,0.0,nan,0.03203147353361946,0.0,0.0,49.0,423.0,1.2009899616241455,0.39651849301551145,0.31314704976752206,0.16617390559382983,-0.4059561416506767,-22.714804738294333,12.356837145518512,148.6695610396564,197.56355688720942,,,,,,,,,,,,
316.0,0.0,183.0,9.149186198338882,1.0,0.8450198899542108,0.4067796610169492,0.0,nan,0.03197424892703863,0.0,0.0,59.0,513.0,2.086379289627075,0.32969868578916894,0.27130785143232,0.11661252934175692,-0.405307412147522,0.10266184757347219,-8.723867668421008,70.99766573682427,96.721540145576,,,,,,,,,,,,
317.0,0.0,125.0,6.755002105459573,1.0,0.8143051482481601,0.45454545454545453,0.0,nan,0.0319170243204578,0.0,0.0,44.0,386.0,0.8895482271909714,0.4192273369898327,0.3420376248623999,0.15407874937184207,-0.405307412147522,24.249006926547736,-8.004307902650908,94.74188715778291,116.7712470702827,,,,,,,,,,,,
318.0,0.0,181.0,9.158480868376804,1.0,0.9046653499343195,0.3584905660377358,0.0,nan,0.031859799713876966,0.0,0.0,53.0,472.0,2.043731451034546,0.3975887962257616,0.2981896948912373,0.19852368040792742,-0.405307412147522,-0.30049105477519333,7.283481602469692,124.43458790890872,155.38112069666386,,,,,,,,,,,,
319.0,0.0,200.0,7.320932629480979,0.5,0.8481990751135564,0.34285714285714286,0.0,nan,0.031802575107296144,0.0,0.0,70.0,609.0,4.358801573514938,0.8534901639742101,0.3018103011914718,1.1030663578674038,-0.405307412147522,0.3517041630111635,15.738733788057289,41.821781262755394,69.76085854321718,,,,,,,,,,,,
320.0,0.0,190.0,9.782741037383694,1.0,0.9019879074773038,0.3968253968253968,0.0,0.4,0.03174535050071531,0.0,0.0,63.0,555.0,3.715335249900818,0.4967067300054755,0.3209222394897221,0.35135676924892545,-0.405307412147522,7.920270983828232,-8.23396231699735,137.0616348553449,170.16483035683632,1.0,1.0,1.0,0.0,1.0,0.23412799835205078,2.030914783477783,11.718799781985581,77.0,1.0,175.0,265.2212170297283
321.0,0.0,157.0,9.028840550333275,1.0,0.9003004698858539,0.36538461538461536,0.0,nan,0.03168812589413448,0.0,0.0,52.0,448.0,2.476365387439728,0.3912727871324859,0.32660243755899393,0.12907496925396536,-0.405307412147522,-9.9970134497853,6.35825233606738,73.6477319393307,107.92063675820827,,,,,,,,,,,,
322.0,0.0,126.0,8.183061188608416,1.0,0.7631639826451874,0.5,0.0,nan,0.03163090128755365,0.0,0.0,44.0,374.0,1.8311825692653656,0.4733550500812389,0.30981922676352686,0.32674978721656434,-0.405307412147522,11.232136253383942,-1.5215678461827338,136.70192613452673,197.50588138401508,,,,,,,,,,,,
323.0,0.0,146.0,8.933630619719636,1.0,0.853870086076236,0.40350877192982454,0.0,nan,0.031573676680972815,0.0,0.0,57.0,499.0,2.2696417570114136,0.37692215596170886,0.2768240914905645,0.19996965205752465,-0.405307412147522,11.444346888863947,-9.051036729710177,66.84427177906036,97.99998335912824,,,,,,,,,,,,
324.0,0.0,200.0,8.971786254998314,0.75,0.9095550821807049,0.3283582089552239,0.0,nan,0.03151645207439199,0.0,0.0,67.0,592.0,3.6323318481445312,0.5924152777743217,0.31481408184588167,0.5548748440736826,-0.405307412147522,1.21447250014171,-3.8176307539106347,71.584556998685,168.89337991178036,,,,,,,,,,,,
325.0,0.0,182.0,8.283716611731808,1.0,0.8338656326805206,0.3888888888888889,0.0,nan,0.03145922746781116,0.0,0.0,54.0,472.0,2.3862773180007935,0.415918377774382,0.2817547382248246,0.26805465878993406,-0.405307412147522,-3.2110280049964786,-7.113705997588113,98.21597341448069,188.15673384070396,,,,,,,,,,,,
326.0,0.0,177.0,9.58261901002379,1.0,0.7213149822673993,0.5245901639344263,0.0,nan,0.031402002861230335,0.0,0.0,61.0,533.0,2.1628251671791077,0.5165084598854861,0.3443569602106938,0.34386486798913074,-0.405307412147522,15.191263334359974,21.983527219388634,125.7510346993804,161.85592751204967,,,,,,,,,,,,
327.0,0.0,147.0,9.519993736892957,1.0,0.7752912830072314,0.4838709677419355,0.0,nan,0.0313447782546495,0.0,0.0,62.0,533.0,1.7906103730201721,0.38153021576717094,0.260951743122782,0.2409268340133517,-0.405307412147522,6.071732508717105,10.977053244132549,128.38999864459038,178.76432810723782,,,,,,,,,,,,
328.0,0.0,200.0,6.390788187626756,0.75,0.8133606216848133,0.4444444444444444,0.0,nan,0.03128755364806867,0.0,0.0,54.0,452.0,2.417747974395752,0.6749510736850624,0.3561543005389831,0.6372604593537514,-0.405307412147522,-13.735226146876812,-11.291304063983262,106.22470478527248,174.09663447737694,,,,,,,,,,,,
329.0,0.0,166.0,9.871667473129945,1.0,0.7961503433264017,0.4,0.0,nan,0.031230329041487842,0.0,0.0,60.0,533.0,2.9639773964881897,0.39538932874106547,0.2762827990155118,0.23797045308832232,-0.405307412147522,-4.515813364763744,-5.851430593756959,95.40395774692297,128.48808148503304,,,,,,,,,,,,
330.0,0.0,139.0,8.158929044604312,1.0,0.7947865868110046,0.4166666666666667,0.0,0.4,0.031173104434907013,0.0,0.0,48.0,396.0,2.013543963432312,0.3996457684350929,0.31586975925876426,0.1674255132016225,-0.405307412147522,11.51762429298833,-6.0809800325660035,62.391396990045905,82.02017477154732,1.0,1.0,1.0,0.0,1.0,0.369872123003006,2.3729944229125977,11.734619740745984,77.0,1.0,179.0,257.6769433822858
331.0,0.0,121.0,6.300418761633339,1.0,0.8757635925986452,0.42424242424242425,0.0,nan,0.031115879828326184,0.0,0.0,33.0,257.0,1.3714824318885803,0.5351425319467887,0.4020013145475623,0.26601035983826643,-0.405307412147522,4.697583417408168,-11.515811997436685,92.70832197368145,128.0151942782104,,,,,,,,,,,,
332.0,0.0,141.0,9.03589163195343,1.0,0.9086926239542611,0.32727272727272727,0.0,nan,0.031058655221745352,0.0,0.0,55.0,469.0,1.6063858568668365,0.3667806953932171,0.28588820322820097,0.16148232275213914,-0.405307412147522,12.05528243118897,-15.920953083783388,148.11743359453976,211.66387298703194,,,,,,,,,,,,
333.0,0.0,163.0,8.910648995563403,1.0,0.6895603873286928,0.5178571428571429,0.0,nan,0.031001430615164523,0.0,0.0,56.0,483.0,1.2284399271011353,0.37555895531292904,0.34174055806365605,0.06715463392672438,-0.405307412147522,-3.7761019142344594,11.25431463890709,44.6653938293457,62.25124753266573,,,,,,,,,,,,
334.0,0.0,166.0,7.656644656173893,1.0,0.8883073823635829,0.4,0.0,nan,0.03094420600858369,0.0,0.0,45.0,386.0,1.4825210273265839,0.3980394988341587,0.3200028097874079,0.15587940638386918,-0.405307412147522,4.101922081783414,-2.966645927983336,104.73204870801419,197.67832446098328,,,,,,,,,,,,
335.0,0.0,160.0,8.740276005491626,1.0,0.7707967823905525,0.5,0.0,nan,0.030886981402002866,0.0,0.0,60.0,510.0,1.6841858327388763,0.32880538716124663,0.29248230839626527,0.07227131156720856,-0.405307412147522,6.1928744406905025,-8.452542624087073,61.89876977354288,78.6339633539319,,,,,,,,,,,,
336.0,0.0,200.0,6.197028619274503,0.75,0.715667821489271,0.55,0.0,nan,0.030829756795422034,0.0,0.0,60.0,516.0,3.21314936876297,0.8592934796212335,0.32531177296561764,1.0676700731700342,-0.405307412147522,1.8672662121243775,-10.614131865200761,49.159723167307675,78.97202640399337,,,,,,,,,,,,
337.0,0.0,200.0,9.73725698560478,1.0,0.7801062797374299,0.453125,0.0,nan,0.030772532188841205,0.0,0.0,64.0,567.0,2.3534836173057556,0.3965874877635258,0.2896578362596213,0.21363675146370203,-0.405307412147522,-0.3992420731228776,5.635342288238462,51.27974730776623,74.52827623300254,,,,,,,,,,,,
338.0,0.0,155.0,8.953164048809573,1.0,0.8492654450110239,0.390625,0.0,nan,0.030715307582260373,0.0,0.0,64.0,561.0,1.0155165642499924,0.37230309695231156,0.3014703159492077,0.14148859513143153,-0.405307412147522,0.3162393094971776,-6.980632841587067,60.3586036991328,83.85358604416251,,,,,,,,,,,,
339.0,0.0,125.0,7.9853589215129706,1.0,0.8674452852196716,0.38636363636363635,0.0,nan,0.030658082975679544,0.0,0.0,44.0,372.0,1.0455850660800934,0.41612870219574916,0.3509268478277894,0.1302297661291324,-0.405307412147522,26.462635738309473,8.43132050242275,90.87031298875809,127.29727445170283,,,,,,,,,,,,
340.0,0.0,143.0,8.397223590165389,1.0,0.7770651590004555,0.45454545454545453,0.0,0.20000000000000007,0.030600858369098715,0.0,0.0,55.0,446.0,0.7658501863479614,0.36522998201936474,0.3180509520956622,0.09413187364501832,-0.405307412147522,8.758041400869843,-0.07029637391678989,55.2479392583482,79.64852531254292,1.0,0.0,0.25,0.5,0.25,-0.07975086569786072,2.9250879287719727,7.0068670539185405,37.0,1.0,73.0,5.235721057727937
341.0,0.0,200.0,8.853820988535908,0.75,0.7575563746575881,0.5063291139240507,0.0,nan,0.030543633762517886,0.0,0.0,79.0,715.0,2.48000630736351,0.5669578319104147,0.294385432847448,0.5445769539497964,-0.405307412147522,8.027928030118346,-6.405238374136388,88.64771207608283,117.25487675145268,,,,,,,,,,,,
342.0,0.0,109.0,7.343731934046379,1.0,0.8131516733288533,0.37777777777777777,0.0,nan,0.030486409155937054,0.0,0.0,45.0,382.0,1.1349870264530182,0.4356426457171234,0.3523160678114274,0.16524137917656215,-0.405307412147522,35.08686713804491,3.3020271733403206,201.8371673375368,247.45814445614815,,,,,,,,,,,,
343.0,0.0,187.0,10.086533634774405,1.0,0.819131329381673,0.4507042253521127,0.0,nan,0.030429184549356225,0.0,0.0,71.0,611.0,2.5739859342575073,0.3668593682529888,0.3094624271935518,0.11460682622599244,-0.405307412147522,2.8130047807644587,1.2116060527041554,26.596118427813053,38.153958465904,,,,,,,,,,,,
344.0,0.0,187.0,8.398242598809313,1.0,0.7629483680885764,0.5,0.0,nan,0.030371959942775396,0.0,0.0,52.0,451.0,0.8570214211940765,0.3453508663034551,0.2909697802604916,0.10855291001272027,-0.405307412147522,-9.73171799897682,-3.149994981009513,60.64402702450752,84.19426884502172,,,,,,,,,,,,
345.0,0.0,190.0,10.333396128378826,1.0,0.8287604340153165,0.3968253968253968,0.0,nan,0.030314735336194564,0.0,0.0,63.0,575.0,3.0616944432258606,0.35713119331732557,0.28654557587892077,0.14098884141677082,-0.405307412147522,2.945671089575626,-4.580488876381423,62.91925271693617,78.25006579980254,,,,,,,,,,,,
346.0,0.0,114.0,7.726198269398891,1.0,0.8318133317067742,0.5,0.0,nan,0.030257510729613735,0.0,0.0,42.0,348.0,1.0778376758098602,0.3452928576928649,0.2948957409610889,0.10049329104991188,-0.405307412147522,5.018559196731076,-4.170563626103103,115.0325545296073,140.5865452811122,,,,,,,,,,,,
347.0,0.0,60.0,0.9265493094921119,0.0,0.7340437961348496,0.5454545454545454,0.0,nan,0.030200286123032907,0.0,0.0,33.0,240.0,11.836984395980835,1.5531987783865588,0.3186545085860239,2.4689409201281896,-0.40748432154456776,-46.45281775643428,16.17496760810415,145.25373352766036,199.65582421620687,,,,,,,,,,,,
348.0,0.0,150.0,8.309318438023338,1.0,0.7267453433865788,0.5510204081632653,0.0,nan,0.030143061516452078,0.0,0.0,49.0,411.0,1.4582636952400208,0.4086336108993045,0.28810297063490375,0.24079521904702644,-0.405307412147522,7.103946785442531,4.8971988167613745,124.2881825119257,145.51899668574333,,,,,,,,,,,,
349.0,0.0,27.0,0.11101840019226064,0.0,0.6778801668236408,0.5882352941176471,0.0,nan,0.030085836909871246,0.0,0.0,17.0,108.0,17.09187650680542,1.8209023420743136,0.2980172515602043,3.028175203853994,-0.4391918193410944,-68.59219745353415,-61.493102018479945,161.07435673254508,225.4134612613254,,,,,,,,,,,,
350.0,0.0,142.0,8.980994445197297,1.0,0.6903384810824538,0.5370370370370371,0.0,0.20000000000000007,0.030028612303290417,0.0,0.0,54.0,468.0,2.3892458081245422,0.4587486750039247,0.2821809386150324,0.3528332075757891,-0.405307412147522,-9.934319513849914,9.148607634415384,153.3812005482614,183.00122082978487,1.0,1.0,1.0,0.0,1.0,0.2381225824356079,2.469095230102539,11.746227219933644,79.0,1.0,182.0,296.38237609744107
351.0,0.0,135.0,8.242146416530023,1.0,0.7037337668772091,0.5208333333333334,0.0,nan,0.029971387696709588,0.0,0.0,48.0,409.0,2.018875002861023,0.408453056582573,0.2820526099404195,0.25258716553317007,-0.40530810062773526,-21.16259960824391,3.6883981969440356,79.32426357921213,107.11810300499201,,,,,,,,,,,,
352.0,0.0,127.0,8.23234915204347,1.0,0.7165330202648713,0.5777777777777777,0.0,nan,0.029914163090128756,0.0,0.0,45.0,378.0,1.4018403589725494,0.4140363863333114,0.32775403437195455,0.1723161419137522,-0.405307412147522,-12.687890152446926,3.2226074549544137,142.60330045223236,166.21587781608105,,,,,,,,,,,,
353.0,0.0,147.0,8.780464211367082,1.0,0.6410606666992205,0.66,0.0,nan,0.029856938483547927,0.0,0.0,50.0,427.0,2.505170702934265,0.6441526395869275,0.569064375856561,0.14994491543767682,-0.405307412147522,4.225949333398603,3.8651056218659505,129.4654160104692,161.72174584120512,,,,,,,,,,,,
354.0,0.0,17.0,-0.2618907523155213,0.0,0.5822876642465321,0.6923076923076923,0.0,nan,0.0297997138769671,0.0,0.0,13.0,68.0,17.745893955230713,2.433776170219062,0.29073428282955194,4.277146632069215,-0.4497809296145159,-88.77026044621186,-110.00243605585659,280.68831679400273,342.1789545171401,,,,,,,,,,,,
355.0,0.0,20.0,-0.7488907992839813,0.0,0.6390516219608091,0.6428571428571429,0.0,nan,0.02974248927038627,0.0,0.0,14.0,80.0,16.5643310546875,1.5197963717931997,0.3044744595388852,2.4259824940978434,-0.4216129593551159,-30.595713570713997,105.05587105751037,193.8506170272827,237.06641426086426,,,,,,,,,,,,
356.0,0.0,200.0,9.07912912551316,0.75,0.6845801428912464,0.5375,0.0,nan,0.02968526466380544,0.0,0.0,80.0,724.0,2.6771390438079834,0.48048416539849903,0.3643814443793991,0.23163050275593666,-0.405307412147522,-0.9699790129234316,-9.184384247928392,73.31543241115287,98.69314939156175,,,,,,,,,,,,
357.0,0.0,143.0,5.7669181987643405,0.5,0.7700611301142695,0.5081967213114754,0.0,nan,0.02962804005722461,0.0,0.0,61.0,515.0,6.016676664352417,1.197765606710874,0.3152569817956356,1.7604823324392882,-0.405307412147522,16.546844627242535,23.24417851283215,76.12749684229493,107.18205157667398,,,,,,,,,,,,
358.0,0.0,200.0,9.114515959396979,0.75,0.7502899937413381,0.5606060606060606,0.0,nan,0.02957081545064378,0.0,0.0,66.0,598.0,2.7457035928964615,0.5792894556253323,0.3121480266351799,0.5337808054623546,-0.405307412147522,17.301819633255946,-8.378258551238105,83.23514906316996,122.91623363643885,,,,,,,,,,,,
359.0,0.0,176.0,10.469473855793495,1.0,0.7322134055738844,0.5625,0.0,nan,0.02951359084406295,0.0,0.0,64.0,571.0,2.303797960281372,0.4342389941265008,0.3612132387988904,0.14589414746004217,-0.405307412147522,2.860142339603044,3.807754824636504,52.53390036895871,78.87190088629723,,,,,,,,,,,,
360.0,0.0,182.0,8.741769242919993,1.0,0.6329643438019242,0.5849056603773585,0.0,0.20000000000000007,0.02945636623748212,0.0,0.0,53.0,452.0,2.8086806535720825,0.453890895306003,0.2794409923315827,0.3485011871645785,-0.4077499280683696,6.506202581571415,-0.5379217218724079,124.34505400806665,144.36699090525508,1.0,1.0,1.0,0.0,1.0,0.015656650066375732,2.4408226013183594,11.681844308739528,74.0,1.0,172.0,267.76677943972896
361.0,0.0,166.0,9.666355791687982,1.0,0.7902262389456733,0.5333333333333333,0.0,nan,0.02939914163090129,0.0,0.0,60.0,530.0,1.7985959351062775,0.48816792120755537,0.45148835842397084,0.07321797346061701,-0.405307412147522,-1.8385212677530944,-3.8041578214615583,34.199287509545684,62.79251604527235,,,,,,,,,,,,
362.0,0.0,66.0,1.62130297087133,0.25,0.6955456726176178,0.5625,0.0,nan,0.029341917024320457,0.0,0.0,32.0,255.0,9.601792812347412,1.4234139594179984,0.2622057905070041,2.3216348894770693,-0.405307412147522,2.400822214051789,-23.828433977271995,100.0989600836062,136.171781020071,,,,,,,,,,,,
363.0,0.0,200.0,6.608369460962723,0.75,0.8577667766323148,0.41935483870967744,0.0,nan,0.029284692417739632,0.0,0.0,62.0,522.0,3.2471871376037598,0.73363164472753,0.3426957627411226,0.7816804689802861,-0.40540425456129014,-2.494181775371544,-2.0742464752402157,18.382542668492533,31.33715739287436,,,,,,,,,,,,
364.0,0.0,138.0,9.234490097127868,1.0,0.7698282575048621,0.5370370370370371,0.0,nan,0.029227467811158803,0.0,0.0,54.0,465.0,2.234791100025177,0.4988268884991527,0.3160402268342654,0.36537850496499863,-0.405307412147522,-4.624468320747837,-2.5768497299868613,56.812075689435005,87.12966809421778,,,,,,,,,,,,
365.0,0.0,174.0,8.8616478040442,1.0,0.7207976850968838,0.4897959183673469,0.0,nan,0.02917024320457797,0.0,0.0,49.0,429.0,1.2221081852912903,0.45867234506307186,0.41428715235194247,0.08856457979066334,-0.405307412147522,2.5523104328894988,0.6896005030721426,85.39012852683663,121.23094138130546,,,,,,,,,,,,
366.0,0.0,142.0,8.4032282704115,1.0,0.7749530103586425,0.5217391304347826,0.0,nan,0.029113018597997142,0.0,0.0,46.0,399.0,3.238129436969757,0.4945109476673899,0.3880444030735617,0.2127302962265547,-0.4072567673865706,8.416993357270258,9.124736266676337,119.8379290252924,164.12983115017414,,,,,,,,,,,,
367.0,0.0,200.0,8.918982663732045,0.75,0.8731786621928859,0.4189189189189189,0.0,nan,0.02905579399141631,0.0,0.0,74.0,657.0,1.7185697555541992,0.47530174007504356,0.30302158226053083,0.3439411563974091,-0.405307412147522,10.109437522478402,-0.293177078361623,48.67924452200532,71.4423299729824,,,,,,,,,,,,
368.0,0.0,117.0,7.392148639075465,1.0,0.7337756667308882,0.45,0.0,nan,0.02899856938483548,0.0,0.0,40.0,325.0,1.5577031373977661,0.45682207895898586,0.3424526463476807,0.22847596265936676,-0.405307412147522,2.9915158139774576,5.165370956063271,77.03846792131662,108.13773287832737,,,,,,,,,,,,
369.0,0.0,164.0,9.522817375045287,1.0,0.7507857368630823,0.5161290322580645,0.0,nan,0.02894134477825465,0.0,0.0,62.0,560.0,1.6559351980686188,0.5447026349656643,0.46589447204162554,0.15728807612671508,-0.405307412147522,1.9372038326691836,-2.4931920408271253,57.00583903491497,83.40943863987923,,,,,,,,,,,,
370.0,0.0,181.0,8.987943014092755,1.0,0.7353408165748407,0.5454545454545454,0.0,0.0,0.02888412017167382,0.0,0.0,55.0,484.0,3.016808569431305,0.47393018154406574,0.2690052131621313,0.40958763468238946,-0.4261851154733449,-1.5354411982698366,1.5365526247769594,112.14879363763612,147.3177288537845,1.0,0.0,0.25,0.5,0.25,-0.015411436557769775,3.7515029907226562,6.646026995498687,38.0,1.0,75.0,3.769711417146031
371.0,0.0,164.0,8.898037257008268,1.0,0.7816889098408671,0.42592592592592593,0.0,nan,0.028826895565092995,0.0,0.0,54.0,469.0,1.268695443868637,0.36953833865665153,0.2987614030194972,0.14135702102524839,-0.405307412147522,-4.790938094607554,1.1223908560350537,62.84556132927537,89.4246985912323,,,,,,,,,,,,
372.0,0.0,158.0,9.635843549147266,1.0,0.892227997173109,0.2833333333333333,0.0,nan,0.028769670958512163,0.0,0.0,60.0,521.0,2.4767664670944214,10.346090433005362,10.257114006580098,0.17780369996944811,-0.405307412147522,0.5354389130370691,2.8792523669544607,49.18307352438569,70.55816225707531,,,,,,,,,,,,
373.0,0.0,78.0,2.1998254370689443,0.0,0.8779052947300109,0.475,0.0,nan,0.028712446351931334,0.0,0.0,40.0,312.0,5.3115081787109375,0.8609094925606744,0.2310700887584972,1.2595286516115678,-0.405307412147522,-2.6521362371277064,-3.957830928149633,101.03596911486238,124.51773440092802,,,,,,,,,,,,
374.0,0.0,200.0,8.169449526704868,0.75,0.8093445320681859,0.4375,0.0,nan,0.0286552217453505,0.0,0.0,80.0,677.0,2.519938141107559,0.4739007268943223,0.21041324787571017,0.5268493780492982,-0.405307412147522,-0.5305543302092701,0.40581100014969707,18.712740128394216,32.760852897539735,,,,,,,,,,,,
375.0,0.0,189.0,5.936887109391404,0.75,0.8828126553736735,0.4225352112676056,0.0,nan,0.028597997138769673,0.0,0.0,71.0,613.0,2.0964569449424744,0.6925710412757073,0.3267676007754208,0.7313835077464752,-0.405307412147522,-0.2961283714103047,-4.325046529062092,21.367550807306543,34.90851888433099,,,,,,,,,,,,
376.0,0.0,170.0,8.769312124624859,1.0,0.6978369198502536,0.5283018867924528,0.0,nan,0.028540772532188844,0.0,0.0,53.0,443.0,2.012412816286087,0.30842698271750635,0.23456523757828018,0.14754848954772382,-0.405307412147522,0.08002793503692374,-4.670607752166688,37.87827241234481,58.04006104171276,,,,,,,,,,,,
377.0,0.0,147.0,4.141793734878319,0.25,0.9001122608208081,0.3835616438356164,0.0,nan,0.028483547925608012,0.0,0.0,73.0,583.0,2.801786333322525,0.45327669311291174,0.12740892363773995,0.65166503698185,-0.405307412147522,0.9372535967850126,1.2188688209280372,7.802011893829331,15.912382018752396,,,,,,,,,,,,
378.0,0.0,200.0,6.534659678041945,0.75,0.8631582515810303,0.4696969696969697,0.0,nan,0.028426323319027186,0.0,0.0,66.0,543.0,1.8194494172930717,0.3492647967955733,0.2147597346469188,0.2689604513317718,-0.405307412147522,0.1967143544316059,-0.080730045796372,5.727316283155233,13.338979352265596,,,,,,,,,,,,
379.0,0.0,200.0,4.424305509999409,0.25,0.7999937042772726,0.5375,0.0,nan,0.02836909871244635,0.0,0.0,80.0,696.0,3.9282107949256897,0.6616327687686265,0.12518540089395574,1.07268716218733,-0.405307412147522,1.088659606379224,-0.5093930699949851,2.609039534232579,7.176934123039246,,,,,,,,,,,,
380.0,0.0,200.0,5.690842936150743,0.5,0.837363610368775,0.5,0.0,0.19999999999999996,0.028311874105865525,0.0,0.0,76.0,644.0,1.9199779629707336,0.3228599337315927,0.10015149876322947,0.4452386928765173,-0.405307412147522,3.1825362197705545,-0.8395703646237962,10.522041943739168,18.81022099778056,1.0,0.0,0.0,0.5,0.0,-0.025665506720542908,3.767819404602051,6.626296805101447,41.0,1.0,78.0,1.0328183558583284
381.0,0.0,200.0,6.927794873639959,0.75,0.8767102671599797,0.41333333333333333,0.0,nan,0.028254649499284697,0.0,0.0,75.0,618.0,0.965152308344841,0.39485334309226516,0.2695802918596481,0.2504060819417782,-0.405307412147522,-2.4282024993444793,0.08544590580277145,8.76559369568713,17.705743943341076,,,,,,,,,,,,
382.0,0.0,200.0,6.714935546368371,0.75,0.8932491850439421,0.3870967741935484,0.0,nan,0.028197424892703864,0.0,0.0,62.0,515.0,1.440141886472702,0.507131090597909,0.2814031558593736,0.4513247088954233,-0.405307412147522,-0.5500754881359171,2.149662799813086,8.123487628763542,15.502047026529908,,,,,,,,,,,,
383.0,0.0,200.0,4.9415644064545825,0.25,0.7405632663026059,0.5068493150684932,0.0,nan,0.028140200286123036,0.0,0.0,73.0,655.0,2.5516379475593567,0.7431005537192803,0.33257828641379683,0.8210181113021946,-0.405307412147522,-0.0486243877094239,0.6753517901088344,6.045718213659711,13.441540801897645,,,,,,,,,,,,
384.0,0.0,115.0,7.5027970928512575,1.0,0.8576117504327316,0.35714285714285715,0.0,nan,0.028082975679542203,0.0,0.0,42.0,357.0,1.2764334678649902,0.517954555169311,0.38537789701955527,0.2650308258394469,-0.40653630578890443,-1.5400147075997666,4.800297818903346,53.651764335576445,81.70191768556833,,,,,,,,,,,,
385.0,0.0,200.0,6.489946989119073,0.5,0.7495446384396631,0.5822784810126582,0.0,nan,0.028025751072961375,0.0,0.0,79.0,654.0,2.1471771001815796,0.6310328927060582,0.382828042148332,0.4963647183295198,-0.405307412147522,-0.2837909752706764,-0.44956955197267234,19.85796931805089,28.462999241426587,,,,,,,,,,,,
386.0,0.0,97.0,6.838896405547861,1.0,0.8261463204644851,0.43243243243243246,0.0,nan,0.02796852646638055,0.0,0.0,37.0,306.0,1.5445647239685059,0.4891365271715955,0.347995637937621,0.2820291734414965,-0.41336214542388916,1.6630021584278438,-2.144368641078472,38.87027757894248,49.66494496446103,,,,,,,,,,,,
387.0,0.0,200.0,5.363352828957146,0.75,0.6763830122263282,0.5918367346938775,0.0,nan,0.027911301859799717,0.0,0.0,49.0,403.0,2.087343454360962,0.4618444207746064,0.22762067661142724,0.46837883060528274,-0.405307412147522,0.6438942864187993,1.4077956047840416,13.001110333250836,21.56181340571493,,,,,,,,,,,,
388.0,0.0,186.0,7.926150612682125,0.5,0.806902036149669,0.5072463768115942,0.0,nan,0.027854077253218888,0.0,0.0,69.0,614.0,2.631510876119137,0.9474313004111821,0.5261611828097641,0.8391549616953774,-0.405307412147522,-17.458620105404407,3.765486754011363,53.833545088768005,69.56254859268665,,,,,,,,,,,,
389.0,0.0,200.0,4.407455818206083,0.5,0.8534570779114602,0.3780487804878049,0.0,nan,0.027796852646638056,0.0,0.0,82.0,676.0,1.1188808754086494,0.31075139118842454,0.15822301774312814,0.30501439943361586,-0.405307412147522,0.4324589804455172,-0.8901426577940583,1.6802683828864247,6.866065703332424,,,,,,,,,,,,
390.0,0.0,159.0,7.4842528175562695,1.0,0.9021458223638358,0.36538461538461536,0.0,0.0,0.027739628040057227,0.0,0.0,52.0,415.0,3.438280403614044,0.4863444576175062,0.3100929764941293,0.35230951775089947,-0.405307412147522,-0.3952254717005417,0.19119934446644038,11.517367852153257,21.842112589627504,1.0,1.0,1.0,0.0,1.0,0.03283710777759552,2.1801538467407227,11.686944539193064,80.0,1.0,186.0,307.61409492265466
391.0,0.0,135.0,8.429722725902696,1.0,0.7250371665042148,0.5918367346938775,0.0,nan,0.0276824034334764,0.0,0.0,49.0,435.0,2.747605323791504,0.26053449332227446,0.19076962935519387,0.13909197276230734,-0.405307412147522,-1.4543534719268791,0.8404933580895886,21.349712569266558,39.313519690185785,,,,,,,,,,,,
392.0,0.0,105.0,2.9565269945561963,0.25,0.7474754497576008,0.5555555555555556,0.0,nan,0.027625178826895566,0.0,0.0,45.0,386.0,7.031298875808716,1.6408759518338911,0.24795163460729883,2.785602779125217,-0.4059059282299131,5.49501361878356,-3.762773029273376,66.8016081689857,92.96041440032423,,,,,,,,,,,,
393.0,0.0,143.0,7.933063227720565,1.0,0.8282904668694228,0.5306122448979592,0.0,nan,0.027567954220314737,0.0,0.0,49.0,391.0,1.412797749042511,0.31131310186557926,0.16585681867581298,0.2907744007637647,-0.405307412147522,-1.3543654240202159,-1.6436776734190062,70.54885432496667,101.22908228635788,,,,,,,,,,,,
394.0,0.0,200.0,4.530616898462185,0.5,0.8538794187571475,0.4787234042553192,0.0,nan,0.027510729613733905,0.0,0.0,94.0,760.0,1.1863153874874115,0.38909698490766675,0.22566033213705927,0.3268436635026012,-0.405307412147522,0.3631295159284491,0.6675146899069659,5.317926846677437,12.900246080942452,,,,,,,,,,,,
395.0,0.0,169.0,9.922067169696112,1.0,0.8834348341010977,0.390625,0.0,nan,0.02745350500715308,0.0,0.0,64.0,581.0,3.346087336540222,0.39468362654023936,0.2844232635332698,0.2204668825166829,-0.405307412147522,-2.0557135342387483,9.430358649988193,44.550420619081706,68.21656159870327,,,,,,,,,,,,
396.0,0.0,168.0,6.377612860798851,0.75,0.8194542697687647,0.48214285714285715,0.0,nan,0.02739628040057225,0.0,0.0,56.0,493.0,2.1429529190063477,0.5545786263727601,0.2291208218938263,0.650879190175658,-0.405307412147522,0.15897577989380807,2.316156833898276,10.21309201978147,21.93424883019179,,,,,,,,,,,,
397.0,0.0,182.0,7.517943110689528,1.0,0.9199752426249306,0.36666666666666664,0.0,nan,0.02733905579399142,0.0,0.0,60.0,485.0,1.4025916755199432,0.46712919894622473,0.30527271691658575,0.32363558581372787,-0.405307412147522,-1.4883488880150253,-0.46912109217373654,16.777345948969014,29.370254416018724,,,,,,,,,,,,
398.0,0.0,200.0,9.144679097495995,0.75,0.8447588711642772,0.48,0.0,nan,0.02728183118741059,0.0,0.0,75.0,641.0,3.187526226043701,0.2826461374227893,0.15320124628049345,0.2587542039842487,-0.405307412147522,-3.305883372318931,-3.987713590846397,28.849440979771316,45.18713718932122,,,,,,,,,,,,
399.0,0.0,147.0,8.76539214305581,1.0,0.8206781101393873,0.4098360655737705,0.0,nan,0.027224606580829758,0.0,0.0,61.0,504.0,2.1302764415740967,0.33690018901749,0.24718858872453534,0.17934503235273386,-0.405307412147522,2.6983087488624733,1.1723899406497367,51.25868703657761,71.61470274068415,,,,,,,,,,,,
400.0,0.0,175.0,8.261816962044696,1.0,0.7502960673908201,0.5846153846153846,0.0,0.19999999999999996,0.02716738197424893,0.0,0.0,65.0,527.0,2.5511918663978577,0.5470278181597188,0.3512213868777096,0.3914438649304164,-0.405307412147522,1.7788035107951146,0.6987185347243212,20.369026608997956,34.14064494520426,1.0,0.0,0.0,0.5,0.0,-0.0172957181930542,2.3459744453430176,7.223381569143385,43.0,1.0,82.0,1.449691012799745
401.0,0.0,200.0,9.463697280772053,0.75,0.7516687862426479,0.5277777777777778,0.0,nan,0.027110157367668097,0.0,0.0,72.0,616.0,1.6814967095851898,0.49421194054951656,0.30691845608499924,0.37445373216556804,-0.405307412147522,13.4962592531665,11.410623801406473,100.93731396645308,138.29467077553272,,,,,,,,,,,,
402.0,0.0,159.0,8.10954308129848,1.0,0.8070385451252218,0.4117647058823529,0.0,nan,0.027052932761087268,0.0,0.0,51.0,418.0,2.2479159832000732,0.41947243786970834,0.2769548624121697,0.2849397706032739,-0.405307412147522,-2.9408187689841725,-1.7224799533141777,13.42600093409419,24.228504141792655,,,,,,,,,,,,
403.0,0.0,200.0,7.65952089011671,0.75,0.7768481371348183,0.5384615384615384,0.0,nan,0.026995708154506443,0.0,0.0,65.0,558.0,1.5897580944001675,0.4964481202138451,0.17750105235590363,0.6369657969477368,-0.405307412147522,4.342209800379351,-2.820360526908189,9.992040157318115,21.741778377443552,,,,,,,,,,,,
404.0,0.0,125.0,8.427616100609313,1.0,0.8339257766241717,0.47368421052631576,0.0,nan,0.02693848354792561,0.0,0.0,57.0,461.0,0.8988023698329926,0.29678527727160997,0.23775467431892708,0.11798261466963544,-0.405307412147522,-0.4649771595140919,-1.1879657911340473,13.032408919883892,25.805736113339663,,,,,,,,,,,,
405.0,0.0,200.0,7.701429527625461,0.75,0.6817754500706933,0.589041095890411,0.0,nan,0.02688125894134478,0.0,0.0,73.0,585.0,1.8913076892495155,0.5631137789258267,0.22498141191940899,0.6762497082207823,-0.405307412147522,2.0453685381799005,-0.12060923827812076,10.424153267173097,20.494360505603254,,,,,,,,,,,,
406.0,0.0,200.0,7.623954539373531,0.75,0.5092235127004936,0.7692307692307693,0.0,nan,0.02682403433476395,0.0,0.0,65.0,530.0,1.7686025723814964,0.3696600719219121,0.16863179570451933,0.4017915278823514,-0.405307412147522,1.1178874474135228,-0.2739181744400412,2.73694074829109,9.979266783222556,,,,,,,,,,,,
407.0,0.0,159.0,7.227505175806586,1.0,0.858993950103263,0.4339622641509434,0.0,nan,0.02676680972818312,0.0,0.0,53.0,426.0,0.7380691319704056,0.35328337157037026,0.2162634129013171,0.27394222639668464,-0.405307412147522,-0.3688040870038094,-0.3277108791517094,11.312042383942753,20.68861851748079,,,,,,,,,,,,
408.0,0.0,193.0,8.682425740920024,1.0,0.7825658115020547,0.5256410256410257,0.0,nan,0.02670958512160229,0.0,0.0,78.0,620.0,1.5208810418844223,0.37078190966391844,0.2000700434813647,0.34131129402344385,-0.405307412147522,0.665040742023848,-0.026639155577868223,11.993729141307995,21.41333108767867,,,,,,,,,,,,
409.0,0.0,200.0,3.2941988838464096,0.25,0.79137112187303,0.5232558139534884,0.0,nan,0.02665236051502146,0.0,0.0,86.0,664.0,4.379949271678925,1.1112360515589899,0.058533433134002416,2.1053062871684034,-0.405307412147522,0.2876039736729581,-0.40281920845154673,1.7007852620445192,7.03015364240855,,,,,,,,,,,,
410.0,0.0,200.0,5.3822459118813395,0.5,0.7332564437690734,0.5671641791044776,0.0,0.6000000000000001,0.026595135908440634,0.0,0.0,67.0,556.0,1.4197650887072086,0.892381196933961,0.6466775973962852,0.4911126674583999,-0.405307412147522,0.7674726134573575,-0.4522404446033761,3.030650903703645,9.22384514566511,1.0,0.0,0.5,0.0,0.5,0.28404921293258667,0.3862485885620117,12.366311918594874,91.0,1.0,200.0,94.7299728486688
411.0,0.0,200.0,2.4203472040593708,0.25,0.9008821329270995,0.4146341463414634,0.0,nan,0.0265379113018598,0.0,0.0,82.0,665.0,2.8802884221076965,0.49050628173608857,0.15198504705870647,0.6770145730464812,-0.405307412147522,0.4099474079848733,-0.3582948943367228,1.625631688395515,6.869426938705146,,,,,,,,,,,,
412.0,0.0,200.0,5.809160503372571,0.5,0.7132282142577029,0.6022727272727273,0.0,nan,0.026480686695278973,0.0,0.0,88.0,745.0,2.660863935947418,0.4996755616075461,0.11619654168345808,0.7668605633638172,-0.405307412147522,0.18949435860849917,1.095791960018687,6.156582752475515,12.868249898776412,,,,,,,,,,,,
413.0,0.0,180.0,4.027735014259836,0.0,0.8038681000956186,0.5111111111111111,0.0,nan,0.026423462088698144,0.0,0.0,90.0,720.0,2.423592269420624,0.5371687121031528,0.13741264712837165,0.7994565678074821,-0.405307412147522,0.20071339260903187,-0.5229072975926101,1.7491694525815547,7.152167223393917,,,,,,,,,,,,
414.0,0.0,200.0,7.442526694461716,0.75,0.7325615293856574,0.6,0.0,nan,0.026366237482117312,0.0,0.0,60.0,482.0,2.1745601892471313,0.6486684189403604,0.38557390743934816,0.5260505483349016,-0.405307412147522,-0.08540133637143299,-0.03903277643257752,3.1961344049777836,9.827129759825766,,,,,,,,,,,,
415.0,0.0,200.0,7.387811273336429,0.75,0.5691813952844444,0.7088607594936709,0.0,nan,0.026309012875536483,0.0,0.0,79.0,675.0,2.390145257115364,0.6365527380446601,0.32746002017333586,0.6178052421862192,-0.405307412147522,-0.21647080627735704,-1.0051013263873756,7.940266266698018,16.629497043788433,,,,,,,,,,,,
416.0,0.0,197.0,8.057504812031999,1.0,0.49176225188757283,0.7540983606557377,0.0,nan,0.02625178826895565,0.0,0.0,61.0,504.0,2.038381278514862,0.20124688062747387,0.09058774264793959,0.22120548453608802,-0.405307412147522,-0.5124626144533977,0.29921956072212197,3.3540959912352264,10.214217979460955,,,,,,,,,,,,
417.0,0.0,200.0,3.3496703617275045,0.0,0.6669872986843649,0.64,0.0,nan,0.026194563662374822,0.0,0.0,100.0,800.0,2.630633533000946,0.5211228669541015,0.03413577149331104,0.9739620361547152,-0.405307412147522,0.580175875860732,-0.5168039565323852,1.1725152877625078,6.316914226859808,,,,,,,,,,,,
418.0,0.0,200.0,5.159784635975964,0.75,0.8009386011851001,0.5272727272727272,0.0,nan,0.026137339055793997,0.0,0.0,55.0,442.0,2.1255290508270264,0.3977548891896845,0.09539412761560168,0.6046415430489844,-0.405307412147522,0.3105160711565986,-0.394884989305865,1.6602894787210971,7.406852561980486,,,,,,,,,,,,
419.0,0.0,200.0,6.720831265300525,0.75,0.7822756836359451,0.5294117647058824,0.0,nan,0.026080114449213165,0.0,0.0,68.0,590.0,1.0484866630285978,0.2040484138098284,0.054203123149731816,0.29966820784128934,-0.405307412147522,0.44998902982479194,-0.09021355205914006,1.865858826553449,7.972919943742454,,,,,,,,,,,,
420.0,0.0,170.0,5.980045266821998,0.5,0.7239662043351878,0.6029411764705882,0.0,0.39999999999999997,0.026022889842632336,0.0,0.0,68.0,585.0,1.8163769897073507,0.27301566007918154,0.038539919391951116,0.46880585965546673,-0.405307412147522,0.4511664595338516,-0.45605944498674944,1.2469591826666147,6.775294343009591,1.0,0.0,0.25,0.0,0.25,0.34292319416999817,0.5023027658462524,12.137790086737368,94.0,1.0,200.0,106.0200368240477
421.0,0.0,200.0,3.930576123148211,0.5,0.8662617383285393,0.4520547945205479,0.0,nan,0.025965665236051504,0.0,0.0,73.0,586.0,2.260853447020054,0.5539765206914637,0.06439532302492643,0.9791450511714608,-0.405307412147522,0.5590596381225623,-0.2951412153779529,2.600426333490759,9.297069802880287,,,,,,,,,,,,
422.0,0.0,168.0,7.93819446122275,1.0,0.6553577413042603,0.6333333333333333,0.0,nan,0.025908440629470675,0.0,0.0,60.0,499.0,1.115366369485855,0.13339847677252692,0.005629468943877065,0.255482480329719,-0.405307412147522,0.3319283372547943,-0.0729349059984088,1.6221602307632565,7.832271868363023,,,,,,,,,,,,
423.0,0.0,87.0,4.172205273211007,0.5,0.8756143437729595,0.42857142857142855,0.0,nan,0.025851216022889846,0.0,0.0,42.0,339.0,3.3360868096351624,0.788766641071561,0.0511152939495787,1.475215085719693,-0.405307412147522,0.5444375594961457,-0.14352358193718828,1.3483444938901812,7.492134727537632,,,,,,,,,,,,
424.0,0.0,200.0,7.25370605424048,0.75,0.65622256973538,0.6451612903225806,0.0,nan,0.025793991416309014,0.0,0.0,62.0,501.0,1.1608416140079498,0.1882964150497628,0.09142922743565605,0.19364266754334597,-0.405307412147522,-0.4173535211084527,0.04049858159851283,1.906609249766916,9.088901223614812,,,,,,,,,,,,
425.0,0.0,200.0,7.197026593312636,0.75,0.6796819667907029,0.5942028985507246,0.0,nan,0.025736766809728185,0.0,0.0,69.0,547.0,1.1860256642103195,0.5725617891143884,0.2705314039230578,0.6039343296008903,-0.405307412147522,-0.05429735514917411,-0.39033235755050555,1.7591873572673649,8.736156156286597,,,,,,,,,,,,
426.0,0.0,200.0,6.338395616039642,0.75,0.868004949798769,0.38596491228070173,0.0,nan,0.025679542203147353,0.0,0.0,57.0,475.0,1.5918868780136108,0.6107011828003124,0.2463378707282443,0.7285112804573399,-0.405307412147522,0.12403523799730465,0.7735701316269115,1.4931649435311556,8.379027975723147,,,,,,,,,,,,
427.0,0.0,200.0,5.667908943742535,0.5,0.7565835537759226,0.5333333333333333,0.0,nan,0.025622317596566527,0.0,0.0,75.0,633.0,3.812335252761841,0.6434673781955098,0.07593843017110657,1.1350496686827327,-0.405307412147522,-0.5828448914689943,-0.37149941752431914,2.0509459590539336,10.557665841653943,,,,,,,,,,,,
428.0,0.0,200.0,4.509012825861589,0.5,0.8232007486035081,0.48484848484848486,0.0,nan,0.0255650929899857,0.0,0.0,66.0,532.0,4.52767039462924,0.6919149167092655,0.06725248146085505,1.2493081541707234,-0.405307412147522,-0.3582289495971054,0.30758758541196585,2.196897238958627,10.739479172974825,,,,,,,,,,,,
429.0,0.0,200.0,4.050138686597368,0.25,0.7549815916905974,0.5494505494505495,0.0,nan,0.025507868383404866,0.0,0.0,91.0,770.0,2.083296075463295,0.3908569281933296,0.0810320351960076,0.619352598360102,-0.405307412147522,-0.3338649000506848,0.1824417884927243,2.2389643476344645,10.659179417416453,,,,,,,,,,,,
430.0,0.0,200.0,5.713320259153861,0.5,0.8002659815394167,0.47058823529411764,0.0,0.2,0.025450643776824038,0.0,0.0,68.0,589.0,1.411465773358941,0.6729041561608113,0.3549970434141658,0.6345766608147513,-0.405307412147522,-2.206997547647916,0.7521097075368743,2.4767482010647655,11.515884131193161,1.0,0.0,0.0,0.5,0.0,-0.01962721347808838,0.7693506479263306,7.2534892579424195,44.0,1.0,91.0,1.0626332128047982
431.0,0.0,200.0,4.090489506721519,0.0,0.7379775211389893,0.5913978494623656,0.0,nan,0.025393419170243205,0.0,0.0,93.0,800.0,1.7812405079603195,0.2962433603502177,0.045107233380065836,0.5021327920538079,-0.405307412147522,-2.5546553642489016,-0.5929661832633428,3.5778078017756343,14.72190285474062,,,,,,,,,,,,
432.0,0.0,200.0,4.71519164741042,0.0,0.7770881944271494,0.5,0.0,nan,0.025336194563662377,0.0,0.0,90.0,800.0,2.5426172763109207,0.44804949627996393,0.07596109321957556,0.7441393391470399,-0.405307412147522,-0.573843771853717,-0.4398638579295948,2.848915228736587,12.662859465926886,,,,,,,,,,,,
433.0,0.0,200.0,2.2684057120978873,0.25,0.6528328807732559,0.6395348837209303,0.0,nan,0.025278969957081544,0.0,0.0,86.0,752.0,2.8339151442050934,0.41855887774840994,0.06327993816835065,0.710557875917547,-0.405307412147522,-1.3535885121673346,0.22633615578524768,3.118848546175286,13.092591194435954,,,,,,,,,,,,
434.0,0.0,200.0,4.257292816340942,0.25,0.6751601347513551,0.632183908045977,0.0,nan,0.025221745350500716,0.0,0.0,87.0,768.0,2.40615876019001,0.3999922618822893,0.06827709803201287,0.6633722102773798,-0.405307412147522,-1.4118529250845313,0.6606084599625319,2.7067534141242504,12.269605934619904,,,,,,,,,,,,
435.0,0.0,200.0,4.12822254985573,0.25,0.8911138528376429,0.4105263157894737,0.0,nan,0.02516452074391989,0.0,0.0,95.0,799.0,1.3123706430196762,0.22794757611063687,0.08361319044047377,0.2886687098632894,-0.405307412147522,-0.5001325224293396,-0.04605790972709656,2.7902943324297667,12.238427259027958,,,,,,,,,,,,
436.0,0.0,200.0,0.5204697512090252,0.0,0.8339749583711966,0.49473684210526314,0.0,nan,0.025107296137339058,0.0,0.0,95.0,800.0,3.479626774787903,0.5869045570989329,0.09718930205917786,0.9793690992058064,-0.405307412147522,-0.9617515746504068,-0.5158770281705074,3.109553846064955,13.14811371639371,,,,,,,,,,,,
437.0,0.0,178.0,5.859051306694768,0.25,0.7677850670053386,0.5679012345679012,0.0,nan,0.02505007153075823,0.0,0.0,81.0,659.0,0.7700921446084976,0.17986524685650807,0.08411800360667598,0.1910919728462765,-0.405307412147522,-1.3941366221988574,0.7977411629399285,2.675561703275889,12.121176235377789,,,,,,,,,,,,
438.0,0.0,200.0,1.8649976886809008,0.0,0.8451097355252067,0.46236559139784944,0.0,nan,0.024992846924177397,0.0,0.0,93.0,800.0,2.0432842671871185,0.32202723395771216,0.09037175524529678,0.46322616547570483,-0.405307412147522,-1.1891335425898433,-0.13424348732223734,4.248264587018639,15.613781157881021,,,,,,,,,,,,
439.0,0.0,200.0,1.5436232984066194,0.0,0.8925276799268184,0.4166666666666667,0.0,nan,0.024935622317596568,0.0,0.0,96.0,800.0,1.3367602229118347,0.33924649852542643,0.15436252139238604,0.36976586793907845,-0.405307412147522,-0.9160216262098402,0.13419733569025993,5.4979034857824445,18.128430642187595,,,,,,,,,,,,
440.0,0.0,200.0,1.435406073927883,0.0,0.8901788070929996,0.3804347826086957,0.0,0.6,0.02487839771101574,0.0,0.0,92.0,800.0,1.7022518068552017,0.2528311148450939,0.07781998744111895,0.35001625090913535,-0.405307412147522,-0.8866701168008149,-0.021759959519840777,4.601005089934915,16.013772521167994,1.0,0.0,0.0,0.0,0.0,0.7442065477371216,0.5865715742111206,11.173831542866537,99.0,1.0,200.0,2.65918732061984
441.0,0.0,200.0,1.1117307133972787,0.0,0.922450254788845,0.3333333333333333,0.0,nan,0.024821173104434907,0.0,0.0,96.0,800.0,1.682040810585022,0.3218821744330853,0.11548051077397758,0.4128033325675129,-0.405307412147522,-1.1625182637944818,0.23956466070376337,5.2202275060117245,17.824415486305952,,,,,,,,,,,,
442.0,0.0,200.0,3.7883195728063876,0.0,0.9335794027067499,0.28865979381443296,0.0,nan,0.024763948497854082,0.0,0.0,97.0,800.0,1.1751582324504852,0.17866267870704178,0.08130622371504614,0.1947057358398343,-0.405307412147522,-0.8048718431964517,-0.5208827810129151,5.147708327509463,17.617777917534113,,,,,,,,,,,,
443.0,0.0,200.0,2.972482550889273,0.0,0.805229041992963,0.3829787234042553,0.0,nan,0.02470672389127325,0.0,0.0,94.0,800.0,1.117572382092476,0.1784462147116983,0.09702995947469617,0.1628271635214702,-0.405307412147522,-0.8299223450012505,0.41988794959615916,5.414410003460944,18.850019365549088,,,,,,,,,,,,
444.0,0.0,200.0,2.7703157700598435,0.0,0.8555965579759421,0.41414141414141414,0.0,nan,0.02464949928469242,0.0,0.0,99.0,800.0,1.214191697537899,0.35398390418777126,0.0830836571585678,0.541798471849733,-0.405307412147522,-0.7814508443698287,-0.2827470984775573,4.2724106051027775,16.086218383163214,,,,,,,,,,,,
445.0,0.0,200.0,3.8910549208522047,0.0,0.9183426900855071,0.32653061224489793,0.0,nan,0.024592274678111592,0.0,0.0,98.0,800.0,1.4964483380317688,0.14685235229853788,0.039904089945139276,0.21385830905881598,-0.405307412147522,-1.5646653063595295,-1.5316567089757882,3.3708846629597247,13.809597620740533,,,,,,,,,,,,
446.0,0.0,200.0,4.703290469944502,0.0,0.8437639036826712,0.4791666666666667,0.0,nan,0.02453505007153076,0.0,0.0,96.0,800.0,1.3554177731275558,0.10883429626392171,0.030910464228099954,0.15582558676824076,-0.405307412147522,-0.4754693361464888,-1.214029369642958,3.00255512772128,12.82613248564303,,,,,,,,,,,,
447.0,0.0,200.0,2.904089517891429,0.0,0.8910707447401,0.33695652173913043,0.0,nan,0.02447782546494993,0.0,0.0,92.0,800.0,1.5074145644903183,0.27127471342055287,0.06046367951353204,0.4209590201163991,-0.405307412147522,-1.8316437555477023,0.8403082637814805,4.518816981930286,16.875756863504648,,,,,,,,,,,,
448.0,0.0,83.0,0.9049910289049176,0.0,0.838268732279385,0.4146341463414634,0.0,nan,0.0244206008583691,0.0,0.0,41.0,332.0,2.2170100808143616,0.31619436406344903,0.05077779063762044,0.5307351876143752,-0.405307412147522,0.3900082759791985,2.7614347410271876,3.4714843172114342,13.954390110448003,,,,,,,,,,,,
449.0,0.0,200.0,1.9915750734508169,0.0,0.9378881385319549,0.3263157894736842,0.0,nan,0.02436337625178827,0.0,0.0,95.0,800.0,0.6544756963849068,0.16172677040412964,0.08863796813784575,0.14617304361346228,-0.405307412147522,-0.6971166869625449,-0.07250605401350185,4.776394015178084,17.226852487772703,,,,,,,,,,,,
450.0,0.0,200.0,1.7295611947775045,0.0,0.8823687604792146,0.3978494623655914,0.0,0.4,0.024306151645207445,0.0,0.0,93.0,800.0,1.9437215924263,3.1506152127769127,2.8470958543403313,0.6070244237924491,-0.405307412147522,-0.5718984710983932,1.0354565543239005,4.667870034463704,16.438046593219042,1.0,0.0,0.0,0.0,0.0,0.607481837272644,0.7681922912597656,11.05183233745629,93.0,1.0,200.0,2.516873814165611
451.0,0.0,200.0,2.0958937443792975,0.0,0.8832182566488371,0.3548387096774194,0.0,nan,0.024248927038626612,0.0,0.0,93.0,800.0,1.6124261617660522,0.25762511728316895,0.07256966333625314,0.3701108946244531,-0.405307412147522,-0.44536377443000674,-0.7045453364553396,5.191415138542652,17.93618205934763,,,,,,,,,,,,
452.0,0.0,200.0,3.7663226090371857,0.0,0.8777808589845261,0.3793103448275862,0.0,nan,0.024191702432045784,0.0,0.0,87.0,800.0,1.088024690747261,0.1616489228890714,0.10237507747478958,0.11823712963562016,-0.405307412147522,0.769508037250489,1.5966281359142158,4.589406785555184,16.854886408895254,,,,,,,,,,,,
453.0,0.0,200.0,3.0505297519266823,0.0,0.94279468441776,0.3118279569892473,0.0,nan,0.02413447782546495,0.0,0.0,93.0,800.0,0.9490300565958023,0.19491720190308115,0.07232412353369,0.24506393359359402,-0.405307412147522,-0.12089502532035112,0.9461336195818149,4.979680665768683,17.139057148247957,,,,,,,,,,,,
454.0,0.0,200.0,3.295218084007532,0.0,0.883350617766207,0.3894736842105263,0.0,nan,0.024077253218884122,0.0,0.0,95.0,800.0,1.2917738556861877,0.299823617249956,0.11353126228250132,0.3725842844372478,-0.405307412147522,-1.2786334754200652,0.20547659264411777,4.096954028587788,15.05647288262844,,,,,,,,,,,,
455.0,0.0,200.0,2.0768410228193,0.0,0.921570686647397,0.3431372549019608,0.0,nan,0.024020028612303294,0.0,0.0,102.0,800.0,0.354189770296216,0.12011979601538769,0.07766687391404048,0.08474258696413584,-0.405307412147522,-0.5069977915845811,0.17306164192268625,4.697038024198264,16.866529025137424,,,,,,,,,,,,
456.0,0.0,200.0,0.6522830165922706,0.0,0.8565699714087767,0.3473684210526316,0.0,nan,0.02396280400572246,0.0,0.0,95.0,800.0,0.3207950908690691,0.10028029057707499,0.0614667064897958,0.07740251938890474,-0.405307412147522,-0.6495858323760331,0.2745992188574746,4.666019080672413,17.050531774759293,,,,,,,,,,,,
457.0,0.0,200.0,3.9529034309089432,0.0,0.8398726942249055,0.4891304347826087,0.0,nan,0.023905579399141633,0.0,0.0,92.0,800.0,2.0846504122018814,0.1487885177834869,0.06852433600624863,0.16051349422074374,-0.405307412147522,-0.9623690485022962,-0.8900388081092387,4.533826997503638,17.05196199193597,,,,,,,,,,,,
458.0,0.0,200.0,2.770362675189988,0.0,0.7777090399144435,0.4943820224719101,0.0,nan,0.0238483547925608,0.0,0.0,89.0,800.0,1.122825674712658,0.10275888395335642,0.05263028733133979,0.10025505227266535,-0.405307412147522,0.36803676560521126,-1.31818093318725,4.562172117643058,16.962296571582556,,,,,,,,,,,,
459.0,0.0,200.0,2.5022455218434443,0.25,0.8587564852222961,0.3473684210526316,0.0,nan,0.023791130185979975,0.0,0.0,95.0,788.0,1.0292686596512794,0.3693375827460841,0.10317878512262268,0.5323140581524682,-0.405307412147522,-1.0683331182226539,-0.14992816897574812,5.452545005828142,18.799234073609114,,,,,,,,,,,,
460.0,0.0,200.0,5.350018509775427,0.25,0.8428874464348604,0.44086021505376344,0.0,0.2,0.023733905579399146,0.0,0.0,93.0,798.0,1.9555908888578415,0.14509947808096513,0.039718109519299105,0.21074311987074473,-0.405307412147522,-0.822518766624853,-1.894462494237814,4.821266643702984,17.29052407667041,1.0,0.0,0.5,0.0,0.5,0.9669680595397949,1.3097083568572998,10.35587757769099,91.0,1.0,200.0,52.764090778306155
461.0,0.0,200.0,3.542811464816341,0.25,0.7864479104855975,0.42168674698795183,0.0,nan,0.023676680972818314,0.0,0.0,83.0,753.0,1.5335297733545303,0.17273848262084357,0.06561857858230269,0.21421510711831543,-0.405307412147522,-0.3581091354135424,-0.4041600481432397,3.815203284379095,14.855973120778799,,,,,,,,,,,,
462.0,0.0,107.0,1.977607732638718,0.0,0.5901081545746703,0.6458333333333334,0.0,nan,0.023619456366237485,0.0,0.0,48.0,425.0,1.5370198786258698,0.4324697235097119,0.044566672317444045,0.7755574755838675,-0.405307412147522,-0.03080625820439309,-1.4187861540121958,4.828319303691387,17.08579969406128,,,,,,,,,,,,
463.0,0.0,200.0,2.8968280948698606,0.25,0.9012658838779072,0.3023255813953488,0.0,nan,0.023562231759656653,0.0,0.0,86.0,735.0,0.6019200459122658,0.29959437781707265,0.203369666108987,0.19244693266856533,-0.405307412147522,-0.12355908611789346,-0.06968099880032241,6.8186979768797755,21.742673996835947,,,,,,,,,,,,
464.0,0.0,78.0,1.0286456470191505,0.0,0.6413709413050752,0.6486486486486487,0.0,nan,0.023505007153075824,0.0,0.0,37.0,312.0,1.304956465959549,0.3063431941582735,0.1294262321739504,0.3506760198452854,-0.405307412147522,-1.5495850195002276,1.7468172545777634,5.7758360374718904,17.42509363219142,,,,,,,,,,,,
465.0,0.0,123.0,7.206859318539509,1.0,0.8510961318475736,0.4166666666666667,0.0,nan,0.023447782546494992,0.0,0.0,48.0,400.0,3.977493464946747,0.8951449408442613,0.23058639650529095,1.3290385647730925,-0.405307412147522,1.7656417989637703,1.3524238272220828,16.995492178946733,30.952808033674955,,,,,,,,,,,,
466.0,0.0,200.0,7.5887754731998,0.75,0.7792921885001537,0.5074626865671642,0.0,nan,0.023390557939914167,0.0,0.0,67.0,608.0,3.940025895833969,0.5092148856431891,0.3139809066685554,0.3904392270725747,-0.405307412147522,-0.3943373439833522,0.4295755576749798,5.5291407303884625,15.578226685523987,,,,,,,,,,,,
467.0,0.0,172.0,7.759267579391607,1.0,0.8573103640944114,0.328125,0.0,nan,0.023333333333333338,0.0,0.0,64.0,540.0,3.754957616329193,0.4383293044864853,0.23287238727310555,0.4108323014412161,-0.405307412147522,-0.0834256078233011,1.2136214814672712,9.601524993311614,20.56620029360056,,,,,,,,,,,,
468.0,0.0,111.0,6.799293783605102,1.0,0.8026124841685596,0.4791666666666667,0.0,nan,0.023276108726752506,0.0,0.0,48.0,398.0,2.4379259943962097,0.3123337318365884,0.12895922832627052,0.36672407411992314,-0.405307412147522,0.6624101433844771,1.6885074451565742,7.7513382020406425,17.71607454121113,,,,,,,,,,,,
469.0,0.0,200.0,7.221628577113171,0.75,0.8018920160159816,0.5147058823529411,0.0,nan,0.023218884120171677,0.0,0.0,68.0,631.0,3.181177794933319,0.31119556034337303,0.18871102169031848,0.24494374209682468,-0.405307412147522,-1.557697276584804,1.126660232897848,5.2977778520435095,15.499426029622555,,,,,,,,,,,,
470.0,0.0,200.0,6.950586694479007,0.5,0.8229531362837724,0.5063291139240507,0.0,0.2,0.023161659513590845,0.0,0.0,79.0,680.0,2.771127015352249,0.23621223596379082,0.1343953410606539,0.20361990266308683,-0.405307412147522,-0.263996745867189,-0.36808317733812146,5.688431956805289,16.248383993282914,1.0,0.0,0.0,0.5,0.0,-0.022621169686317444,2.384273052215576,7.059854684397578,41.0,1.0,84.0,1.3525313249230415
471.0,0.0,200.0,6.390924619212757,0.75,0.6472575668243657,0.5571428571428572,0.0,nan,0.023104434907010016,0.0,0.0,70.0,547.0,1.2447233945131302,0.29013347915017107,0.18940156249064555,0.20144788656710627,-0.405307412147522,-1.8427394404425286,-0.0398328568553552,4.28584749577567,14.072116244584322,,,,,,,,,,,,
472.0,0.0,200.0,6.822823162525904,0.75,0.8714509311219457,0.44285714285714284,0.0,nan,0.023047210300429187,0.0,0.0,70.0,619.0,1.170906689018011,0.3007947549601955,0.2255491450205283,0.15020658952381494,-0.405307412147522,0.5590371107682586,0.6810465928865597,6.838982323184609,17.621710140258074,,,,,,,,,,,,
473.0,0.0,199.0,6.970861137509354,1.0,0.9041075370776251,0.3684210526315789,0.0,nan,0.022989985693848355,0.0,0.0,57.0,456.0,2.0895615816116333,0.6459585613837362,0.45672969532177654,0.37841698414857416,-0.405307412147522,-1.0983410722692497,0.2790371055598371,6.96499851718545,18.175195079296827,,,,,,,,,,,,
474.0,0.0,167.0,7.772434810921563,1.0,0.8424414035424141,0.48484848484848486,0.0,nan,0.02293276108726753,0.0,0.0,66.0,570.0,2.8771987855434418,0.3393937253322292,0.12221140076501502,0.43432932452360207,-0.405307412147522,-0.6044866126030684,-1.1957999715814367,5.522058549337089,17.589955627918243,,,,,,,,,,,,
475.0,0.0,200.0,5.567488175034534,0.75,0.8695822469416855,0.42857142857142855,0.0,nan,0.022875536480686697,0.0,0.0,77.0,639.0,0.44554824754595757,0.1615620235888855,0.07466992674153516,0.17377872624419435,-0.405307412147522,-0.901777861174196,0.6256267506396398,4.164977349340916,15.304474826902151,,,,,,,,,,,,
476.0,0.0,171.0,7.9094054853916305,1.0,0.8442529806037643,0.3548387096774194,0.0,nan,0.02281831187410587,0.0,0.0,62.0,531.0,1.542954444885254,0.24120192764959825,0.17246456426217832,0.13740169505846822,-0.405307412147522,-0.440347021271009,0.8179715101141483,13.620424459222704,25.900599509477615,,,,,,,,,,,,
477.0,0.0,146.0,7.229786916375167,1.0,0.8379088315131286,0.4782608695652174,0.0,nan,0.02276108726752504,0.0,0.0,46.0,388.0,2.4968068599700928,0.34165061748080916,0.19438140954211872,0.2945264991732748,-0.405307412147522,-0.6600596758071333,0.4208434299507644,8.682416607160121,20.505251172930002,,,,,,,,,,,,
478.0,0.0,171.0,7.712014267891654,1.0,0.8376301843259178,0.375,0.0,nan,0.022703862660944207,0.0,0.0,56.0,463.0,2.1074702739715576,0.38114277080649117,0.222555341395824,0.31705288374550433,-0.405307412147522,-1.857135446742177,0.27108561899513006,8.790882742963731,19.84285508468747,,,,,,,,,,,,
479.0,0.0,183.0,9.054222053661967,1.0,0.8123201759009885,0.42168674698795183,0.0,nan,0.02264663805436338,0.0,0.0,83.0,695.0,2.0675420463085175,0.2288521627937996,0.14454596843885106,0.16860948554551872,-0.405307412147522,0.6550675287144259,0.27320365339983255,9.65963668609038,21.099503185600042,,,,,,,,,,,,
480.0,0.0,200.0,7.557360723912738,0.5,0.8572609601406981,0.35526315789473684,0.0,0.2,0.022589413447782546,0.0,0.0,76.0,653.0,1.1775539889931679,0.20390985409513362,0.12116109511367767,0.1653642387163058,-0.405307412147522,-2.478554931236431,-0.5181180401705205,5.345628603827208,15.56892004236579,1.0,0.0,0.5,0.0,0.5,0.3050711154937744,0.9125789403915405,10.704353556715432,91.0,1.0,200.0,179.2456850260498
481.0,0.0,200.0,6.329274877905857,0.75,0.9257307661980854,0.26865671641791045,0.0,nan,0.022532188841201718,0.0,0.0,67.0,575.0,1.1232324838638306,0.4426184744784223,0.11665592205073949,0.6518775959518504,-0.405307412147522,-0.6397567194653675,-1.2276110565289855,4.759912734851241,15.715262301266193,,,,,,,,,,,,
482.0,0.0,188.0,7.961737372949733,1.0,0.8443125319962463,0.352112676056338,0.0,nan,0.022474964234620892,0.0,0.0,71.0,591.0,1.3217616453766823,0.27766902381358705,0.10253753583232145,0.3502434504838039,-0.405307412147522,-0.6769024941604584,1.208223600173369,6.096208147704601,16.82243311032653,,,,,,,,,,,,
483.0,0.0,200.0,8.195023226290958,0.75,0.8733680563602697,0.36764705882352944,0.0,nan,0.02241773962804006,0.0,0.0,68.0,588.0,1.2248992621898651,0.1532129364877619,0.086498931593677,0.13336132661752653,-0.405307412147522,-1.3426180607639253,0.5520219313912094,5.882799775805324,17.242040194571018,,,,,,,,,,,,
484.0,0.0,168.0,8.280547682642954,1.0,0.7524870253381069,0.4142857142857143,0.0,nan,0.02236051502145923,0.0,0.0,70.0,617.0,1.0246570408344269,0.0896276252969983,0.06408174002444866,0.0510520013795637,-0.405307412147522,0.06538954237475991,-0.09328813827596605,6.271870638243854,19.110700715333223,,,,,,,,,,,,
485.0,0.0,188.0,7.692174902558336,1.0,0.7775037950032896,0.4576271186440678,0.0,nan,0.0223032904148784,0.0,0.0,59.0,485.0,0.8292985558509827,0.08773792466138275,0.062425375017981705,0.05056915902584086,-0.405307412147522,0.22104313492309302,0.382759602391161,7.885028603486717,20.915158580988646,,,,,,,,,,,,
486.0,0.0,159.0,7.817896822690974,1.0,0.9142249038745044,0.36363636363636365,0.0,nan,0.02224606580829757,0.0,0.0,55.0,471.0,0.6634837090969086,0.23319945909679518,0.08037281608994817,0.3056185927423804,-0.405307412147522,0.03956890990957618,0.06860080221667886,8.931019857525826,22.991645354777575,,,,,,,,,,,,
487.0,0.0,167.0,7.97764553949238,1.0,0.8624340799836462,0.37735849056603776,0.0,nan,0.02218884120171674,0.0,0.0,53.0,470.0,1.6227007508277893,0.1918692382005247,0.09167798216560641,0.20034817879407646,-0.405307412147522,-0.025489369756542146,-0.10995720629580319,6.846581037156284,20.628529619425535,,,,,,,,,,,,
488.0,0.0,147.0,8.035434592589748,1.0,0.8413061495715533,0.32142857142857145,0.0,nan,0.02213161659513591,0.0,0.0,56.0,457.0,1.1307326555252075,0.25228215340030147,0.0650301506075266,0.37445952533123794,-0.405307412147522,-0.7530119301518425,0.5755930684972554,5.637379758991301,17.830405112355947,,,,,,,,,,,,
489.0,0.0,198.0,8.732326924502864,1.0,0.8048029977024697,0.46551724137931033,0.0,nan,0.022074391988555084,0.0,0.0,58.0,522.0,1.7524489760398865,0.2816995790830532,0.13176596767880255,0.29984775637237726,-0.405307412147522,-0.03041286556981504,-0.30610940721817315,6.400780173949897,19.313150104135275,,,,,,,,,,,,
490.0,0.0,192.0,8.689573378339425,1.0,0.8696297251040996,0.36764705882352944,0.0,0.0,0.022017167381974248,0.0,0.0,68.0,566.0,1.4737775847315788,0.33187551896071454,0.049684694670190765,0.5623791488272275,-0.405307412147522,0.41686374688288197,1.0849471212131903,5.338532225228846,17.08754013851285,1.0,0.0,0.5,0.0,0.5,1.1581573486328125,1.3878846168518066,10.98342014147056,93.0,1.0,200.0,171.84617609530704
491.0,0.0,137.0,6.912476927191024,1.0,0.8023271707806979,0.4418604651162791,0.0,nan,0.021959942775393423,0.0,0.0,43.0,364.0,1.2750816345214844,0.28300684237729,0.0767770954036564,0.41244757878617033,-0.405307412147522,0.3782430248102173,0.1913973018527031,5.4835772616788745,17.788051012903452,,,,,,,,,,,,
492.0,0.0,151.0,8.129609968066225,1.0,0.641961862958336,0.6470588235294118,0.0,nan,0.021902718168812594,0.0,0.0,51.0,458.0,1.7634169161319733,0.5260130044438256,0.0892978685824346,0.8734077064953158,-0.405307412147522,-0.8403529420029372,-1.2737800870090723,5.775968917645514,17.968814063817263,,,,,,,,,,,,
493.0,0.0,200.0,7.998490622639682,0.5,0.8549703054592313,0.38372093023255816,0.0,nan,0.02184549356223176,0.0,0.0,86.0,710.0,1.1296687871217728,0.34603363125324904,0.13238751484436762,0.4271959696655845,-0.405307412147522,-2.3922323337756097,1.117539184866473,5.556340551935136,17.3826610930264,,,,,,,,,,,,
494.0,0.0,185.0,8.032475142404449,1.0,0.8059509174545674,0.4264705882352941,0.0,nan,0.021788268955650933,0.0,0.0,68.0,606.0,0.7301590144634247,0.19004398867764394,0.10694356545991468,0.16581728119056738,-0.405307412147522,-1.5668195420876145,0.5512008119258098,5.8616420570760965,17.366447530686855,,,,,,,,,,,,
495.0,0.0,187.0,7.393802916705621,1.0,0.8228301078473139,0.36231884057971014,0.0,nan,0.0217310443490701,0.0,0.0,69.0,557.0,0.1051031369715929,0.13114976097313047,0.10482908112680889,0.05262663819898399,-0.405307412147522,-0.08710398501716554,0.49119189009070396,5.400431635789573,17.072455290704966,,,,,,,,,,,,
496.0,0.0,200.0,6.47608699567618,0.5,0.8176760237106693,0.38461538461538464,0.0,nan,0.021673819742489272,0.0,0.0,78.0,648.0,1.1469739601016045,0.37009229728528226,0.14260237502126927,0.45491198676401945,-0.405307412147522,-1.0918605151819065,0.8977154999738559,5.931554255075753,18.073397018015385,,,,,,,,,,,,
497.0,0.0,200.0,5.825351679101595,0.75,0.7957774805033238,0.3472222222222222,0.0,nan,0.02161659513590844,0.0,0.0,72.0,594.0,0.8881188668310642,0.27119723546366004,0.14893312427784622,0.24451817360192987,-0.405307412147522,0.5708871437236667,0.12818936666008085,5.433997787535191,17.824540056288242,,,,,,,,,,,,
498.0,0.0,200.0,6.189768473655,0.75,0.8484386879925109,0.3333333333333333,0.0,nan,0.021559370529327614,0.0,0.0,75.0,616.0,1.2420524954795837,0.40881073324226236,0.06150424492697232,0.6945695787367896,-0.405307412147522,-0.5442203949205577,0.3248652609763667,5.567367436364293,17.775608517229557,,,,,,,,,,,,
499.0,0.0,199.0,8.207909727692625,1.0,0.6695379351912198,0.46808510638297873,0.0,nan,0.021502145922746786,0.0,0.0,94.0,721.0,1.3507359474897385,0.1664770094484993,0.12832719093353262,0.07619141306683774,-0.405307412147522,-0.5238403792027384,-2.0282795345410705,6.453966863453388,19.094712421298027,,,,,,,,,,,,
500.0,0.0,200.0,6.418630465269098,0.75,0.9085330795520145,0.2903225806451613,0.0,0.0,0.021444921316165953,0.0,0.0,62.0,519.0,0.7595815509557724,0.1678490709723235,0.06428793005751743,0.20710867820588325,-0.405307412147522,-0.10095137939788401,0.8616782951867208,5.698583354242146,17.832262869924307,1.0,0.0,0.75,0.0,0.75,0.2976508140563965,1.400355339050293,10.92423765771673,93.0,1.0,200.0,145.55401504784834
501.0,0.0,194.0,8.242883856147545,1.0,0.9129092180726905,0.3181818181818182,0.0,nan,0.021387696709585124,0.0,0.0,66.0,563.0,1.2770310081541538,0.20294431107413402,0.07003912912023225,0.26580243496752676,-0.405307412147522,-0.035532125271856785,0.10196818702388555,6.393893986009061,18.960717152804136,,,,,,,,,,,,
502.0,0.0,200.0,5.276392020583169,0.5,0.8293523185642269,0.4520547945205479,0.0,nan,0.021330472103004292,0.0,0.0,73.0,653.0,1.9760301560163498,0.41755179147367016,0.06558199510083801,0.7036281426699349,-0.405307412147522,-0.37029824452474713,3.6125911726849154,5.622492733411491,17.457349251955748,,,,,,,,,,,,
503.0,0.0,200.0,6.152249260693795,0.75,0.8471954415711043,0.3108108108108108,0.0,nan,0.021273247496423463,0.0,0.0,74.0,602.0,0.7499536536633968,0.15147533550498338,0.0442949229155829,0.2143424100115873,-0.405307412147522,-0.42941115889698267,-0.5015904251486063,6.505020534619689,19.14054037630558,,,,,,,,,,,,
504.0,0.0,200.0,6.447274182960404,0.75,0.9117189309120111,0.29577464788732394,0.0,nan,0.021216022889842635,0.0,0.0,71.0,616.0,0.8621069507207721,0.19693116904090857,0.10000586246803778,0.19384097360699748,-0.405307412147522,0.30834659188985825,-0.0985812779981643,6.132722073234618,18.043859586119652,,,,,,,,,,,,
505.0,0.0,185.0,8.187149951905027,1.0,0.8658712471081844,0.3783783783783784,0.0,nan,0.021158798283261802,0.0,0.0,74.0,588.0,0.5016896910965443,0.09396061646123144,0.05408904198429809,0.07966034262278078,-0.405307412147522,-1.4577576431329362,1.1528968424536288,6.227674911729991,17.741058368235826,,,,,,,,,,,,
506.0,0.0,200.0,7.18333350241186,0.75,0.9074402670586315,0.36363636363636365,0.0,nan,0.021101573676680977,0.0,0.0,66.0,562.0,2.5283858105540276,0.3560813167187007,0.10848047360752844,0.4951631733386037,-0.405307412147522,-0.1668947997968644,-0.43450103828217834,5.963112950325012,17.72442628443241,,,,,,,,,,,,
507.0,0.0,130.0,5.049016811549679,0.25,0.8586301977544082,0.3387096774193548,0.0,nan,0.021044349070100145,0.0,0.0,62.0,506.0,2.683400332927704,0.5480836069946236,0.16597871049907553,0.7641339570188794,-0.405307412147522,-0.8582951121206861,1.1824501912342384,6.606919204816222,18.701701119542122,,,,,,,,,,,,
508.0,0.0,200.0,8.432365012317918,0.75,0.7971090170489078,0.42857142857142855,0.0,nan,0.020987124463519316,0.0,0.0,77.0,684.0,1.1377384215593338,0.2977768527534863,0.1221262764452149,0.3512741501825687,-0.405307412147522,-0.18596734968014061,0.9116916629718617,7.01191330421716,19.22533867880702,,,,,,,,,,,,
509.0,0.0,200.0,8.148233064115065,0.75,0.7968158523580572,0.5277777777777778,0.0,nan,0.020929899856938487,0.0,0.0,72.0,656.0,2.1938976794481277,0.30498728457268953,0.05292739410735514,0.5040954552654313,-0.405307412147522,-0.6488250223919749,-0.13121721346396953,5.876281015574932,16.93194628506899,,,,,,,,,,,,
510.0,0.0,185.0,8.961678671687856,1.0,0.7141928134918988,0.5692307692307692,0.0,0.0,0.020872675250357655,0.0,0.0,65.0,591.0,2.359819069504738,0.47579158488997564,0.25487555459221767,0.441796662811502,-0.405307412147522,-0.9752078507444821,-0.433746149064973,5.153794187121093,16.02138428762555,1.0,0.0,0.0,0.5,0.0,-0.018932431936264038,1.9754769802093506,7.242534060031176,44.0,1.0,93.0,1.3071926903724709
511.0,0.0,200.0,7.537531469762348,0.75,0.8978144214564174,0.3595505617977528,0.0,nan,0.020815450643776826,0.0,0.0,89.0,720.0,0.6531433016061783,0.14493031495112518,0.08566480639910878,0.11848873351105205,-0.405307412147522,-0.19579929974861443,0.290545349358581,5.601438476704061,17.318675238639116,,,,,,,,,,,,
512.0,0.0,200.0,6.82147092178465,0.75,0.6704534267472869,0.6363636363636364,0.0,nan,0.020758226037195994,0.0,0.0,55.0,493.0,1.4570215344429016,0.2586007249647082,0.06761090245592527,0.3819658773836947,-0.405307412147522,-0.4671228304505348,-0.8257218847284093,5.401573269627988,15.063180960714817,,,,,,,,,,,,
513.0,0.0,182.0,7.488448052257308,1.0,0.7014282243476218,0.4909090909090909,0.0,nan,0.020701001430615165,0.0,0.0,55.0,474.0,1.4870035350322723,0.3282845138828634,0.11751055374747921,0.42148287807238827,-0.405307412147522,0.44218618236482143,1.3958394122309983,6.304379210807383,17.194815140217543,,,,,,,,,,,,
514.0,0.0,200.0,5.530438501089819,0.75,0.8903116126237463,0.39655172413793105,0.0,nan,0.02064377682403434,0.0,0.0,58.0,447.0,0.6214759647846222,0.34919177261508594,0.26653181719666463,0.16526304242387452,-0.405307412147522,-1.6104442162904888,-0.18580306080548326,6.011579624377191,18.005028504878283,,,,,,,,,,,,
515.0,0.0,200.0,7.080049056708823,0.75,0.8266278423581738,0.3787878787878788,0.0,nan,0.020586552217453508,0.0,0.0,66.0,564.0,1.0975958844646811,0.24211425673179932,0.05891589488828686,0.36635786518953917,-0.405307412147522,-0.6947381825884804,-0.01648634928278625,5.672711143270135,17.262343261390924,,,,,,,,,,,,
516.0,0.0,200.0,6.866113368421813,0.75,0.7900169202452327,0.4027777777777778,0.0,nan,0.02052932761087268,0.0,0.0,72.0,625.0,0.6078160963952541,0.17901389908593046,0.0535536079516703,0.25090327948384905,-0.405307412147522,-0.08943473175168037,0.5299190944060683,4.841369351372123,16.143096275627613,,,,,,,,,,,,
517.0,0.0,159.0,7.814246852174412,1.0,0.643897801696275,0.5263157894736842,0.0,nan,0.020472103004291847,0.0,0.0,57.0,496.0,1.480714738368988,0.23780502144524007,0.14619514195999272,0.1831912923953296,-0.405307412147522,-0.8331540278159082,-0.3752448171726428,6.8012925032526255,19.64895962178707,,,,,,,,,,,,
518.0,0.0,130.0,3.8930490063130962,0.5,0.7372736444191426,0.5178571428571429,0.0,nan,0.020414878397711018,0.0,0.0,56.0,459.0,7.203570604324341,1.300341507436201,0.05485908670425488,2.490540135954026,-0.405307412147522,-1.3585976450704038,0.15301835449645296,5.901147847995162,18.321965381503105,,,,,,,,,,,,
519.0,0.0,200.0,6.732395607307568,0.75,0.8734961214816646,0.421875,0.0,nan,0.02035765379113019,0.0,0.0,64.0,537.0,0.7038286328315735,0.2396855627266632,0.1480922382688732,0.18317201324015586,-0.405307412147522,0.11190563818672672,-0.2545746610267088,4.839084914885461,16.637646660208702,,,,,,,,,,,,
520.0,0.0,37.0,0.38103282555937756,0.0,0.6503080202422514,0.42857142857142855,0.0,0.0,0.020300429184549357,0.0,0.0,21.0,148.0,9.690707683563232,0.8194533532962825,0.027262450754326505,1.5843410669363513,-0.405307412147522,-0.5591548206032934,-2.9646221181830845,8.060028150274947,22.86335361326063,1.0,0.0,0.75,0.0,0.75,0.12361499667167664,1.2944294214248657,11.163961841608398,86.0,1.0,200.0,290.8642893135551
521.0,0.0,166.0,7.059288404136904,1.0,0.9432093220982506,0.296875,0.0,nan,0.02024320457796853,0.0,0.0,64.0,530.0,0.9237942695617676,0.6365266923087631,0.55371294936763,0.1656228599431655,-0.405307412147522,0.05045315803727135,-0.7613998740562238,6.188071454875171,20.226327680051327,,,,,,,,,,,,
522.0,0.0,154.0,6.58691759243608,1.0,0.8146572717803238,0.3968253968253968,0.0,nan,0.0201859799713877,0.0,0.0,63.0,496.0,0.5330497771501541,0.20098321512352868,0.11368004314083713,0.17460276103781475,-0.405307412147522,0.2853996025805827,0.1364432165864855,4.0542077869176865,14.943931605666876,,,,,,,,,,,,
523.0,0.0,200.0,6.822079894915239,0.75,0.8696224663522797,0.34210526315789475,0.0,nan,0.02012875536480687,0.0,0.0,76.0,661.0,0.80064282938838,0.21533957972565076,0.09516695535840825,0.2403318927954214,-0.405307412147522,-0.8963961913250387,0.18187020265031606,5.325804173015058,17.327051285654306,,,,,,,,,,,,
524.0,0.0,200.0,7.9577516923845035,0.75,0.8264045987052623,0.4657534246575342,0.0,nan,0.02007153075822604,0.0,0.0,73.0,673.0,0.9851080402731895,0.13361345800149138,0.055061884252836535,0.15709255643069486,-0.405307412147522,0.16957886889576912,0.22060326870996505,4.482710011303425,16.330508541315794,,,,,,,,,,,,
525.0,0.0,200.0,6.799990932643431,0.75,0.7721066167495727,0.417910447761194,0.0,nan,0.02001430615164521,0.0,0.0,67.0,555.0,1.285624511539936,0.2373324953878182,0.09996943668428888,0.27469651282590946,-0.405307412147522,-0.37945507490076125,-0.17477100424002856,4.201239684596658,15.7651088796556,,,,,,,,,,,,
526.0,0.0,200.0,7.352398082390444,0.75,0.885300555525513,0.3380281690140845,0.0,nan,0.01995708154506438,0.0,0.0,71.0,629.0,1.7752904444932938,0.5965863934268327,0.14565583926378167,0.9018251925552825,-0.405307412147522,-0.517903137835674,-0.39238975814078003,3.710169364698231,14.517970860004425,,,,,,,,,,,,
527.0,0.0,200.0,3.532571077346822,0.0,0.8799719650696051,0.3956043956043956,0.0,nan,0.01989985693848355,0.0,0.0,91.0,800.0,2.5144051015377045,0.7602212403553494,0.26975303355129654,0.9808792486058904,-0.405307412147522,-1.0892140247160569,0.4164367229677737,4.467389260418713,14.866888653486967,,,,,,,,,,,,
528.0,0.0,200.0,4.342461548745656,0.0,0.8306143784852484,0.3695652173913043,0.0,nan,0.01984263233190272,0.0,0.0,92.0,800.0,1.378109760582447,0.2877147103290021,0.08273061633963152,0.4099539768171998,-0.405307412147522,-1.0078322584740818,0.3273380692116916,4.02742460463196,14.38774760439992,,,,,,,,,,,,
529.0,0.0,200.0,3.2380648925900637,0.0,0.8765890904459241,0.297029702970297,0.0,nan,0.019785407725321887,0.0,0.0,101.0,800.0,1.6346762478351593,0.3012508844767581,0.06587625918359663,0.4700370856842575,-0.405307412147522,-0.6041807821602561,0.2977593089453876,4.037251682020724,14.677149944007397,,,,,,,,,,,,
530.0,0.0,200.0,2.2140920720994646,0.0,0.841232451019912,0.40594059405940597,0.0,0.0,0.019728183118741062,0.0,0.0,101.0,800.0,3.109712928533554,0.4870211072066013,0.040140921426204984,0.8937536700336743,-0.405307412147522,-0.7088169595226645,-0.47714657010510564,4.975005093961954,15.766160350292921,1.0,0.0,0.0,0.0,0.0,0.6400889158248901,0.5417293310165405,10.695085674757138,87.0,1.0,200.0,2.787765052169579
531.0,0.0,200.0,3.4176794454455495,0.25,0.8762557063444794,0.3875,0.0,nan,0.019670958512160233,0.0,0.0,80.0,690.0,1.7191101759672165,0.24736355258937692,0.03948768947611825,0.415732626908178,-0.405307412147522,-0.8019536307547241,-0.2462755534797907,4.790525986813009,15.305484611541033,,,,,,,,,,,,
532.0,0.0,200.0,2.8251012712717287,0.0,0.905785864194852,0.4148936170212766,0.0,nan,0.0196137339055794,0.0,0.0,94.0,800.0,1.7710740268230438,0.2506841216072644,0.061560942845005684,0.3782286458778557,-0.405307412147522,-1.3708835216239095,-1.0356668503955007,4.981228174641728,15.233987614512444,,,,,,,,,,,,
533.0,0.0,200.0,5.214658719748282,0.25,0.9165303723351956,0.3,0.0,nan,0.019556509298998572,0.0,0.0,80.0,712.0,0.800272561609745,0.1312987027428063,0.05900486551854556,0.144582498222946,-0.405307412147522,-0.4139806916064117,0.5570027134381235,4.386901146732271,14.485117800533772,,,,,,,,,,,,
534.0,0.0,200.0,3.1887438425421832,0.25,0.8416840490795674,0.3924050632911392,0.0,nan,0.01949928469241774,0.0,0.0,79.0,679.0,2.1708875745534897,0.35081320149947715,0.09285558234159907,0.5159024700563819,-0.405307412147522,-0.8890360789373517,-1.336363605223596,5.019442160613835,14.746248725801706,,,,,,,,,,,,
535.0,0.0,200.0,3.7741791643202536,0.0,0.8849453210997122,0.3695652173913043,0.0,nan,0.01944206008583691,0.0,0.0,92.0,800.0,1.7739455476403236,0.3273684101836807,0.08604244736937972,0.48264822808408425,-0.405307412147522,-0.32359376596286893,0.918216566555202,4.25104711856693,14.096809960901737,,,,,,,,,,,,
536.0,0.0,200.0,2.841013897210374,0.0,0.8818575369581811,0.4065934065934066,0.0,nan,0.019384835479256082,0.0,0.0,91.0,800.0,2.1187734603881836,0.35201432072312855,0.06180945328492271,0.5803898252421487,-0.405307412147522,-1.583141104936658,-1.1507142381742597,4.695117419585586,14.398152142763138,,,,,,,,,,,,
537.0,0.0,200.0,3.3867299817502716,0.0,0.9070722927826977,0.32967032967032966,0.0,nan,0.01932761087267525,0.0,0.0,91.0,800.0,0.8291487209498882,0.17570038477651906,0.08804494703372256,0.1753043746223053,-0.405307412147522,-0.3794384014327079,1.316852230578661,4.159456356428564,14.242672763764858,,,,,,,,,,,,
538.0,0.0,200.0,3.0094087570905868,0.0,0.9047169759549164,0.31868131868131866,0.0,nan,0.019270386266094425,0.0,0.0,91.0,800.0,0.9546383693814278,0.15483405578197562,0.07729821102657297,0.1550538784918558,-0.405307412147522,-1.2346326471306384,-0.241996418684721,4.5887402798980474,14.974993899464607,,,,,,,,,,,,
539.0,0.0,200.0,1.1624997071921892,0.0,0.8607513087326519,0.48314606741573035,0.0,nan,0.019213161659513592,0.0,0.0,89.0,800.0,1.4111144319176674,0.2981844932837703,0.09494075384827738,0.406471519683798,-0.405307412147522,-1.1061523323878646,-0.8574683433398604,4.838842120952904,15.623314682394266,,,,,,,,,,,,
540.0,0.0,200.0,2.8571276590228205,0.0,0.8349754810200117,0.3723404255319149,0.0,0.0,0.019155937052932764,0.0,0.0,94.0,800.0,0.8776731267571449,0.16026947570207994,0.04995864332795463,0.22061178296648976,-0.405307412147522,-1.0283952734898776,-0.6822211686521769,4.839397463016212,15.649876099079847,1.0,0.0,0.0,0.0,0.0,0.023873016238212585,0.5693581104278564,9.68445572006749,92.0,1.0,200.0,2.3064627721905855
541.0,0.0,200.0,4.519208762794758,0.0,0.8040700859753431,0.5,0.0,nan,0.019098712446351935,0.0,0.0,86.0,800.0,1.4048386365175247,0.48494847923994744,0.3896060808245615,0.19065938238341418,-0.405307412147522,-1.089106856379658,-1.0545347351580858,6.182186567224562,19.640571855008602,,,,,,,,,,,,
542.0,0.0,200.0,1.6119157634675692,0.0,0.9086378129711309,0.2978723404255319,0.0,nan,0.019041487839771103,0.0,0.0,94.0,800.0,2.483455255627632,0.3779645150752913,0.03514925512808986,0.6856294202981854,-0.405307412147522,-1.0388165130279958,-0.4061248069629073,4.729980499483645,16.111223239451647,,,,,,,,,,,,
543.0,0.0,200.0,3.1249872930348146,0.0,0.8566159681932684,0.30303030303030304,0.0,nan,0.018984263233190274,0.0,0.0,99.0,800.0,1.7674764543771744,0.36038236359536313,0.0609124019142655,0.5989186951874008,-0.405307412147522,-1.0154452552087605,-1.10551683511585,4.714698082767427,15.885066445916891,,,,,,,,,,,,
544.0,0.0,200.0,4.832113921642328,0.0,0.8370061538760906,0.34831460674157305,0.0,nan,0.01892703862660944,0.0,0.0,89.0,800.0,0.9064164012670517,0.1573808710364517,0.03381929649879112,0.2470888393271642,-0.405307412147522,-1.6592378478962928,1.0483743767254055,4.207507503218949,14.773459024727345,,,,,,,,,,,,
545.0,0.0,200.0,2.715372286736984,0.0,0.855506564267154,0.42857142857142855,0.0,nan,0.018869814020028613,0.0,0.0,91.0,800.0,1.3907936662435532,0.3079438672430115,0.07927124581078715,0.45733619537049464,-0.405307412147522,-0.3002977049909532,-0.8981471173465252,4.856513417325914,15.889275345951319,,,,,,,,,,,,
546.0,0.0,200.0,1.7583634033799276,0.0,0.8230016514107323,0.4418604651162791,0.0,nan,0.018812589413447788,0.0,0.0,86.0,800.0,1.127930648624897,0.19491523864599003,0.07156210455423206,0.24669316017723508,-0.405307412147522,0.7192311696708202,0.3210424557328224,4.816054384224117,15.569319937378168,,,,,,,,,,,,
547.0,0.0,200.0,2.9538609907031197,0.0,0.9065911412334896,0.3111111111111111,0.0,nan,0.018755364806866955,0.0,0.0,90.0,800.0,1.049048773944378,0.25145014013060063,0.11000198641318093,0.2828928489896603,-0.405307412147522,-1.214943153783679,-0.01026704628020525,4.573373860679567,14.963897127658129,,,,,,,,,,,,
548.0,0.0,200.0,1.9835858903825425,0.0,0.8286208882150228,0.41304347826086957,0.0,nan,0.018698140200286123,0.0,0.0,92.0,800.0,1.7788888812065125,0.2293780141726529,0.04426972143482999,0.37020811372550355,-0.405307412147522,-0.09940063860267401,-0.31689181458204985,4.983827403746545,15.818283047527075,,,,,,,,,,,,
549.0,0.0,200.0,2.097306489944474,0.0,0.6991866773442836,0.5268817204301075,0.0,nan,0.018640915593705294,0.0,0.0,93.0,800.0,1.2583714574575424,0.19483357033402626,0.04992845820834191,0.28978783001852704,-0.405307412147522,-0.977153155952692,-1.1925070406869054,5.0558948600664735,16.070577684789896,,,,,,,,,,,,
550.0,0.0,200.0,2.5058301128447273,0.0,0.8934029520722913,0.30851063829787234,0.0,0.0,0.018583690987124465,0.0,0.0,94.0,800.0,0.5518975704908371,0.09511983734228124,0.045817108009941876,0.09858235489478534,-0.405307412147522,-0.008292525541037321,-0.5318002067506313,4.89966490957886,15.43853548541665,1.0,0.0,0.0,0.0,0.0,0.023524612188339233,0.5050622224807739,9.397576812683837,92.0,1.0,200.0,2.168766491115106
551.0,0.0,200.0,1.206983368843804,0.0,0.9581490925149405,0.28421052631578947,0.0,nan,0.018526466380543637,0.0,0.0,95.0,800.0,0.6462481804192066,0.11779028535784164,0.06456929235173448,0.10643563999321981,-0.405307412147522,-0.38661533989943564,-0.46977528277784586,4.712007772177458,15.172466315329075,,,,,,,,,,,,
552.0,0.0,200.0,4.167568400502229,0.0,0.8106110361229748,0.44565217391304346,0.0,nan,0.018469241773962808,0.0,0.0,92.0,800.0,1.015002191066742,0.07509263862721127,0.05323960021678431,0.04369684359487297,-0.405307412147522,-0.4727797042578459,0.3412300832569599,4.621947014704347,15.415697630494833,,,,,,,,,,,,
553.0,0.0,200.0,1.4417856857180742,0.0,0.8641141106854838,0.40425531914893614,0.0,nan,0.01841201716738198,0.0,0.0,94.0,800.0,0.5260077565908432,0.15798007089324528,0.10137210195352964,0.11320389937492767,-0.405307412147522,-1.0431012474000454,-1.0849941112101078,4.774165624752641,15.446938183158636,,,,,,,,,,,,
554.0,0.0,200.0,1.747014008462444,0.0,0.8928261035092936,0.3617021276595745,0.0,nan,0.018354792560801143,0.0,0.0,94.0,800.0,0.9163315668702126,0.13876767354793174,0.03788123294115309,0.20175148831791334,-0.405307412147522,-0.9227827810682356,-0.190655087120831,4.883618364110589,15.82966085895896,,,,,,,,,,,,
555.0,0.0,200.0,3.8242319229245396,0.25,0.8888374193842314,0.4125,0.0,nan,0.018297567954220315,0.0,0.0,80.0,678.0,0.3739001974463463,0.11026894074348093,0.05695463543452206,0.10620277997359262,-0.405307412147522,-1.7085429704748094,1.2192897694185376,4.827812137082219,15.713578045368195,,,,,,,,,,,,
556.0,0.0,200.0,2.8299200460314933,0.0,0.8755686432640523,0.3191489361702128,0.0,nan,0.018240343347639493,0.0,0.0,94.0,800.0,0.6015329957008362,0.09909614687967405,0.044837999095761916,0.1084936830831078,-0.405307412147522,-0.6197122898884118,-0.19672127719968557,4.916660929098725,15.938244733959436,,,,,,,,,,,,
557.0,0.0,200.0,2.0988446697592926,0.0,0.8429717368386471,0.4318181818181818,0.0,nan,0.018183118741058657,0.0,0.0,88.0,800.0,0.7126172855496407,0.06988516606907069,0.015836437890357047,0.10806570293796491,-0.405307412147522,-0.9768958804197609,-1.2412307616323233,5.555876115337014,16.461276952177286,,,,,,,,,,,,
558.0,0.0,200.0,2.474874738603851,0.0,0.9139639591534668,0.31868131868131866,0.0,nan,0.018125894134477828,0.0,0.0,91.0,800.0,0.5394059233367443,0.07648215005974635,0.035389772963753785,0.082150504288383,-0.405307412147522,-0.5352244889363647,-1.628971983678639,5.279915095306933,16.234758507460356,,,,,,,,,,,,
559.0,0.0,200.0,3.7859433516860244,0.0,0.8824817155458007,0.3617021276595745,0.0,nan,0.018068669527897,0.0,0.0,94.0,800.0,0.47795456275343895,0.05666985641073552,0.032770101087407966,0.04767417546843311,-0.405307412147522,-0.1372601999901235,0.36772795487195253,5.12376510258764,16.082861486822367,,,,,,,,,,,,
560.0,0.0,108.0,0.9657259789109283,0.0,0.6910199889956716,0.6041666666666666,0.0,0.0,0.01801144492131617,0.0,0.0,48.0,432.0,4.360594272613525,0.6980335115208618,0.031054516619998862,1.3330777660095148,-0.405307412147522,-3.0046516954898834,0.6052365847863257,4.85564096365124,15.818501632660627,1.0,0.0,0.0,0.0,0.0,0.16747239232063293,0.29029691219329834,9.77752408960805,89.0,1.0,200.0,2.469581581652181
561.0,0.0,200.0,2.969483606517335,0.0,0.6241977714636207,0.6043956043956044,0.0,nan,0.017954220314735335,0.0,0.0,91.0,800.0,0.9976739287376404,0.19948148429763535,0.09121436486424273,0.21636022450311554,-0.405307412147522,0.37342570163309574,0.2883113594725728,5.64589106105268,17.037478003650904,,,,,,,,,,,,
562.0,0.0,173.0,3.182455700337904,0.0,0.875306661578469,0.3333333333333333,0.0,nan,0.017896995708154506,0.0,0.0,87.0,692.0,1.04572444409132,0.21024925080018875,0.10782854327094071,0.20468460646342468,-0.405307412147522,-0.8434337396174669,-0.40017979592084885,5.841497860848904,17.027370162308216,,,,,,,,,,,,
563.0,0.0,200.0,2.6862869188189706,0.0,0.6978964712427357,0.5888888888888889,0.0,nan,0.017839771101573677,0.0,0.0,90.0,800.0,1.0929637551307678,0.20166523575875317,0.03835109084428723,0.32658335666213745,-0.405307412147522,-0.6824322827160358,-0.34606623463332653,6.112132279202342,17.360599659383297,,,,,,,,,,,,
564.0,0.0,200.0,3.428344167768971,0.0,0.879288531365088,0.4044943820224719,0.0,nan,0.01778254649499285,0.0,0.0,89.0,800.0,1.242758348584175,0.11066415483333003,0.05239442505990155,0.1165020401113186,-0.405307412147522,-1.594764688052237,-0.8730154000222683,6.4361249059438705,17.73622927069664,,,,,,,,,,,,
565.0,0.0,200.0,1.6283950433135126,0.0,0.8107744321078199,0.3723404255319149,0.0,nan,0.01772532188841202,0.0,0.0,94.0,800.0,0.584214024245739,0.19843252676287193,0.07669342754047648,0.24347296713826627,-0.405307412147522,-1.1046870658174157,-0.8689786465838552,6.5119545590132475,18.30275757238269,,,,,,,,,,,,
566.0,0.0,200.0,1.9141569212079137,0.0,0.8852718908627139,0.3402061855670103,0.0,nan,0.01766809728183119,0.0,0.0,97.0,800.0,0.7924491986632347,0.06938584593359565,0.04183944322295474,0.05507154230787906,-0.405307412147522,-1.514412647113204,-1.087179783731699,6.980667693540454,18.586104687303305,,,,,,,,,,,,
567.0,0.0,200.0,2.7759966552257755,0.0,0.8815145979691366,0.3684210526315789,0.0,nan,0.017610872675250362,0.0,0.0,95.0,800.0,0.5916534140706062,0.14821234360988456,0.07920305161951546,0.13798435553251887,-0.405307412147522,-0.6845172913745046,-0.7263844506815076,6.760005280375481,18.08896131440997,,,,,,,,,,,,
568.0,0.0,200.0,2.222310125827802,0.0,0.8816867340837239,0.37755102040816324,0.0,nan,0.017553648068669533,0.0,0.0,98.0,800.0,0.5750266090035439,0.08347447575567912,0.0542853552192355,0.05837399024735293,-0.405307412147522,-0.7081489646807313,-1.0710701560601592,6.895928321406245,18.343942515552044,,,,,,,,,,,,
569.0,0.0,200.0,3.0259142369032106,0.0,0.7348499620002407,0.4742268041237113,0.0,nan,0.017496423462088698,0.0,0.0,97.0,800.0,1.1184856295585632,0.19202597861294635,0.08652989436450298,0.21097710857615223,-0.405307412147522,-0.4969295924529433,-0.03419727738946676,7.066471567377448,18.227072086185217,,,,,,,,,,,,
570.0,0.0,200.0,1.46154319494964,0.0,0.8969911456760221,0.31958762886597936,0.0,0.0,0.01743919885550787,0.0,0.0,97.0,800.0,0.31549347564578056,0.11776270407926859,0.07301747964629612,0.08945056215631697,-0.405307412147522,-1.783837804570794,-1.3519556000828743,7.3569383174180984,18.345463261008263,1.0,0.0,0.0,0.0,0.0,0.5490789413452148,0.20322084426879883,10.020705376053229,92.0,1.0,200.0,2.295746222138422
571.0,0.0,200.0,2.3045313321054177,0.0,0.9162806120174725,0.35106382978723405,0.0,nan,0.01738197424892704,0.0,0.0,94.0,800.0,0.46892766654491425,0.19614432319394837,0.154167005347972,0.08390873046351677,-0.405307412147522,-1.0148691441863775,-0.5354018332436681,7.187184242531657,18.431568268686533,,,,,,,,,,,,
572.0,0.0,200.0,2.400079928338546,0.0,0.8447298361569974,0.43956043956043955,0.0,nan,0.01732474964234621,0.0,0.0,91.0,800.0,0.903382234275341,0.08156899139248708,0.044098787559050834,0.07493280827884216,-0.405307412147522,-0.9014736320823431,-0.5271679619327188,7.737565282732248,19.11859830468893,,,,,,,,,,,,
573.0,0.0,200.0,0.35650318488479193,0.0,0.8404977616392785,0.28888888888888886,0.0,nan,0.017267525035765383,0.0,0.0,90.0,800.0,0.500917349010706,0.139974679250372,0.08806032636675809,0.1037893021588846,-0.405307412147522,-1.8476282889023423,-1.172042103484273,8.009470786899328,19.25624581798911,,,,,,,,,,,,
574.0,0.0,200.0,2.023177608847633,0.0,0.7873957701492698,0.43023255813953487,0.0,nan,0.017210300429184554,0.0,0.0,86.0,800.0,0.28885802114382386,0.07187306623836776,0.05507518903505115,0.03357848978183986,-0.405307412147522,-1.2308907071128488,-0.9226008309051394,7.738846281543374,19.30392163619399,,,,,,,,,,,,
575.0,0.0,200.0,3.11601245775821,0.0,0.86367317854687,0.44680851063829785,0.0,nan,0.017153075822603725,0.0,0.0,94.0,800.0,0.4159593731164932,0.048264515105984174,0.016605567803708254,0.06258791507330053,-0.405307412147522,-2.406135427299887,-1.496172348037362,7.563733110204339,19.312293112277985,,,,,,,,,,,,
576.0,0.0,200.0,3.3406902775168654,0.0,0.8413040015735658,0.42391304347826086,0.0,nan,0.01709585121602289,0.0,0.0,92.0,800.0,0.495049174875021,0.13548253029057378,0.08921113159152583,0.09252947060298072,-0.405307412147522,0.2516915909945965,-0.2725400198251009,7.500446729362011,19.10449580848217,,,,,,,,,,,,
577.0,0.0,200.0,1.6954794824123471,0.0,0.8336440185433238,0.4105263157894737,0.0,nan,0.01703862660944206,0.0,0.0,95.0,800.0,0.3573385737836361,0.07095254846899479,0.05070851661730558,0.040472013610092894,-0.405307412147522,-1.370856972411275,0.4306470938026905,7.539920408278704,18.885486491024494,,,,,,,,,,,,
578.0,0.0,200.0,3.9074180275202073,0.0,0.7365602868805923,0.5934065934065934,0.0,nan,0.01698140200286123,0.0,0.0,91.0,800.0,0.5670327767729759,0.10670156924607,0.052388809157946525,0.10860870413408572,-0.405307412147522,-0.5934852724894881,-0.5190636198967695,7.3787121046334505,19.0089273378253,,,,,,,,,,,,
579.0,0.0,200.0,3.864874567836553,0.0,0.8328533330772222,0.3372093023255814,0.0,nan,0.016924177396280403,0.0,0.0,86.0,800.0,0.5018414966762066,0.1976333490183606,0.1936289121349546,0.00799630120869127,-0.405307412147522,-1.0242322403937578,-0.6283118911087513,8.818419555202127,21.069498654454947,,,,,,,,,,,,
580.0,0.0,200.0,2.8869981393218263,0.0,0.8838085857509289,0.39361702127659576,0.0,0.0,0.016866952789699574,0.0,0.0,94.0,800.0,0.5042868610471487,0.16520864224912657,0.05084474108637936,0.2286645523016665,-0.405307412147522,-1.5282814176753163,-0.6295022228732705,8.313798004761338,19.991784773766994,1.0,0.0,0.0,0.0,0.0,0.8559484481811523,0.18993890285491943,10.005942636676991,89.0,1.0,200.0,2.5106762014329624
581.0,0.0,200.0,2.8841182775795624,0.0,0.7450945050917613,0.45454545454545453,0.0,nan,0.01680972818311874,0.0,0.0,88.0,800.0,0.5808550007641315,0.16235919532368825,0.08900457783636284,0.14659665040622816,-0.405307412147522,-0.8416657885536551,-1.023353811353445,10.301542716100812,21.702283561229706,,,,,,,,,,,,
582.0,0.0,200.0,2.3717476986348833,0.0,0.9183632071697329,0.3111111111111111,0.0,nan,0.016752503576537917,0.0,0.0,90.0,800.0,0.5329760052263737,0.196325207637301,0.1413722459170259,0.10970286339201327,-0.405307412147522,-0.6627694573253393,-1.0067211240530014,10.930756729096174,22.573604099452496,,,,,,,,,,,,
583.0,0.0,145.0,3.7195101782679743,0.0,0.8113183200120432,0.4,0.0,nan,0.016695278969957088,0.0,0.0,65.0,580.0,0.7893021292984486,0.1280959859595896,0.09142102823238929,0.07330948259133288,-0.405307412147522,-0.6591011015698314,3.230294323526323,9.617441859096289,21.515412032604218,,,,,,,,,,,,
584.0,0.0,200.0,2.323979638516918,0.0,0.8724978208997332,0.34782608695652173,0.0,nan,0.016638054363376252,0.0,0.0,92.0,800.0,0.5500956028699875,0.17621023467108898,0.13207982678295593,0.08815250940682673,-0.405307412147522,-1.0029492788016796,0.18306287564337254,11.221186751499772,22.8514166995883,,,,,,,,,,,,
585.0,0.0,200.0,3.1387847140431564,0.0,0.7441879758721249,0.5,0.0,nan,0.016580829756795423,0.0,0.0,86.0,800.0,0.28336589224636555,0.20657893467887334,0.16128013473985447,0.0905531487786777,-0.405307412147522,0.14225889556109905,1.209401436150074,10.188453510403633,21.849244974553585,,,,,,,,,,,,
586.0,0.0,200.0,3.4971208907664018,0.0,0.8958850748502333,0.41935483870967744,0.0,nan,0.016523605150214594,0.0,0.0,93.0,800.0,0.8112266659736633,0.11437699151872494,0.09131467091571466,0.046088652800493596,-0.405307412147522,0.4835403021425009,-0.043967501260340214,10.520732592791319,22.170643016695976,,,,,,,,,,,,
587.0,0.0,200.0,1.923738881945631,0.0,0.8623341610427776,0.40229885057471265,0.0,nan,0.016466380543633766,0.0,0.0,87.0,800.0,0.462712075561285,0.09232450035278816,0.06783621490012592,0.04872915899539865,-0.405307412147522,-1.725213898345828,-1.3844731468707323,12.639795064926147,24.45114217698574,,,,,,,,,,,,
588.0,0.0,200.0,1.5434430874884302,0.0,0.7771099706826092,0.4020618556701031,0.0,nan,0.016409155937052937,0.0,0.0,97.0,800.0,0.2637680536136031,0.15303415127937114,0.10604278317714488,0.09385669464566049,-0.405307412147522,-0.3919911431148648,-1.519017407670617,12.449695285409689,23.07843493297696,,,,,,,,,,,,
589.0,0.0,200.0,3.0538258142769483,0.0,0.798049469822968,0.3563218390804598,0.0,nan,0.0163519313304721,0.0,0.0,87.0,800.0,0.9160490334033966,0.13863465713217238,0.09581567230086072,0.08554036320056105,-0.405307412147522,-1.906644239090383,-0.6172056682407856,11.201690403744578,22.581788882613182,,,,,,,,,,,,
590.0,0.0,200.0,2.290712792426362,0.0,0.816774383038177,0.41818181818181815,0.0,0.0,0.01629470672389128,0.0,0.0,110.0,800.0,0.5830046497285366,0.10772229127087485,0.08440657035589538,0.04652406280640544,-0.405307412147522,-0.9773614695295691,-0.1954687088727951,12.206292292103171,22.146940164268017,1.0,0.0,0.0,0.0,0.0,0.6011173725128174,0.19615185260772705,10.087783031123308,90.0,1.0,200.0,2.557904817163964
591.0,0.0,200.0,3.8205611631274516,0.0,0.9264669369566413,0.30392156862745096,0.0,nan,0.016237482117310444,0.0,0.0,102.0,800.0,0.7911580130457878,0.09702039591172706,0.06254003438357358,0.06889373849645675,-0.405307412147522,-0.7880866704508662,-0.06406394392251968,12.13471851684153,22.648227751255035,,,,,,,,,,,,
592.0,0.0,75.0,1.5063177943229702,0.0,0.7871186043399815,0.3888888888888889,0.0,nan,0.016180257510729615,0.0,0.0,36.0,300.0,1.00042924284935,0.24731690169710419,0.048565825773327576,0.39713440551823054,-0.405307412147522,-1.881528296507895,-1.492663450539112,13.049523301422596,22.9290018863976,,,,,,,,,,,,
593.0,0.0,200.0,3.868710156530163,0.0,0.879176168849671,0.35353535353535354,0.0,nan,0.016123032904148786,0.0,0.0,99.0,800.0,0.9288397878408432,0.21862670524069472,0.14711615865072558,0.1428720647718089,-0.405307412147522,-0.8689095033332705,-0.2892066817730665,13.624558385461569,23.49476943910122,,,,,,,,,,,,
594.0,0.0,200.0,3.2554813101887983,0.0,0.7892240867811435,0.38202247191011235,0.0,nan,0.016065808297567957,0.0,0.0,89.0,800.0,0.2198876840993762,0.08343515413162095,0.06979223923326572,0.02707201939302037,-0.405307412147522,-0.8361954409629107,-0.6971928421407938,14.72111875936389,24.200569786131382,,,,,,,,,,,,
595.0,0.0,200.0,2.1068686656654005,0.0,0.807408000779078,0.32,0.0,nan,0.01600858369098713,0.0,0.0,100.0,800.0,0.5301440432667732,0.1906236867644111,0.09230375875449681,0.19644917685166455,-0.405307412147522,-0.5854929247871041,-0.4091801466420293,14.846582103520632,24.312215514481068,,,,,,,,,,,,
596.0,0.0,200.0,2.8303058259189293,0.0,0.7807434944507669,0.4431818181818182,0.0,nan,0.015951359084406293,0.0,0.0,88.0,800.0,0.8118716701865196,0.1816232767502015,0.15301097728479363,0.05641145954597436,-0.405307412147522,-2.814250471070409,-1.3223721403628588,17.456496074795723,26.75828529149294,,,,,,,,,,,,
597.0,0.0,200.0,3.2165139205754,0.0,0.7937301421456174,0.40404040404040403,0.0,nan,0.01589413447782547,0.0,0.0,99.0,800.0,0.43322011455893517,0.23448294659328894,0.17801311749531123,0.11275258476351382,-0.405307412147522,-0.0796095933765173,0.9228004924952984,15.54559813439846,24.79246585816145,,,,,,,,,,,,
598.0,0.0,200.0,2.509729042649291,0.0,0.7846044837989148,0.4367816091954023,0.0,nan,0.015836909871244635,0.0,0.0,87.0,800.0,0.5263707935810089,0.16582115379969764,0.09496587014700708,0.14136407483517965,-0.405307412147522,-0.23232304118573666,-0.44303141720592976,18.659251399338245,27.461429677903652,,,,,,,,,,,,
599.0,0.0,200.0,1.950068335980192,0.0,0.8403708075513255,0.3333333333333333,0.0,nan,0.015779685264663806,0.0,0.0,93.0,800.0,0.178574422840029,0.13935327576746204,0.10177815105089394,0.07475992558426475,-0.405307412147522,-0.04205155186355114,0.41132467426359653,20.06002924218774,28.00179199129343,,,,,,,,,,,,
600.0,0.0,200.0,3.338517867028735,0.0,0.9039024403042635,0.34831460674157305,0.0,0.0,0.015722460658082978,0.0,0.0,89.0,800.0,0.6502100508660078,0.19303717202456028,0.16161174632043185,0.062482787233948844,-0.405307412147522,-1.0821825936436653,-0.7423908412456512,19.78863875195384,29.07434432953596,1.0,0.0,0.0,0.0,0.0,1.0092781782150269,0.19888460636138916,10.260538988678945,89.0,1.0,200.0,2.7558192797005385
601.0,0.0,200.0,5.21405141800645,0.0,0.8430986909266002,0.4,0.0,nan,0.01566523605150215,0.0,0.0,90.0,800.0,2.0005574971437454,0.18601607446271373,0.13988587592439217,0.09182365451702845,-0.405307412147522,-1.430478174239397,0.7270639762282372,20.485590297728777,28.649736933410168,,,,,,,,,,,,
602.0,0.0,200.0,1.824791397899401,0.0,0.8994327527677854,0.35789473684210527,0.0,nan,0.01560801144492132,0.0,0.0,95.0,800.0,0.2669685259461403,0.1078024994842508,0.07635615993285683,0.06245480335491217,-0.405307412147522,-0.44422286562621593,-0.6595189999789,21.788028616458178,31.755494318902493,,,,,,,,,,,,
603.0,0.0,200.0,4.016467705369016,0.0,0.6371686424835974,0.632183908045977,0.0,nan,0.015550786838340484,0.0,0.0,87.0,800.0,0.9492066651582718,0.24761725191910955,0.1289741315486026,0.23708612259826453,-0.405307412147522,-1.2621931666508317,0.5088085941970348,19.015593733638525,28.20904951542616,,,,,,,,,,,,
604.0,0.0,200.0,2.4996724985540117,0.0,0.801984009584965,0.40476190476190477,0.0,nan,0.015493562231759656,0.0,0.0,84.0,800.0,0.3580314330756664,0.11292716091662669,0.08859870895798849,0.04823771885921046,-0.405307412147522,-0.7690247986465693,-1.1049236562103033,21.200360663235188,31.256987936794758,,,,,,,,,,,,
605.0,0.0,200.0,3.497824184596565,0.0,0.8724726374750517,0.3516483516483517,0.0,nan,0.015436337625178834,0.0,0.0,91.0,800.0,0.20187954604625702,0.10123412756780681,0.07787037226856845,0.046220523574436324,-0.405307412147522,-0.2474822886288166,2.8656056709587574,20.529464479535818,29.806070402264595,,,,,,,,,,,,
606.0,0.0,200.0,2.711060728877804,0.0,0.9375363853442719,0.2755102040816326,0.0,nan,0.015379113018597998,0.0,0.0,98.0,800.0,0.2740664426237345,0.13487626447431467,0.10818606934481068,0.05304260434102459,-0.405307412147522,-0.2710445262491703,-0.07601634413003922,21.700709592550993,32.798207223415375,,,,,,,,,,,,
607.0,0.0,200.0,2.4808583222329794,0.0,0.8385289363114614,0.3956043956043956,0.0,nan,0.01532188841201717,0.0,0.0,91.0,800.0,0.8034707307815552,0.2447030513358186,0.1623533262682031,0.16409497797771333,-0.405307412147522,-2.1490162247791886,-2.8813122883439064,21.8508175984025,32.10377225279808,,,,,,,,,,,,
608.0,0.0,200.0,2.137540042400375,0.0,0.8877855669904039,0.26373626373626374,0.0,nan,0.01526466380543634,0.0,0.0,91.0,800.0,0.3336111903190613,0.09411534807065891,0.07815775867459251,0.031462028642480544,-0.405307412147522,-0.39797438494861126,-0.8520239386707544,22.961394377052784,33.41318503767252,,,,,,,,,,,,
609.0,0.0,200.0,3.7762494906783246,0.0,0.8041379330841908,0.4318181818181818,0.0,nan,0.015207439198855512,0.0,0.0,88.0,800.0,2.2396082878112793,0.27583444681386027,0.13578463021912057,0.2795235646446535,-0.405307412147522,-1.5931129213422537,-1.1480672601610422,20.068289835006,29.71559849381447,,,,,,,,,,,,
610.0,0.0,200.0,2.80889463424685,0.0,0.8960799501159301,0.34831460674157305,0.0,0.0,0.015150214592274683,0.0,0.0,89.0,800.0,0.14753746055066586,0.134253984658244,0.11748998021084844,0.0328086506066341,-0.405307412147522,-1.5491671096533537,-1.461712384596467,25.40056849643588,39.7958495169878,1.0,0.0,0.0,0.0,0.0,1.3868669271469116,0.1838822364807129,10.00533510822703,88.0,1.0,200.0,2.5204509161412916
611.0,0.0,200.0,3.5844021737575793,0.0,0.8025598952523131,0.4,0.0,nan,0.015092989985693847,0.0,0.0,90.0,800.0,0.44410525262355804,0.11583406652448502,0.08110410954395775,0.06892372659647206,-0.405307412147522,-1.013356139883399,-1.4632408861070871,23.157680302858353,35.90967785567045,,,,,,,,,,,,
612.0,0.0,200.0,0.329573191702371,0.0,0.6792268134240337,0.38144329896907214,0.0,nan,0.015035765379113018,0.0,0.0,97.0,800.0,0.15721437335014343,0.08500251732345987,0.0730820224252966,0.023319168752202746,-0.405307412147522,-1.0156155154109001,-0.7608230747282505,24.543804984539747,37.56423258036375,,,,,,,,,,,,
613.0,0.0,200.0,2.193432394415154,0.0,0.7731651353440513,0.3764705882352941,0.0,nan,0.01497854077253219,0.0,0.0,85.0,800.0,0.36721374839544296,0.1338408821251278,0.06930812225486704,0.1285046257180526,-0.405307412147522,-1.4526054169982672,-1.462868981063366,23.22632312402129,35.75776869803667,,,,,,,,,,,,
614.0,0.0,200.0,2.1327869519591522,0.0,0.8457540608525714,0.3469387755102041,0.0,nan,0.01492131616595136,0.0,0.0,98.0,800.0,0.1922873796429485,0.15816952675078255,0.144296042913993,0.02718831961603957,-0.405307412147522,-1.2443537786602974,-1.629139605909586,23.584641225636005,36.91493574529886,,,,,,,,,,,,
615.0,0.0,200.0,5.730793625116379,0.0,0.8658402122407093,0.38202247191011235,0.0,nan,0.014864091559370532,0.0,0.0,89.0,800.0,2.1912145912647247,0.13070464402289872,0.09006400901871714,0.0810461272183185,-0.405307412147522,-2.5916908010840416,2.962668327614665,21.293307524174452,32.1946122944355,,,,,,,,,,,,
616.0,0.0,200.0,0.7971394099295173,0.0,0.6729721395599132,0.4942528735632184,0.0,nan,0.014806866952789703,0.0,0.0,87.0,800.0,0.1972525934688747,0.10535411633463809,0.08946218368600967,0.031201101334926692,-0.405307412147522,-0.4952393379062414,-0.3816689942032099,24.40472273528576,39.60415264964104,,,,,,,,,,,,
617.0,0.0,200.0,3.3739683628082466,0.0,0.8072413457628037,0.41379310344827586,0.0,nan,0.014749642346208874,0.0,0.0,87.0,800.0,0.618061825633049,0.16940558395850758,0.15216214797314365,0.03396862374726171,-0.405307412147522,-1.3931949082762003,-0.6378804463893175,23.734890423715115,38.49092824012041,,,,,,,,,,,,
618.0,0.0,200.0,3.376075901091116,0.0,0.7145738979624462,0.4166666666666667,0.0,nan,0.014692417739628039,0.0,0.0,84.0,800.0,0.45392918959259987,0.13983022460206485,0.12221236948983005,0.03399693981118237,-0.405307412147522,9.595133317634463,-1.2499149776995182,18.50435335561633,28.18558692187071,,,,,,,,,,,,
619.0,0.0,200.0,3.315688602626349,0.0,0.8881576150556243,0.3333333333333333,0.0,nan,0.01463519313304721,0.0,0.0,90.0,800.0,0.8841706290841103,0.1752647512139447,0.1633196535804302,0.023373550003881916,-0.405307412147522,-0.2806700747460127,-0.0826332401484251,24.390946604311466,41.512635573744774,,,,,,,,,,,,
620.0,0.0,200.0,1.3951993323862646,0.0,0.7672795467893064,0.4,0.0,0.0,0.014577968526466388,0.0,0.0,85.0,800.0,0.5303312879987061,0.23235593917888764,0.06393841523095034,0.33565387681705805,-0.405307412147522,2.886414770036936,-0.03920844756066799,22.43379709124565,37.05258987098932,1.0,0.0,0.0,0.0,0.0,1.2708646059036255,0.19508206844329834,10.194143491647765,87.0,1.0,200.0,2.6198683269322127
621.0,0.0,200.0,3.539414074271943,0.0,0.8762502993150625,0.3010752688172043,0.0,nan,0.014520743919885552,0.0,0.0,93.0,800.0,0.2233573291450739,0.05550837201360537,0.038285652927175264,0.03414930279832405,-0.405307412147522,0.3531826548278332,0.561762472614646,20.740974236279726,33.31366068869829,,,,,,,,,,,,
622.0,0.0,200.0,2.2401346378028526,0.0,0.7157976642641727,0.38144329896907214,0.0,nan,0.014463519313304724,0.0,0.0,97.0,800.0,0.22497674264013767,0.1361586587213992,0.11905102253638766,0.03381280038544435,-0.405307412147522,-0.9073712807148695,-1.0477554611861706,24.50849812477827,41.12589591741562,,,,,,,,,,,,
623.0,0.0,200.0,1.3152938373386918,0.0,0.8053414785772761,0.4725274725274725,0.0,nan,0.014406294706723895,0.0,0.0,91.0,800.0,0.39503437653183937,0.2192484161162156,0.1808910041368108,0.07628917593370427,-0.405307412147522,-1.199422474950552,-0.88928540982306,21.676047317683697,35.18116529285908,,,,,,,,,,,,
624.0,0.0,200.0,3.222767498344207,0.0,0.8356321017841326,0.34408602150537637,0.0,nan,0.014349070100143066,0.0,0.0,93.0,800.0,0.3812984563410282,0.11260521979846772,0.09435813789722758,0.036066561681994735,-0.405307412147522,-0.6611950062215328,-0.7938037570565939,23.960188671946526,39.68707934767008,,,,,,,,,,,,
625.0,0.0,77.0,-0.15373591005802167,0.0,0.6651970534650978,0.6111111111111112,0.0,nan,0.01429184549356223,0.0,0.0,36.0,308.0,6.461931228637695,0.736044026026434,0.08967082041444405,1.2913909382735391,-1.0053071305155754,15.093586871400476,4.435944452881813,28.22770147025585,45.20631344616413,,,,,,,,,,,,
626.0,0.0,200.0,3.0536875464022444,0.0,0.8508695550943366,0.42528735632183906,0.0,nan,0.014234620886981401,0.0,0.0,87.0,800.0,0.3554398864507675,0.15759615295257845,0.13428306131427803,0.046153821384328,-0.405307412147522,-0.3918082546442747,-0.3401667270809412,23.06979001313448,39.931433603167534,,,,,,,,,,,,
627.0,0.0,200.0,0.24331425502897008,0.0,0.8020257103734817,0.5052631578947369,0.0,nan,0.014177396280400573,0.0,0.0,95.0,800.0,0.17892568185925484,0.14111853164467902,0.12020636517445382,0.04123603962779021,-0.405307412147522,-1.3821461014449596,-1.3619222585111856,23.763700291514397,39.58840546011925,,,,,,,,,,,,
628.0,0.0,200.0,1.9284624829888526,0.0,0.7878292953982715,0.4673913043478261,0.0,nan,0.014120171673819744,0.0,0.0,92.0,800.0,0.2061411952599883,0.09153022109421727,0.08321654370047327,0.016061740883862564,-0.405307412147522,-1.0012732148170471,-0.9035833310335875,25.275595612823963,43.485962852835655,,,,,,,,,,,,
629.0,0.0,152.0,3.0175683270394984,0.0,0.7301486610255894,0.5757575757575758,0.0,nan,0.014062947067238915,0.0,0.0,66.0,608.0,0.5884543638676405,0.12028560388057485,0.06505738797262184,0.11023635836800813,-0.41101171798072755,-0.9284506551921368,-0.015624938532710075,26.301786806434393,43.45353154838085,,,,,,,,,,,,
630.0,0.0,200.0,1.8752912990749018,0.0,0.7700465385417334,0.4,0.0,0.0,0.014005722460658086,0.0,0.0,90.0,800.0,0.14600442722439766,0.1892174975186549,0.1824037378615344,0.012892288963455699,-0.405307412147522,-0.9255182333290577,-1.5944352969527245,26.737501837313175,45.36284959316254,1.0,0.0,0.0,0.0,0.0,0.4782966077327728,0.6717758178710938,11.721827004277031,88.0,1.0,200.0,3.5287149362266295
631.0,0.0,200.0,4.38097463041546,0.25,0.765282575280963,0.48148148148148145,0.0,nan,0.013948497854077258,0.0,0.0,81.0,699.0,0.8850368559360504,0.44583456493000284,0.29936998225847966,0.2924235178686238,-0.8670099617447704,-1.4327567014843225,-1.508117476478219,31.92515319213271,51.85151878744364,,,,,,,,,,,,
632.0,0.0,167.0,8.05030663952233,1.0,0.7664063485729249,0.484375,0.0,nan,0.013891273247496429,0.0,0.0,64.0,552.0,3.404508888721466,0.46072541550324786,0.22021423291578146,0.48054995417178525,-0.6146502264309675,3.0524148270487785,-2.0053409691900015,28.14215248823166,49.60665736347437,,,,,,,,,,,,
633.0,0.0,200.0,3.4363560862839493,0.0,0.7959779109362297,0.4065934065934066,0.0,nan,0.013834048640915593,0.0,0.0,91.0,800.0,0.2518227994441986,0.22551486155578004,0.1988538671101248,0.05262782978663792,-0.8266795563977212,-1.064264103770256,-0.6480750776827335,27.881385818123817,50.27982399612665,,,,,,,,,,,,
634.0,0.0,182.0,7.3767497488856435,1.0,0.7599927969266229,0.4444444444444444,0.0,nan,0.013776824034334764,0.0,0.0,63.0,549.0,3.3896390199661255,0.6617612207439834,0.3536197342853242,0.615786971246524,-0.7113877299707383,-1.333654411137104,2.5237199999392033,36.145201198756695,64.16313967108727,,,,,,,,,,,,
635.0,0.0,200.0,7.085833143293874,0.75,0.8565933771799512,0.3181818181818182,0.0,nan,0.013719599427753935,0.0,0.0,66.0,586.0,2.8812635242938995,0.5280046001112169,0.11147307622383096,0.8325069142488712,-0.5162044672761112,-1.779621809720993,0.8199918754398823,30.2012612298131,53.63884603232145,,,,,,,,,,,,
636.0,0.0,131.0,2.27936389163138,0.0,0.6797853669696892,0.6101694915254238,0.0,nan,0.013662374821173107,0.0,0.0,59.0,524.0,2.421034872531891,1.023890327892559,0.34399428340971927,1.3585698594241793,-0.5890662064775825,18.861750476062298,-15.99648841843009,42.83426245301962,74.63378562778234,,,,,,,,,,,,
637.0,0.0,200.0,6.995738221406957,0.75,0.7711259445649183,0.4875,0.0,nan,0.013605150214592278,0.0,0.0,80.0,732.0,2.004631206393242,0.7764653568747235,0.21886670225296712,1.114624642031325,-0.4520705947652459,-1.5876949541270733,-0.7604834605008364,29.17569401860237,51.93865670263767,,,,,,,,,,,,
638.0,0.0,177.0,6.928007341474311,0.5,0.7839966003684421,0.5151515151515151,0.0,nan,0.013547925608011449,0.0,0.0,66.0,608.0,1.701003059744835,0.6186848791058992,0.19903809789013138,0.8390015205674941,-0.43442010413855314,-0.6408624574542046,-1.6553867980837822,25.96490879356861,45.728461265563965,,,,,,,,,,,,
639.0,0.0,197.0,8.761054480671906,1.0,0.742728892687419,0.5394736842105263,0.0,nan,0.01349070100143062,0.0,0.0,76.0,671.0,3.0162776708602905,0.42444919267336445,0.11870716753370075,0.610958569622893,-0.40946910390630364,-0.683487556874752,-0.9962691366672516,29.40851069241762,52.66341196000576,,,,,,,,,,,,
640.0,0.0,200.0,4.133975920528187,0.5,0.88157985266662,0.4305555555555556,0.0,0.0,0.013433476394849785,0.0,0.0,72.0,637.0,0.8115950748324394,0.529425334550524,0.4046625925605631,0.2488741476451896,-0.405307412147522,-0.7825044561177492,-1.3458877336233854,26.061789892613888,46.67166440933943,1.0,0.0,0.5,0.0,0.5,1.1512417793273926,0.2020859718322754,10.379447540348337,87.0,1.0,200.0,191.51220214366936
641.0,0.0,200.0,6.220895000249168,0.5,0.7840413379816997,0.4473684210526316,0.0,nan,0.013376251788268956,0.0,0.0,76.0,692.0,0.6400984488427639,0.33790000648150453,0.17803309556248337,0.31918716862201296,-0.4053323552943766,-0.3321579899638891,-2.5627273991703987,28.408915780484676,51.78254520148039,,,,,,,,,,,,
642.0,0.0,200.0,6.549296333640826,0.75,0.7351280907051786,0.5084745762711864,0.0,nan,0.013319027181688127,0.0,0.0,59.0,530.0,1.4201523959636688,0.44809678768933736,0.18248753754192293,0.5308375872034929,-0.405307412147522,-0.983980743214488,-1.3875354286283255,26.901802629232407,49.05099415779114,,,,,,,,,,,,
643.0,0.0,120.0,6.605576100945479,1.0,0.7025897727766058,0.5555555555555556,0.0,nan,0.013261802575107298,0.0,0.0,45.0,380.0,1.1244717240333557,0.36221493877110333,0.12933760081016157,0.465368183513178,-0.40541735338047147,-0.39462057314813137,-3.322214173153043,28.205907441675663,52.31269192695618,,,,,,,,,,,,
644.0,0.0,200.0,5.425224587321301,0.5,0.8107331757326799,0.3472222222222222,0.0,nan,0.01320457796852647,0.0,0.0,72.0,625.0,1.2021801248192787,0.22509797065481507,0.08756778773554591,0.2746636839924542,-0.405307412147522,-1.3856342248618603,0.17703034728765488,23.216503720730543,43.51784875243902,,,,,,,,,,,,
645.0,0.0,147.0,7.87254780739547,1.0,0.8288140598961088,0.3620689655172414,0.0,nan,0.013147353361945634,0.0,0.0,58.0,496.0,0.8653835654258728,0.959880187740282,0.8674567212555147,0.1844755076616944,-0.4054170190356672,-0.9097125008702278,3.4099100809544325,29.0365783944726,55.16336143016815,,,,,,,,,,,,
646.0,0.0,200.0,7.829074352681657,0.75,0.8361250302878241,0.37333333333333335,0.0,nan,0.013090128755364812,0.0,0.0,75.0,672.0,1.2011754661798477,0.3882153865520195,0.256871817909234,0.26222781718014865,-0.4076493370812386,-3.5272321132943034,-2.042274547740817,26.818764328956604,49.39092354476452,,,,,,,,,,,,
647.0,0.0,89.0,1.634620503187184,0.0,0.7143565798212245,0.4318181818181818,0.0,nan,0.013032904148783983,0.0,0.0,44.0,356.0,6.9769593477249146,1.4992837458644317,0.23359426954997153,2.530141912664476,-0.405307412147522,-1.5466206390410662,-1.2967591136693954,21.94709925353527,41.53393606096506,,,,,,,,,,,,
648.0,0.0,200.0,6.69027259409429,0.75,0.7654540447754853,0.5238095238095238,0.0,nan,0.012975679542203147,0.0,0.0,63.0,571.0,0.7576427459716797,0.5497168432807484,0.1606018564307874,0.7778986708758538,-0.405307412147522,-0.3401142042130232,0.7284960132092237,27.27691639214754,53.103488221764565,,,,,,,,,,,,
649.0,0.0,200.0,4.434748884290469,0.5,0.6924716652907654,0.5205479452054794,0.0,nan,0.012918454935622319,0.0,0.0,73.0,650.0,0.7068823613226414,0.1669147554026722,0.007611442379638497,0.3171660610220286,-0.405307412147522,2.2804465759545565,-23.01639924198389,25.256191316992044,48.42691347002983,,,,,,,,,,,,
650.0,0.0,200.0,5.544525371044891,0.5,0.8629139723616202,0.41333333333333333,0.0,0.0,0.01286123032904149,0.0,0.0,75.0,673.0,0.7698352597653866,0.3386285329995644,0.11045239636431715,0.455613891700934,-0.405307412147522,2.218541657552123,1.420265944674611,29.800882048904896,57.444468557834625,1.0,0.0,0.75,0.0,0.75,1.0912628173828125,0.18577229976654053,10.09675581283227,89.0,1.0,200.0,233.86939128860854
651.0,0.0,200.0,5.6685294687748105,0.5,0.800277017804939,0.37681159420289856,0.0,nan,0.012804005722460661,0.0,0.0,69.0,605.0,0.6578545889351517,0.5425810644195419,0.40552934797318735,0.27383963074669926,-0.4398161757271737,0.3766739219427109,0.5827244687825441,30.690275352448225,59.51779296249151,,,,,,,,,,,,
652.0,0.0,200.0,7.032049011588114,0.75,0.5716018927408131,0.6176470588235294,0.0,nan,0.012746781115879832,0.0,0.0,68.0,614.0,1.0009168535470963,0.2490753032484463,0.13103853721122505,0.2354984725111888,-0.405307412147522,-1.2894408088177443,-0.5770988594740629,28.38941888511181,55.76072870194912,,,,,,,,,,,,
653.0,0.0,77.0,1.5861136722564733,0.0,0.7163359229322909,0.40476190476190477,0.0,nan,0.012689556509299003,0.0,0.0,42.0,308.0,4.410188674926758,0.7108338530294418,0.2062315501586214,1.0027779212793106,-0.4054990147706121,19.61108193732798,-49.02872213535011,113.25239373743534,188.26646415144205,,,,,,,,,,,,
654.0,0.0,200.0,6.3549172438681225,0.75,0.8528981540213241,0.3472222222222222,0.0,nan,0.012632331902718175,0.0,0.0,72.0,620.0,0.27804169151932,0.25742978706665554,0.2445797368849867,0.02507141598753152,-0.405307412147522,-0.9484442379325628,-2.384545359760523,29.580384500324726,59.54387094080448,,,,,,,,,,,,
655.0,0.0,200.0,6.6879650016874255,0.5,0.7818316406036941,0.4507042253521127,0.0,nan,0.012575107296137339,0.0,0.0,71.0,629.0,1.218397781252861,0.35572694523415294,0.11830484287813903,0.4744614180806587,-0.4167995706666261,0.2870367020368576,0.8521901108324528,32.40169984847307,63.70725816488266,,,,,,,,,,,,
656.0,0.0,169.0,8.342119317501798,1.0,0.8391322274703745,0.3709677419354839,0.0,nan,0.01251788268955651,0.0,0.0,62.0,525.0,1.0258878022432327,0.5305352629379207,0.3262354861161234,0.40822083359085837,-0.5537876482121646,-0.39765591733157635,-1.2297321166843176,36.75294453650713,69.06493811309338,,,,,,,,,,,,
657.0,0.0,198.0,7.388710696548234,1.0,0.8457077677924952,0.29411764705882354,0.0,nan,0.012460658082975681,0.0,0.0,68.0,578.0,1.454707771539688,0.4046102328309189,0.2197452600676364,0.36889283348663726,-0.405307412147522,-3.112320799380541,-2.3785168323665857,29.414607383310795,57.415482223033905,,,,,,,,,,,,
658.0,0.0,187.0,8.439654563367384,1.0,0.6774555298421738,0.6031746031746031,0.0,nan,0.012403433476394853,0.0,0.0,63.0,545.0,0.5287773385643959,0.336539946034236,0.23547330792957727,0.2017415725323328,-0.405307412147522,-2.115487325936556,-1.7785248253494501,28.378462448716164,57.13947021961212,,,,,,,,,,,,
659.0,0.0,191.0,9.395084441304226,1.0,0.8335586171060952,0.39705882352941174,0.0,nan,0.012346208869814024,0.0,0.0,68.0,606.0,1.1135864555835724,0.3603650071363518,0.21058094565083174,0.29923041606423084,-0.40539761004038155,-1.367105906829238,2.1585080679506063,30.213153801858425,61.40223631262779,,,,,,,,,,,,
660.0,0.0,162.0,9.169564253538868,1.0,0.646622277902328,0.42424242424242425,0.0,0.0,0.012288984263233188,0.0,0.0,66.0,577.0,1.1146523971110582,0.5458741632787678,0.31192270136629136,0.46756821635189916,-0.405307412147522,-2.0211828257888556,1.7196594327688217,32.38025530800223,64.58181892335415,1.0,0.0,0.75,0.0,0.75,0.5227713584899902,0.6493035554885864,11.430281946159084,88.0,1.0,200.0,313.50132603198324
661.0,0.0,126.0,8.019172192886483,1.0,0.7492951743975245,0.46938775510204084,0.0,nan,0.012231759656652366,0.0,0.0,49.0,419.0,1.3429911136627197,0.2753574490282631,0.1198230240679265,0.31076641146323547,-0.4065346035640687,0.1991063915193081,-2.1685254722833633,33.67858545482159,65.668994769454,,,,,,,,,,,,
662.0,0.0,145.0,7.267763532549151,1.0,0.8603707427443774,0.32653061224489793,0.0,nan,0.01217453505007153,0.0,0.0,49.0,411.0,1.0671869218349457,0.5164721653126776,0.41746636985045,0.19768520317631455,-0.4054109277203679,2.1582558434456587,-4.157440796494484,40.429920211434364,75.88331684470177,,,,,,,,,,,,
663.0,0.0,127.0,8.157919017374526,1.0,0.8825410447315943,0.3673469387755102,0.0,nan,0.012117310443490702,0.0,0.0,49.0,429.0,0.5167530402541161,0.30794307066025794,0.24645004694212785,0.12269234358297065,-0.405307412147522,1.9166819024831057,-6.144641187041998,38.83755549043417,73.74919180572033,,,,,,,,,,,,
664.0,0.0,93.0,6.5885222826153065,1.0,0.8076268002982222,0.35,0.0,nan,0.012060085836909873,0.0,0.0,40.0,330.0,0.4808323159813881,0.13423554132901216,0.05881138122824314,0.1505084751101048,-0.405307412147522,3.2056226320564747,-3.5780753158032894,38.339764051139355,73.12816539406776,,,,,,,,,,,,
665.0,0.0,146.0,7.393918149694807,1.0,0.8023736860474625,0.47058823529411764,0.0,nan,0.012002861230329044,0.0,0.0,51.0,449.0,0.37839391827583313,0.1805047152079169,0.12894893049405481,0.10276353625795828,-0.405307412147522,0.009343298152089119,1.8091437499970198,37.10599514096975,72.0941307246685,,,,,,,,,,,,
666.0,0.0,153.0,8.621029784679427,1.0,0.7986777221998742,0.3870967741935484,0.0,nan,0.011945636623748215,0.0,0.0,62.0,504.0,0.6632560938596725,0.332612364187753,0.26839151631311686,0.1281831047709142,-0.405307412147522,0.4323152843862772,0.0038482677191495895,38.828943349421024,74.3046500235796,,,,,,,,,,,,
667.0,0.0,200.0,6.914579809159054,0.75,0.6909720664198807,0.5357142857142857,0.0,nan,0.01188841201716738,0.0,0.0,56.0,492.0,0.8182101547718048,0.30943744594327427,0.07209926076480885,0.47419211333277644,-0.5601021896582097,-0.3406463246792555,0.7186732944101095,62.55851233750582,106.67429901659489,,,,,,,,,,,,
668.0,0.0,106.0,2.420068700462589,0.25,0.8167599396034332,0.3404255319148936,0.0,nan,0.01183118741058655,0.0,0.0,47.0,381.0,6.420796871185303,1.2480766926892102,0.1659358719916704,2.163823089498173,-0.405307412147522,-15.275171626359224,1.0587357878684998,39.76584616303444,76.80862529575825,,,,,,,,,,,,
669.0,0.0,163.0,9.283397186249513,1.0,0.779972733517722,0.3870967741935484,0.0,nan,0.011773962804005729,0.0,0.0,62.0,547.0,0.7355829179286957,0.3314802610834704,0.2100997354164978,0.24243729059711067,-0.405307412147522,2.197328081354499,1.3155810460448265,46.395727306604385,87.44921052455902,,,,,,,,,,,,
670.0,0.0,184.0,9.613190295547264,1.0,0.725168490657039,0.5538461538461539,0.0,0.0,0.011716738197424893,0.0,0.0,65.0,585.0,0.599584186449647,0.18707434564703362,0.1443838200047125,0.08507878157544577,-0.405307412147522,-0.10398693010210991,-3.6947526037693024,48.748024232685566,89.76887081563473,1.0,0.0,0.75,0.0,0.75,0.603590726852417,0.8472808599472046,11.62956713373569,86.0,1.0,200.0,344.8843235913668
671.0,0.0,146.0,6.766931117661312,0.5,0.6750289587363232,0.4,0.0,nan,0.011659513590844064,0.0,0.0,55.0,489.0,1.684662938117981,0.5465800835877417,0.1824614284707959,0.7262155435038373,-0.405307412147522,-1.2975279465317726,-19.531900046393275,51.99322843551636,96.26923295855522,,,,,,,,,,,,
672.0,0.0,145.0,6.137655540108697,0.25,0.748535597867794,0.43333333333333335,0.0,nan,0.011602288984263236,0.0,0.0,60.0,513.0,3.489803194999695,0.7315249454923105,0.22306982077518944,1.013210002319938,-0.405307412147522,8.619922302663326,5.282718012109399,42.08638350665569,79.98051781952381,,,,,,,,,,,,
673.0,0.0,164.0,9.697031054273266,1.0,0.787971729885514,0.5079365079365079,0.0,nan,0.011545064377682407,0.0,0.0,63.0,565.0,0.3744542822241783,0.13249082475070395,0.06708216187899385,0.13044436649932567,-0.405307412147522,-1.3071574177592993,-4.188605284318328,50.418715961277485,90.0721372961998,,,,,,,,,,,,
674.0,0.0,131.0,7.177246223464616,1.0,0.774895014412979,0.47619047619047616,0.0,nan,0.011487839771101578,0.0,0.0,42.0,362.0,0.6250675320625305,0.47240757306050796,0.40943535473568327,0.12559293410914701,-0.405307412147522,1.4468958508223295,-1.3140360731631517,42.17775159329176,80.26897242665291,,,,,,,,,,,,
675.0,0.0,117.0,4.785429155305035,0.25,0.5104293543293587,0.5952380952380952,0.0,nan,0.011430615164520742,0.0,0.0,42.0,361.0,6.09255850315094,1.3901763089755192,0.20717251582589685,2.3658095239757237,-0.6045822133310139,1.0776111483573914,-1.9269982855767012,90.46047487854958,143.41166357696056,,,,,,,,,,,,
676.0,0.0,189.0,8.474622893109931,1.0,0.7549104855503204,0.4727272727272727,0.0,nan,0.01137339055793992,0.0,0.0,55.0,459.0,2.7712427377700806,0.8391320563738418,0.3144024569187558,1.0490419024425046,-0.40842912369407713,1.0447178836911917,-4.536104951053858,45.29837101697922,83.87835377454758,,,,,,,,,,,,
677.0,0.0,168.0,9.58606222838165,1.0,0.7769097624563917,0.3770491803278688,0.0,nan,0.011316165951359085,0.0,0.0,61.0,532.0,0.5685247331857681,0.3435401085785088,0.20732963492412182,0.27213581768774997,-0.4056840566918254,0.27527367509901524,-5.194071078673005,64.25501099228859,111.73280748724937,,,,,,,,,,,,
678.0,0.0,198.0,8.17264126826079,1.0,0.8768421838639728,0.3448275862068966,0.0,nan,0.011258941344778256,0.0,0.0,58.0,487.0,0.8511457443237305,0.5264221536224909,0.3691848481243302,0.3139596891137827,-0.405307412147522,-15.639404708519578,0.1769827865064144,61.63151764124632,107.07363887131214,,,,,,,,,,,,
679.0,0.0,160.0,8.130268889069567,1.0,0.8265776236466031,0.4375,0.0,nan,0.011201716738197427,0.0,0.0,48.0,399.0,1.1658299565315247,0.30404634882020076,0.19480155885414802,0.21805577523328795,-0.405307412147522,-4.057100381702185,1.5216897893697023,51.96164867281914,92.54149237275124,,,,,,,,,,,,
680.0,0.0,167.0,9.065374928936377,1.0,0.7972429336130963,0.41379310344827586,0.0,0.2,0.011144492131616598,0.0,0.0,58.0,476.0,0.5843695849180222,0.5247166467693205,0.45077531474168314,0.1475608416366393,-0.405307412147522,3.0823715198785067,-3.8638643976300955,62.73253894597292,107.37118259072304,1.0,1.0,1.0,0.0,1.0,0.3253532946109772,1.3227436542510986,11.696732866810635,83.0,1.0,195.0,336.2295953027908
681.0,0.0,89.0,7.05241114918143,1.0,0.5350600028390577,0.6571428571428571,0.0,nan,0.01108726752503577,0.0,0.0,35.0,293.0,0.5357736200094223,0.3497092315587764,0.26375726601422145,0.1715658410845542,-0.405307412147522,-1.8941324558109045,0.5582587439566851,53.974436432123184,96.04324945807457,,,,,,,,,,,,
682.0,0.0,160.0,8.656518247500076,1.0,0.7064501695735849,0.48333333333333334,0.0,nan,0.011030042918454934,0.0,0.0,60.0,499.0,0.6894852519035339,0.2553578248134727,0.22939091705944947,0.051703454260736414,-0.405307412147522,-1.4421813171356916,4.204735180363059,60.233347088098526,105.42727088928223,,,,,,,,,,,,
683.0,0.0,116.0,7.561220717877157,1.0,0.7632401995392968,0.37209302325581395,0.0,nan,0.010972818311874105,0.0,0.0,43.0,337.0,0.31301266700029373,0.19915384038387174,0.15209639592400082,0.0938522725769827,-0.405307412147522,4.849251659587026,-4.505829794332385,69.40221755206585,117.3680174946785,,,,,,,,,,,,
684.0,0.0,158.0,8.764004000052822,1.0,0.821801142742388,0.3442622950819672,0.0,nan,0.010915593705293283,0.0,0.0,61.0,499.0,0.48492810875177383,0.3291993459130538,0.2751814480552579,0.10774640938290447,-0.43532443256117404,-1.8822387997061014,4.5809087138623,73.8523847386241,123.01838612556458,,,,,,,,,,,,
685.0,0.0,156.0,7.60608523786069,1.0,0.7709983979257964,0.4339622641509434,0.0,nan,0.010858369098712448,0.0,0.0,53.0,445.0,0.9486009031534195,0.3831342239232072,0.2380449115291867,0.28945489542854985,-0.405307412147522,-13.170752450823784,30.23459018021822,65.54820336401463,113.28651544451714,,,,,,,,,,,,
686.0,0.0,187.0,9.305879162140204,1.0,0.6409836350472536,0.6545454545454545,0.0,nan,0.010801144492131619,0.0,0.0,55.0,492.0,0.8310399055480957,0.4564003611609948,0.3615714134022543,0.18926715596334254,-0.405307412147522,-4.292967861518264,-3.747629787772894,62.95366442203522,109.04315134882927,,,,,,,,,,,,
687.0,0.0,181.0,9.044648047611133,1.0,0.7000243965594227,0.43859649122807015,0.0,nan,0.01074391988555079,0.0,0.0,57.0,507.0,0.9824717938899994,0.3782034867250843,0.2388228728255953,0.2780759027111084,-0.405307412147522,3.4487114809453487,-18.070018131285906,75.97880430519581,129.2132905125618,,,,,,,,,,,,
688.0,0.0,146.0,8.688228741623472,1.0,0.6665305898708771,0.5517241379310345,0.0,nan,0.010686695278969961,0.0,0.0,58.0,519.0,0.4388824552297592,0.3189933921856891,0.2545528806140731,0.12840032504109739,-0.405307412147522,2.5162943489849567,2.359268296509981,71.86964298784733,122.50938093662262,,,,,,,,,,,,
689.0,0.0,77.0,3.3935155119746963,0.0,0.716117938171004,0.3888888888888889,0.0,nan,0.010629470672389126,0.0,0.0,36.0,290.0,10.330148696899414,1.4438904841906606,0.349878490895659,2.1878343177131967,-0.405307412147522,-3.403174417093396,-0.4988897740840912,88.15303884446621,146.12394633889198,,,,,,,,,,,,
690.0,0.0,200.0,9.19751229066404,0.75,0.7942944730651704,0.4166666666666667,0.0,0.4,0.010572246065808297,0.0,0.0,72.0,621.0,1.530746690928936,0.2945695242921431,0.10251812875033826,0.3834567034643168,-0.405307412147522,-24.168384419754148,-3.6841698940843344,71.24699266254902,124.28061047196388,1.0,1.0,1.0,0.0,1.0,0.41709110140800476,1.4406335353851318,11.709084880538285,82.0,1.0,192.0,338.7729894639183
691.0,0.0,125.0,7.712937050368646,1.0,0.763658836940178,0.43478260869565216,0.0,nan,0.010515021459227468,0.0,0.0,46.0,369.0,0.6950937509536743,0.23856762596147973,0.12662805821241818,0.22349734408083954,-0.40532809728756547,1.7816357742995024,4.825417103245854,86.84380531311035,151.03399166464806,,,,,,,,,,,,
692.0,0.0,188.0,10.668925464451338,1.0,0.7997309078338319,0.3972602739726027,0.0,nan,0.01045779685264664,0.0,0.0,73.0,653.0,1.7895777970552444,0.21636101664307716,0.12929434702809312,0.17343681905845199,-0.405307412147522,2.248110780492425,0.5893528889864683,68.91016909480095,127.7841807603836,,,,,,,,,,,,
693.0,0.0,140.0,8.578675473239285,1.0,0.4830643784504223,0.6875,0.0,nan,0.01040057224606581,0.0,0.0,48.0,431.0,0.3545653447508812,0.3574248221936287,0.3190381495852898,0.07647903747942211,-0.405307412147522,-3.3173384312540293,-13.557413233444095,78.88637945055962,142.77248176932335,,,,,,,,,,,,
694.0,0.0,145.0,8.586874018609537,1.0,0.8172134634543878,0.3275862068965517,0.0,nan,0.010343347639484982,0.0,0.0,58.0,480.0,0.4539029449224472,0.4292400438238815,0.38509473883918266,0.08794170379738805,-0.405307412147522,7.903218030929565,2.17582287453115,74.92193575203419,143.12594881653786,,,,,,,,,,,,
695.0,0.0,154.0,8.100692574679861,1.0,0.7344813211042418,0.40816326530612246,0.0,nan,0.010286123032904153,0.0,0.0,49.0,420.0,0.44812361896038055,0.3274468354933191,0.29579283318206695,0.06274112389933592,-0.405307412147522,-5.141906041651964,0.21938679926097393,76.8652748465538,147.35498934984207,,,,,,,,,,,,
696.0,0.0,162.0,9.22203611189501,1.0,0.8471288536334907,0.3448275862068966,0.0,nan,0.010228898426323324,0.0,0.0,58.0,487.0,0.8217747956514359,0.27304442932742745,0.21928177412724414,0.10719623354825719,-0.405307412147522,1.3155264388769865,0.06997299380600452,82.32639123499393,159.10145181417465,,,,,,,,,,,,
697.0,0.0,194.0,7.2928256747871725,1.0,0.6969734246592642,0.46511627906976744,0.0,nan,0.010171673819742488,0.0,0.0,43.0,364.0,0.40418781340122223,0.31349059044781313,0.25249130052543367,0.12164465134814018,-0.405307412147522,-12.633030507713556,-7.537661725655198,86.00002790987492,167.6003553569317,,,,,,,,,,,,
698.0,0.0,150.0,8.867695962153388,1.0,0.7818546019614919,0.3793103448275862,0.0,nan,0.01011444921316166,0.0,0.0,58.0,482.0,0.36774443835020065,0.4019028116339882,0.3146969530723732,0.17345020198918215,-0.405307412147522,6.87716263346374,-17.205940695479512,79.1769027709961,154.51455768942833,,,,,,,,,,,,
699.0,0.0,200.0,7.576131972353918,0.75,0.5574739174256196,0.7058823529411765,0.0,nan,0.01005722460658083,0.0,0.0,51.0,444.0,0.656211256980896,0.3461925259487657,0.20983229920714408,0.27242511632811506,-0.40543853701092303,27.83858967013657,3.850507339462638,128.38754406571388,232.7593493759632,,,,,,,,,,,,
700.0,0.0,200.0,8.405614659711741,0.75,0.8195961857737343,0.38666666666666666,0.0,0.6,0.010000000000000002,0.0,0.0,75.0,624.0,0.6384587101638317,0.1694367937213883,0.08415045207145158,0.16967535071360906,-0.405307412147522,45.81314352527261,12.010818894952536,90.39718674123287,173.2634137570858,1.0,1.0,1.0,0.0,1.0,0.27652159333229065,1.6597323417663574,11.726867910125293,80.0,1.0,188.0,326.31643766433035
701.0,0.0,163.0,9.609948217608052,1.0,0.7778396233783065,0.4067796610169492,0.0,nan,0.010000000000000002,0.0,0.0,59.0,513.0,0.7265944182872772,0.3036173414310639,0.25735345475223426,0.09207329425024391,-0.405307412147522,-1.433397300541401,5.281115029007196,92.37288743257523,177.53887644410133,,,,,,,,,,,,
702.0,0.0,114.0,7.466873057223863,1.0,0.7246232695126855,0.5405405405405406,0.0,nan,0.010000000000000002,0.0,0.0,37.0,316.0,0.3703303262591362,0.3546338496642534,0.2986550435412269,0.11164344411744596,-0.405307412147522,-0.5115197282284498,-2.715767487883568,81.15742611885071,158.04382666945457,,,,,,,,,,,,
703.0,0.0,120.0,7.038489889577035,1.0,0.8767667076588246,0.3333333333333333,0.0,nan,0.010000000000000002,0.0,0.0,39.0,321.0,0.6210585981607437,0.3644739231147014,0.2834860704940221,0.16165400804502084,-0.405307412147522,1.9265006128698587,-0.7360400334000587,86.88144578039646,167.87514325976372,,,,,,,,,,,,
704.0,0.0,192.0,8.848512156698865,1.0,0.6291751272141184,0.6428571428571429,0.0,nan,0.010000000000000002,0.0,0.0,56.0,503.0,1.3712470531463623,0.6074965445298375,0.5132715985594365,0.18713954271380306,-0.405307412147522,-0.3892312031239271,-8.00252452492714,120.64019587635994,209.30402582883835,,,,,,,,,,,,
705.0,0.0,174.0,9.402794303596037,1.0,0.6746032847903104,0.49206349206349204,0.0,nan,0.010000000000000002,0.0,0.0,63.0,521.0,0.7766510397195816,0.3742829170935522,0.315884423563773,0.11651202950429695,-0.405307412147522,-1.1568774804472923,0.4566379189491272,79.55515076220036,160.21280375123024,,,,,,,,,,,,
706.0,0.0,109.0,7.97922499142588,1.0,0.8506187578120677,0.42,0.0,nan,0.010000000000000002,0.0,0.0,50.0,410.0,0.1599893942475319,0.22377118933479778,0.20466018171826364,0.03797035942491714,-0.405307412147522,7.139643287286162,-11.303589949384332,77.41610804200172,155.03786870837212,,,,,,,,,,,,
707.0,0.0,184.0,9.447946728542465,1.0,0.7537911563921258,0.4406779661016949,0.0,nan,0.010000000000000002,0.0,0.0,59.0,519.0,1.6441236734390259,0.41384719939775216,0.33540497952771287,0.15641574426424765,-0.405307412147522,8.603746747598052,25.88664105720818,113.5081133544445,208.1616010069847,,,,,,,,,,,,
708.0,0.0,155.0,9.125600828453912,1.0,0.7457899379574501,0.38596491228070173,0.0,nan,0.010000000000000002,0.0,0.0,57.0,481.0,0.5945516973733902,0.17363215826486567,0.1414802036643343,0.06396653965523488,-0.405307412147522,0.28055323101580143,6.586882894858718,76.48665808141232,156.51266041398048,,,,,,,,,,,,
709.0,0.0,143.0,8.060466674193751,1.0,0.6153963867441398,0.5490196078431373,0.0,nan,0.010000000000000002,0.0,0.0,51.0,441.0,0.16571180522441864,0.30572012200559584,0.24292578356102323,0.12522717287673663,-0.405307412147522,-2.7726476099342108,19.12599108181894,72.14157935976982,151.48269537091255,,,,,,,,,,,,
710.0,0.0,110.0,7.492039183229213,1.0,0.6876525207023841,0.4878048780487805,0.0,0.8,0.010000000000000002,0.0,0.0,41.0,332.0,0.25773459300398827,0.3575466009904176,0.31184780516275623,0.09116784891880242,-0.405307412147522,-1.7733386233448982,10.767146164551377,82.96111777424812,166.1900536119938,1.0,1.0,1.0,0.0,1.0,0.36474940180778503,1.624571681022644,11.751590912201209,81.0,1.0,188.0,316.314283049554
711.0,0.0,122.0,7.68902533020825,1.0,0.7142543647445762,0.43478260869565216,0.0,nan,0.010000000000000002,0.0,0.0,46.0,386.0,0.6412577480077744,0.1910789288626802,0.16309940129356654,0.05490619600977781,-0.405307412147522,0.6763322968035936,1.0325552336871624,75.4964592307806,161.1667279601097,,,,,,,,,,,,
712.0,0.0,66.0,2.389576279595496,0.25,0.6636107199168544,0.5806451612903226,0.0,nan,0.010000000000000002,0.0,0.0,31.0,241.0,14.229616641998291,1.885381367025922,0.29505071630425167,3.175920892640009,-0.405307412147522,45.35759544174701,0.36990928847760085,162.09817759723583,285.94821404421475,,,,,,,,,,,,
713.0,0.0,162.0,10.317284058742242,1.0,0.626620565055769,0.5573770491803278,0.0,nan,0.010000000000000002,0.0,0.0,61.0,534.0,1.190189689397812,0.23049307393625895,0.14903123323530662,0.16261459953411456,-0.405307412147522,-4.874639043584466,8.098814064636827,84.86913429200649,170.8308293223381,,,,,,,,,,,,
714.0,0.0,156.0,10.517257536202688,1.0,0.6495528878462884,0.46153846153846156,0.0,nan,0.010000000000000002,0.0,0.0,65.0,560.0,1.00776719301939,0.3090000246638738,0.24624558282453415,0.12524839100019902,-0.405307412147522,-1.3140215147286654,11.492529593408108,67.73689186573029,146.95801693201065,,,,,,,,,,,,
715.0,0.0,186.0,10.27880533698948,1.0,0.7250519062145431,0.5873015873015873,0.0,nan,0.010000000000000002,0.0,0.0,63.0,582.0,2.2069340348243713,0.4559718988719794,0.33800163755119506,0.23567452411219292,-0.405307412147522,-3.781209107488394,0.9820217527449131,121.96627536416054,232.0375647842884,,,,,,,,,,,,
716.0,0.0,140.0,9.20710469134153,1.0,0.700585838792027,0.559322033898305,0.0,nan,0.010000000000000002,0.0,0.0,59.0,491.0,0.29852335155010223,0.2091774623527911,0.15306846764389875,0.11195786404849017,-0.405307412147522,-7.6685679741203785,18.766200182959437,74.22240771353245,158.0973314344883,,,,,,,,,,,,
717.0,0.0,199.0,8.44612535171212,1.0,0.6830586196271096,0.4909090909090909,0.0,nan,0.010000000000000002,0.0,0.0,55.0,477.0,1.2070263028144836,0.4480488740837245,0.2607968372649333,0.37391121229894503,-0.405307412147522,22.10268391110003,8.099315874278545,79.116394251585,175.80660539865494,,,,,,,,,,,,
718.0,0.0,150.0,7.971923310793945,1.0,0.5378839535726025,0.6511627906976745,0.0,nan,0.010000000000000002,0.0,0.0,43.0,383.0,0.7655830532312393,0.2875623520866384,0.24086902747653205,0.09299267641600557,-0.405307412147522,4.3642413932830095,21.822092412039638,107.79085902869701,222.11533698439598,,,,,,,,,,,,
719.0,0.0,200.0,9.34592464361342,0.75,0.7905586601514686,0.38028169014084506,0.0,nan,0.010000000000000002,0.0,0.0,71.0,620.0,1.5095026791095734,0.25711332372043216,0.061681428703322175,0.3905031213327709,-0.405307412147522,-17.484709550626576,-14.824295384809375,81.72477120161057,178.77432629466057,,,,,,,,,,,,
720.0,0.0,145.0,8.523313628584159,1.0,0.8233970311782313,0.33962264150943394,0.0,1.0,0.010000000000000002,0.0,0.0,53.0,457.0,0.5197456181049347,0.20591119259313473,0.1393310877919341,0.13281424477770967,-0.405307412147522,-0.7293157670646906,9.87446884252131,71.20265801250935,169.7087188065052,1.0,1.0,1.0,0.0,1.0,0.28385981917381287,1.5643137693405151,11.72866544208955,80.0,1.0,189.0,332.55546193443274
721.0,0.0,166.0,9.591762849204258,1.0,0.8235679821904807,0.3559322033898305,0.0,nan,0.010000000000000002,0.0,0.0,59.0,507.0,0.7201342135667801,0.3439991797556132,0.30200626562190025,0.08360476488510175,-0.405307412147522,4.063883660361171,5.225640781223774,94.32816490530968,210.14334601163864,,,,,,,,,,,,
722.0,0.0,198.0,9.320774858538078,1.0,0.7221255922665578,0.42105263157894735,0.0,nan,0.010000000000000002,0.0,0.0,57.0,505.0,1.0152630656957626,0.2547081539678402,0.17343368128007797,0.16221381911686367,-0.405307412147522,14.964814560487866,-3.432433884590864,111.64566257596016,255.11159205436707,,,,,,,,,,,,
723.0,0.0,146.0,8.541997948102665,1.0,0.4588158513758163,0.72,0.0,nan,0.010000000000000002,0.0,0.0,50.0,435.0,0.37023574113845825,0.31387613159037286,0.2634254804622444,0.1005008644871305,-0.405307412147522,1.4899136368185282,5.803656281903386,75.34713830053806,206.24975019693375,,,,,,,,,,,,
724.0,0.0,127.0,8.17726470436902,1.0,0.8534695955549048,0.32608695652173914,0.0,nan,0.010000000000000002,0.0,0.0,46.0,375.0,0.24550165235996246,0.2948612652539282,0.2455129684528374,0.0984226738264447,-0.405307412147522,-0.11787797138094902,-7.5529100969433784,82.04686136543751,221.35066837072372,,,,,,,,,,,,
725.0,0.0,129.0,3.0941317605972416,0.25,0.6557126794544766,0.5740740740740741,0.0,nan,0.010000000000000002,0.0,0.0,54.0,478.0,9.997355699539185,2.07796855002465,0.3536663494118334,3.4468030363710653,-0.405307412147522,31.36231305450201,31.850048078224063,121.7848858833313,263.1361734867096,,,,,,,,,,,,
726.0,0.0,200.0,6.857184012234222,0.75,0.7261750869553361,0.515625,0.0,nan,0.010000000000000002,0.0,0.0,64.0,570.0,3.2250818014144897,1.4274553627287787,0.6768712109430283,1.4993811024877481,-0.405307412147522,51.93789852410555,34.00451085716486,78.24748902022839,217.54013466835022,,,,,,,,,,,,
727.0,0.0,119.0,5.305908887200062,0.5,0.5014521300504843,0.696969696969697,0.0,nan,0.010000000000000002,0.0,0.0,33.0,283.0,1.6919364929199219,0.7000588873727338,0.31243229068837636,0.7749781723463345,-0.405307412147522,-0.5388467777520418,2.379334021359682,64.44510194659233,179.56781882047653,,,,,,,,,,,,
728.0,0.0,137.0,9.343650126587614,1.0,0.6487059840880302,0.6037735849056604,0.0,nan,0.010000000000000002,0.0,0.0,53.0,471.0,0.4286668375134468,0.36408191649359267,0.33967141842409626,0.048517768312765136,-0.405307412147522,-3.0688408091664314,3.519794238731265,63.890599355101585,180.4497681260109,,,,,,,,,,,,
729.0,0.0,120.0,4.830445735454573,0.5,0.7830948115581575,0.38181818181818183,0.0,nan,0.010000000000000002,0.0,0.0,55.0,463.0,4.90955114364624,0.8488807140938661,0.1305960145409511,1.432321781675991,-0.405307412147522,-3.5338832475245,9.894137287512422,67.38580806553364,189.9162793159485,,,,,,,,,,,,
730.0,0.0,130.0,7.805539886616179,1.0,0.5601800986143305,0.5813953488372093,0.0,0.8,0.010000000000000002,0.0,0.0,43.0,364.0,0.7215176075696945,0.49018075021154184,0.2931717235613003,0.39355425895036955,-0.405307412147522,-4.183163018897176,13.735672375187278,66.06142793595791,185.44998168945312,1.0,1.0,1.0,0.0,1.0,0.3372994065284729,1.3572970628738403,11.714553889934905,86.0,1.0,196.0,357.4785534916077
731.0,0.0,169.0,9.792112095765786,1.0,0.5084726022316095,0.7241379310344828,0.0,nan,0.010000000000000002,0.0,0.0,58.0,533.0,0.8803655505180359,0.3750782589786539,0.32843796439456735,0.09284529869526209,-0.405307412147522,-3.262455405667424,2.0864133685827255,70.85611793398857,201.56616365909576,,,,,,,,,,,,
732.0,0.0,193.0,9.207549219727532,1.0,0.8139735418002222,0.4482758620689655,0.0,nan,0.010000000000000002,0.0,0.0,58.0,504.0,0.7247339338064194,0.21365933691186,0.17090614963017248,0.08521439811410741,-0.405307412147522,-3.281058033928275,-19.58050375804305,76.31754897534847,216.83667582273483,,,,,,,,,,,,
733.0,0.0,131.0,7.615168987438089,1.0,0.7813864124691052,0.4186046511627907,0.0,nan,0.010000000000000002,0.0,0.0,43.0,331.0,0.4243607521057129,0.5510100186190812,0.43603699668868523,0.22970732581560363,-0.405307412147522,1.7600173223763704,-2.3156992103904486,68.78549335896969,199.63131448626518,,,,,,,,,,,,
734.0,0.0,145.0,8.613051445186148,1.0,0.7473916037671908,0.37254901960784315,0.0,nan,0.010000000000000002,0.0,0.0,51.0,434.0,0.4606935456395149,0.21767828880274465,0.1034103166509801,0.22812883070113837,-0.405307412147522,2.3456166684627533,-4.765819279477,77.6361804753542,224.80827754735947,,,,,,,,,,,,
735.0,0.0,146.0,8.598917957767856,1.0,0.7817966060158285,0.48,0.0,nan,0.010000000000000002,0.0,0.0,50.0,435.0,0.2171882949769497,0.3227000424968196,0.2836471468477419,0.0777406867148503,-0.405307412147522,3.022572072222829,-3.440813757479191,76.98859848082066,233.0801252424717,,,,,,,,,,,,
736.0,0.0,168.0,8.756630870699894,1.0,0.7572308418591321,0.5573770491803278,0.0,nan,0.010000000000000002,0.0,0.0,61.0,555.0,0.9036128968000412,0.3065966951212147,0.17261866444331087,0.266601819256757,-0.405307412147522,-13.250842342153192,-7.1999256536364555,85.82723212242126,246.26701539754868,,,,,,,,,,,,
737.0,0.0,123.0,3.386029626112445,0.25,0.6265590878719879,0.5555555555555556,0.0,nan,0.010000000000000002,0.0,0.0,54.0,469.0,12.10099482536316,2.0211566209166563,0.2329133795798771,3.574920161204332,-0.405307412147522,-38.84776080772281,4.068985793739557,83.36071255803108,250.1221051812172,,,,,,,,,,,,
738.0,0.0,121.0,8.339934753030548,1.0,0.7245947529876785,0.44680851063829785,0.0,nan,0.010000000000000002,0.0,0.0,47.0,404.0,0.16443994268774986,0.5297104064685527,0.3582817019588384,0.34258540012571415,-0.405307412147522,-4.6572380438447,7.646773092448711,90.91569755971432,268.5898199081421,,,,,,,,,,,,
739.0,0.0,200.0,7.0712807182967765,0.75,0.828447344791409,0.3695652173913043,0.0,nan,0.010000000000000002,0.0,0.0,46.0,392.0,1.1439436078071594,0.7832272506063802,0.45189552766642654,0.6623921159771431,-0.405307412147522,-15.582815216854215,9.365423183888197,107.08393588662148,299.61495089530945,,,,,,,,,,,,
740.0,0.0,173.0,9.59705638669433,1.0,0.772008919875588,0.3968253968253968,0.0,0.6,0.010000000000000002,0.0,0.0,63.0,547.0,0.9368718415498734,0.27277343380946206,0.21165957085067746,0.11975123155250911,-0.405307412147522,7.216746333986521,-15.508769759908319,87.30741362273693,252.05000692605972,1.0,1.0,1.0,0.0,1.0,0.33239999413490295,1.4192215204238892,11.725576647557318,86.0,1.0,191.0,337.535993679576
741.0,0.0,156.0,9.463226583935334,1.0,0.8183564946593415,0.38333333333333336,0.0,nan,0.010000000000000002,0.0,0.0,60.0,489.0,0.5607211887836456,0.23427048860720845,0.17820086027970694,0.11180329161688846,-0.405307412147522,3.7034029979258776,-8.150343716144562,89.69992770254612,258.6326353549957,,,,,,,,,,,,
742.0,0.0,189.0,9.92675236860292,1.0,0.4227482986848258,0.7333333333333333,0.0,nan,0.010000000000000002,0.0,0.0,60.0,539.0,0.9915428906679153,0.3371297952435981,0.27786316647917914,0.11822280331211424,-0.405307412147522,-5.0213396437466145,17.739187490195036,60.048500910401344,175.67759704589844,,,,,,,,,,,,
743.0,0.0,196.0,9.254963050540553,1.0,0.689526463774269,0.5573770491803278,0.0,nan,0.010000000000000002,0.0,0.0,61.0,526.0,0.6562753617763519,0.22421487262772644,0.12962469777635088,0.18892295187401098,-0.405307412147522,-20.472039680927992,20.846560264006257,71.13817058503628,200.5332510471344,,,,,,,,,,,,
744.0,0.0,158.0,8.74365320030601,1.0,0.761861407037987,0.38,0.0,nan,0.010000000000000002,0.0,0.0,50.0,413.0,0.6218281835317612,0.5485089743315825,0.3742241727377656,0.3482631502718405,-0.405307412147522,3.6709398552775383,-10.663294175639749,95.56583234667778,263.2437576055527,,,,,,,,,,,,
745.0,0.0,147.0,7.661801629215486,1.0,0.597053076481751,0.5957446808510638,0.0,nan,0.010000000000000002,0.0,0.0,47.0,417.0,0.2371407486498356,0.33949000152313147,0.2488495589684319,0.18091744370899576,-0.405307412147522,3.967140195891261,12.510714929550886,78.05658511817455,229.97722846269608,,,,,,,,,,,,
746.0,0.0,186.0,9.96076861483978,1.0,0.7647677964529156,0.417910447761194,0.0,nan,0.010000000000000002,0.0,0.0,67.0,576.0,1.1129595190286636,0.3195547356577535,0.2528475513692008,0.13306782550929963,-0.405307412147522,7.609061144292355,2.1084036231040955,82.66289998590946,243.1296654343605,,,,,,,,,,,,
747.0,0.0,200.0,7.471549493661162,0.75,0.5950967687973785,0.6346153846153846,0.0,nan,0.010000000000000002,0.0,0.0,52.0,472.0,0.7337226420640945,0.34340481865187655,0.21508650847455088,0.2562036790844193,-0.405307412147522,-0.23364458605647087,-0.8992093540728092,83.27804711461067,248.7433432340622,,,,,,,,,,,,
748.0,0.0,141.0,8.135627142572783,1.0,0.714465016685147,0.425531914893617,0.0,nan,0.010000000000000002,0.0,0.0,47.0,380.0,0.45785626769065857,0.2977299080208411,0.2538635187899768,0.08740863029860929,-0.405307412147522,1.0070754196494818,-15.408298466354609,93.85961323976517,267.0263038277626,,,,,,,,,,,,
749.0,0.0,118.0,7.1985246420651725,1.0,0.7298377197996695,0.6,0.0,nan,0.010000000000000002,0.0,0.0,35.0,287.0,0.37750618904829025,0.4101996874282312,0.329360232413867,0.16137692812736004,-0.405307412147522,5.216549981385469,-8.514720117673278,82.32923065125942,242.00857824087143,,,,,,,,,,,,
750.0,0.0,136.0,7.41191041771323,1.0,0.8462230651028155,0.3695652173913043,0.0,0.4,0.010000000000000002,0.0,0.0,46.0,396.0,0.26214415952563286,0.37450353688723226,0.327081808141536,0.09328583302223961,-0.405307412147522,3.583469834178686,36.19564694352448,96.39579214155674,275.7685729265213,1.0,1.0,1.0,0.0,1.0,0.32926028966903687,1.4962807893753052,11.738565100240521,81.0,1.0,189.0,330.0624494791407
751.0,0.0,164.0,8.929536888469022,1.0,0.7868761768429744,0.39622641509433965,0.0,nan,0.010000000000000002,0.0,0.0,53.0,440.0,0.6049524545669556,3.3435316175703065,3.2980061002327914,0.09068752110494611,-0.405307412147522,-8.629851747304201,12.5377500616014,100.14537939429283,269.44048112630844,,,,,,,,,,,,
752.0,0.0,149.0,8.136013926267632,1.0,0.7309909725122881,0.5,0.0,nan,0.010000000000000002,0.0,0.0,44.0,362.0,0.581941157579422,0.44933161686407175,0.32148862677971896,0.2553833612448877,-0.405307412147522,2.895862028002739,-13.010966341942549,108.98063331842422,292.9180632829666,,,,,,,,,,,,
753.0,0.0,71.0,6.139912882205099,1.0,0.27318227295148967,0.84,0.0,nan,0.010000000000000002,0.0,0.0,25.0,211.0,0.17972830310463905,0.18377871835182907,0.13327926473107632,0.10065848594477976,-0.405307412147522,-4.33275834982994,15.467756734640112,96.80706942589927,281.11910186333677,,,,,,,,,,,,
754.0,0.0,195.0,10.758323782309912,1.0,0.6937836476477732,0.5074626865671642,0.0,nan,0.010000000000000002,0.0,0.0,67.0,580.0,1.5982239246368408,0.8036377825220598,0.7612744316992198,0.08449153953534516,-0.405307412147522,-3.2510217148810625,-0.5561288464814425,107.32938620448112,307.8100190758705,,,,,,,,,,,,
755.0,0.0,105.0,7.303089510463183,1.0,0.7284744076976493,0.5227272727272727,0.0,nan,0.010000000000000002,0.0,0.0,44.0,345.0,0.8132835775613785,0.413554794574877,0.24666390774220698,0.3323593376498981,-0.405307412147522,22.570680247619748,-19.033260207623243,123.91205260157585,340.26065826416016,,,,,,,,,,,,
756.0,0.0,199.0,8.887054119743418,1.0,0.7927667280137595,0.4727272727272727,0.0,nan,0.010000000000000002,0.0,0.0,55.0,483.0,0.4119134247303009,0.34113764365361554,0.2831089102340085,0.11567040458092244,-0.405307412147522,-22.9269697945565,-6.331908632069826,142.47478091716766,351.6977108716965,,,,,,,,,,,,
757.0,0.0,152.0,8.172941269585872,1.0,0.6269589858421502,0.5294117647058824,0.0,nan,0.010000000000000002,0.0,0.0,51.0,450.0,0.18982959538698196,0.4017514978526515,0.3636279883333844,0.07596616815752501,-0.405307412147522,7.080800171941519,33.357258301228285,168.85921567678452,395.0549302101135,,,,,,,,,,,,
758.0,0.0,116.0,7.6860844402760335,1.0,0.7287625357035635,0.5116279069767442,0.0,nan,0.010000000000000002,0.0,0.0,43.0,353.0,0.11973623558878899,0.3384353138448546,0.31039231865495165,0.05582386308087067,-0.405307412147522,-3.8594448938965797,-15.637188168242574,138.3150668144226,376.2408092021942,,,,,,,,,,,,
759.0,0.0,95.0,3.1296906747669055,0.25,0.6708296967395863,0.4883720930232558,0.0,nan,0.010000000000000002,0.0,0.0,43.0,347.0,12.212817430496216,2.4780169224017925,0.30143860135117184,4.3513183320681,-0.405307412147522,-27.440645711496472,25.108550917357206,171.33682933449745,383.5159455537796,,,,,,,,,,,,
760.0,0.0,78.0,2.8131004768610044,0.25,0.63242964044082,0.4864864864864865,0.0,0.19999999999999996,0.010000000000000002,0.0,0.0,37.0,298.0,13.133507490158081,1.7582297238962497,0.342974325493844,2.8301777645304584,-0.405307412147522,3.690791158005595,-9.406162079423666,240.7251877784729,410.84429156780243,1.0,1.0,1.0,0.0,1.0,0.3250996768474579,1.674897313117981,11.741180717479438,78.0,1.0,185.0,317.60646459236773
761.0,0.0,146.0,8.141007550805817,1.0,0.8173932286652758,0.38636363636363635,0.0,nan,0.010000000000000002,0.0,0.0,44.0,370.0,0.6417388170957565,0.4368287943431426,0.32378395891061656,0.22579248503729143,-0.4056050591170788,-2.5770406164228916,0.9448463134467602,213.49363732337952,404.9318690299988,,,,,,,,,,,,
762.0,0.0,133.0,8.453067820929,1.0,0.7560587015780026,0.5319148936170213,0.0,nan,0.010000000000000002,0.0,0.0,47.0,401.0,0.2955011650919914,0.37754691310172817,0.33252789489767204,0.08974535087233569,-0.405307412147522,-11.272206012159586,-2.9837868697941303,166.74366614222527,398.0162378549576,,,,,,,,,,,,
763.0,0.0,119.0,3.7867032833397514,0.25,0.74095568331426,0.39215686274509803,0.0,nan,0.010000000000000002,0.0,0.0,51.0,435.0,5.253612637519836,1.3458465128211472,0.32702526987423236,2.0306802690482932,-0.405307412147522,7.148043967783451,-18.504445055499673,151.20476537942886,399.7145128250122,,,,,,,,,,,,
764.0,0.0,142.0,8.523418038226675,1.0,0.7694708010121777,0.4166666666666667,0.0,nan,0.010000000000000002,0.0,0.0,48.0,407.0,0.20928804948925972,0.3920569186205982,0.30781259773716807,0.16815830778273375,-0.405307412147522,-0.07260175049304962,-3.678423384204507,184.67944717407227,406.63247895240784,,,,,,,,,,,,
765.0,0.0,160.0,9.184351409301176,1.0,0.6454365089443119,0.5961538461538461,0.0,nan,0.010000000000000002,0.0,0.0,52.0,442.0,0.6908821314573288,0.345069509448777,0.31648939679317506,0.05690104501482378,-0.405307412147522,9.966940101236105,-21.983830293640494,148.4264512360096,384.69445836544037,,,,,,,,,,,,
766.0,0.0,187.0,9.93901596110316,1.0,0.7992854574925546,0.390625,0.0,nan,0.010000000000000002,0.0,0.0,64.0,561.0,0.8803421556949615,0.4082807460634683,0.34974477210711274,0.1167889553209563,-0.5453397023957223,0.8391809687018394,4.835722789168358,154.0875281393528,387.21822023391724,,,,,,,,,,,,
767.0,0.0,139.0,9.04820532359184,1.0,0.7661873268470923,0.4444444444444444,0.0,nan,0.010000000000000002,0.0,0.0,54.0,457.0,1.8058746755123138,0.38466472794960616,0.3374627478038532,0.09410995334920536,-0.4243762774858624,14.740514563396573,-42.99122907407582,165.68164828419685,407.07545733451843,,,,,,,,,,,,
768.0,0.0,168.0,8.787015592455877,1.0,0.5848183762203302,0.6938775510204082,0.0,nan,0.010000000000000002,0.0,0.0,49.0,429.0,0.6529180854558945,0.3611648893579158,0.30841778234508666,0.10522663000987742,-0.4080986138433218,0.8205370642244816,21.375263687223196,156.81928312778473,395.4505412578583,,,,,,,,,,,,
769.0,0.0,140.0,9.06777666833253,1.0,0.5393166682302891,0.62,0.0,nan,0.010000000000000002,0.0,0.0,50.0,442.0,0.22714080661535263,0.29797713134123116,0.26863831602742694,0.05838711641960442,-0.405307412147522,-10.35655896179378,24.832854876294732,147.2457685470581,394.59022653102875,,,,,,,,,,,,
770.0,0.0,172.0,9.408556170761601,1.0,0.7533480762555244,0.5166666666666667,0.0,0.0,0.010000000000000002,0.0,0.0,60.0,525.0,1.1036081910133362,0.36084845570675483,0.3093559865721197,0.10259602830505443,-0.405307412147522,13.150898793712258,-36.223178723827004,152.74597120285034,392.948991894722,1.0,1.0,1.0,0.0,1.0,0.3669467270374298,1.6487983465194702,11.735677493503317,82.0,1.0,187.0,326.33953714288805
771.0,0.0,117.0,8.422170120105157,1.0,0.6349157629391526,0.6086956521739131,0.0,nan,0.010000000000000002,0.0,0.0,46.0,395.0,0.30833571404218674,0.3053440263007623,0.26881137663199894,0.07279341298368752,-0.405307412147522,3.2017843145877123,30.7383118737489,159.93749770522118,394.43890595436096,,,,,,,,,,,,
772.0,0.0,115.0,6.75959604263306,1.0,0.657687726569568,0.46875,0.0,nan,0.010000000000000002,0.0,0.0,32.0,253.0,0.10309529677033424,0.3742048051914737,0.3588514969812392,0.03043227524657589,-0.405307412147522,1.7303243908486348,3.01244054952629,143.35700542465028,384.62353998116356,,,,,,,,,,,,
773.0,0.0,142.0,8.634467382915329,1.0,0.620151091392895,0.54,0.0,nan,0.010000000000000002,0.0,0.0,50.0,425.0,0.24642324447631836,0.3315655802468629,0.30601528602026185,0.05037020031305928,-0.405307412147522,30.174788082018495,-10.5101214684546,189.6321777701378,373.33235228061676,,,,,,,,,,,,
774.0,0.0,190.0,10.172813691124338,1.0,0.7975160256330978,0.34375,0.0,nan,0.010000000000000002,0.0,0.0,64.0,543.0,1.611331284046173,0.35039512925192184,0.28819904450138106,0.12415052022152956,-0.405307412147522,1.5444450806826353,34.93105757236481,159.73804074525833,363.52311980724335,,,,,,,,,,,,
775.0,0.0,190.0,10.26423163499685,1.0,0.8245938364017694,0.36363636363636365,0.0,nan,0.010000000000000002,0.0,0.0,66.0,563.0,0.8262222092598677,0.3468957635049037,0.30514809346011973,0.0832494771688338,-0.405307412147522,3.9658230170607567,4.010575855150819,148.89620009064674,373.76134502887726,,,,,,,,,,,,
776.0,0.0,141.0,8.54360790476204,1.0,0.5257907989716707,0.6595744680851063,0.0,nan,0.010000000000000002,0.0,0.0,47.0,405.0,0.3466617837548256,0.3311406714221994,0.29518063124222593,0.0716189658692582,-0.405307412147522,1.512853978201747,-10.080314092338085,97.37098328769207,278.8754470348358,,,,,,,,,,,,
777.0,0.0,179.0,9.170400535538805,1.0,0.6520483430255324,0.5849056603773585,0.0,nan,0.010000000000000002,0.0,0.0,53.0,461.0,1.366635024547577,0.3308255323386087,0.2966119368385071,0.06811313559674137,-0.405307412147522,-12.255689937621355,-18.777254924178123,115.29708848893642,312.36085337400436,,,,,,,,,,,,
778.0,0.0,150.0,8.34046561781318,1.0,0.7251882670523035,0.425531914893617,0.0,nan,0.010000000000000002,0.0,0.0,47.0,392.0,0.5571119040250778,0.623506354454193,0.5746272284501015,0.09745825725602186,-0.405307412147522,5.350946791470051,13.542098915204406,98.6849170178175,305.95633190870285,,,,,,,,,,,,
779.0,0.0,166.0,9.83462859086694,1.0,0.6284859161357038,0.6166666666666667,0.0,nan,0.010000000000000002,0.0,0.0,60.0,533.0,0.5644275546073914,0.326417956510773,0.2815495005223613,0.08945702139715168,-0.405307412147522,-10.195170126855373,7.2303364388644695,68.48294082283974,242.04936575889587,,,,,,,,,,,,
780.0,0.0,155.0,10.00979590413628,1.0,0.7814112996182021,0.39344262295081966,0.0,0.0,0.010000000000000002,0.0,0.0,61.0,515.0,0.5184495747089386,0.2542108353041037,0.23980600394623897,0.028453913325876934,-0.405307412147522,6.053955832496285,-18.733853014186025,76.15369801223278,279.0263209939003,1.0,1.0,1.0,0.0,1.0,0.29823315143585205,1.2774361371994019,11.723425148520619,86.0,1.0,199.0,368.70754354190126
781.0,0.0,151.0,8.384266699180017,1.0,0.7564697098825832,0.375,0.0,nan,0.010000000000000002,0.0,0.0,48.0,392.0,0.5575558245182037,0.40734232118721536,0.35495311843042104,0.10448143848747471,-0.405307412147522,8.082818294875324,-4.127962917089462,77.97014057636261,285.5375608801842,,,,,,,,,,,,
782.0,0.0,109.0,3.7916760800033886,0.5,0.7626535738820112,0.42857142857142855,0.0,nan,0.010000000000000002,0.0,0.0,49.0,414.0,7.795850872993469,1.5555918759407916,0.338252728068616,2.4320793250172543,-0.405307412147522,6.742795450612903,-20.17708830907941,110.39534482359886,338.03882122039795,,,,,,,,,,,,
783.0,0.0,127.0,5.371482044458396,0.75,0.7514316176372655,0.48936170212765956,0.0,nan,0.010000000000000002,0.0,0.0,47.0,425.0,6.663859009742737,1.3871302338755527,0.25987047400888796,2.2517851080610862,-0.405307412147522,-29.026230353862047,-20.841401448473334,97.7307941019535,297.58958423137665,,,,,,,,,,,,
784.0,0.0,129.0,8.22059197999538,1.0,0.748091554835543,0.48,0.0,nan,0.010000000000000002,0.0,0.0,50.0,409.0,0.4404008984565735,0.3743537161130348,0.32094165882139847,0.10647063854924124,-0.405307412147522,3.641731783747673,-2.2021683622151613,76.60554157197475,247.85432356595993,,,,,,,,,,,,
785.0,0.0,154.0,8.5347693880275,1.0,0.7927431741047927,0.4,0.0,nan,0.010000000000000002,0.0,0.0,55.0,448.0,0.3861549124121666,0.37936355040501013,0.3193716151057016,0.11956419931406961,-0.405307412147522,5.6665439158678055,2.72955983877182,102.2074968367815,324.8583174943924,,,,,,,,,,,,
786.0,0.0,161.0,9.424567745700495,1.0,0.5704311597687098,0.65,0.0,nan,0.010000000000000002,0.0,0.0,60.0,522.0,0.3708302080631256,0.34185463355665047,0.32287317754551037,0.03744507977894199,-0.405307412147522,0.26458265632390976,10.197640458121896,61.72687166184187,207.90681073069572,,,,,,,,,,,,
787.0,0.0,113.0,7.904676616974182,1.0,0.8421777182722201,0.391304347826087,0.0,nan,0.010000000000000002,0.0,0.0,46.0,386.0,0.12229016795754433,0.36700043351079614,0.3503907551485528,0.03283801980120776,-0.405307412147522,5.173362604342401,-11.639693232253194,74.52410152554512,274.4432013630867,,,,,,,,,,,,
788.0,0.0,126.0,7.759325636327275,1.0,0.6005158714443475,0.7073170731707317,0.0,nan,0.010000000000000002,0.0,0.0,41.0,354.0,0.25282884761691093,0.3315504970655745,0.30521186705893005,0.0524863259297407,-0.405307412147522,1.522453062236309,-14.827112661674619,55.44329684972763,223.94166857004166,,,,,,,,,,,,
789.0,0.0,159.0,10.104901662021893,1.0,0.8001630257738073,0.390625,0.0,nan,0.010000000000000002,0.0,0.0,64.0,543.0,0.519810825586319,0.3002779254339316,0.2702237578446809,0.0598311919913604,-0.405307412147522,4.743464584462345,-19.44546320475638,63.98025457561016,273.26263910532,,,,,,,,,,,,
790.0,0.0,200.0,8.100671515017773,0.5,0.6360528686324166,0.631578947368421,0.0,0.19999999999999996,0.010000000000000002,0.0,0.0,76.0,689.0,1.1718566752970219,0.43992553135642254,0.2924365182160841,0.29467412098381696,-0.405307412147522,-2.518172327429056,-7.323422262445092,34.184857949614525,165.46321153640747,1.0,0.0,0.75,0.0,0.75,0.3296250104904175,0.920282244682312,11.640515303777647,88.0,1.0,200.0,326.09564823284785
791.0,0.0,145.0,8.634183243513124,1.0,0.6454793948351666,0.543859649122807,0.0,nan,0.010000000000000002,0.0,0.0,57.0,506.0,0.16505888104438782,0.19781702399052392,0.18298043728233804,0.029452563451238346,-0.405307412147522,1.575718549080193,9.690473159775138,34.14475303143263,170.90534710884094,,,,,,,,,,,,
792.0,0.0,200.0,9.011071599312148,0.75,0.7387686510184677,0.375,0.0,nan,0.010000000000000002,0.0,0.0,72.0,646.0,0.7759616076946259,0.38125037172011744,0.31242303332810567,0.13722911002146,-0.405307412147522,-11.993088323622942,6.735900083556771,52.39465479552746,247.98811000585556,,,,,,,,,,,,
793.0,0.0,188.0,9.441901139169952,1.0,0.7405603776156572,0.53125,0.0,nan,0.010000000000000002,0.0,0.0,64.0,580.0,0.7056177258491516,0.3458754483080284,0.24402531260219607,0.20338406751949245,-0.40615809336304665,0.9857588540762663,5.4993035066872835,43.54865454882383,193.89834013581276,,,,,,,,,,,,
794.0,0.0,198.0,9.358567169606705,1.0,0.730690252794033,0.42857142857142855,0.0,nan,0.010000000000000002,0.0,0.0,63.0,538.0,0.633808359503746,0.5479541398085543,0.5243470461885409,0.04678878402567843,-0.405307412147522,-0.7012091800570488,18.075304701924324,59.37989388406277,220.37327393889427,,,,,,,,,,,,
795.0,0.0,166.0,8.665572738498463,1.0,0.7311946619766233,0.5272727272727272,0.0,nan,0.010000000000000002,0.0,0.0,55.0,471.0,0.4585966095328331,0.4119941839707053,0.3840237612422375,0.055616709262354624,-0.405307412147522,-0.9432845152914524,5.925511499866843,41.59323988109827,182.19689851999283,,,,,,,,,,,,
796.0,0.0,124.0,8.571783241964889,1.0,0.823539021252097,0.36538461538461536,0.0,nan,0.010000000000000002,0.0,0.0,52.0,439.0,0.3131275698542595,0.30361648322590895,0.2502036900726243,0.10647193224209875,-0.405307412147522,-1.73450175113976,11.840987034142017,55.35843154788017,251.3465955555439,,,,,,,,,,,,
797.0,0.0,148.0,9.136000589728372,1.0,0.4578822129401994,0.7288135593220338,0.0,nan,0.010000000000000002,0.0,0.0,59.0,537.0,0.3959808871150017,0.21153215104351375,0.14508975770416527,0.13230942946664231,-0.405307412147522,-4.442662363871932,6.389536971226335,38.10126328468323,167.14181610941887,,,,,,,,,,,,
798.0,0.0,192.0,8.663196037150932,1.0,0.6350676041762027,0.6538461538461539,0.0,nan,0.010000000000000002,0.0,0.0,52.0,465.0,0.5465150475502014,0.29476550544995916,0.24421908625999955,0.10070512133157897,-0.405307412147522,-0.4259021542966366,6.367145957425237,43.532105050981045,195.95686119794846,,,,,,,,,,,,
799.0,0.0,200.0,6.2371127589699,0.75,0.9024133592166281,0.36363636363636365,0.0,nan,0.010000000000000002,0.0,0.0,55.0,474.0,2.2995482683181763,0.7557344679932498,0.2984759524078556,0.9129046474389071,-0.405307412147522,37.18875145725906,-17.734051076695323,63.77940407395363,280.07401126623154,,,,,,,,,,,,
800.0,0.0,130.0,8.401938843391846,1.0,0.6797652942988401,0.5531914893617021,0.0,0.4,0.010000000000000002,0.0,0.0,47.0,411.0,0.2238677442073822,0.14180686786683339,0.05703934081861384,0.16926850942531782,-0.405307412147522,-2.65854300186038,5.714830130338669,53.34853447973728,232.182914853096,1.0,0.0,0.75,0.0,0.75,0.43446531891822815,1.1089969873428345,11.700970088830218,85.0,1.0,200.0,368.68355753645346
801.0,0.0,200.0,4.80401651646942,0.75,0.7307449897082671,0.41304347826086957,0.0,nan,0.010000000000000002,0.0,0.0,46.0,418.0,3.7477071285247803,0.719542330855802,0.21447875667111188,1.0082578809963645,-0.405307412147522,44.75465679354966,15.936365375295281,64.22824813425541,296.748579621315,,,,,,,,,,,,
802.0,0.0,185.0,9.52289083305748,1.0,0.649330310813442,0.5689655172413793,0.0,nan,0.010000000000000002,0.0,0.0,58.0,511.0,0.9382751435041428,0.41394450258377447,0.34067724530342125,0.14628692622537035,-0.405307412147522,-0.8514717500656843,11.294090049341321,53.529247388243675,243.13191723823547,,,,,,,,,,,,
803.0,0.0,114.0,7.845765052009383,1.0,0.7471856181670757,0.5217391304347826,0.0,nan,0.010000000000000002,0.0,0.0,46.0,398.0,0.06171557493507862,0.15141769797968507,0.11532624375801971,0.07180315915293095,-0.405307412147522,2.8514630645513535,8.738359797745943,61.816710621118546,280.51312482357025,,,,,,,,,,,,
804.0,0.0,189.0,8.90782012537123,1.0,0.6810435012392163,0.4925373134328358,0.0,nan,0.010000000000000002,0.0,0.0,67.0,587.0,0.35257788375020027,0.508987623825671,0.49176382339421004,0.03381769710649346,-0.405307412147522,4.884320355951786,-27.79398669861257,61.98147261142731,289.9607318639755,,,,,,,,,,,,
805.0,0.0,160.0,7.653394823595899,0.5,0.8142124139902155,0.36065573770491804,0.0,nan,0.010000000000000002,0.0,0.0,61.0,547.0,2.9015007615089417,1.0018218717704703,0.46949372308129667,1.0628587963903353,-0.405307412147522,7.485768880695105,7.696411062031984,69.9376715272665,305.12445229291916,,,,,,,,,,,,
806.0,0.0,107.0,7.1584637953341055,1.0,0.7230136042621637,0.425,0.0,nan,0.010000000000000002,0.0,0.0,40.0,331.0,0.19841906800866127,0.1724311207512379,0.10958999114413284,0.12533054774913774,-0.405307412147522,3.3264380265027285,-4.603060711175203,67.35000774264336,301.5405918955803,,,,,,,,,,,,
807.0,0.0,200.0,9.421281988360011,0.75,0.7484824904692746,0.4,0.0,nan,0.010000000000000002,0.0,0.0,75.0,665.0,0.899208303540945,0.3544261299487914,0.20676394020115835,0.29402848633609957,-0.405307412147522,5.782582406885922,31.094530126079917,68.01764431595802,305.2652887105942,,,,,,,,,,,,
808.0,0.0,175.0,8.720606393963111,1.0,0.5788140552251018,0.58,0.0,nan,0.010000000000000002,0.0,0.0,50.0,436.0,0.6771909445524216,0.2210499036608553,0.17297165940323078,0.09577652169727296,-0.405307412147522,0.5744030438363552,18.721874348819256,65.65289209783077,288.27180129289627,,,,,,,,,,,,
809.0,0.0,164.0,9.93032468602063,1.0,0.6658869311635776,0.6229508196721312,0.0,nan,0.010000000000000002,0.0,0.0,61.0,537.0,0.8523486852645874,0.3737332365130044,0.3226628680445955,0.10172612585109593,-0.405307412147522,-4.14985291287303,-22.8866850938648,62.377391055226326,288.6217504143715,,,,,,,,,,,,
810.0,0.0,121.0,7.695106999725109,1.0,0.6420721515446616,0.6,0.0,0.4,0.010000000000000002,0.0,0.0,45.0,379.0,0.15549222379922867,0.21712797853662824,0.19147318045505024,0.0509870666831443,-0.405307412147522,1.6188162788748741,5.979800704866648,54.52433729171753,257.40969055891037,1.0,1.0,1.0,0.0,1.0,0.3978289067745209,1.2867110967636108,11.724156584357843,89.0,1.0,199.0,368.706770170704
811.0,0.0,148.0,8.895236583277594,1.0,0.6744701089150832,0.5576923076923077,0.0,nan,0.010000000000000002,0.0,0.0,52.0,436.0,0.2644351087510586,0.3042906902227358,0.26760694844688326,0.07307737149901834,-0.405307412147522,-1.9661642163991928,13.618167648091912,52.92824402451515,239.19127756357193,,,,,,,,,,,,
812.0,0.0,172.0,9.198927815035,1.0,0.680157637241598,0.5471698113207547,0.0,nan,0.010000000000000002,0.0,0.0,53.0,459.0,0.4325467720627785,0.3044800843169817,0.28438066842245585,0.03999332223594569,-0.405307412147522,-3.058296460658312,-0.04235558770596981,64.3121735304594,288.95209592580795,,,,,,,,,,,,
813.0,0.0,200.0,7.2842427000031,0.75,0.6355073512124785,0.5892857142857143,0.0,nan,0.010000000000000002,0.0,0.0,56.0,489.0,1.3393391966819763,0.4583094940004351,0.1834917337127956,0.5486398668643935,-0.405307412147522,16.09119907952845,7.3164374101907015,54.45500893890858,237.32976645231247,,,,,,,,,,,,
814.0,0.0,160.0,9.693884837329403,1.0,0.7000621716964449,0.4576271186440678,0.0,nan,0.010000000000000002,0.0,0.0,59.0,502.0,0.4145563021302223,0.22920118608435924,0.20527626578437577,0.04760677538464045,-0.405307412147522,4.486953113228083,-33.275176391005516,66.47371119260788,294.63058573007584,,,,,,,,,,,,
815.0,0.0,200.0,7.134240864291797,0.75,0.8278747922243865,0.39622641509433965,0.0,nan,0.010000000000000002,0.0,0.0,53.0,442.0,1.0548154413700104,0.406427993292958,0.24131673307808868,0.3298374296186508,-0.405307412147522,-26.87443402968347,20.514913396909833,76.4361857175827,326.1519572734833,,,,,,,,,,,,
816.0,0.0,200.0,7.640177855975937,0.75,0.727331006148215,0.47058823529411764,0.0,nan,0.010000000000000002,0.0,0.0,51.0,429.0,1.114992916584015,0.5367656721735585,0.33686843973002045,0.39957340999140023,-0.405307412147522,0.24566324427723885,-16.821854500100017,83.68625809252262,312.53381782770157,,,,,,,,,,,,
817.0,0.0,200.0,8.569024402160453,0.5,0.7525129494517496,0.4246575342465753,0.0,nan,0.010000000000000002,0.0,0.0,73.0,628.0,1.0552203357219696,0.3653684379642783,0.29192384975007807,0.14667392723337347,-0.405307412147522,-10.126668138429523,-9.20219525322318,73.99196434020996,325.5875192284584,,,,,,,,,,,,
818.0,0.0,169.0,8.731801039818684,1.0,0.532969260108224,0.6470588235294118,0.0,nan,0.010000000000000002,0.0,0.0,51.0,445.0,0.48494161665439606,0.28069463601974576,0.18476937273404587,0.19138471716636218,-0.405307412147522,-5.014865640550852,1.5910108610987663,78.23792578279972,308.04810869693756,,,,,,,,,,,,
819.0,0.0,85.0,4.5385000377893485,0.25,0.6376520160996891,0.5277777777777778,0.0,nan,0.010000000000000002,0.0,0.0,36.0,295.0,5.27984094619751,0.7548100576871661,0.16524450075944452,1.178837965463103,-0.405307412147522,1.037351468577981,-8.643012251704931,72.3002517670393,317.4559898376465,,,,,,,,,,,,
820.0,0.0,179.0,8.286547380108397,1.0,0.562011266898705,0.5625,0.0,0.4,0.010000000000000002,0.0,0.0,48.0,407.0,0.41859713941812515,0.636731572718972,0.5921736009841154,0.0888643421643124,-0.405307412147522,4.193391801789403,-2.141415471211076,93.2249421775341,355.6431419849396,1.0,1.0,1.0,0.0,1.0,0.3000742197036743,1.5376769304275513,11.738988927798346,83.0,1.0,190.0,336.30037103071845
821.0,0.0,185.0,8.890671126768005,1.0,0.6634899876161756,0.4528301886792453,0.0,nan,0.010000000000000002,0.0,0.0,53.0,446.0,1.154820293188095,0.31837056572631184,0.24868820832672967,0.13914474555949485,-0.405307412147522,-4.636961950920522,-8.697354668751359,72.0006277859211,319.00965344905853,,,,,,,,,,,,
822.0,0.0,200.0,9.29705016504975,0.75,0.684461484519659,0.47692307692307695,0.0,nan,0.010000000000000002,0.0,0.0,65.0,566.0,0.5762816788628697,0.2907308807220552,0.2610599416592722,0.05907446589890539,-0.405307412147522,2.8277273178100586,10.351816482841969,80.42867136001587,351.75344955921173,,,,,,,,,,,,
823.0,0.0,69.0,4.092247708030047,0.25,0.6411520677170349,0.5,0.0,nan,0.010000000000000002,0.0,0.0,34.0,262.0,5.544528841972351,1.031420795230531,0.3058744420780331,1.4508253754110143,-0.405307412147522,-4.3863056395202875,-14.815173827111721,82.13478875160217,369.32695043087006,,,,,,,,,,,,
824.0,0.0,159.0,7.836598165798939,1.0,0.6206606113293178,0.6511627906976745,0.0,nan,0.010000000000000002,0.0,0.0,43.0,375.0,0.23936652019619942,0.26619555795186045,0.21224580509846042,0.10758964950643377,-0.405307412147522,17.026926573365927,-15.473447661846876,92.48421204090118,371.636057972908,,,,,,,,,,,,
825.0,0.0,170.0,8.451643380150209,1.0,0.8115164543091694,0.39622641509433965,0.0,nan,0.010000000000000002,0.0,0.0,53.0,420.0,1.145596295595169,0.43074809204244957,0.3160617573671393,0.22897292670588132,-0.405307412147522,-3.044985042884946,-9.711015602573752,93.07017442584038,377.694233417511,,,,,,,,,,,,
826.0,0.0,104.0,7.470378253050154,1.0,0.7300380020947832,0.4,0.0,nan,0.010000000000000002,0.0,0.0,40.0,310.0,0.27278075367212296,0.28373922019570874,0.2450776724322203,0.07700453394188056,-0.405307412147522,2.915345223620534,-5.6575954258441925,90.49480636417866,373.2801375389099,,,,,,,,,,,,
827.0,0.0,149.0,9.186652000248444,1.0,0.7152348147225421,0.4716981132075472,0.0,nan,0.010000000000000002,0.0,0.0,53.0,455.0,0.41212067008018494,0.3547391962714901,0.3315195469523481,0.04618205540174198,-0.405307412147522,7.6431292947381735,-12.531203761696815,99.65328952670097,387.3625271320343,,,,,,,,,,,,
828.0,0.0,121.0,7.654719750806696,1.0,0.8447999794016248,0.4146341463414634,0.0,nan,0.010000000000000002,0.0,0.0,41.0,326.0,0.24157898873090744,0.2650952829712594,0.24094373408119585,0.04806930024812921,-0.405307412147522,4.681896911934018,-22.287981217727065,95.69624964892864,378.47554910182953,,,,,,,,,,,,
829.0,0.0,20.0,-0.16817204356193546,0.0,0.6410729621359766,0.6153846153846154,0.0,nan,0.010000000000000002,0.0,0.0,13.0,80.0,29.885051727294922,3.1671969417191574,0.2725579186659296,5.764578232798067,-0.405307412147522,-3.721852296590805,41.28211269378662,113.48513422012329,382.58044357299804,,,,,,,,,,,,
830.0,0.0,200.0,8.252683394849317,0.75,0.5908165124627323,0.5967741935483871,0.0,0.4,0.010000000000000002,0.0,0.0,62.0,537.0,1.6600878536701202,0.6911846213345427,0.21344018323444047,0.9550750732921749,-0.405307412147522,33.5406429041177,36.0409501735121,110.16961887478828,366.52271342277527,1.0,1.0,1.0,0.0,1.0,0.2718510031700134,1.5419777631759644,11.75132855400443,81.0,1.0,190.0,337.5437811700631
831.0,0.0,145.0,6.92607592239977,0.5,0.7991672435343441,0.3469387755102041,0.0,nan,0.010000000000000002,0.0,0.0,49.0,407.0,1.4409442842006683,0.5081284074152157,0.2652075242145236,0.4855547632290297,-0.405307412147522,2.381154630333185,19.0995521415025,82.02948987483978,357.20067393779755,,,,,,,,,,,,
832.0,0.0,169.0,9.464699905067697,1.0,0.81388591829611,0.4067796610169492,0.0,nan,0.010000000000000002,0.0,0.0,59.0,472.0,0.6900836825370789,0.3066825667009674,0.21973098319027878,0.17365452688559557,-0.405307412147522,-0.8778067454695702,20.47946131043136,86.89578920602798,372.4597610235214,,,,,,,,,,,,
833.0,0.0,189.0,9.19455383844675,1.0,0.7338261076491472,0.48214285714285715,0.0,nan,0.010000000000000002,0.0,0.0,56.0,469.0,1.235206127166748,0.4819797391498071,0.32990955049107584,0.30383446091347155,-0.405307412147522,-7.093713590875268,15.61103219166398,109.95058780908585,404.4703001976013,,,,,,,,,,,,
834.0,0.0,169.0,9.770868448875863,1.0,0.5857773091839727,0.6111111111111112,0.0,nan,0.010000000000000002,0.0,0.0,72.0,619.0,0.6810886636376381,0.46511610207021903,0.3916356802563523,0.14588726353492087,-0.405307412147522,-22.533167423680425,18.431718384847045,107.3496564924717,405.48317432403564,,,,,,,,,,,,
835.0,0.0,123.0,7.784101344607776,1.0,0.66254257236588,0.6,0.0,nan,0.010000000000000002,0.0,0.0,40.0,334.0,0.30567584931850433,0.3987616475095128,0.35981105964113946,0.07759552151525963,-0.405307412147522,-7.432425143197179,-13.659481955692172,152.31072786450386,406.63242506980896,,,,,,,,,,,,
836.0,0.0,156.0,8.581828021332633,1.0,0.770151346029746,0.40816326530612246,0.0,nan,0.010000000000000002,0.0,0.0,49.0,402.0,0.3270304352045059,0.35179400515773906,0.31975797263696437,0.06381327215155666,-0.405307412147522,2.5244166273623705,9.948233572766185,129.53017273545265,405.90045058727264,,,,,,,,,,,,
837.0,0.0,164.0,8.937496384540589,1.0,0.7650509618427896,0.3728813559322034,0.0,nan,0.010000000000000002,0.0,0.0,59.0,522.0,0.1961483247578144,0.304279785442763,0.2585328397097034,0.08917739225465646,-0.405307412147522,39.15661142207682,23.69712626002729,155.88758996129036,406.6588486433029,,,,,,,,,,,,
838.0,0.0,97.0,6.885884902849797,1.0,0.7386282163914205,0.4358974358974359,0.0,nan,0.010000000000000002,0.0,0.0,39.0,301.0,0.6599578112363815,0.3877499387467812,0.3228014110496264,0.12909961539175208,-0.405307412147522,23.60483611933887,-61.11774532869458,152.31169793009758,406.53816533088684,,,,,,,,,,,,
839.0,0.0,136.0,7.754870638642467,1.0,0.7924659342266083,0.3617021276595745,0.0,nan,0.010000000000000002,0.0,0.0,47.0,368.0,0.21734565496444702,0.3219582398105059,0.26724752387824563,0.10892890669284241,-0.405307412147522,8.225547265261412,-10.23160107806325,163.34891751408577,406.85699701309204,,,,,,,,,,,,
840.0,0.0,181.0,8.783900645375263,1.0,0.5570524654066858,0.7083333333333334,0.0,0.0,0.010000000000000002,0.0,0.0,48.0,420.0,0.5015882775187492,0.3719668308811208,0.324162630592168,0.09536420619233554,-0.405307412147522,-6.705914309248328,1.6198197677731514,152.52034923434258,406.5061799287796,1.0,1.0,1.0,0.0,1.0,0.3394661843776703,1.8366209268569946,11.745186340413056,79.0,1.0,182.0,307.6345879364017
841.0,0.0,187.0,10.116587169840948,1.0,0.6720273167209818,0.4745762711864407,0.0,nan,0.010000000000000002,0.0,0.0,59.0,510.0,1.1093919575214386,0.35084445863552105,0.3134778865113317,0.07441284728942846,-0.405307412147522,8.531575847417116,25.533034846186638,159.38112851977348,406.70501470565796,,,,,,,,,,,,
842.0,0.0,135.0,8.922387121766818,1.0,0.7611759734732747,0.38,0.0,nan,0.010000000000000002,0.0,0.0,50.0,424.0,0.4276070222258568,0.30025489894742385,0.26226295788234916,0.0756921688204272,-0.405307412147522,7.88911622390151,-11.72563493810594,160.5554559826851,406.90387654304504,,,,,,,,,,,,
843.0,0.0,129.0,5.019514803737418,0.25,0.7053239520080509,0.4107142857142857,0.0,nan,0.010000000000000002,0.0,0.0,56.0,509.0,6.035891175270081,1.3674685565221978,0.3515476646287581,2.031061619644519,-0.405307412147522,-21.603971114382148,34.14698429591954,200.69525128602982,408.458642244339,,,,,,,,,,,,
844.0,0.0,152.0,7.592401021737611,1.0,0.7668138015704917,0.34146341463414637,0.0,nan,0.010000000000000002,0.0,0.0,41.0,323.0,0.20144575461745262,0.5250348682732877,0.3364824918903781,0.3767216881674117,-0.405307412147522,-16.008390648290515,13.108429931104183,201.0491533279419,411.4449726343155,,,,,,,,,,,,
845.0,0.0,127.0,8.264904223605999,1.0,0.7862239261437247,0.3191489361702128,0.0,nan,0.010000000000000002,0.0,0.0,47.0,371.0,0.22973334789276123,0.3700323123146205,0.3290329739657332,0.08170064696394508,-0.405307412147522,-4.67631009966135,34.31759165227413,140.51410591602325,406.2519781589508,,,,,,,,,,,,
846.0,0.0,127.0,8.754120901264262,1.0,0.7701710483561144,0.3584905660377358,0.0,nan,0.010000000000000002,0.0,0.0,53.0,416.0,0.06449323147535324,0.347070266044558,0.3376107779259887,0.01858095822111977,-0.405307412147522,-5.055462580174208,22.615839732810855,105.69572392106056,405.490553855896,,,,,,,,,,,,
847.0,0.0,76.0,1.607474287748342,0.0,0.7840854089748923,0.42105263157894735,0.0,nan,0.010000000000000002,0.0,0.0,38.0,304.0,11.564629316329956,1.5198945425576085,0.31184494220876874,2.4158507465706522,-0.405307412147522,3.840572251006961,0.12317313440144062,141.06231546401978,406.26799976825714,,,,,,,,,,,,
848.0,0.0,200.0,9.311278260499257,0.75,0.5164067883152947,0.7049180327868853,0.0,nan,0.010000000000000002,0.0,0.0,61.0,555.0,1.0276849120855331,0.4672787688084483,0.306295743684644,0.32177445923557,-0.405307412147522,0.6812511663883924,0.43659480661153793,175.5008194744587,407.5853534936905,,,,,,,,,,,,
849.0,0.0,126.0,8.029247527532288,1.0,0.4798603802108759,0.7333333333333333,0.0,nan,0.010000000000000002,0.0,0.0,45.0,399.0,0.17104313150048256,0.35378833609314597,0.31471594207393855,0.07781758557058355,-0.405307412147522,-6.576032949611545,-13.006020590662956,109.17726075649261,405.5240833759308,,,,,,,,,,,,
850.0,0.0,113.0,6.978790434841069,1.0,0.540498733743499,0.7058823529411765,0.0,0.4,0.010000000000000002,0.0,0.0,34.0,278.0,0.0654939766973257,0.31272782999960747,0.29544086969793,0.0342406951854045,-0.405307412147522,0.18601545877754688,8.346456179395318,105.27299442887306,405.46380054950714,1.0,1.0,1.0,0.0,1.0,0.30618661642074585,1.6944307088851929,11.742552524548955,80.0,1.0,186.0,320.0934383453432
851.0,0.0,188.0,9.42824989456685,1.0,0.7169866922536181,0.4482758620689655,0.0,nan,0.010000000000000002,0.0,0.0,58.0,493.0,0.6723942011594772,0.43882381854868413,0.4125007268289413,0.05220070475730326,-0.405307412147522,-15.549948727712035,-32.774260863661766,117.68675222992897,405.7226285934448,,,,,,,,,,,,
852.0,0.0,175.0,9.386738626845197,1.0,0.6935447013888838,0.546875,0.0,nan,0.010000000000000002,0.0,0.0,64.0,565.0,0.7345971614122391,0.3501053484534964,0.2949833501782665,0.10945102472937315,-0.405307412147522,-3.378599988296628,26.63337733782828,111.64432141184807,405.6041941642761,,,,,,,,,,,,
853.0,0.0,113.0,4.930154167711745,0.0,0.622287534632636,0.5319148936170213,0.0,nan,0.010000000000000002,0.0,0.0,47.0,406.0,5.719536185264587,1.1038838056007592,0.2928500705466413,1.6217683164047187,-0.405307412147522,-0.8778341189026833,8.712988290935755,122.04335960745811,405.8813531398773,,,,,,,,,,,,
854.0,0.0,169.0,8.995266315676284,1.0,0.5500032174594173,0.7142857142857143,0.0,nan,0.010000000000000002,0.0,0.0,49.0,439.0,0.6864684969186783,0.41254030633506034,0.33832384073946997,0.14808386651701563,-0.405307412147522,-8.19619638286531,-13.533379811793566,111.97407454252243,405.62260031700134,,,,,,,,,,,,
855.0,0.0,165.0,8.114501009136447,1.0,0.6660855839429766,0.5813953488372093,0.0,nan,0.010000000000000002,0.0,0.0,43.0,360.0,0.7662039697170258,0.3115573350517735,0.26705853826936915,0.0887454907388806,-0.405307412147522,-1.8514594826847315,27.26676557585597,94.51488146185875,404.6974906921387,,,,,,,,,,,,
856.0,0.0,125.0,8.05845336269588,1.0,0.7209305646965265,0.5652173913043478,0.0,nan,0.010000000000000002,0.0,0.0,46.0,387.0,0.2636995203793049,0.30947353358704177,0.2878404103942218,0.04239605772896404,-0.405307412147522,5.74697626195848,-50.44751677289605,112.72417059540749,405.6306049823761,,,,,,,,,,,,
857.0,0.0,200.0,7.213210167139784,0.75,0.7141286698278573,0.45614035087719296,0.0,nan,0.010000000000000002,0.0,0.0,57.0,504.0,2.804819166660309,0.7483136010049507,0.3304293827940447,0.834609034769791,-0.405307412147522,63.59013151936233,32.321518117561936,116.84595227241516,405.7232074737549,,,,,,,,,,,,
858.0,0.0,49.0,1.550428152233362,0.25,0.6645436176635101,0.4230769230769231,0.0,nan,0.010000000000000002,0.0,0.0,26.0,189.0,13.356055736541748,1.3637912781157664,0.3015078957962276,2.124122687277738,-0.405307412147522,13.188555477788208,-24.65354997897274,136.65854004955796,408.2539626025649,,,,,,,,,,,,
859.0,0.0,153.0,7.9618960918486215,1.0,0.7620981312299927,0.4117647058823529,0.0,nan,0.010000000000000002,0.0,0.0,51.0,414.0,0.08127479813992977,0.35850360621409827,0.33600067205717876,0.04429774076449089,-0.405307412147522,14.575623573735356,-34.20463796518743,61.44990096986294,384.5367155075073,,,,,,,,,,,,
860.0,0.0,176.0,9.26122204298155,1.0,0.7362831951402001,0.5396825396825397,0.0,0.4,0.010000000000000002,0.0,0.0,63.0,560.0,0.22364197671413422,0.3979624352964102,0.3600517448549979,0.07531076141008375,-0.405307412147522,14.699415238574147,7.610374907031655,86.05712221562862,392.7880870103836,1.0,1.0,1.0,0.0,1.0,0.32915011048316956,1.596626877784729,11.740912960842252,84.0,1.0,189.0,332.55610075419804
861.0,0.0,130.0,8.269573532380173,1.0,0.36407280793388197,0.7272727272727273,0.0,nan,0.010000000000000002,0.0,0.0,44.0,394.0,0.16134874522686005,0.3726149232436313,0.35543666132508733,0.034068050630675244,-0.405307412147522,1.8698102496564388,-7.142062665894628,74.7184701114893,352.36489057540894,,,,,,,,,,,,
862.0,0.0,151.0,8.77816867541523,1.0,0.6659763323211967,0.5689655172413793,0.0,nan,0.010000000000000002,0.0,0.0,58.0,493.0,0.3063283711671829,0.36748832545749366,0.346779082069171,0.04097785966498148,-0.405307412147522,-0.6596276108175516,-1.2629028297960758,64.41522377729416,339.5564079284668,,,,,,,,,,,,
863.0,0.0,147.0,8.10827893834562,1.0,0.608462427033685,0.5957446808510638,0.0,nan,0.010000000000000002,0.0,0.0,47.0,404.0,0.191012904047966,0.3258357270394079,0.29362470722384,0.06412691123564918,-0.405307412147522,-3.2260505724698305,34.4391847923398,62.781754821538925,337.090131521225,,,,,,,,,,,,
864.0,0.0,200.0,8.918142098188417,0.75,0.6537507425339989,0.5238095238095238,0.0,nan,0.010000000000000002,0.0,0.0,63.0,555.0,0.8871910274028778,0.2750919491229773,0.1939496348287308,0.16202736942181573,-0.405307412147522,5.426266511902213,27.94688481092453,61.86960111558437,311.3906638622284,,,,,,,,,,,,
865.0,0.0,105.0,4.67990767107346,0.0,0.599767812627964,0.5,0.0,nan,0.010000000000000002,0.0,0.0,48.0,381.0,4.194450497627258,0.819543681574288,0.2298709097846022,1.1789551904099795,-0.405307412147522,-3.5307323932647705,2.6763120852410793,62.25678840279579,327.8331034183502,,,,,,,,,,,,
866.0,0.0,164.0,7.000452955290688,0.5,0.530359072208887,0.5294117647058824,0.0,nan,0.010000000000000002,0.0,0.0,51.0,441.0,1.7560153603553772,0.5538142651802787,0.20377213561954813,0.6997892367335048,-0.405307412147522,-5.761843239888549,30.146086625754833,67.16191880404949,353.6938512325287,,,,,,,,,,,,
867.0,0.0,183.0,9.343120336011065,1.0,0.6881819651718637,0.5357142857142857,0.0,nan,0.010000000000000002,0.0,0.0,56.0,476.0,0.9546410590410233,0.43044052731722005,0.23901778625075706,0.38251136537322783,-0.405307412147522,0.08085989207029343,-11.893392352387309,74.12082359194756,376.83455550670624,,,,,,,,,,,,
868.0,0.0,151.0,8.654801081083725,1.0,0.7063041797793286,0.5,0.0,nan,0.010000000000000002,0.0,0.0,54.0,464.0,0.42371437698602676,0.3343090678314109,0.31013791893391673,0.04480224738184866,-0.405307412147522,13.213213922455907,-30.825911669060588,86.70274530351162,402.1477531194687,,,,,,,,,,,,
869.0,0.0,133.0,7.87810953589157,1.0,0.5255612594625889,0.7083333333333334,0.0,nan,0.010000000000000002,0.0,0.0,48.0,421.0,0.3923821225762367,0.3500675650828313,0.3039113604458978,0.09044382862172462,-0.405307412147522,8.96048847399652,-42.0760291274637,75.79687723517418,374.43280851840973,,,,,,,,,,,,
870.0,0.0,75.0,6.250395176559688,1.0,0.7389462682313681,0.5,0.0,0.4,0.010000000000000002,0.0,0.0,28.0,215.0,0.25270770490169525,0.27405266120003097,0.22643603352407804,0.09483380375329839,-0.405307412147522,4.580532528633295,-8.507434751821119,72.39544161419536,373.64475708007814,1.0,1.0,1.0,0.0,1.0,0.31134742498397827,1.651297688484192,11.738654837710783,80.0,1.0,187.0,325.07811499770764
871.0,0.0,173.0,10.433700280636568,1.0,0.7222735078521133,0.4927536231884058,0.0,nan,0.010000000000000002,0.0,0.0,69.0,610.0,0.684361457824707,0.3937418125281198,0.3582960258511726,0.07063498985232045,-0.405307412147522,-0.9083622861653566,-6.8796800673007965,77.99372655153275,375.26439917087555,,,,,,,,,,,,
872.0,0.0,172.0,6.091756300535069,0.25,0.43485667444391063,0.7846153846153846,0.0,nan,0.010000000000000002,0.0,0.0,65.0,600.0,2.5762791223824024,0.8548946703869902,0.31900889421846534,1.06853810126358,-0.405307412147522,-24.013725131750107,4.331435950472951,75.02362714707851,373.66186678409576,,,,,,,,,,,,
873.0,0.0,174.0,9.988947916366175,1.0,0.689683193558463,0.532258064516129,0.0,nan,0.010000000000000002,0.0,0.0,62.0,549.0,0.5073249414563179,0.33906644135845454,0.2701904085782159,0.13744501309096402,-0.405307412147522,-2.365938127040863,-2.1755421701818705,84.397370159626,381.9637254476547,,,,,,,,,,,,
874.0,0.0,114.0,4.417066528275618,0.0,0.6259757953150277,0.48936170212765956,0.0,nan,0.010000000000000002,0.0,0.0,47.0,395.0,5.269237041473389,1.1309195267641172,0.2790969956902034,1.7034521782822427,-0.405307412147522,-3.1751685924828053,-6.0686484314501286,91.64653864502907,385.59498500823975,,,,,,,,,,,,
875.0,0.0,127.0,7.95416479475797,1.0,0.7548315281070545,0.4090909090909091,0.0,nan,0.010000000000000002,0.0,0.0,44.0,373.0,0.20329102501273155,0.4105067951219823,0.32737025420455224,0.16597464921142746,-0.405307412147522,8.096597825177014,-24.929477920755744,74.54750071465969,392.76900804042816,,,,,,,,,,,,
876.0,0.0,173.0,9.04292818412186,1.0,0.8009743764619269,0.3728813559322034,0.0,nan,0.010000000000000002,0.0,0.0,59.0,488.0,0.2832019776105881,0.27987221213479074,0.24539578429673223,0.06863467934823195,-0.405307412147522,-10.179042803123593,20.990025389939547,69.93947519361973,364.4790450334549,,,,,,,,,,,,
877.0,0.0,183.0,8.039291645362983,1.0,0.6800862348257365,0.5,0.0,nan,0.010000000000000002,0.0,0.0,48.0,384.0,0.47959500551223755,0.3896592551049647,0.3290707677734748,0.12094315778163596,-0.405307412147522,4.985363462939858,-19.122058745473623,85.34018766880035,398.44931983947754,,,,,,,,,,,,
878.0,0.0,142.0,7.633536838814624,1.0,0.5532232516149741,0.6923076923076923,0.0,nan,0.010000000000000002,0.0,0.0,39.0,327.0,0.3162657544016838,0.29564394127569926,0.27574616875846103,0.03949647611223621,-0.405307412147522,1.0968810506165028,-44.94153246469796,82.71544687449932,395.0744631290436,,,,,,,,,,,,
879.0,0.0,65.0,1.5339622258394972,0.25,0.6384322578514375,0.43333333333333335,0.0,nan,0.010000000000000002,0.0,0.0,30.0,228.0,10.802846193313599,1.4669846107234634,0.2616632478920946,2.4066820168049925,-0.405307412147522,-0.7169318220071625,14.829143143536752,84.9525114025986,394.73091379801434,,,,,,,,,,,,
880.0,0.0,173.0,9.624181296825425,1.0,0.6683532772666456,0.5901639344262295,0.0,0.4,0.010000000000000002,0.0,0.0,61.0,539.0,1.075468122959137,0.4440856877500323,0.33897727545269096,0.2099238991799439,-0.405307412147522,-0.268522035330534,-18.850501192733645,79.63181179761887,374.4753212928772,1.0,1.0,1.0,0.0,1.0,0.30191025137901306,1.4563926458358765,11.79014310616185,85.0,1.0,193.0,312.5048097075712
881.0,0.0,141.0,8.562249850928795,1.0,0.47124913034774,0.7551020408163265,0.0,nan,0.010000000000000002,0.0,0.0,49.0,442.0,0.3900984674692154,0.21970539256022903,0.19668038440600746,0.04568943669648062,-0.405307412147522,1.098973087966442,-13.697351027280092,61.235148042440414,371.6700299978256,,,,,,,,,,,,
882.0,0.0,181.0,7.866936120744803,1.0,0.6549207348171409,0.4897959183673469,0.0,nan,0.010000000000000002,0.0,0.0,49.0,407.0,0.21576475724577904,0.3193021545530712,0.3080071130161104,0.022185323247791558,-0.405307412147522,4.468072583898902,12.199759379029274,55.10699690878391,378.20665323734283,,,,,,,,,,,,
883.0,0.0,141.0,7.10659373544157,1.0,0.8076231709223122,0.425,0.0,nan,0.010000000000000002,0.0,0.0,40.0,318.0,0.4117058292031288,0.31071118933495256,0.2707860268247298,0.07955038849753349,-0.405307412147522,2.417801031842828,5.434043193235993,56.90840844810009,352.64962327480316,,,,,,,,,,,,
884.0,0.0,197.0,11.285492694545564,1.0,0.7335553858338215,0.4470588235294118,0.0,nan,0.010000000000000002,0.0,0.0,85.0,732.0,1.0499527156352997,0.2877544187700001,0.26736089430815485,0.04035726102997067,-0.405307412147522,2.7129768561571836,20.99978620558977,53.92644935846329,356.60239762067795,,,,,,,,,,,,
885.0,0.0,77.0,6.376620003171266,1.0,0.7808060085990937,0.3333333333333333,0.0,nan,0.010000000000000002,0.0,0.0,33.0,264.0,0.22975222393870354,0.1382112738733099,0.12140176963303465,0.0333309858106781,-0.405307412147522,0.22730169259011745,8.91429398022592,49.868896290659904,311.4729170203209,,,,,,,,,,,,
886.0,0.0,199.0,7.969681832864893,1.0,0.7655709254935656,0.42105263157894735,0.0,nan,0.010000000000000002,0.0,0.0,57.0,468.0,0.2769922651350498,0.402334456682091,0.3853134352798579,0.03364761920699912,-0.405307412147522,-8.721466707065701,9.869093764573336,44.017781257629395,276.90167528390884,,,,,,,,,,,,
887.0,0.0,169.0,9.297599879726786,1.0,0.7254664698261376,0.5483870967741935,0.0,nan,0.010000000000000002,0.0,0.0,62.0,547.0,0.22162653505802155,0.720967362744318,0.7020352912244601,0.03747721657964892,-0.405307412147522,-2.8519158083945513,-3.6218148581683636,55.987813755869865,348.80216932296753,,,,,,,,,,,,
888.0,0.0,141.0,2.2543754036724666,0.25,0.8199564568844713,0.33962264150943394,0.0,nan,0.010000000000000002,0.0,0.0,53.0,468.0,11.12331748008728,2.0737852839667994,0.45279974298309955,3.2401577924945073,-0.405307412147522,-10.353766970336437,-14.097309263423085,53.697559133172035,336.5328499674797,,,,,,,,,,,,
889.0,0.0,140.0,8.117950143367063,1.0,0.7753007638259349,0.45098039215686275,0.0,nan,0.010000000000000002,0.0,0.0,51.0,407.0,0.2682175859808922,0.7173973454362823,0.3161558712761251,0.8021636302008148,-0.405307412147522,3.1666605472564697,-22.232183694839478,53.26003032922745,337.87846368551254,,,,,,,,,,,,
890.0,0.0,143.0,7.830573138967166,1.0,0.733761593640625,0.3958333333333333,0.0,0.0,0.010000000000000002,0.0,0.0,48.0,380.0,0.11834014020860195,0.3809109220630864,0.36766382398670144,0.02609296845547128,-0.405307412147522,-3.9689238630235195,11.632294056937099,39.528518460690975,248.3524330854416,1.0,0.0,0.75,0.0,0.75,0.3285122811794281,1.1747373342514038,11.811718242854113,88.0,1.0,200.0,306.17447084933553
891.0,0.0,167.0,5.622520277649176,0.5,0.7452288660693265,0.5081967213114754,0.0,nan,0.010000000000000002,0.0,0.0,61.0,510.0,2.1814791560173035,1.1619305165193623,0.49005613988627766,1.3404871544215597,-0.405307412147522,15.19838909432292,-5.060536021366715,40.55024741590023,259.79722821712494,,,,,,,,,,,,
892.0,0.0,144.0,7.7732113084942185,1.0,0.7281855390027737,0.3953488372093023,0.0,nan,0.010000000000000002,0.0,0.0,43.0,363.0,0.5464874058961868,0.3870385508747489,0.33768344957235735,0.09835181147162908,-0.405307412147522,-1.348274938762188,1.655382251366973,42.90714796632528,274.876921415329,,,,,,,,,,,,
893.0,0.0,198.0,9.461234233267625,1.0,0.6348234730945848,0.5373134328358209,0.0,nan,0.010000000000000002,0.0,0.0,67.0,593.0,0.46862105280160904,0.20657390534324804,0.18438382234511735,0.04409690247759086,-0.405307412147522,-1.3139666831120849,11.336784204468131,33.471257604658604,211.4438787996769,,,,,,,,,,,,
894.0,0.0,200.0,7.158721567392371,0.5,0.7177661192475092,0.4675324675324675,0.0,nan,0.010000000000000002,0.0,0.0,77.0,662.0,2.3486627712845802,0.7250950135743324,0.2106849603964076,1.0281819807405768,-0.405307412147522,17.685709234327078,-15.395089687779546,37.65133325010538,227.76872903108597,,,,,,,,,,,,
895.0,0.0,200.0,7.231172785647224,0.75,0.6595366343545637,0.45454545454545453,0.0,nan,0.010000000000000002,0.0,0.0,55.0,483.0,0.9231261610984802,0.49690053955725944,0.08585670714976823,0.8210338929771606,-0.405307412147522,-16.835342403501272,10.996631439775229,39.30731376260519,239.05379569530487,,,,,,,,,,,,
896.0,0.0,185.0,10.816143112629675,1.0,0.783780319191766,0.410958904109589,0.0,nan,0.010000000000000002,0.0,0.0,73.0,635.0,0.43144056759774685,0.30741116579280003,0.2563976315504571,0.10167383978424865,-0.405307412147522,1.5348319225013256,3.7677625082433224,39.4159744605422,232.76057785749435,,,,,,,,,,,,
897.0,0.0,166.0,8.184516191594312,1.0,0.7093434487938998,0.5416666666666666,0.0,nan,0.010000000000000002,0.0,0.0,48.0,398.0,0.48652223497629166,0.35272474665947584,0.32411477862809557,0.0568563457458703,-0.405307412147522,-4.169740352779627,6.154948221519589,45.136604599654675,266.46195751428604,,,,,,,,,,,,
898.0,0.0,147.0,8.764658069610611,1.0,0.6968748389585259,0.5409836065573771,0.0,nan,0.010000000000000002,0.0,0.0,61.0,535.0,0.7777291685342789,0.1278665542060935,0.10475927102984758,0.04481863465995889,-0.405307412147522,4.998493582010269,0.4512246139347553,47.41033434122801,284.67483711242676,,,,,,,,,,,,
899.0,0.0,107.0,4.963924905955798,0.25,0.5913798804866357,0.6829268292682927,0.0,nan,0.010000000000000002,0.0,0.0,41.0,363.0,4.536301255226135,1.0200544410766952,0.1448150137533445,1.7501556804181895,-0.405307412147522,-1.9165747333317995,0.7419016119092703,45.72275771945715,272.4050843715668,,,,,,,,,,,,
900.0,0.0,131.0,7.166372891813523,1.0,0.7816838731559309,0.4146341463414634,0.0,0.4,0.010000000000000002,0.0,0.0,41.0,353.0,0.25006241723895073,0.25681567839285435,0.17621625744513789,0.1607337535179506,-0.405307412147522,-0.7737186243757606,24.947212729603052,42.39401079714298,260.0021497607231,1.0,0.0,0.75,0.0,0.75,0.2554723024368286,1.1744152307510376,11.72989373744349,86.0,1.0,200.0,352.41852027177856
901.0,0.0,184.0,9.120459320098181,1.0,0.8216578934972882,0.3235294117647059,0.0,nan,0.010000000000000002,0.0,0.0,68.0,557.0,0.30814423970878124,0.45151007019046574,0.4285444970689204,0.04552836558123008,-0.405307412147522,1.2779068816453218,2.572348004207015,46.97754559665918,291.2407282590866,,,,,,,,,,,,
902.0,0.0,200.0,6.811632185727367,0.75,0.7569071607830793,0.35294117647058826,0.0,nan,0.010000000000000002,0.0,0.0,51.0,433.0,0.9464905858039856,0.2778513929672499,0.19362123753232624,0.16818172950901736,-0.405307412147522,1.307504378259182,-9.151271410286427,48.32338944077492,304.7609728574753,,,,,,,,,,,,
903.0,0.0,137.0,7.36530375791714,1.0,0.7492506589909552,0.43902439024390244,0.0,nan,0.010000000000000002,0.0,0.0,41.0,336.0,0.4386398270726204,0.3869105049609187,0.33585912342907803,0.10170777839248096,-0.405307412147522,-0.9695103354752064,8.791234010830522,43.3859516531229,255.27062207460403,,,,,,,,,,,,
904.0,0.0,168.0,8.946711260974421,1.0,0.7691024563917633,0.35714285714285715,0.0,nan,0.010000000000000002,0.0,0.0,56.0,464.0,0.335206538438797,0.76783230775888,0.7222964395515401,0.0907175011729846,-0.405307412147522,0.4499300569295883,12.956748772412539,45.912274688482285,274.26483941078186,,,,,,,,,,,,
905.0,0.0,129.0,8.131252993363896,1.0,0.7207530215525223,0.5,0.0,nan,0.010000000000000002,0.0,0.0,48.0,400.0,0.12762176990509033,0.1869439387646139,0.14860417170992887,0.0762231442366994,-0.405307412147522,-4.396761373616755,20.676250375807285,46.85224126279354,276.9180591702461,,,,,,,,,,,,
906.0,0.0,136.0,8.42640969976784,1.0,0.8436236171934163,0.3333333333333333,0.0,nan,0.010000000000000002,0.0,0.0,51.0,420.0,0.2882392257452011,0.20102286900441868,0.14768438133836526,0.10639533000936334,-0.405307412147522,-1.5922238137573004,9.369257470592856,46.81676107645035,271.4910433292389,,,,,,,,,,,,
907.0,0.0,159.0,8.659509030580532,1.0,0.7121376979000997,0.44,0.0,nan,0.010000000000000002,0.0,0.0,50.0,426.0,0.19241898879408836,0.306350269590439,0.2886791889125234,0.03512637416520151,-0.405307412147522,2.7663793908432126,-37.610409788787365,49.47492215037346,285.033983707428,,,,,,,,,,,,
908.0,0.0,121.0,7.804078746214517,1.0,0.6094788744951664,0.6190476190476191,0.0,nan,0.010000000000000002,0.0,0.0,42.0,365.0,6.686997890472412,0.1668665125407074,0.12419229879060367,0.08499420180708789,-0.405307412147522,-1.386003308929503,-4.60820840857923,47.636604219675064,277.05043226480484,,,,,,,,,,,,
909.0,0.0,187.0,9.52976213039832,1.0,0.5944134461962056,0.4838709677419355,0.0,nan,0.010000000000000002,0.0,0.0,62.0,547.0,0.4435644969344139,0.27281811362405506,0.22977799426243473,0.08564163800814883,-0.405307412147522,6.716862458735704,31.060663916170597,47.27829048037529,260.1959509253502,,,,,,,,,,,,
910.0,0.0,162.0,8.660881593972455,1.0,0.79360289178208,0.37254901960784315,0.0,0.6,0.010000000000000002,0.0,0.0,51.0,439.0,0.4675150290131569,0.33518104840214846,0.28748848465630145,0.09503502569354216,-0.405307412147522,0.6491787284612656,12.821935361251235,51.638978749513626,280.0325610637665,1.0,0.0,0.75,0.0,0.75,0.2996266484260559,1.247902274131775,11.75077598747157,85.0,1.0,200.0,353.6858679889706
911.0,0.0,73.0,1.718938541114335,0.0,0.6979729103435336,0.5588235294117647,0.0,nan,0.010000000000000002,0.0,0.0,34.0,292.0,13.357245683670044,1.9419031245842007,0.5369791969088384,2.8096069438251625,-0.405307412147522,-0.10390715021640062,-1.2187243178486824,52.64788860082626,290.73219829797745,,,,,,,,,,,,
912.0,0.0,137.0,8.549923022910964,1.0,0.6917307541228577,0.5714285714285714,0.0,nan,0.010000000000000002,0.0,0.0,49.0,397.0,0.5557579398155212,0.6296452833812367,0.3207570574462852,0.617583322565344,-0.405307412147522,1.4275758741423488,-14.298346139490604,51.29832184314728,300.56370544433594,,,,,,,,,,,,
913.0,0.0,200.0,7.069382689148199,0.75,0.7144719791613824,0.48333333333333334,0.0,nan,0.010000000000000002,0.0,0.0,60.0,530.0,2.5058157444000244,0.6930441627483077,0.1152055368380196,1.1548950072443493,-0.405307412147522,15.49656169489026,-4.857603410258889,44.9445526227355,253.07423359155655,,,,,,,,,,,,
914.0,0.0,152.0,8.593559225797666,1.0,0.565442175201521,0.6078431372549019,0.0,nan,0.010000000000000002,0.0,0.0,51.0,429.0,0.45375969260931015,0.43557489840289065,0.37964576901939395,0.11159125264981087,-0.405307412147522,0.6276597175747156,22.311308247968554,42.89934067428112,245.0216264128685,,,,,,,,,,,,
915.0,0.0,124.0,7.875913572385918,1.0,0.8237348594134434,0.4166666666666667,0.0,nan,0.010000000000000002,0.0,0.0,48.0,402.0,0.1518581584095955,0.3446007146267007,0.30490459042481044,0.07910218946821052,-0.405307412147522,2.7569056367501616,-9.661893550306559,48.3053572922945,274.6165990829468,,,,,,,,,,,,
916.0,0.0,123.0,8.059362712204464,1.0,0.6754024141105699,0.6,0.0,nan,0.010000000000000002,0.0,0.0,45.0,377.0,0.17369874939322472,0.18842350632621674,0.14622871897920336,0.08416002721736784,-0.405307412147522,-0.379684591665864,20.695225827395916,41.66471567004919,239.94770908355713,,,,,,,,,,,,
917.0,0.0,58.0,1.79140821158886,0.25,0.5668789636484942,0.6206896551724138,0.0,nan,0.010000000000000002,0.0,0.0,29.0,231.0,18.89189910888672,2.0401738595191765,0.15221633533623372,3.7753831145446966,-0.405307412147522,-1.6048863739162296,43.93747690745762,56.07091916897596,309.1618371608453,,,,,,,,,,,,
918.0,0.0,140.0,7.4006576818600385,1.0,0.7808957801011935,0.43478260869565216,0.0,nan,0.010000000000000002,0.0,0.0,46.0,398.0,0.15651624649763107,0.33609730254485726,0.30024684540530083,0.07134630873167738,-0.405307412147522,8.504657221958041,-7.783822724595666,49.410238206386566,294.61136025190353,,,,,,,,,,,,
919.0,0.0,173.0,9.367966130599395,1.0,0.6789738681437772,0.55,0.0,nan,0.010000000000000002,0.0,0.0,60.0,521.0,0.4348812624812126,0.2324214685740813,0.203200050313615,0.05815369807818893,-0.405307412147522,0.5081856697797775,-13.344915518537164,45.364101484417915,264.92383593320847,,,,,,,,,,,,
920.0,0.0,200.0,8.05967883110048,0.75,0.7602620373640262,0.4827586206896552,0.0,0.6,0.010000000000000002,0.0,0.0,58.0,509.0,0.795059859752655,0.39207143602935446,0.28653428045498786,0.2107587460674213,-0.405307412147522,24.50357504375279,-9.648032482713461,76.77655658125877,350.93040496110916,1.0,1.0,1.0,0.0,1.0,0.38792261481285095,1.315116286277771,11.752036767531536,87.0,1.0,198.0,344.95158948514654
921.0,0.0,152.0,10.057954231277126,1.0,0.586349084027586,0.6271186440677966,0.0,nan,0.010000000000000002,0.0,0.0,59.0,525.0,0.26463691890239716,0.621943230281687,0.588136862510229,0.06735984330183403,-0.405307412147522,-5.186584282666445,51.07909629307687,48.13369283080101,290.3996495604515,,,,,,,,,,,,
922.0,0.0,150.0,7.836289343833933,1.0,0.7215100056708884,0.5555555555555556,0.0,nan,0.010000000000000002,0.0,0.0,45.0,376.0,0.582156240940094,0.342916226285638,0.3251521954075172,0.0351933807495918,-0.405307412147522,2.0139691596850753,-4.371810445562005,52.86480274796486,311.5609167814255,,,,,,,,,,,,
923.0,0.0,60.0,1.0296110525727276,0.0,0.44232996682147724,0.75,0.0,nan,0.010000000000000002,0.0,0.0,28.0,240.0,13.843018054962158,1.255458856822679,0.21334141416935165,2.079694941892245,-0.405307412147522,-4.283169116576513,82.43811830679576,69.05886373519897,372.4871290842692,,,,,,,,,,,,
924.0,0.0,177.0,9.634371022135038,1.0,0.7706827162905248,0.44776119402985076,0.0,nan,0.010000000000000002,0.0,0.0,67.0,585.0,0.23598184157162905,0.41842561604775064,0.324231067392999,0.18657873936748914,-0.405307412147522,6.018476248718798,-0.18458973802626133,47.87362062931061,295.99551689624786,,,,,,,,,,,,
925.0,0.0,200.0,7.529666852019741,0.75,0.801009633256481,0.390625,0.0,nan,0.010000000000000002,0.0,0.0,64.0,570.0,0.531708374619484,0.6672248756890404,0.6068797098788113,0.12043044135607064,-0.405307412147522,6.0864856373518705,-5.362922376021743,48.52445310354233,298.06065332889557,,,,,,,,,,,,
926.0,0.0,134.0,8.347128043435523,1.0,0.7434922467308517,0.4444444444444444,0.0,nan,0.010000000000000002,0.0,0.0,45.0,383.0,0.1351696439087391,0.3861845326892883,0.35475884234609995,0.06254350037054072,-0.405307412147522,-2.6878973515704274,11.170512473210692,42.246920965611935,259.36618435382843,,,,,,,,,,,,
927.0,0.0,165.0,9.290412998646511,1.0,0.6653345994051962,0.44642857142857145,0.0,nan,0.010000000000000002,0.0,0.0,56.0,477.0,0.6146703660488129,0.2128421545414767,0.16280984304725798,0.09976348996566747,-0.405307412147522,-1.6671002553775907,3.896115345880389,39.0542418807745,241.89371746778488,,,,,,,,,,,,
928.0,0.0,200.0,6.154011200293908,0.75,0.7706621251374028,0.3898305084745763,0.0,nan,0.010000000000000002,0.0,0.0,59.0,523.0,4.22365415096283,0.5932045202633844,0.0963855232491346,0.9914277451796673,-0.405307412147522,80.82423326186836,6.816429562866688,83.20879456400871,355.46369993686676,,,,,,,,,,,,
929.0,0.0,182.0,9.251407037600892,1.0,0.6646633129996432,0.5806451612903226,0.0,nan,0.010000000000000002,0.0,0.0,62.0,548.0,0.4874054417014122,0.2909807123120629,0.260162043990661,0.06106320192485158,-0.405307412147522,-4.819911291822791,23.135511487722397,41.476613879203796,263.4459304213524,,,,,,,,,,,,
930.0,0.0,132.0,7.4495273607596815,1.0,0.6917500120358494,0.5111111111111111,0.0,0.8,0.010000000000000002,0.0,0.0,45.0,387.0,0.23898664489388466,0.3295819267576121,0.28787141056253246,0.08310614591247095,-0.405307412147522,-2.0565272979438305,14.881724974140525,43.26719465851784,262.24362075328827,1.0,0.0,0.75,0.0,0.75,0.3612501919269562,1.2239707708358765,11.789090561986086,86.0,1.0,200.0,322.43520549219136
931.0,0.0,163.0,9.403281145840902,1.0,0.7062909214469227,0.4,0.0,nan,0.010000000000000002,0.0,0.0,65.0,573.0,0.1913915667682886,0.3337162890112495,0.3000999427613654,0.0669505442676884,-0.405307412147522,0.9842999186366796,10.664581527933478,38.99101682007313,242.77625060081482,,,,,,,,,,,,
932.0,0.0,176.0,9.799992898628133,1.0,0.7084227724151042,0.43548387096774194,0.0,nan,0.010000000000000002,0.0,0.0,62.0,539.0,0.3848017379641533,0.27347386756284386,0.2438652622081774,0.05895022792139698,-0.405307412147522,0.247792923822999,17.69563195668161,45.78850631415844,286.6207863688469,,,,,,,,,,,,
933.0,0.0,200.0,9.723612135313472,0.75,0.627316664541523,0.582089552238806,0.0,nan,0.010000000000000002,0.0,0.0,67.0,616.0,0.8764700358733535,0.31550307413860423,0.17873820644462016,0.2732585486038275,-0.405307412147522,-4.320110471919179,-3.6991772577166557,52.44294389337301,311.8461740016937,,,,,,,,,,,,
934.0,0.0,153.0,8.418747785612954,1.0,0.5281607814408842,0.7254901960784313,0.0,nan,0.010000000000000002,0.0,0.0,51.0,448.0,0.26256222650408745,0.44971420094766046,0.38365395381852285,0.13190332624271045,-0.405307412147522,3.597133895382285,-10.487124091014266,47.18564888834953,282.9102110862732,,,,,,,,,,,,
935.0,0.0,172.0,9.66651542879643,1.0,0.784754028900185,0.42857142857142855,0.0,nan,0.010000000000000002,0.0,0.0,63.0,546.0,0.4107747972011566,0.1128254064203702,0.06636546177980339,0.0926843296345001,-0.405307412147522,-0.028011104092001915,10.65873458981514,40.76812358945608,240.44706284999847,,,,,,,,,,,,
936.0,0.0,126.0,7.906457196101553,1.0,0.5515861068039911,0.6511627906976745,0.0,nan,0.010000000000000002,0.0,0.0,43.0,373.0,0.05972407106310129,0.45054513614456937,0.42658846875546885,0.04766313941903799,-0.405307412147522,1.3760791178792715,-9.774966694414616,37.546938978135586,224.5079700946808,,,,,,,,,,,,
937.0,0.0,200.0,8.860770316123983,0.75,0.754345932424079,0.4788732394366197,0.0,nan,0.010000000000000002,0.0,0.0,71.0,637.0,0.37987652653828263,0.22774801549104495,0.10973897699041255,0.23559947805854353,-0.405307412147522,-7.015945161692798,-0.13300754688680172,37.46079754084349,228.996259868145,,,,,,,,,,,,
938.0,0.0,196.0,7.703092347756037,1.0,0.6254600535913306,0.6610169491525424,0.0,nan,0.010000000000000002,0.0,0.0,59.0,518.0,0.32195766270160675,0.3905865601479377,0.34792963413616546,0.08447853761915297,-0.405307412147522,-12.146755337715149,11.079115381464362,53.92422226071358,317.3083167076111,,,,,,,,,,,,
939.0,0.0,186.0,9.515516222268362,1.0,0.710820901064844,0.5384615384615384,0.0,nan,0.010000000000000002,0.0,0.0,65.0,570.0,0.658816124079749,0.86942601486885,0.8547608740115982,0.0285937338920122,-0.405307412147522,-0.8149229260161519,18.48699294216931,44.99593864381313,263.5203464627266,,,,,,,,,,,,
940.0,0.0,190.0,9.64009777948262,1.0,0.6622553331867191,0.4918032786885246,0.0,0.6000000000000001,0.010000000000000002,0.0,0.0,61.0,537.0,0.8298643231391907,0.4086311846640598,0.3807633359593632,0.05553072255173955,-0.405307412147522,-3.1029221173375845,-14.817440105602145,40.79598645120859,244.47839891910553,1.0,0.0,0.75,0.0,0.75,0.3213994801044464,1.2080484628677368,11.803366399122751,87.0,1.0,200.0,307.4330208981413
941.0,0.0,142.0,6.487220810130241,1.0,0.7909888523001447,0.42857142857142855,0.0,nan,0.010000000000000002,0.0,0.0,42.0,344.0,0.08472313731908798,0.30546240917584555,0.28771136862712315,0.035186582550378,-0.405307412147522,-7.96761379763484,-27.630582770332694,49.801660887897015,289.2085794210434,,,,,,,,,,,,
942.0,0.0,78.0,2.1048734747618463,0.25,0.7052837325974567,0.4594594594594595,0.0,nan,0.010000000000000002,0.0,0.0,37.0,307.0,12.588273286819458,1.6356489315322733,0.1584379798070981,2.9538068199903194,-0.405307412147522,-2.1081140618771315,9.003944899886847,60.38457623869181,326.76892018318176,,,,,,,,,,,,
943.0,0.0,183.0,8.36342416495086,1.0,0.6578908975516304,0.5576923076923077,0.0,nan,0.010000000000000002,0.0,0.0,52.0,454.0,0.2006692737340927,0.39367089248321463,0.35028036230850207,0.08650405578287694,-0.405307412147522,-2.0646670842543244,-2.5252113547176123,44.95297500491142,259.6241782903671,,,,,,,,,,,,
944.0,0.0,137.0,7.200386628806598,1.0,0.6598198738133338,0.6052631578947368,0.0,nan,0.010000000000000002,0.0,0.0,38.0,328.0,0.15865502133965492,0.4029258187915161,0.3577349943514088,0.09009642517075445,-0.405307412147522,0.39178573712706566,-13.982214035466313,58.777913615107536,308.0969654917717,,,,,,,,,,,,
945.0,0.0,160.0,8.05076511438937,1.0,0.7244512815358903,0.4230769230769231,0.0,nan,0.010000000000000002,0.0,0.0,52.0,458.0,0.24538937211036682,0.14431329878019028,0.12363368584803092,0.0411227636879935,-0.405307412147522,-6.327043967321515,-17.225481366738677,41.83950151503086,238.77364379167557,,,,,,,,,,,,
946.0,0.0,139.0,7.872846620604408,1.0,0.7662264352242447,0.4117647058823529,0.0,nan,0.010000000000000002,0.0,0.0,51.0,417.0,0.20516971871256828,0.20572122596152553,0.17266656852272455,0.0657696130727217,-0.405307412147522,1.1404559388756752,-18.662230253219604,41.962070405483246,241.9785711169243,,,,,,,,,,,,
947.0,0.0,198.0,9.47500189222397,1.0,0.6826995336187105,0.4444444444444444,0.0,nan,0.010000000000000002,0.0,0.0,63.0,564.0,0.2288009636104107,0.27439498989326694,0.261571777325622,0.025358999332802633,-0.405307412147522,1.5747396908700466,9.185210911557078,37.38406769186258,214.8005803823471,,,,,,,,,,,,
948.0,0.0,81.0,2.9848064617812664,0.25,0.6777939506285549,0.5789473684210527,0.0,nan,0.010000000000000002,0.0,0.0,38.0,324.0,14.396572351455688,1.5017664373945934,0.17796346240782235,2.6427820590372413,-0.405307412147522,-39.81954463198781,19.241908572614193,88.88897351175547,347.7836861014366,,,,,,,,,,,,
949.0,0.0,172.0,8.718114624768509,1.0,0.6677107295927879,0.5272727272727272,0.0,nan,0.010000000000000002,0.0,0.0,55.0,491.0,0.21073120832443237,0.20244933868386283,0.1682701886595128,0.06810499006880097,-0.405307412147522,-2.022202579304576,18.702376194298267,40.9967700317502,232.75336068868637,,,,,,,,,,,,
950.0,0.0,175.0,8.13019882656635,1.0,0.7905199221187968,0.37037037037037035,0.0,0.39999999999999997,0.010000000000000002,0.0,0.0,54.0,458.0,0.1345485057681799,0.3221902906797993,0.29320838820485173,0.05767479109975069,-0.405307412147522,-5.086167111992836,3.558979481458664,43.436656177043915,234.20376574993134,1.0,0.0,0.75,0.0,0.75,0.34384480118751526,1.2411998510360718,11.802793747345277,84.0,1.0,200.0,317.44200837146525
951.0,0.0,128.0,8.496929154098046,1.0,0.6262686637302938,0.4807692307692308,0.0,nan,0.010000000000000002,0.0,0.0,52.0,428.0,0.18809064477682114,0.17239283867874633,0.15216138940452115,0.040241909572077295,-0.405307412147522,2.3642687126994133,3.9691729620099068,47.87114978581667,268.0257833600044,,,,,,,,,,,,
952.0,0.0,169.0,8.657434327080862,1.0,0.7338184044839505,0.49122807017543857,0.0,nan,0.010000000000000002,0.0,0.0,57.0,508.0,0.18314151093363762,0.19497288726887518,0.1664841815691342,0.05662284701171745,-0.405307412147522,2.6230261716991663,7.460210915654898,57.73647069185972,304.3424836397171,,,,,,,,,,,,
953.0,0.0,146.0,8.64479771897198,1.0,0.5530517450860039,0.6875,0.0,nan,0.010000000000000002,0.0,0.0,48.0,427.0,0.276691198348999,0.3555167637574037,0.31549067074161785,0.07968752448513992,-0.405307412147522,-4.615514638833702,13.587811809033155,48.122912883758545,263.64875972270966,,,,,,,,,,,,
954.0,0.0,172.0,9.644682171084005,1.0,0.5538076552053762,0.7096774193548387,0.0,nan,0.010000000000000002,0.0,0.0,62.0,562.0,0.34914497286081314,0.2812341368580036,0.2521386954221487,0.05718419876831052,-0.405307412147522,7.534617470577359,26.829057317227125,66.70184864103794,341.17168295383453,,,,,,,,,,,,
955.0,0.0,163.0,8.857755768373622,1.0,0.5278585062758107,0.6538461538461539,0.0,nan,0.010000000000000002,0.0,0.0,52.0,462.0,0.21321341022849083,0.3446564262878917,0.3352134800230466,0.018553121095714387,-0.405307412147522,1.5568925542756915,13.986584996804595,50.317842558026314,278.86754846572876,,,,,,,,,,,,
956.0,0.0,131.0,8.327473809756349,1.0,0.7704219197072794,0.4107142857142857,0.0,nan,0.010000000000000002,0.0,0.0,56.0,470.0,0.06690364889800549,0.18778715723107098,0.1700446182677311,0.035130840253477805,-0.405307412147522,-8.83603994641453,-19.78328936174512,52.124633863568306,271.9880296587944,,,,,,,,,,,,
957.0,0.0,167.0,8.573063615188016,1.0,0.7233885410143329,0.4489795918367347,0.0,nan,0.010000000000000002,0.0,0.0,49.0,426.0,0.7962153404951096,0.34274088325070196,0.2863972140861978,0.112431763762877,-0.405307412147522,-6.363027819432318,16.62692889198661,54.40629455447197,284.5509657263756,,,,,,,,,,,,
958.0,0.0,179.0,8.065349552184351,1.0,0.7384703015048886,0.42,0.0,nan,0.010000000000000002,0.0,0.0,50.0,419.0,0.3614942580461502,0.21779035205145192,0.18146926052439127,0.07221000202314398,-0.405307412147522,7.995879381895065,-3.7082943972200155,53.35349652171135,279.6819235086441,,,,,,,,,,,,
959.0,0.0,166.0,8.497748863510799,1.0,0.6377873399729038,0.6470588235294118,0.0,nan,0.010000000000000002,0.0,0.0,51.0,440.0,0.2566900961101055,0.17727986524869266,0.15136848571076458,0.05137327142666534,-0.405307412147522,-1.141179433092475,5.214389931410551,61.48975457251072,324.16537207365036,,,,,,,,,,,,
960.0,0.0,154.0,8.496211490705619,1.0,0.6854144549371638,0.5,0.0,0.2,0.010000000000000002,0.0,0.0,50.0,423.0,0.1628672517836094,0.2111732658776191,0.19665472781517854,0.02871761775270957,-0.405307412147522,-0.18762578815221786,25.701086845248938,46.588691882789135,248.82911652326584,1.0,0.0,0.75,0.0,0.75,0.37115809321403503,1.2580312490463257,11.774331232445547,86.0,1.0,200.0,329.9317026296634
961.0,0.0,102.0,6.990213540196422,1.0,0.5881163308546072,0.5428571428571428,0.0,nan,0.010000000000000002,0.0,0.0,35.0,295.0,0.16044476255774498,0.35756416916158074,0.33452815001418,0.04564865968057136,-0.405307412147522,-1.480614734813571,2.8046674448996782,51.076914280653,266.6341046690941,,,,,,,,,,,,
962.0,0.0,179.0,8.66483596183361,1.0,0.697375470627414,0.5490196078431373,0.0,nan,0.010000000000000002,0.0,0.0,51.0,453.0,0.5716710239648819,0.1408022575383825,0.12588937091225566,0.029417167368117603,-0.405307412147522,6.656595731154084,-4.542110042646527,70.02193689346313,316.5731721520424,,,,,,,,,,,,
963.0,0.0,190.0,7.976394892409456,1.0,0.6651232067756643,0.5384615384615384,0.0,nan,0.010000000000000002,0.0,0.0,52.0,463.0,0.20594150573015213,0.2923382368037828,0.2817983410836505,0.020473263256157503,-0.405307412147522,-14.653581509366632,-21.406587263569236,54.16705211997032,276.219022333622,,,,,,,,,,,,
964.0,0.0,200.0,6.943005983605992,0.75,0.6529967211714776,0.5517241379310345,0.0,nan,0.010000000000000002,0.0,0.0,58.0,527.0,10.852301836013794,1.1403770500684374,0.07530215802493789,2.126418017221703,-0.405307412147522,88.26594434119761,-10.972349623218179,94.93853451311588,352.0634558200836,,,,,,,,,,,,
965.0,0.0,106.0,6.889290778376166,1.0,0.7247441499511564,0.5428571428571428,0.0,nan,0.010000000000000002,0.0,0.0,35.0,276.0,0.3572772368788719,0.39596098640025446,0.32213127438624634,0.14738505764290613,-0.405307412147522,4.949013381265104,5.662970453500748,82.33160258829594,325.7527801990509,,,,,,,,,,,,
966.0,0.0,189.0,9.795860967002826,1.0,0.7266232778457699,0.41935483870967744,0.0,nan,0.010000000000000002,0.0,0.0,62.0,544.0,0.49550773203372955,0.24255475038052765,0.22134796327264156,0.042083432033347995,-0.405307412147522,-1.6660214317962527,-3.54947417601943,60.819615095853806,289.901209294796,,,,,,,,,,,,
967.0,0.0,173.0,9.495990342572345,1.0,0.5705490033824399,0.6964285714285714,0.0,nan,0.010000000000000002,0.0,0.0,56.0,498.0,0.2405572347342968,0.14765785033813472,0.1319540647325681,0.031122027172706956,-0.405307412147522,-1.9387595150619745,-9.812597988173366,58.63085103034973,291.4732656478882,,,,,,,,,,,,
968.0,0.0,86.0,2.0290908509492938,0.0,0.795535275213005,0.4146341463414634,0.0,nan,0.010000000000000002,0.0,0.0,41.0,344.0,12.312366008758545,1.4032359041845837,0.23808289143670083,2.3293947073566557,-0.405307412147522,3.4374601803719997,-5.85778628103435,66.97037063539028,306.2030447125435,,,,,,,,,,,,
969.0,0.0,175.0,9.60154845654966,1.0,0.642181773510922,0.6379310344827587,0.0,nan,0.010000000000000002,0.0,0.0,58.0,509.0,0.3986745998263359,0.48134071745617035,0.34162568890855016,0.2791442898370902,-0.405307412147522,-2.361938189715147,37.20571391843259,64.1773430109024,318.23728531599045,,,,,,,,,,,,
970.0,0.0,174.0,10.166316640749594,1.0,0.6719697651886951,0.4307692307692308,0.0,0.2,0.010000000000000002,0.0,0.0,65.0,580.0,0.2042716173455119,0.23340690722005775,0.21056604274547258,0.04534318365509794,-0.405307412147522,-2.6313803177326918,13.807449657469988,48.132461071014404,263.5719494819641,1.0,1.0,1.0,0.0,1.0,0.3422127664089203,1.6974395513534546,11.759118186571868,80.0,1.0,186.0,296.32526608264106
971.0,0.0,152.0,8.475064543527562,1.0,0.6686801433052317,0.48148148148148145,0.0,nan,0.010000000000000002,0.0,0.0,54.0,469.0,0.1638372652232647,0.17810544135384987,0.1644793520951366,0.026737283551015872,-0.405307412147522,0.2561236983165145,-20.086858093738556,56.622315630316734,295.8970289826393,,,,,,,,,,,,
972.0,0.0,200.0,9.234894312322163,0.75,0.6758451979715868,0.5694444444444444,0.0,nan,0.010000000000000002,0.0,0.0,72.0,644.0,0.6922413613647223,0.6154774488618386,0.39534257398594974,0.4375793640394995,-0.405307412147522,16.141409944742918,-38.00847220979631,46.80756287276745,254.18030452728271,,,,,,,,,,,,
973.0,0.0,110.0,7.4806393438577725,1.0,0.6330590038511681,0.4878048780487805,0.0,nan,0.010000000000000002,0.0,0.0,41.0,329.0,0.14694953337311745,0.10840687073505251,0.09006914537746447,0.036396034106572495,-0.405307412147522,0.03457539156079292,23.09058233164251,67.13566988706589,318.3261449933052,,,,,,,,,,,,
974.0,0.0,159.0,8.635671256231156,1.0,0.6447339654645954,0.6428571428571429,0.0,nan,0.010000000000000002,0.0,0.0,56.0,477.0,0.2270405925810337,0.1208953017055876,0.0971952998839291,0.046992150975646706,-0.405307412147522,0.4228927241638303,-3.8232793360948563,56.642682537436485,317.65808856487274,,,,,,,,,,,,
975.0,0.0,113.0,8.210795798320333,1.0,0.43362639007932535,0.782608695652174,0.0,nan,0.010000000000000002,0.0,0.0,46.0,417.0,0.2797868102788925,0.22350955862839328,0.18605173215771303,0.07445242516694639,-0.405307412147522,-1.2219669939950109,4.091745024546981,56.42852836847305,316.2920199036598,,,,,,,,,,,,
976.0,0.0,168.0,8.636992904469388,1.0,0.6538173304716125,0.6229508196721312,0.0,nan,0.010000000000000002,0.0,0.0,61.0,523.0,0.27124374359846115,0.34962598184077365,0.33316025715292275,0.03233107372872654,-0.405307412147522,-1.7507488299161196,-17.245745092630386,55.69251798093319,311.0559968948364,,,,,,,,,,,,
977.0,0.0,176.0,9.883143780706467,1.0,0.5949544083790321,0.6333333333333333,0.0,nan,0.010000000000000002,0.0,0.0,60.0,530.0,0.2656412534415722,0.2391114642139547,0.224183368685894,0.029393581124562203,-0.405307412147522,-0.527718742378056,-10.62380488961935,56.18205909430981,324.62224584817886,,,,,,,,,,,,
978.0,0.0,195.0,9.565280063785627,1.0,0.519220110162246,0.7321428571428571,0.0,nan,0.010000000000000002,0.0,0.0,56.0,504.0,0.767299547791481,0.2089733329606389,0.1571788083404018,0.10330610651163595,-0.405307412147522,1.5316757205873728,-15.450252315029502,100.32047581672668,370.163087785244,,,,,,,,,,,,
979.0,0.0,90.0,7.309731504581874,1.0,0.3924493797616036,0.7941176470588235,0.0,nan,0.010000000000000002,0.0,0.0,34.0,297.0,0.15342866629362106,0.2680158418004268,0.2412346363524028,0.05328295977590959,-0.405307412147522,-2.099492009729147,23.930653620511293,52.14046174287796,314.31987512111664,,,,,,,,,,,,
980.0,0.0,94.0,7.261234478056435,1.0,0.7137098102202877,0.6052631578947368,0.0,0.2,0.010000000000000002,0.0,0.0,38.0,309.0,0.2569294720888138,0.24175462333278297,0.21240831972580346,0.05831872810126841,-0.405307412147522,-1.933515327051282,31.452833458781242,52.149944603443146,309.13102769851685,1.0,1.0,1.0,0.0,1.0,0.3089412748813629,1.5696181058883667,11.778623737787711,83.0,1.0,189.0,291.2912705872584
981.0,0.0,131.0,5.893527499102062,0.5,0.5763610785577837,0.6,0.0,nan,0.010000000000000002,0.0,0.0,45.0,397.0,2.1788774728775024,1.4351867270372196,1.0415125228411715,0.7866624968315218,-0.405307412147522,-8.420540001243353,12.428755071014166,55.6947128623724,326.03889644145966,,,,,,,,,,,,
982.0,0.0,186.0,9.130933890268219,1.0,0.7328483241514416,0.4603174603174603,0.0,nan,0.010000000000000002,0.0,0.0,63.0,564.0,0.2634145990014076,0.42184412805310956,0.31724386782865266,0.2089058245726343,-0.405307412147522,-3.9545325245708227,2.6250835843384266,66.25185449421406,379.34653186798096,,,,,,,,,,,,
983.0,0.0,177.0,8.338265397064397,1.0,0.5968068714710416,0.6382978723404256,0.0,nan,0.010000000000000002,0.0,0.0,47.0,426.0,0.20817001536488533,0.26755172867712673,0.2496964810408442,0.035346202923636015,-0.405307412147522,-1.34572640247643,0.7896104510873556,68.53472299873829,327.65463531017303,,,,,,,,,,,,
984.0,0.0,120.0,7.007715830318633,1.0,0.7092299752450409,0.5142857142857142,0.0,nan,0.010000000000000002,0.0,0.0,35.0,288.0,0.18174350261688232,0.07327511442606038,0.05395843305432063,0.03822214630318009,-0.405307412147522,-0.24098318070173264,10.847204746678472,59.19813048839569,334.3704100847244,,,,,,,,,,,,
985.0,0.0,159.0,8.858390737846506,1.0,0.5930807986171798,0.68,0.0,nan,0.010000000000000002,0.0,0.0,50.0,449.0,0.26841387897729874,0.19542654921292524,0.17230537742784258,0.045889513207368504,-0.405307412147522,-4.139922631904483,22.658289927989244,48.39042428135872,319.65235340595245,,,,,,,,,,,,
986.0,0.0,197.0,8.70994944363834,1.0,0.7485356719366901,0.43333333333333335,0.0,nan,0.010000000000000002,0.0,0.0,60.0,499.0,0.15702026337385178,0.2567882086960651,0.23420660246967193,0.044802342250021665,-0.405307412147522,-3.2646948136389256,13.816851994022727,45.18352296948433,295.81188571453094,,,,,,,,,,,,
987.0,0.0,164.0,9.642033511698264,1.0,0.7505376060610738,0.4153846153846154,0.0,nan,0.010000000000000002,0.0,0.0,65.0,543.0,0.009705336764454842,0.15949127034764388,0.13738828310957274,0.04388135718878727,-0.405307412147522,-2.191270080395043,19.76016753539443,44.2595481723547,284.1699793934822,,,,,,,,,,,,
988.0,0.0,150.0,9.102258963808431,1.0,0.6885937882343016,0.4423076923076923,0.0,nan,0.010000000000000002,0.0,0.0,52.0,453.0,0.45462264120578766,0.2569701111803333,0.22234317958561461,0.06895490285518527,-0.405307412147522,-0.7835509637370706,14.375608323141932,59.290849074721336,330.24638146162033,,,,,,,,,,,,
989.0,0.0,153.0,8.365005926489845,1.0,0.554995127748003,0.6825396825396826,0.0,nan,0.010000000000000002,0.0,0.0,63.0,537.0,0.20000623911619186,0.14167947110865953,0.12054102176715314,0.04004785995330862,-0.405307412147522,4.470859224908054,23.784339617937803,45.99009218811989,292.0662395954132,,,,,,,,,,,,
990.0,0.0,200.0,8.079797558486483,0.75,0.807588432610031,0.4166666666666667,0.0,0.39999999999999997,0.010000000000000002,0.0,0.0,72.0,600.0,2.493630964308977,0.8647778710571856,0.12728566824656576,1.4731015490974555,-0.405307412147522,-40.831600772216916,-44.27121130563319,56.853874117136,323.4449864625931,1.0,1.0,1.0,0.0,1.0,0.3061041831970215,1.4260073900222778,11.771486662648385,85.0,1.0,196.0,336.2261090944153
991.0,0.0,125.0,7.762145578525966,1.0,0.7294744859330876,0.40476190476190477,0.0,nan,0.010000000000000002,0.0,0.0,42.0,356.0,0.17758874222636223,0.40252703914697463,0.3491166054855874,0.10647979707033116,-0.405307412147522,-0.7586481561884284,-2.7604172825813293,49.737985134124756,319.7141608595848,,,,,,,,,,,,
992.0,0.0,195.0,11.365432730391646,1.0,0.5806882205036751,0.6621621621621622,0.0,nan,0.010000000000000002,0.0,0.0,74.0,667.0,0.606436587870121,0.35278164277258384,0.33892741072773874,0.027325620539123605,-0.405307412147522,-1.373788783326745,19.129637766629457,55.810387030243874,364.2595020532608,,,,,,,,,,,,
993.0,0.0,200.0,8.071509434133784,0.75,0.762604243997194,0.3728813559322034,0.0,nan,0.010000000000000002,0.0,0.0,59.0,521.0,1.1149132549762726,0.5518744414007699,0.4322822451777409,0.23882401632971417,-0.405307412147522,0.9024359751492739,-1.5621702391654253,54.22981604933739,351.03573405742645,,,,,,,,,,,,
994.0,0.0,175.0,8.147766401655982,1.0,0.7991785020065546,0.48214285714285715,0.0,nan,0.010000000000000002,0.0,0.0,56.0,481.0,0.20383628457784653,0.3072868140745051,0.27122746569022743,0.07106086156263941,-0.405307412147522,-0.9953720066696405,-27.984402460977435,61.74632069468498,362.6805546283722,,,,,,,,,,,,
995.0,0.0,200.0,6.706992187462765,0.5,0.6707585905993092,0.5151515151515151,0.0,nan,0.010000000000000002,0.0,0.0,66.0,568.0,1.6110264910385013,0.5221532653986714,0.28845266719375184,0.46675240815410035,-0.405307412147522,-24.79682362638414,-28.437094431370497,45.66558660566807,310.3086441755295,,,,,,,,,,,,
996.0,0.0,158.0,8.067945436462772,1.0,0.7762455125959702,0.4375,0.0,nan,0.010000000000000002,0.0,0.0,48.0,402.0,0.32505979388952255,0.23503420825151977,0.18829568212949035,0.09314974058134995,-0.405307412147522,0.4828893914818764,-13.17910772189498,50.9601067006588,329.43567526340485,,,,,,,,,,,,
997.0,0.0,50.0,0.9672543406486511,0.0,0.7309962314039127,0.44,0.0,nan,0.010000000000000002,0.0,0.0,25.0,200.0,23.82792615890503,2.198973304007941,0.2873276039847783,3.8141875916396657,-0.405307412147522,16.450731029510496,76.13570459842681,94.59755769729614,388.64363525390627,,,,,,,,,,,,
998.0,0.0,162.0,8.277506607845437,1.0,0.7549485569629271,0.4489795918367347,0.0,nan,0.010000000000000002,0.0,0.0,49.0,412.0,0.19631991162896156,0.3822980053608509,0.28043782991150373,0.2034054056126111,-0.405307412147522,-10.204682967625558,26.441249394789338,54.090572983026505,340.84095150232315,,,,,,,,,,,,
999.0,0.0,199.0,10.560047320760809,1.0,0.7569201969087967,0.4050632911392405,0.0,nan,0.010000000000000002,0.0,0.0,79.0,713.0,0.3454361315816641,0.3745688727412486,0.3586335363056452,0.03136076245741394,-0.405307412147522,0.8457971289753914,5.843764405697584,48.23541088402271,326.7402949333191,,,,,,,,,,,,
1000.0,0.0,74.0,2.75686233058572,0.25,0.7819967401731499,0.4,0.0,0.6000000000000001,0.010000000000000002,0.0,0.0,35.0,294.0,5.235235333442688,0.6441156001348389,0.16762871978057878,0.9480906362568682,-0.405307412147522,-16.19555169902742,-29.541580630466342,50.70894495397806,338.35563200712204,1.0,1.0,1.0,0.0,1.0,0.2967515289783478,1.2756000757217407,11.75999512981798,84.0,1.0,200.0,356.18543988606007
