iteration,curriculum_single_agent_stage,steps_collected,episode_return_mean,safe_reach_ratio,skill_entropy_norm,top1_skill_ratio,high_div_bonus_mean,conv_eval_success_delta_w5,high_entropy_coef,low_entropy_coef,low_reference_pretrain_stage,high_samples,low_samples,loss_high_total,loss_low_mean,loss_low_actor,loss_low_value,low_entropy,low_f_mean_x,low_f_mean_y,low_h_eig_min,low_h_eig_max,eval_n_episodes,eval_success_rate,eval_reach_rate,eval_collision_rate,eval_safe_reach_ratio,eval_min_h_agent,eval_min_h_obstacle,eval_avg_traj_length,eval_avg_skill_switches,eval_qp_feasible_rate,eval_avg_steps,eval_avg_episode_return
1.0,0.0,200.0,1.5515423715114693,0.0,0.9730005728074531,0.2882882882882883,0.0,nan,0.05,0.0005,1.0,111.0,800.0,1.058693304657936,1.0479676251239312,0.9632789708313725,0.16905039894789553,0.0,-17.294075274374336,13.694562788819894,11.1461549019441,27.42410323943477,1.0,1.0,1.0,0.0,1.0,0.6152876615524292,1.6190040111541748,11.765098345698789,83.0,1.0,188.0,328.7938626696173
2.0,0.0,125.0,8.101440782900907,1.0,0.9649135825910683,0.3111111111111111,0.0,nan,0.049942775393419174,0.000494949494949495,1.0,45.0,379.0,11.30870270729065,0.7380431669516838,0.019357113875770438,1.4369958442481163,0.0,-2.731803867034614,0.9742469303309917,36.57353027537465,75.98671801388264,,,,,,,,,,,,
3.0,0.0,111.0,8.168683067709217,1.0,0.9939720697109364,0.25,0.0,nan,0.049885550786838345,0.0004898989898989899,1.0,48.0,395.0,10.713798999786377,0.6577030056650983,0.00951420960672067,1.2962572593062354,0.0,4.849701555911452,-2.394656291231513,37.14518792182207,69.40330390632153,,,,,,,,,,,,
4.0,0.0,200.0,7.755694604106255,1.0,0.9363336546090439,0.3541666666666667,0.0,nan,0.049828326180257516,0.00048484848484848484,1.0,48.0,415.0,12.506401062011719,1.0342044724038715,0.03686627494701611,1.994552969227371,0.0,2.8075501583516598,-43.51778480387293,37.01079223304987,139.17944921553135,,,,,,,,,,,,
5.0,0.0,68.0,3.2116215872764595,0.5,0.9642508881774653,0.2857142857142857,0.0,nan,0.04977110157367668,0.0004797979797979798,1.0,28.0,223.0,3.5426380038261414,0.48165544003223154,0.02383420743992097,0.9155396773543574,0.0,-2.448977531873592,-14.256015598339618,21.644745093824618,61.885014687952975,,,,,,,,,,,,
6.0,0.0,200.0,5.461906154230258,0.25,0.9801836262155659,0.2625,0.0,nan,0.04971387696709585,0.00047474747474747476,1.0,80.0,674.0,5.036477118730545,0.14120627422698817,0.03583006118998355,0.21072709637267195,0.0,5.676611454226077,2.2376546629238874,17.08789023850113,48.097263775765896,,,,,,,,,,,,
7.0,0.0,116.0,8.35856405273081,1.0,0.9776061767683148,0.25,0.0,nan,0.04965665236051502,0.0004696969696969697,1.0,48.0,400.0,10.69602108001709,0.6610172967975814,0.014216460855067226,1.2934525187700388,0.0,2.5292688789777458,-3.9601845622528344,61.7641571611166,137.11674493551254,,,,,,,,,,,,
8.0,0.0,178.0,10.882473113872134,1.0,0.9833386649147757,0.2465753424657534,0.0,nan,0.049599427753934194,0.0004646464646464647,1.0,73.0,643.0,17.03699290752411,0.6578097593076109,0.00761473961460927,1.300212952556091,0.0,0.7432597145671025,0.9199730991385877,48.874411802738905,97.97647279500961,,,,,,,,,,,,
9.0,0.0,106.0,3.6003818232379947,0.25,0.9951949471859096,0.2222222222222222,0.0,nan,0.049542203147353366,0.0004595959595959596,1.0,45.0,392.0,4.420049786567688,0.3375574673932533,0.060302502545996006,0.5539969773509884,0.0,-1.6256406451575458,4.620114526012912,22.83097549295053,50.78623751923442,,,,,,,,,,,,
10.0,0.0,200.0,6.868342044800535,0.75,0.9544359446834519,0.3582089552238806,0.0,nan,0.04948497854077254,0.00045454545454545455,1.0,67.0,541.0,8.40999585390091,0.4685198586815318,0.008404105895849057,0.9201743462638756,0.0,3.8586740783648565,9.138445546501316,27.457904279232025,47.9679364413023,1.0,1.0,1.0,0.0,1.0,0.10578775405883789,1.6316518783569336,11.69991198903881,84.0,1.0,197.0,326.25491902671786
11.0,0.0,167.0,10.179775917679093,1.0,0.985457627895032,0.25,0.0,nan,0.04942775393419171,0.0004494949494949495,1.0,68.0,604.0,15.033313870429993,0.7935879365422807,0.004675209821843667,1.5775621441547987,0.0,3.4495788818458095,-3.5335471474099904,72.58117131143808,107.8368172198534,,,,,,,,,,,,
12.0,0.0,142.0,8.002721977485352,1.0,0.9064402628920892,0.35555555555555557,0.0,nan,0.04937052932761087,0.00044444444444444447,1.0,45.0,403.0,10.312116622924805,0.6484559260823062,0.052489530476577784,1.1916485768184781,0.0,10.728646338917315,1.6921042966423556,76.01553613692522,129.22128911316395,,,,,,,,,,,,
13.0,0.0,179.0,10.248076662961413,1.0,0.9802987292801394,0.2608695652173913,0.0,nan,0.049313304721030043,0.0004393939393939394,1.0,69.0,632.0,14.424254059791565,0.5205608218386715,0.005351622500272768,1.0297253225299485,0.0,2.7958116848021746,-2.3479819503845647,68.8076379224658,95.99556764960289,,,,,,,,,,,,
14.0,0.0,138.0,8.07047854259611,1.0,0.9890875963561756,0.2558139534883721,0.0,nan,0.049256080114449215,0.00043434343434343433,1.0,43.0,377.0,12.645280122756958,0.9537220013635306,0.014803212944451975,1.8776331477179156,0.0,-12.095960306585766,2.568133466586005,95.10820916295052,161.4571751356125,,,,,,,,,,,,
15.0,0.0,198.0,8.376785458028326,1.0,0.9494486637008739,0.3673469387755102,0.0,nan,0.049198855507868386,0.0004292929292929293,1.0,49.0,434.0,14.089040040969849,1.1160522454288184,0.018152266168598885,2.1941481683566337,0.0,-20.049751079408452,13.594055390451103,99.59836641699076,148.8989009410143,,,,,,,,,,,,
16.0,0.0,134.0,7.767374871522195,1.0,0.9361495193332847,0.30952380952380953,0.0,nan,0.04914163090128756,0.00042424242424242425,1.0,42.0,346.0,10.550859451293945,0.6218542808641132,0.01182944417496401,1.2198869973968915,0.0,0.3060536266420968,9.371638044365682,71.85513601452112,132.90185099840164,,,,,,,,,,,,
17.0,0.0,77.0,1.840908776521688,0.0,0.9917305227075984,0.24324324324324326,0.0,nan,0.04908440629470673,0.0004191919191919192,1.0,37.0,308.0,2.4212055802345276,0.19340884748879716,0.020864200857561244,0.34492376858631246,0.0,2.8663219215814024,0.08917090040631592,44.08977480139583,107.81123031675816,,,,,,,,,,,,
18.0,0.0,172.0,9.77883888699116,1.0,0.977095397660658,0.29310344827586204,0.0,nan,0.0490271816881259,0.0004141414141414141,1.0,58.0,523.0,15.750317573547363,0.9782014358879678,0.010770187929942665,1.934573443795216,0.0,0.42293930356390774,-3.290919980034232,74.24352424032986,129.09248635172844,,,,,,,,,,,,
19.0,0.0,163.0,8.533423200324188,1.0,0.9659151422044291,0.2826086956521739,0.0,nan,0.048969957081545064,0.0004090909090909091,1.0,46.0,407.0,10.858151197433472,0.6054584406917911,0.0030159939187548446,1.2046672420955338,0.0,0.6182359554804862,-0.8082070169621147,66.13010061532259,112.59084315598011,,,,,,,,,,,,
20.0,0.0,117.0,8.38137297526003,1.0,0.9656155335196158,0.32653061224489793,0.0,nan,0.048912732474964235,0.00040404040404040404,1.0,49.0,407.0,11.408709049224854,0.5756174069554163,0.002780396059077095,1.145522707496582,0.0,-0.9117266165558249,-0.49319848185405135,84.15826793760061,124.56440055370331,1.0,1.0,1.0,0.0,1.0,0.5903373956680298,2.061002254486084,11.790810261387378,74.0,1.0,178.0,292.65542440608175
21.0,0.0,137.0,8.109430917724977,1.0,0.9591859829917515,0.2727272727272727,0.0,nan,0.048855507868383406,0.000398989898989899,1.0,44.0,380.0,9.758139371871948,0.6163268821583188,0.044449368674044365,1.143558264596905,0.0,-8.949077458586544,-4.780674391193315,68.11054834723473,120.48303386569023,,,,,,,,,,,,
22.0,0.0,123.0,7.331380458101636,1.0,0.972741109464338,0.28205128205128205,0.0,nan,0.04879828326180258,0.00039393939393939396,1.0,39.0,308.0,11.686473846435547,0.773930412069376,0.010182863164514,1.5272804636859405,0.0,-3.6157584614120424,5.357369735138491,91.82811911404133,190.23599442839622,,,,,,,,,,,,
23.0,0.0,200.0,8.460220789499596,0.75,0.9598977110145871,0.31666666666666665,0.0,nan,0.04874105865522175,0.0003888888888888889,1.0,60.0,534.0,10.963164567947388,0.335928217446849,0.002104125370562926,0.6674638521149348,0.0,0.312688666745089,-7.663354480406269,55.59363175928593,91.31477065384388,,,,,,,,,,,,
24.0,0.0,171.0,8.18577376704664,1.0,0.9692875731137568,0.3,0.0,nan,0.04868383404864092,0.0003838383838383839,1.0,50.0,442.0,11.76506495475769,0.7914945916049874,0.040042969757505986,1.501681086144096,0.0,-16.23570847744122,2.2058891218621284,94.32297541946173,162.18617311120033,,,,,,,,,,,,
25.0,0.0,106.0,7.907562212906786,1.0,0.9693743818600117,0.29545454545454547,0.0,nan,0.04862660944206009,0.0003787878787878788,1.0,44.0,352.0,10.634399652481079,0.6122456328166663,0.005105975108463667,1.214064371616189,0.0,1.1675180299207568,-1.6782175401167478,84.59565674513578,160.8272903263569,,,,,,,,,,,,
26.0,0.0,194.0,10.165512945204991,1.0,0.9644297645615998,0.25806451612903225,0.0,nan,0.048569384835479255,0.00037373737373737375,1.0,62.0,547.0,15.109888315200806,0.5696934225204018,0.003351536013610268,1.1325212588123534,0.0,2.5949657331802882,1.4287288377527148,85.35665365308523,137.37589801847935,,,,,,,,,,,,
27.0,0.0,44.0,0.6811030483245848,0.0,0.9566411238587941,0.3333333333333333,0.0,nan,0.04851216022889843,0.00036868686868686865,1.0,24.0,176.0,0.7751594483852386,0.28689203793824575,0.0458913041840353,0.48180738319424454,0.0,-3.647098899226297,-8.248244543983178,62.435869265686385,103.88164420561357,,,,,,,,,,,,
28.0,0.0,126.0,8.770771497786056,1.0,0.9709644188530612,0.3125,0.0,nan,0.0484549356223176,0.0003636363636363636,1.0,48.0,418.0,11.92761778831482,0.7448680089077016,0.003956385261160822,1.481621202232077,0.0,7.393389651784673,3.567868568468839,92.31382613629103,125.32464475929737,,,,,,,,,,,,
29.0,0.0,138.0,7.679151301160463,1.0,0.9452089600868544,0.2631578947368421,0.0,nan,0.04839771101573677,0.0003585858585858586,1.0,38.0,327.0,12.983100891113281,0.893236943937552,0.001749033394135525,1.7827144175829437,0.0,-2.3575414031511173,1.536833911377471,156.4491474404931,188.30430223047733,,,,,,,,,,,,
30.0,0.0,159.0,8.290889255218222,1.0,0.9600336274389709,0.2909090909090909,0.0,nan,0.04834048640915594,0.00035353535353535354,1.0,55.0,492.0,8.130630731582642,0.3320374774082211,0.029236394386222393,0.6051210641904132,0.0,21.329788689035922,-3.4005330452055205,70.51658237725496,105.2450538277626,1.0,1.0,1.0,0.0,1.0,0.08504079282283783,2.4342803955078125,11.775415821000934,78.0,1.0,181.0,295.13279522541944
31.0,0.0,116.0,8.24780307803304,1.0,0.9361984048047253,0.36363636363636365,0.0,nan,0.04828326180257511,0.0003484848484848485,1.0,44.0,375.0,9.734388589859009,0.5469854372788063,0.0019516735755225056,1.0898620204484573,0.0,5.054337547742762,1.8470338064362295,86.2003513276577,125.84259262681007,,,,,,,,,,,,
32.0,0.0,140.0,6.86588283432648,1.0,0.9325488821550054,0.30303030303030304,0.0,nan,0.04822603719599428,0.00034343434343434346,1.0,33.0,285.0,8.109399795532227,0.561639572262493,0.004536637866746407,1.1139493491163552,0.0,-5.997723470907658,2.316898798570037,98.63502018153667,138.8823712170124,,,,,,,,,,,,
33.0,0.0,114.0,7.9377516263723455,1.0,0.9148524896313455,0.4090909090909091,0.0,nan,0.048168812589413454,0.0003383838383838384,1.0,44.0,354.0,9.040072917938232,0.5039962604549828,0.0019526800204281436,1.0038636356150477,0.0,3.0716763390228152,0.6270184437744319,85.45139438658953,126.01342707872391,,,,,,,,,,,,
34.0,0.0,141.0,9.000483068823828,1.0,0.98348946918728,0.2549019607843137,0.0,nan,0.04811158798283262,0.0003333333333333334,1.0,51.0,455.0,11.170731544494629,0.5382653481624402,0.01328617895514661,1.049735993354556,0.0,2.793912027729675,4.305019789899234,79.02046799659729,142.90002460032701,,,,,,,,,,,,
35.0,0.0,103.0,7.4728855742886715,1.0,0.9118429963130152,0.3684210526315789,0.0,nan,0.04805436337625179,0.0003282828282828283,1.0,38.0,307.0,7.7927645444869995,0.46232752525941123,0.0014408743161804516,0.9215471656374348,0.0,4.1187300728634,0.4121409986400977,88.6188215315342,153.62661315500736,,,,,,,,,,,,
36.0,0.0,146.0,8.108275116756568,1.0,0.9642905150368906,0.26666666666666666,0.0,nan,0.04799713876967096,0.00032323232323232324,1.0,45.0,394.0,11.63695740699768,0.6975256508176244,0.011210434257268531,1.372296705190788,0.0,18.18878236488672,2.286212695296854,86.91772273182869,216.3068672120571,,,,,,,,,,,,
37.0,0.0,176.0,9.058699571862835,1.0,0.9655046523821212,0.2923076923076923,0.0,nan,0.04793991416309013,0.00031818181818181815,1.0,65.0,569.0,7.936420887708664,0.3373730244250339,0.009999951150159843,0.6539602609568202,0.0,-8.977034782990813,-2.9920617293100804,69.22448509931564,125.0827933549881,,,,,,,,,,,,
38.0,0.0,191.0,9.450366675741986,1.0,0.997674847896968,0.23214285714285715,0.0,nan,0.0478826895565093,0.0003131313131313131,1.0,56.0,502.0,13.56297516822815,0.7436190711268864,0.027394807458591686,1.432232096675179,0.0,8.953698705881834,-24.07708859478589,98.65287759900093,188.99470835924149,,,,,,,,,,,,
39.0,0.0,163.0,9.130751593224717,1.0,0.9773665638893604,0.2692307692307692,0.0,nan,0.047825464949928474,0.00030808080808080807,1.0,52.0,455.0,10.073744058609009,0.4496458525302387,0.0027601960775669454,0.8935681298329605,0.0,0.07853032922139391,-1.280959001975134,86.31416969746351,152.69673812389374,,,,,,,,,,,,
40.0,0.0,83.0,2.386030001640325,0.0,0.9327641263671357,0.325,0.0,nan,0.047768240343347645,0.00030303030303030303,1.0,40.0,332.0,2.530658006668091,0.2876765872507576,0.030683100975338596,0.5134431321290656,0.0,17.57479431014508,5.4595749920699745,66.81763096898794,135.86809986829758,1.0,0.0,0.75,0.0,0.75,0.18616551160812378,2.277902603149414,11.70220000729023,85.0,1.0,200.0,257.43160882126574
41.0,0.0,200.0,4.17664742782714,0.25,0.9332018735432164,0.39759036144578314,0.0,nan,0.04771101573676681,0.000297979797979798,1.0,83.0,744.0,3.995737314224243,0.15648734212760473,0.08139885590247786,0.15001572328449697,0.0,-12.583813625853509,32.20061248331331,32.69854735955596,67.39361038804054,,,,,,,,,,,,
42.0,0.0,152.0,7.5646969769895165,1.0,0.8351072495862126,0.40425531914893614,0.0,nan,0.04765379113018598,0.00029292929292929295,1.0,47.0,357.0,7.980264902114868,0.685603018280176,0.0026123953989127813,1.3657474037294406,0.0,6.5325134000740945,-4.279355428181589,96.47879890352488,164.69432884454727,,,,,,,,,,,,
43.0,0.0,76.0,6.573625841662289,1.0,0.9349775271899474,0.3,0.0,nan,0.04759656652360515,0.0002878787878787879,1.0,30.0,233.0,4.3385467529296875,0.3008835551291734,0.0023940737397198128,0.5968407379425561,0.0,-0.6988371618315897,-14.129371824694294,78.46287405235061,136.95432676880145,,,,,,,,,,,,
44.0,0.0,124.0,7.267790862098342,1.0,0.8727526179023926,0.375,0.0,nan,0.04753934191702432,0.0002828282828282828,1.0,40.0,338.0,6.39760434627533,0.4105548941188317,0.03246468627116883,0.7558907344998715,0.0,38.28633176232688,-11.095552388578653,55.61975184082985,158.20236438512802,,,,,,,,,,,,
45.0,0.0,167.0,7.7737620799988605,1.0,0.9514573380948046,0.2553191489361702,0.0,nan,0.047482117310443495,0.00027777777777777783,1.0,47.0,398.0,5.902057647705078,0.21684089712471177,0.010264109968431974,0.41263951953811784,0.0,-30.092621193733066,14.066372310044244,47.28366722911596,120.80152483284473,,,,,,,,,,,,
46.0,0.0,200.0,9.164537989255061,0.75,0.9883198722478718,0.27692307692307694,0.0,nan,0.047424892703862666,0.00027272727272727274,1.0,65.0,580.0,7.282601058483124,0.2943025300418185,0.02000809412057336,0.5482728564940089,0.0,-4.420926366467029,0.7718012358527631,69.35280495882034,133.56648240983486,,,,,,,,,,,,
47.0,0.0,107.0,8.177855134122082,1.0,0.9496953131249599,0.3695652173913043,0.0,nan,0.04736766809728184,0.0002676767676767677,1.0,46.0,398.0,7.05469286441803,0.30419442744050684,0.001882646679232991,0.6043976256472376,0.0,1.0386667121201754,0.9485431616194546,52.346933122724295,116.77539636194706,,,,,,,,,,,,
48.0,0.0,182.0,10.162053345628102,1.0,0.989005231743688,0.23809523809523808,0.0,nan,0.047310443490701,0.0002626262626262626,1.0,63.0,568.0,12.708552598953247,0.3433927140002879,0.013268218183653618,0.6600973558612342,0.0,4.551784424809739,2.73549649619963,65.18831624090672,122.383675172925,,,,,,,,,,,,
49.0,0.0,136.0,7.590050039589411,1.0,0.9765115866214249,0.28205128205128205,0.0,nan,0.04725321888412017,0.00025757575757575756,1.0,39.0,329.0,5.673784375190735,0.3488388890572196,0.0021204598598316693,0.6931846479362314,0.0,3.8735230332240462,-1.0740054920315742,65.63152752816677,112.32213220000267,,,,,,,,,,,,
50.0,0.0,159.0,8.222779649421582,1.0,0.9783657532980453,0.26666666666666666,0.0,nan,0.047195994277539344,0.0002525252525252525,1.0,45.0,398.0,8.800041198730469,0.4406668194460792,0.0015698526113269162,0.877960127043627,0.0,3.267790039884858,-3.1216554344282486,83.69628418982029,129.68271696567535,1.0,1.0,1.0,0.0,1.0,0.5567398071289062,1.912819504737854,11.750498195644468,76.0,1.0,180.0,296.40621068775687
51.0,0.0,123.0,7.6479632505774555,1.0,0.9627667697058702,0.3,0.0,nan,0.047138769670958515,0.0002474747474747475,1.0,40.0,349.0,5.193060517311096,0.23998353270445705,0.0022026075255201527,0.47535784929304015,0.0,3.3350288843066664,4.24090766813606,76.44323606789112,124.61544460058212,,,,,,,,,,,,
52.0,0.0,193.0,8.39491306409241,1.0,0.9607821677031791,0.2826086956521739,0.0,nan,0.047081545064377686,0.00024242424242424245,1.0,46.0,404.0,9.631780624389648,0.625888918067858,0.012345950644135684,1.2268842520406977,0.0,-5.056167423725128,-2.7683870653854683,103.60564601421356,180.8613874912262,,,,,,,,,,,,
53.0,0.0,161.0,6.653348998054878,0.25,0.9397240842601292,0.375,0.0,nan,0.04702432045779686,0.00023737373737373735,1.0,56.0,502.0,6.658873677253723,0.2581691643963495,0.02298955836403139,0.4701472431421081,0.0,0.1280712727457285,-1.4153434033505619,73.38395265489817,151.99204201996326,,,,,,,,,,,,
54.0,0.0,150.0,8.803362785503278,1.0,0.9901336713761056,0.25,0.0,nan,0.04696709585121603,0.0002323232323232323,1.0,52.0,456.0,9.20691204071045,0.534072515704338,0.07159633178179092,0.9246955246027397,0.0,-13.842477839672938,6.943954259157181,81.69052938371897,158.82216372340918,,,,,,,,,,,,
55.0,0.0,157.0,9.183882696069793,1.0,0.9878027972840446,0.2413793103448276,0.0,nan,0.04690987124463519,0.00022727272727272727,1.0,58.0,517.0,8.769741773605347,0.40272359173332006,0.09814519663265386,0.6085379412111536,0.0,3.020484951324761,-31.197499559260905,61.14768027514219,154.44148741662502,,,,,,,,,,,,
56.0,0.0,200.0,8.27738616853954,0.75,0.9650910516661765,0.3387096774193548,0.0,nan,0.046852646638054364,0.00022222222222222223,1.0,62.0,524.0,6.220925211906433,0.16036809382782735,0.02238347278278735,0.2757707345468249,0.0,1.4780151494778693,-8.605343771225307,47.64631173014641,141.3959917128086,,,,,,,,,,,,
57.0,0.0,153.0,7.425737386606639,1.0,0.9744737290824222,0.2653061224489796,0.0,nan,0.046795422031473535,0.0002171717171717172,1.0,49.0,416.0,3.827853500843048,0.2854649601258643,0.05229504515112193,0.46612898660108815,0.0,24.530190191231668,9.16788275167346,56.72795370221138,109.2801071703434,,,,,,,,,,,,
58.0,0.0,149.0,8.036912745423622,1.0,0.9265418946795166,0.3333333333333333,0.0,nan,0.046738197424892707,0.0002121212121212121,1.0,48.0,415.0,4.944319486618042,0.26247653282030114,0.002817753109230381,0.5191129593298025,0.0,3.229668017476797,3.358468458405696,59.58648573607206,118.69647644460201,,,,,,,,,,,,
59.0,0.0,124.0,8.591995860040198,1.0,0.9790771109764004,0.2708333333333333,0.0,nan,0.04668097281831188,0.00020707070707070706,1.0,48.0,399.0,6.653390407562256,0.21613432853075665,0.0010086690002890641,0.43000767868062084,0.0,-3.4647776598576456,10.878267711494118,65.0625166669488,119.9181862026453,,,,,,,,,,,,
60.0,0.0,171.0,9.00860335454346,1.0,0.9806274470411285,0.2807017543859649,0.0,nan,0.04662374821173105,0.00020202020202020207,1.0,57.0,515.0,8.945046186447144,0.4187106734957524,0.05855704071312573,0.7190856363080504,0.0,4.209699155646376,-16.42791830189526,70.48319820314646,175.67498241364956,1.0,1.0,1.0,0.0,1.0,0.27601540088653564,1.974488615989685,11.733598859980702,79.0,1.0,189.0,331.31820102281904
61.0,0.0,150.0,8.613699284158663,1.0,0.9868333835716008,0.26785714285714285,0.0,nan,0.04656652360515022,0.00019696969696969698,1.0,56.0,504.0,5.426051497459412,0.056262873409423264,0.013539050818970111,0.08461664658892248,0.0,-5.711656436615158,-4.716061459155753,41.71828258782625,201.96626543998718,,,,,,,,,,,,
62.0,0.0,166.0,7.588295448683209,1.0,0.9879740445718785,0.23809523809523808,0.0,nan,0.046509298998569384,0.00019191919191919194,1.0,42.0,373.0,5.251232028007507,0.2863948099973186,0.027295339055452228,0.5178930753066631,0.0,-20.358424035366625,5.605187990469858,75.23372109234333,170.28586284816265,,,,,,,,,,,,
63.0,0.0,126.0,5.804126782417304,0.5,0.972741109464338,0.28205128205128205,0.0,nan,0.046452074391988556,0.00018686868686868685,1.0,39.0,332.0,2.380834996700287,0.1967771574463768,0.010717001286546957,0.3719379467322482,0.0,-8.249555655464064,7.570853863842785,75.98701686412096,242.35421453416348,,,,,,,,,,,,
64.0,0.0,173.0,9.877678704857843,1.0,0.9664554007327424,0.3157894736842105,0.0,nan,0.04639484978540773,0.0001818181818181818,1.0,57.0,501.0,8.219423055648804,0.43480501767248825,0.003564640604089675,0.8623221509339629,0.0,2.3206975697539747,1.978051325539127,66.18079602345824,144.77195543795824,,,,,,,,,,,,
65.0,0.0,128.0,5.891739397980285,0.25,0.8892187260614671,0.45454545454545453,0.0,nan,0.0463376251788269,0.00017676767676767677,1.0,55.0,488.0,3.2741072177886963,0.27662626176424965,0.09793252656006146,0.35715122246631426,0.0,-32.31767564220354,-13.066375662572682,84.84481799602509,192.03215753287077,,,,,,,,,,,,
66.0,0.0,134.0,8.311518411859879,1.0,0.9595943988849678,0.2765957446808511,0.0,nan,0.04628040057224607,0.00017171717171717173,1.0,47.0,404.0,6.409811496734619,0.4027310079172821,0.0707967958622504,0.6636372250227893,0.0,32.25637997779995,-1.5060814004391432,102.49764129519463,216.29526214301586,,,,,,,,,,,,
67.0,0.0,180.0,8.855204553008093,1.0,0.9398754810838025,0.3076923076923077,0.0,nan,0.04622317596566524,0.0001666666666666667,1.0,52.0,431.0,9.20026445388794,0.5557675521512806,0.0018551327274280993,1.1075943624827196,0.0,0.39648618665523827,-3.455158687196672,135.63362743332982,280.38824912905693,,,,,,,,,,,,
68.0,0.0,130.0,8.14697495456786,1.0,0.972472609715896,0.3111111111111111,0.0,nan,0.04616595135908441,0.0001616161616161616,1.0,45.0,395.0,4.224163770675659,0.2618980589763851,0.0692404290436599,0.3850936419195987,0.0,-6.3329927725717425,-15.178109941305593,94.84080424159765,190.99440355598927,,,,,,,,,,,,
69.0,0.0,166.0,9.499994619935768,1.0,0.9782686489752295,0.27419354838709675,0.0,nan,0.046108726752503576,0.00015656565656565655,1.0,62.0,555.0,7.521655440330505,0.16749210445857443,0.07489845228989367,0.18500087121865974,0.0,-9.720823989948258,-2.861952008563094,56.106197971850634,123.16498579829931,,,,,,,,,,,,
70.0,0.0,186.0,8.887011344432844,1.0,0.9301036456873321,0.3269230769230769,0.0,nan,0.04605150214592275,0.00015151515151515152,1.0,52.0,452.0,7.325048804283142,0.36944552207407355,0.0020952960787523622,0.7345223005062556,0.0,1.0126002267934382,-3.7430248763412237,74.50643825903535,175.96701043844223,1.0,1.0,1.0,0.0,1.0,0.7718802690505981,2.187791347503662,11.767211428261362,75.0,1.0,178.0,283.923589010984
71.0,0.0,200.0,8.497991650253546,1.0,0.9683990426358781,0.2962962962962963,0.0,nan,0.04599427753934192,0.00014646464646464648,1.0,54.0,477.0,6.691068768501282,0.45679334531803306,0.08489454377039429,0.7435051802645547,0.0,-0.2092199521139264,15.496758970431983,112.82487917691469,191.588482350111,,,,,,,,,,,,
72.0,0.0,131.0,7.7307903405279,1.0,0.9327998275750665,0.38095238095238093,0.0,nan,0.04593705293276109,0.00014141414141414144,1.0,42.0,355.0,4.798543334007263,0.20123520173842735,0.020862312642407232,0.36048683377375257,0.0,4.914176318328828,4.411817287560552,88.06467049568892,154.2252555936575,,,,,,,,,,,,
73.0,0.0,124.0,7.87326783418656,1.0,0.9573830719912475,0.2857142857142857,0.0,nan,0.04587982832618026,0.00013636363636363634,1.0,42.0,373.0,3.595271050930023,0.19109822523068942,0.033647463209398154,0.31460689041826395,0.0,-19.55027234670706,-2.600472849328071,89.19786351919174,150.27792918682098,,,,,,,,,,,,
74.0,0.0,168.0,9.939300241842883,1.0,0.9725878609182617,0.2857142857142857,0.0,nan,0.04582260371959943,0.0001313131313131313,1.0,63.0,559.0,7.623680591583252,0.2018167225486991,0.0016704003447713944,0.40010986164456597,0.0,5.104567233007401,-14.234101677429862,105.80334684252739,151.07883647084236,,,,,,,,,,,,
75.0,0.0,77.0,3.445897247307008,0.0,0.977142135134111,0.2777777777777778,0.0,nan,0.0457653791130186,0.00012626262626262626,1.0,36.0,306.0,2.4215834736824036,0.26155672952438636,0.024711678981783503,0.47327370978386085,0.0,17.056784358806908,20.834596533328295,112.14814813807607,169.53217563033104,,,,,,,,,,,,
76.0,0.0,127.0,8.39395113185049,1.0,0.9280451969952074,0.3333333333333333,0.0,nan,0.04570815450643777,0.00012121212121212122,1.0,48.0,402.0,4.545777797698975,0.2672033810569019,0.0034657133723425826,0.5272575893641488,0.0,6.149958290858194,-0.656247336184606,63.52048113942146,102.53633688390255,,,,,,,,,,,,
77.0,0.0,200.0,9.920236991718433,0.75,0.9825899765127752,0.2727272727272727,0.0,nan,0.04565092989985694,0.00011616161616161618,1.0,66.0,600.0,9.543730437755585,0.22379170330970055,0.0006589662800422502,0.4460241847049886,0.0,1.5624719935003668,-14.319583169999532,85.60901125892997,148.37586642056704,,,,,,,,,,,,
78.0,0.0,200.0,7.425588502939803,0.75,0.9690224064656402,0.32653061224489793,0.0,nan,0.04559370529327611,0.00011111111111111109,1.0,49.0,418.0,4.755376696586609,0.23990770102312808,0.01984518017145831,0.43985127093539367,0.0,-5.991054895333946,3.952884088968858,83.2965633161366,163.78459613025188,,,,,,,,,,,,
79.0,0.0,105.0,7.661855800077328,1.0,0.9670939486862096,0.2727272727272727,0.0,nan,0.04553648068669528,0.0001060606060606061,1.0,44.0,375.0,2.220596492290497,0.10636959167436544,0.05660471073054474,0.09925618755287058,0.0,4.294271040474996,7.233303503133357,69.72331113368273,136.75923849642277,,,,,,,,,,,,
80.0,0.0,105.0,7.892471605055042,1.0,0.9321805375345911,0.3953488372093023,0.0,nan,0.04547925608011445,0.00010101010101010101,1.0,43.0,357.0,2.669654369354248,0.13253761186831525,0.011977363426432852,0.2409168001461821,0.0,2.980363203387242,-2.9596123173832893,58.981447368860245,109.63824258744717,1.0,1.0,1.0,0.0,1.0,0.5157262086868286,2.146427869796753,11.773171010194346,75.0,1.0,176.0,273.93762102514535
81.0,0.0,68.0,3.8371221604198236,0.25,0.8795034052327377,0.42857142857142855,0.0,nan,0.045422031473533624,9.595959595959597e-05,1.0,28.0,226.0,1.7518364191055298,0.14412311039194342,0.0009939995622861096,0.2860461304143902,0.0,40.81845122318616,-0.7605894277844809,133.20946246121838,295.33343904208294,,,,,,,,,,,,
82.0,0.0,61.0,0.07208587169647263,0.0,0.9234553697092196,0.32142857142857145,0.0,nan,0.045364806866952795,9.090909090909088e-05,1.0,28.0,244.0,5.725316524505615,0.6940634012817248,0.037166205049084855,1.3043275259202183,0.0,-116.61910353087988,5.6174720369401525,212.72628332356936,321.9651538817609,,,,,,,,,,,,
83.0,0.0,162.0,9.443022371977582,1.0,0.9914228405131079,0.23636363636363636,0.0,nan,0.04530758226037196,8.585858585858584e-05,1.0,55.0,479.0,6.29260790348053,0.39863719338245573,0.0019194673799418638,0.7931316159505375,0.0,-17.936256824526936,3.1631867436226457,88.61653304100037,142.1712906062603,,,,,,,,,,,,
84.0,0.0,160.0,9.250098696127548,1.0,0.9946109139399881,0.22641509433962265,0.0,nan,0.04525035765379113,8.080808080808085e-05,1.0,53.0,464.0,7.16914427280426,0.4125342125930729,0.0004925751371855913,0.8238188706717882,0.0,13.374675191473216,14.06801111047389,127.8326768875122,240.09699481725693,,,,,,,,,,,,
85.0,0.0,81.0,2.1786028468608896,0.0,0.9131042414761795,0.32432432432432434,0.0,nan,0.0451931330472103,7.575757575757576e-05,1.0,37.0,324.0,2.984939694404602,0.418294530158164,0.015982147844043407,0.8038386267009336,0.0,-37.10454142955132,-13.238070728257298,92.93474812433124,183.4659185409546,,,,,,,,,,,,
86.0,0.0,143.0,9.006764173321438,1.0,0.9828512175093973,0.2641509433962264,0.0,nan,0.04513590844062947,7.070707070707072e-05,1.0,53.0,470.0,5.289477229118347,0.3376917039663567,0.006009579946027799,0.6631021384871805,0.0,-9.151063127443194,-7.739241882809438,67.4347771704197,133.6083370000124,,,,,,,,,,,,
87.0,0.0,144.0,8.207030731216085,1.0,0.9213407027249384,0.32608695652173914,0.0,nan,0.045078683834048644,6.565656565656562e-05,1.0,46.0,409.0,3.533065617084503,0.16985752389376074,0.024588438538911628,0.29037987106602614,0.0,-10.36097570694983,1.709727969020605,83.54717370867729,160.91193507611752,,,,,,,,,,,,
88.0,0.0,110.0,7.871574287861592,1.0,0.9814670920475668,0.26666666666666666,0.0,nan,0.045021459227467815,6.0606060606060584e-05,1.0,45.0,365.0,2.573497176170349,0.1074567381054976,0.0014631469825800991,0.21178132970621727,0.0,2.8412243044003844,3.183167371666059,90.74654627591372,161.41115321218967,,,,,,,,,,,,
89.0,0.0,121.0,6.294522895328714,0.25,0.9622009574083947,0.3076923076923077,0.0,nan,0.044964234620886986,5.55555555555556e-05,1.0,52.0,461.0,3.992071509361267,0.36048291388419784,0.021086094774874553,0.6785865323191984,0.0,-1.174259322695434,7.708702611736953,102.99374152719975,153.81710934638977,,,,,,,,,,,,
90.0,0.0,86.0,7.329406227394943,1.0,0.9159666339668117,0.3783783783783784,0.0,0.19999999999999996,0.04490701001430615,5.0505050505050505e-05,1.0,37.0,301.0,1.7150977551937103,0.28364633112165905,0.001694860730487191,0.5636214954999454,0.0,-2.065679567400366,7.787189386261161,110.07942485809326,177.43237709999084,1.0,1.0,1.0,0.0,1.0,0.32320815324783325,1.8255642652511597,11.75520873896312,77.0,1.0,180.0,298.9037723939869
91.0,0.0,178.0,8.993321673199548,1.0,0.8797882742072227,0.34615384615384615,0.0,nan,0.04484978540772532,4.5454545454545465e-05,1.0,52.0,455.0,5.156380534172058,0.23892568010052173,0.011092453326629004,0.45540617863094734,0.0,27.97194282594137,-13.310661469760817,157.72849449515343,204.06184831261635,,,,,,,,,,,,
92.0,0.0,154.0,8.756405274420988,1.0,0.9625812271210847,0.3125,0.0,nan,0.04479256080114449,4.040404040404037e-05,1.0,48.0,416.0,3.848543345928192,0.17229690515029006,0.0007602932141068663,0.3427931676489495,0.0,-6.092000926262699,-7.56867283442989,129.37182562053204,163.23278307914734,,,,,,,,,,,,
93.0,0.0,198.0,9.007888205870998,1.0,0.9577609714992616,0.3333333333333333,0.0,nan,0.044735336194563664,3.5353535353535386e-05,1.0,54.0,474.0,5.779524564743042,0.30375420342136294,0.03055378809620089,0.5452189292929734,0.0,-10.767953593749553,16.757890249136835,160.77175264060497,217.6516914665699,,,,,,,,,,,,
94.0,0.0,169.0,7.503277287147948,1.0,0.9071279185236854,0.3333333333333333,0.0,nan,0.044678111587982836,3.0303030303030292e-05,1.0,48.0,387.0,4.0710225105285645,0.3068750659663788,0.013865577970421317,0.5838364686861734,0.0,-30.983030136907473,-25.7015973450616,180.0250470340252,246.49467301368713,,,,,,,,,,,,
95.0,0.0,84.0,6.792429651804272,1.0,0.9033081855506773,0.34375,0.0,nan,0.04462088698140201,2.5252525252525253e-05,1.0,32.0,263.0,1.220985859632492,0.12193557505156605,0.010430831020155296,0.22275738685587143,0.0,-2.5603529908694327,-1.729951051529497,120.43069179356098,171.91922158002853,,,,,,,,,,,,
96.0,0.0,147.0,7.899936049245305,1.0,0.9131638669375577,0.3333333333333333,0.0,nan,0.04456366237482118,2.0202020202020213e-05,1.0,42.0,350.0,3.966394603252411,0.23286121702707874,0.001023320283051632,0.46333708732575807,0.0,5.85502204624936,0.39399858354590833,166.95240506529808,225.58958327770233,,,,,,,,,,,,
97.0,0.0,157.0,9.412114226520075,1.0,0.9460931204998619,0.33962264150943394,0.0,nan,0.04450643776824034,1.5151515151515119e-05,1.0,53.0,462.0,5.788144826889038,0.23694253176412872,0.0006600537795193873,0.47226928029195814,0.0,5.213626471115276,7.591185797005892,156.69408109784126,217.59953793883324,,,,,,,,,,,,
98.0,0.0,127.0,8.144572457447657,1.0,0.9689547074945848,0.3023255813953488,0.0,nan,0.044449213161659513,1.010101010101008e-05,1.0,43.0,364.0,3.828312873840332,0.19915403798620446,0.0004343324578003904,0.3971481902219409,0.0,-1.3465708286967129,1.9740983330993913,159.7622293829918,213.88897621631622,,,,,,,,,,,,
99.0,0.0,177.0,8.573801986202607,1.0,0.9567385244571944,0.33962264150943394,0.0,nan,0.044391988555078685,5.05050505050504e-06,1.0,53.0,462.0,4.331847190856934,0.24978740097992613,0.020575847830789584,0.45681817985899253,0.0,-9.186726845335215,-28.845007036579773,167.1570210158825,224.22028109431267,,,,,,,,,,,,
100.0,0.0,117.0,6.534481525272134,1.0,0.8439219667069955,0.41935483870967744,0.0,0.19999999999999996,0.044334763948497856,0.0,1.0,31.0,261.0,2.089197874069214,0.191516587091769,0.03395285262354264,0.3146878024310844,0.0,0.8411901136860251,16.85274029430002,152.07544580101967,211.0488708615303,1.0,1.0,1.0,0.0,1.0,0.43889114260673523,2.3071365356445312,11.766189814545214,79.0,1.0,181.0,307.63908675365184
101.0,0.0,152.0,8.49423224017025,1.0,0.9069077857644109,0.4,0.0,nan,0.04427753934191703,0.0,1.0,45.0,391.0,4.656243681907654,0.19127491706160527,0.0006374145523978525,0.3809407562113354,0.0,-9.292247786652297,7.47246153652668,144.70035231113434,186.2270449846983,,,,,,,,,,,,
102.0,0.0,97.0,7.740316816270358,1.0,0.9513995643558294,0.275,0.0,nan,0.0442203147353362,0.0,1.0,40.0,331.0,1.7247516214847565,0.08357895166125218,0.002585910270675562,0.1617137971315632,0.0,-0.6048099726904184,-10.767107348656282,104.26439796388149,143.60087338089943,,,,,,,,,,,,
103.0,0.0,177.0,10.005940645113604,1.0,0.8471518149912884,0.4166666666666667,0.0,nan,0.04416309012875537,0.0,1.0,60.0,523.0,8.40156865119934,0.15156917557199767,0.0004952788584007412,0.30188788455215665,0.0,7.377070968213957,2.714927119901404,146.88175289332867,191.26891255378723,,,,,,,,,,,,
104.0,0.0,200.0,8.049250042438523,0.75,0.8836669660215438,0.35714285714285715,0.0,nan,0.04410586552217454,0.0,1.0,56.0,510.0,4.9858338832855225,0.28954428060410464,0.050868959617993426,0.47663746817067243,0.0,-24.49123028595932,-55.79830024507828,139.96456502377987,223.52391855418682,,,,,,,,,,,,
105.0,0.0,114.0,7.003873017635201,1.0,0.9593865615624497,0.2857142857142857,0.0,nan,0.044048640915593705,0.0,1.0,35.0,283.0,2.209512412548065,0.2101885899859326,0.002057338003996989,0.4159645679398878,0.0,-7.129699335899204,-11.555511463666335,97.56515850126743,209.30316899716854,,,,,,,,,,,,
106.0,0.0,164.0,10.22975051935764,1.0,0.9310556532091873,0.3548387096774194,0.0,nan,0.043991416309012876,0.0,1.0,62.0,538.0,6.362785458564758,0.09790155198345474,0.0017534078749078448,0.1920010430781846,0.0,1.6821855190210044,-4.633139225654304,84.25429351627827,171.89459331333637,,,,,,,,,,,,
107.0,0.0,173.0,10.6814041028172,1.0,0.9182962488876386,0.36619718309859156,0.0,nan,0.04393419170243205,0.0,1.0,71.0,646.0,7.16317617893219,0.055280356320054125,0.009047459187627283,0.09223487222548776,0.0,3.38989710342139,5.1873325617052615,119.91527333110571,191.63987705111504,,,,,,,,,,,,
108.0,0.0,83.0,2.092174464389685,0.25,0.8876860924629121,0.4444444444444444,0.0,nan,0.04387696709585122,0.0,1.0,36.0,283.0,6.279525279998779,0.723887967581959,0.09187692449370188,1.2628315242462875,0.0,-8.421147292014211,-2.185826076194644,177.68229165673256,274.87322705984116,,,,,,,,,,,,
109.0,0.0,141.0,5.261243122145544,0.5,0.872062814272809,0.38,0.0,nan,0.04381974248927039,0.0,1.0,50.0,442.0,3.651466965675354,0.6192891910009166,0.11660618196805195,1.00418476011399,0.0,4.114891809411347,-48.121765931136906,149.8739859163761,325.44883275032043,,,,,,,,,,,,
110.0,0.0,177.0,9.99255268160256,1.0,0.8847231144113464,0.34285714285714286,0.0,0.19999999999999996,0.04376251788268956,0.0,1.0,70.0,604.0,4.334884762763977,0.16889883442263454,0.026391734981022097,0.28362815119027873,0.0,-1.8827057981397957,-11.64094066619873,58.30343072488904,110.97326059639454,1.0,1.0,1.0,0.0,1.0,0.643329381942749,2.0298714637756348,11.770756914280355,77.0,1.0,178.0,292.66476868212254
111.0,0.0,162.0,9.083849669732166,1.0,0.9238117151684623,0.375,0.0,nan,0.043705293276108725,0.0,1.0,56.0,478.0,3.0768110752105713,0.18294298293790234,0.007658523401005368,0.34977093225286016,0.0,22.8017425253056,-19.510621252004057,96.18821688741446,168.10214671492577,,,,,,,,,,,,
112.0,0.0,187.0,10.135669199600834,1.0,0.8750650488393192,0.45901639344262296,0.0,nan,0.043648068669527904,0.0,1.0,61.0,536.0,6.179627537727356,0.31875031594893244,0.0028819952179235386,0.6315510797735737,0.0,-4.037314800545573,11.21135737025179,92.22867826372385,172.51631651818752,,,,,,,,,,,,
113.0,0.0,178.0,8.665625476762663,1.0,0.8831703340730462,0.35294117647058826,0.0,nan,0.04359084406294707,0.0,1.0,51.0,433.0,4.5533287525177,0.22271473289856658,0.013486116765863976,0.4182781462974975,0.0,-51.9170394372195,-11.550938118249178,151.4409855157137,234.47203868627548,,,,,,,,,,,,
114.0,0.0,160.0,8.950938002541672,1.0,0.8993000953748311,0.4339622641509434,0.0,nan,0.04353361945636624,0.0,1.0,53.0,444.0,4.832761168479919,0.15819168709595033,0.00259980782295699,0.31089842800826517,0.0,4.848311739508063,-1.091549531556666,148.05435468256474,241.40661239624023,,,,,,,,,,,,
115.0,0.0,200.0,6.147750763148076,0.75,0.7380678851922581,0.5636363636363636,0.0,nan,0.04347639484978541,0.0,1.0,55.0,468.0,4.792383432388306,0.6879272829833099,0.16682964559161562,1.0229345317505834,0.0,225.2093756319955,69.8812755253166,113.27067217975855,348.7525036036968,,,,,,,,,,,,
116.0,0.0,200.0,9.130868678391,0.75,0.9409998469269334,0.3283582089552239,0.0,nan,0.04341917024320458,0.0,1.0,67.0,601.0,5.447086542844772,0.1288735504001579,0.01584722453090138,0.22575989633743632,0.0,-22.889490391127765,6.38366209063679,199.1140164732933,377.5762684941292,,,,,,,,,,,,
117.0,0.0,70.0,2.1459722162038117,0.25,0.9153890447148528,0.3870967741935484,0.0,nan,0.04336194563662375,0.0,1.0,31.0,247.0,4.1410276889801025,0.42220922678513195,0.01894736899736415,0.8063376539988543,0.0,-1.5792790270044736,-30.762470372775304,253.61778568159713,414.7373637458091,,,,,,,,,,,,
118.0,0.0,122.0,8.027457604734236,1.0,0.9035481687741123,0.4186046511627907,0.0,nan,0.043304721030042924,0.0,1.0,43.0,361.0,2.9726980924606323,0.21751742493438542,0.007721482123778767,0.4192030990021651,0.0,20.377277463674545,4.950046463869512,265.0590209364891,389.14997881650925,,,,,,,,,,,,
119.0,0.0,190.0,9.49339427210392,1.0,0.8557965439954714,0.41818181818181815,0.0,nan,0.04324749642346209,0.0,1.0,55.0,472.0,6.810482025146484,0.3571970588157001,0.0033198131113510443,0.707500314763827,0.0,-5.668457422405481,-0.917015491053462,296.45618122816086,398.33902275562286,,,,,,,,,,,,
120.0,0.0,118.0,7.845978244133302,1.0,0.947365772273029,0.325,0.0,0.19999999999999996,0.04319027181688126,0.0,1.0,40.0,343.0,3.296357214450836,0.23708390998513096,0.0007620397857603933,0.4722746755773467,0.0,0.47430678084492683,-13.059318031184375,289.019336104393,393.1264495253563,1.0,1.0,1.0,0.0,1.0,0.45258453488349915,2.3217530250549316,11.765254458645359,77.0,1.0,179.0,298.9096820829812
121.0,0.0,155.0,9.543421162366881,1.0,0.9377384452928925,0.32727272727272727,0.0,nan,0.04313304721030043,0.0,1.0,55.0,482.0,5.037121295928955,0.10343359194217783,0.0059468711428607435,0.19471019917878607,0.0,-7.318070563487709,-5.992587355955038,238.3647037744522,362.78546887636185,,,,,,,,,,,,
122.0,0.0,166.0,7.8473514974117355,1.0,0.8631061070781605,0.3953488372093023,0.0,nan,0.0430758226037196,0.0,1.0,43.0,335.0,3.7738845348358154,0.3248262629710723,0.00019756197090536887,0.6489181672658191,0.0,-22.333216704893857,-12.636624330072664,260.90954995155334,350.2978128194809,,,,,,,,,,,,
123.0,0.0,169.0,9.708133095307295,1.0,0.9604110825336083,0.3382352941176471,0.0,nan,0.04301859799713877,0.0,1.0,68.0,606.0,3.3097735047340393,0.10133115664126535,0.01569564278354818,0.17012690570647532,0.0,-16.115953747648746,-10.147397184628062,164.8641333580017,299.7829906344414,,,,,,,,,,,,
124.0,0.0,174.0,8.694721988067043,1.0,0.9063430104314811,0.40816326530612246,0.0,nan,0.042961373390557944,0.0,1.0,49.0,431.0,3.0892662405967712,0.17125450112541785,0.00944789338668331,0.32336504221409523,0.0,1.7824765229597688,-7.946778733283281,194.82172882556915,319.9172191619873,,,,,,,,,,,,
125.0,0.0,126.0,5.840122214928286,0.25,0.9002230678894065,0.423728813559322,0.0,nan,0.04290414878397711,0.0,1.0,59.0,501.0,5.395758867263794,0.6337841124089891,0.14616295175520477,0.9661532480074584,0.0,-45.62288923293818,40.26162378489971,242.86702504754066,417.7913508415222,,,,,,,,,,,,
126.0,0.0,142.0,8.588183296881628,1.0,0.8807019140408867,0.45614035087719296,0.0,nan,0.04284692417739629,0.0,1.0,57.0,491.0,2.9808350205421448,0.13798061792931549,0.013609235109225185,0.24715567295370677,0.0,-9.060370586812496,23.550203077495098,166.04796251654625,289.3410854935646,,,,,,,,,,,,
127.0,0.0,41.0,0.07009717464447013,0.0,0.9580068802343864,0.3333333333333333,0.0,nan,0.04278969957081545,0.0,1.0,21.0,164.0,10.30433177947998,1.2807724245294372,0.044234793354162985,2.4694473579137366,0.0,-48.46350885600579,-29.937616740784993,360.21061036644915,441.21255437339227,,,,,,,,,,,,
128.0,0.0,78.0,3.3897324381768743,0.0,0.9197906629357948,0.4166666666666667,0.0,nan,0.04273247496423462,0.0,1.0,36.0,291.0,3.387770414352417,0.337930903821416,0.007526859878243197,0.6606065641998953,0.0,4.713462078012526,-31.782738966867328,329.0239757299423,425.4012370109558,,,,,,,,,,,,
129.0,0.0,76.0,3.7636621339060383,0.5,0.785783734694072,0.5161290322580645,0.0,nan,0.04267525035765379,0.0,1.0,31.0,257.0,3.6552401781082153,0.3450300075227233,0.008421154738525338,0.6687683153145919,0.0,3.932871522847563,-65.21009219950065,240.92389653623104,342.3857996761799,,,,,,,,,,,,
130.0,0.0,175.0,9.603382476568239,1.0,0.9674192592779771,0.3275862068965517,0.0,0.19999999999999996,0.042618025751072965,0.0,1.0,58.0,509.0,4.384812831878662,0.5021298633009792,0.12555213242468533,0.7528487903172474,0.0,20.448316756403074,-0.0685143293812871,124.27365626394749,260.1569249033928,1.0,1.0,1.0,0.0,1.0,0.775147557258606,2.2579946517944336,11.733286951188347,78.0,1.0,184.0,297.60446460029607
131.0,0.0,58.0,3.3721030104160308,0.5,0.9093617623618266,0.41379310344827586,0.0,nan,0.042560801144492136,0.0,1.0,29.0,223.0,4.394666075706482,0.4940344816283375,0.04142611465230741,0.900905616828592,0.0,-44.86900698443699,-71.61623625691162,243.55666114396578,354.91818114139573,,,,,,,,,,,,
132.0,0.0,74.0,3.7867228015512246,0.5,0.9081845113268646,0.3939393939393939,0.0,nan,0.04250357653791131,0.0,1.0,33.0,268.0,2.838911533355713,0.38513256309340704,0.0642686079052055,0.6376130890309675,0.0,29.59982696850784,-34.01878283917904,215.93489346653223,299.6124410033226,,,,,,,,,,,,
133.0,0.0,139.0,9.353139562681331,1.0,0.8868768157038839,0.3888888888888889,0.0,nan,0.04244635193133047,0.0,1.0,54.0,464.0,3.4547238945961,0.202011812450678,0.0016966069031847386,0.4003659154391426,0.0,-11.034193944185972,-2.1415861463174224,200.71005827188492,305.4287665486336,,,,,,,,,,,,
134.0,0.0,61.0,2.5124270922690637,0.25,0.8114929004002026,0.41379310344827586,0.0,nan,0.04238912732474964,0.0,1.0,29.0,238.0,3.1673502922058105,0.37525641455199127,0.023366899685418753,0.6989130072238788,0.0,68.1414596874173,-45.56791778372116,318.33600257424746,391.16119839964796,,,,,,,,,,,,
135.0,0.0,117.0,8.010443639010198,1.0,0.9090718567024054,0.4318181818181818,0.0,nan,0.042331902718168814,0.0,1.0,44.0,350.0,2.171364963054657,0.296380546098419,0.00047964276241607706,0.5915273916269186,0.0,-3.8486177171580493,-2.758259202586487,189.61008194088936,270.08143481612206,,,,,,,,,,,,
136.0,0.0,128.0,7.758638673648246,1.0,0.9248519387455987,0.41025641025641024,0.0,nan,0.042274678111587985,0.0,1.0,39.0,330.0,4.713360071182251,0.36889780648243686,0.0004775254830811093,0.7364976275176223,0.0,4.9047861457802355,16.11782773246523,200.61570070683956,306.5733636915684,,,,,,,,,,,,
137.0,0.0,96.0,7.370520789474254,1.0,0.9259371962115772,0.39473684210526316,0.0,nan,0.042217453505007156,0.0,1.0,38.0,303.0,1.6321113109588623,0.14307168837183326,0.005711473543709822,0.27445756440177105,0.0,7.142959263641387,7.928464319324121,194.80540269613266,289.93183571100235,,,,,,,,,,,,
138.0,0.0,168.0,9.08859086781742,1.0,0.91903212337061,0.3548387096774194,0.0,nan,0.04216022889842633,0.0,1.0,62.0,525.0,5.315974593162537,0.18195083577785454,0.014868343291259304,0.33143328069656874,0.0,6.08742617466487,25.68530944152735,135.02109826076776,208.97189770266414,,,,,,,,,,,,
139.0,0.0,67.0,1.5504894125461597,0.0,0.9062125751054104,0.4411764705882353,0.0,nan,0.0421030042918455,0.0,1.0,34.0,268.0,5.930773973464966,0.8632498964017152,0.2918023924036901,1.1289930917326494,0.0,-28.672254047414754,92.38929557451047,224.5312724262476,316.28353272378445,,,,,,,,,,,,
140.0,0.0,114.0,7.530265454053885,1.0,0.9074804864692257,0.3783783783783784,0.0,0.0,0.04204577968526467,0.0,1.0,37.0,311.0,1.6067124009132385,0.20617354598732618,0.001974405270912527,0.40812306966972933,0.0,-9.956544673303142,-4.78813797631301,137.9220114648342,203.22222058475018,1.0,1.0,1.0,0.0,1.0,0.5156146287918091,2.2305502891540527,11.748232902726158,76.0,1.0,174.0,280.21193106681136
141.0,0.0,119.0,7.166371575631205,1.0,0.7700409833745243,0.4358974358974359,0.0,nan,0.041988555078683834,0.0,1.0,39.0,307.0,1.772585779428482,0.18024450684242765,0.009263132452096201,0.34165924082095245,0.0,-2.8643175887409598,11.342380128335208,82.0132659599185,165.95561681687832,,,,,,,,,,,,
142.0,0.0,97.0,7.121021807380025,1.0,0.9182663991225015,0.37142857142857144,0.0,nan,0.041931330472103005,0.0,1.0,35.0,280.0,1.290675550699234,0.09497008797075068,0.0008269503236988385,0.18804358869378568,0.0,-8.07007237453945,9.102804327383637,103.11365022882819,216.30341628193855,,,,,,,,,,,,
143.0,0.0,163.0,8.860456580519688,1.0,0.8246240565113871,0.5294117647058824,0.0,nan,0.041874105865522177,0.0,1.0,51.0,421.0,4.8654621839523315,0.2580983221629367,0.0014200599317817364,0.5130478580995972,0.0,3.391197804361582,-0.14025102436426096,98.42642952501774,205.59744092822075,,,,,,,,,,,,
144.0,0.0,184.0,9.62783820368351,1.0,0.8207217367192031,0.48214285714285715,0.0,nan,0.04181688125894135,0.0,1.0,56.0,475.0,8.28435206413269,0.2772898794927414,0.00047113656863295716,0.5533422241445543,0.0,4.550723945605569,-10.083040339173749,95.5071985796094,245.0330881178379,,,,,,,,,,,,
145.0,0.0,21.0,-0.10626711606979375,0.0,0.5907335182646277,0.6875,0.0,nan,0.04175965665236052,0.0,1.0,16.0,84.0,7.382164716720581,1.2780527727563389,0.16707024032388876,2.210208991617297,0.0,60.29664992150806,-125.94624188968113,255.3727250780378,341.7892446063814,,,,,,,,,,,,
146.0,0.0,118.0,8.790210585631442,1.0,0.8735551543918737,0.46938775510204084,0.0,nan,0.04170243204577968,0.0,1.0,49.0,424.0,2.4148385524749756,0.13847717847875174,0.005202561893435487,0.2663226769435676,0.0,-6.101724515319802,3.209247129969299,80.59467684105039,137.1920752003789,,,,,,,,,,,,
147.0,0.0,139.0,8.552560387253772,1.0,0.9459989048639948,0.3157894736842105,0.0,nan,0.04164520743919886,0.0,1.0,57.0,482.0,2.690742015838623,0.2975922318883022,0.15884341631604437,0.2680082014300531,0.0,-18.338494769996032,-42.32573629706167,133.64621829986572,203.19558222591877,,,,,,,,,,,,
148.0,0.0,159.0,9.25566406771542,1.0,0.8855831283642182,0.375,0.0,nan,0.041587982832618026,0.0,1.0,56.0,485.0,5.692822456359863,0.2045117785049797,0.0012607119849894488,0.4061750737922818,0.0,-4.487459956668317,-11.062318086624146,148.13841450214386,258.33765521645546,,,,,,,,,,,,
149.0,0.0,129.0,8.798547098115097,1.0,0.9004089067497765,0.42857142857142855,0.0,nan,0.0415307582260372,0.0,1.0,49.0,422.0,3.463403880596161,0.10833162518179051,0.0015017242405193088,0.2133979234651373,0.0,-5.764697953360155,15.29416392953135,147.289877474308,218.09549701213837,,,,,,,,,,,,
150.0,0.0,135.0,9.648193335384146,1.0,0.9215596503818749,0.36666666666666664,0.0,0.0,0.04147353361945637,0.0,1.0,60.0,521.0,3.7605981826782227,0.08001793096855181,0.02865273006035096,0.10245594414469039,0.0,-25.326251504477113,-4.304346271557733,155.5159219801426,267.72464096546173,1.0,1.0,1.0,0.0,1.0,0.6509367227554321,2.1406197547912598,11.768373587401584,75.0,1.0,176.0,286.44072226412624
151.0,0.0,149.0,8.870679740980279,1.0,0.7385917004256324,0.58,0.0,nan,0.04141630901287554,0.0,1.0,50.0,430.0,3.313369572162628,0.12343970209158783,0.023814761789886063,0.1989926991817681,0.0,-4.9909124785335734,-0.668657077010721,157.7835555076599,275.1423258781433,,,,,,,,,,,,
152.0,0.0,151.0,8.779214549511682,1.0,0.7701018680071365,0.56,0.0,nan,0.04135908440629471,0.0,1.0,50.0,422.0,3.048971474170685,0.09640851428684982,0.003140411305641466,0.18627393307214746,0.0,-15.2253430953715,3.569272628519684,158.72737658023834,238.92766255140305,,,,,,,,,,,,
153.0,0.0,156.0,8.90105645194651,1.0,0.7543778561183075,0.6041666666666666,0.0,nan,0.04130185979971388,0.0,1.0,48.0,421.0,4.4922016859054565,0.15058289406010772,0.0002702014825175514,0.30032277004484165,0.0,-13.776799601269886,14.706137693719938,203.3403489291668,296.2498821616173,,,,,,,,,,,,
154.0,0.0,138.0,7.474868904873734,1.0,0.7940674518985568,0.5526315789473685,0.0,nan,0.04124463519313305,0.0,1.0,38.0,307.0,3.0778982639312744,0.21356316848155643,0.0003277665463032875,0.4262132730778596,0.0,5.473950368817896,14.833784935530275,204.2906878888607,289.367948949337,,,,,,,,,,,,
155.0,0.0,25.0,0.030848383903503362,0.0,0.5923005568654314,0.6666666666666666,0.0,nan,0.04118741058655222,0.0,1.0,15.0,100.0,8.424755811691284,1.1685674112278504,0.019807148388208587,2.2903629165844177,0.0,37.869514431953434,-94.05969223022461,201.84950092315674,277.7036582183838,,,,,,,,,,,,
156.0,0.0,68.0,6.567138762176038,1.0,0.9293515501161099,0.34375,0.0,nan,0.04113018597997139,0.0,1.0,32.0,234.0,1.1965307295322418,0.22277172236838533,0.0024462418445120077,0.44042415640384397,0.0,9.12454335582562,-13.35313321917485,105.9856102894514,150.27221056131216,,,,,,,,,,,,
157.0,0.0,187.0,9.504813479110613,1.0,0.9862121677398261,0.25862068965517243,0.0,nan,0.04107296137339056,0.0,1.0,58.0,536.0,4.705721378326416,0.21357341937954288,0.013845159440052157,0.3992107212466358,0.0,21.551137680420652,26.213943243026733,182.51257457397878,269.1840331442654,,,,,,,,,,,,
158.0,0.0,144.0,8.731909807398928,1.0,0.9618832018440316,0.2708333333333333,0.0,nan,0.04101573676680973,0.0,1.0,48.0,415.0,3.6033864617347717,0.21884221050754604,0.01322524658256758,0.41096796749617326,0.0,-32.98580350074917,5.470153821632266,273.4021934568882,377.54212760925293,,,,,,,,,,,,
159.0,0.0,120.0,7.594981967769571,1.0,0.9056859452539835,0.43902439024390244,0.0,nan,0.0409585121602289,0.0,1.0,41.0,328.0,1.8702503144741058,0.1266663712470404,0.0012478135197575568,0.2504943402911598,0.0,-11.65242715261411,-14.340645667631179,227.58212625980377,339.6870023012161,,,,,,,,,,,,
160.0,0.0,157.0,8.50367728881539,1.0,0.9106319698614217,0.3829787234042553,0.0,0.0,0.04090128755364807,0.0,1.0,47.0,420.0,2.3978148102760315,0.11976450823721052,0.03774109514587565,0.16381777297348865,0.0,1.9970687305321917,16.202649728860706,155.56939017027617,243.3893787562847,1.0,1.0,1.0,0.0,1.0,0.6099169254302979,2.047292709350586,11.769697777810507,79.0,1.0,185.0,318.85053908601435
161.0,0.0,127.0,8.67807524804027,1.0,0.8785108079558077,0.41509433962264153,0.0,nan,0.040844062947067244,0.0,1.0,53.0,431.0,2.808149039745331,0.13313238950649975,0.015046923495304121,0.2358660387833829,0.0,2.271308002062142,-14.412598329596221,195.09449256956577,279.68855848908424,,,,,,,,,,,,
162.0,0.0,175.0,10.126416932716984,1.0,0.9390728705254252,0.26229508196721313,0.0,nan,0.04078683834048641,0.0,1.0,61.0,543.0,6.756385087966919,0.12481797267503225,0.028741230384520478,0.1919194311029333,0.0,-16.512518420815468,-5.574406755506061,150.08588004112244,256.2183270454407,,,,,,,,,,,,
163.0,0.0,198.0,10.296425430849212,1.0,0.9283147337081952,0.38461538461538464,0.0,nan,0.04072961373390558,0.0,1.0,65.0,570.0,4.34239998459816,0.15200121465045413,0.00038608081623792145,0.30295602266965194,0.0,6.530529306735843,3.8911571310600266,169.0201419442892,259.2460093796253,,,,,,,,,,,,
164.0,0.0,165.0,9.460548878014102,1.0,0.8876937215592127,0.3333333333333333,0.0,nan,0.04067238912732475,0.0,1.0,57.0,503.0,3.5445178151130676,0.13559938497087387,0.02434639033919689,0.22228519721875215,0.0,-41.64154369849712,23.111474049743265,197.06453642249107,293.8896595239639,,,,,,,,,,,,
165.0,0.0,132.0,8.475612118020665,1.0,0.9401755341819924,0.3695652173913043,0.0,nan,0.04061516452074392,0.0,1.0,46.0,398.0,2.5152764320373535,0.11917216276930276,0.0007103828745780305,0.23662873405805662,0.0,4.765775932231918,-2.114753964851843,181.6765613257885,267.6904470026493,,,,,,,,,,,,
166.0,0.0,164.0,9.20698011375965,1.0,0.870609730668689,0.43137254901960786,0.0,nan,0.040557939914163094,0.0,1.0,51.0,452.0,3.947014570236206,0.12255006959344428,0.006850894572464572,0.23116830772938446,0.0,17.209119026258122,-0.5194193660281599,141.5482915341854,218.44796572625637,,,,,,,,,,,,
167.0,0.0,138.0,9.103753894045964,1.0,0.902309959037642,0.3888888888888889,0.0,nan,0.040500715307582265,0.0,1.0,54.0,476.0,3.176715612411499,0.10466740132068253,0.0004208845737463385,0.20802146229492502,0.0,8.523938717436977,7.6028274681884795,135.65829519927502,202.61885091662407,,,,,,,,,,,,
168.0,0.0,173.0,9.500851318314687,1.0,0.8634985981587106,0.4827586206896552,0.0,nan,0.040443490701001436,0.0,1.0,58.0,507.0,4.057083606719971,0.16830034483436407,0.017161011038845597,0.3019776679358379,0.0,-10.956837263191119,13.387492436915636,164.65022916346788,302.17755848169327,,,,,,,,,,,,
169.0,0.0,61.0,0.8671910808049151,0.0,0.781042436515515,0.45161290322580644,0.0,nan,0.0403862660944206,0.0,1.0,31.0,244.0,12.822343111038208,1.300721829580742,0.11193186177294692,2.372806397951431,0.0,-12.320923330842472,-4.83194891302312,248.40537918591107,405.90588225693,,,,,,,,,,,,
170.0,0.0,153.0,8.181816557757566,1.0,0.8704432237902068,0.3409090909090909,0.0,0.0,0.04032904148783977,0.0,1.0,44.0,369.0,3.5146100521087646,0.24793841183441145,0.001456388984646395,0.49268601470932083,0.0,4.532986875157803,2.2457915351260453,145.29417668282986,267.479988604784,1.0,1.0,1.0,0.0,1.0,0.48054471611976624,2.0741043090820312,11.747311980463564,74.0,1.0,176.0,280.19990689471393
171.0,0.0,123.0,7.542753028459853,1.0,0.8003167928021564,0.5128205128205128,0.0,nan,0.04027181688125894,0.0,1.0,39.0,329.0,2.3062663078308105,0.243345649454227,0.0011085815814508848,0.48419081825905796,0.0,-17.313694350144942,10.881163028301671,107.1090536415577,225.83947879076004,,,,,,,,,,,,
172.0,0.0,166.0,8.9712574478984,1.0,0.9456578916662495,0.34,0.0,nan,0.040214592274678114,0.0,1.0,50.0,447.0,4.747330069541931,0.19137098877416747,0.0004675058418692202,0.3815434190779315,0.0,1.1387758685741574,3.7345839457120746,108.8115126490593,187.38300067186356,,,,,,,,,,,,
173.0,0.0,74.0,2.0542468291148586,0.0,0.8295557858218737,0.5135135135135135,0.0,nan,0.040157367668097285,0.0,1.0,37.0,296.0,6.96462082862854,0.8538265065913038,0.10802598319941126,1.4864502450147654,0.0,22.5679067625897,-45.339861382963136,241.19426104426384,374.4055198431015,,,,,,,,,,,,
174.0,0.0,173.0,10.0160474605486,1.0,0.9591965748438969,0.30303030303030304,0.0,nan,0.040100143061516456,0.0,1.0,66.0,599.0,4.001642972230911,0.23624215981703856,0.03818993971132806,0.3944642400404945,0.0,-10.260172800626606,26.14641274139285,120.64465223252773,212.98126247525215,,,,,,,,,,,,
175.0,0.0,200.0,7.941510993465796,0.75,0.9231079865864078,0.3508771929824561,0.0,nan,0.04004291845493563,0.0,1.0,57.0,501.0,3.4156394004821777,0.36779178481344843,0.1808345558762623,0.35804619214061173,0.0,-12.338292934000492,98.31030010152608,218.43445828184485,329.3147526830435,,,,,,,,,,,,
176.0,0.0,131.0,9.02769737955184,1.0,0.8840130159042254,0.45098039215686275,0.0,nan,0.03998569384835479,0.0,1.0,51.0,436.0,3.145981729030609,0.26331288971181266,0.0014750344757725742,0.5234199315368486,0.0,-1.880488958209753,-6.327781485393643,142.28826695680618,226.1236678659916,,,,,,,,,,,,
177.0,0.0,164.0,8.191320464909085,1.0,0.9084818238758982,0.36363636363636365,0.0,nan,0.03992846924177396,0.0,1.0,44.0,384.0,5.004308700561523,0.4857698566485169,0.0009695349563116906,0.9693293068128384,0.0,-4.694906750693917,-1.3880657143890858,174.4285283833742,248.03090447187424,,,,,,,,,,,,
178.0,0.0,188.0,7.954945118650813,0.5,0.9087383985320645,0.3709677419354839,0.0,nan,0.039871244635193134,0.0,1.0,62.0,558.0,8.083080172538757,0.5870065872240957,0.023498065933516887,1.1155911990227878,0.0,83.49422825174406,-45.6770707196556,216.8766750395298,317.37320253252983,,,,,,,,,,,,
179.0,0.0,81.0,3.551869325265294,0.25,0.9193276582661366,0.35135135135135137,0.0,nan,0.039814020028612306,0.0,1.0,37.0,318.0,3.1083495020866394,0.5350490939950987,0.08960084480471764,0.8826575536107057,0.0,-64.43500602059066,-1.9956439202651381,267.3957684189081,400.2395434975624,,,,,,,,,,,,
180.0,0.0,171.0,9.313029960095896,1.0,0.9138332275518116,0.36,0.0,0.0,0.03975679542203148,0.0,1.0,50.0,453.0,3.2990204095840454,0.2546049423774548,0.0009879474348757356,0.5069595568259899,0.0,-19.72011789632961,-2.1537191197276115,122.17841009050608,234.42829778790474,1.0,1.0,1.0,0.0,1.0,0.28872576355934143,2.4558892250061035,11.765196895226836,73.0,1.0,177.0,286.4289515554163
181.0,0.0,142.0,7.869735693410044,1.0,0.9803912413313957,0.2564102564102564,0.0,nan,0.03969957081545065,0.0,1.0,39.0,336.0,2.3916174173355103,0.23415404780746485,0.0005950135760031117,0.4668407929117109,0.0,9.14605485391803,-9.254639989696443,129.06431253999472,267.2474217712879,,,,,,,,,,,,
182.0,0.0,166.0,9.36821373984219,1.0,0.8554912320056568,0.4107142857142857,0.0,nan,0.03964234620886982,0.0,1.0,56.0,481.0,3.008115768432617,0.1264819687293368,0.014780038416546404,0.2231914424421717,0.0,-17.85600970638916,-3.716025651898235,105.66036435961723,211.5794790238142,,,,,,,,,,,,
183.0,0.0,142.0,9.425769447758809,1.0,0.9059397052920972,0.37037037037037035,0.0,nan,0.03958512160228898,0.0,1.0,54.0,476.0,3.232197880744934,0.12647993145344572,0.014829202868250846,0.22304037200335358,0.0,18.059840137138963,7.176405847771093,144.37326243519783,243.46144950389862,,,,,,,,,,,,
184.0,0.0,154.0,9.868239239156262,1.0,0.8785713222439393,0.44642857142857145,0.0,nan,0.039527896995708155,0.0,1.0,56.0,503.0,4.100978970527649,0.16645067426247806,0.004373412239530694,0.32389248731472975,0.0,-3.4668232891708612,2.958928335807286,120.76163782179356,247.3250526189804,,,,,,,,,,,,
185.0,0.0,69.0,1.3928418191522396,0.0,0.8507542298230747,0.42424242424242425,0.0,nan,0.039470672389127326,0.0,1.0,33.0,276.0,7.757527112960815,0.7726769168265264,0.013366634544225153,1.5181166957511678,0.0,-2.633111837087199,32.96560894884169,258.8865400850773,334.7947995364666,,,,,,,,,,,,
186.0,0.0,148.0,8.92662372156979,1.0,0.9191184136345921,0.3333333333333333,0.0,nan,0.0394134477825465,0.0,1.0,51.0,434.0,2.599699556827545,0.23248065152182562,0.001805095118380784,0.4610842793303327,0.0,-0.10922826640307903,-15.570789485238492,175.21238604187965,276.516116887331,,,,,,,,,,,,
187.0,0.0,193.0,9.024833984449518,1.0,0.8783603740277841,0.4074074074074074,0.0,nan,0.03935622317596567,0.0,1.0,54.0,454.0,3.902655243873596,0.303433700653045,0.015566508969612869,0.5755160204407921,0.0,-13.902958710095845,-3.2296187496976927,151.00987017154694,208.23041811585426,,,,,,,,,,,,
188.0,0.0,152.0,8.335517632402492,1.0,0.8564569422732946,0.3617021276595745,0.0,nan,0.03929899856938484,0.0,1.0,47.0,415.0,3.53048175573349,0.16885600424302538,0.028587844744936808,0.28024269670095237,0.0,3.475236163008958,-13.63568883948028,133.2223258987069,201.45107154548168,,,,,,,,,,,,
189.0,0.0,128.0,8.478478512167941,1.0,0.9184709774135903,0.391304347826087,0.0,nan,0.03924177396280401,0.0,1.0,46.0,410.0,1.6385855674743652,0.12271884308643166,0.03960460022284046,0.16593285598368768,0.0,6.83792819827795,-3.2692123213782907,150.53762927651405,235.9454765021801,,,,,,,,,,,,
190.0,0.0,169.0,9.043288999646915,1.0,0.8937044124795075,0.38461538461538464,0.0,0.0,0.039184549356223175,0.0,1.0,52.0,451.0,3.4712541103363037,0.14193277761782497,0.021605932849052323,0.24038135071217237,0.0,9.35583297163248,-12.904658552026376,183.7759525179863,283.21027994155884,1.0,1.0,1.0,0.0,1.0,0.2864932417869568,2.3465304374694824,11.76908223819919,75.0,1.0,178.0,292.66639463909
191.0,0.0,123.0,9.412366132736219,1.0,0.8500077634879579,0.46296296296296297,0.0,nan,0.03912732474964235,0.0,1.0,54.0,458.0,2.544458031654358,0.08837908730401978,0.0007329499482295887,0.17504053355864757,0.0,-6.03269797982648,-9.5936101883417,145.84797185659409,222.28239074349403,,,,,,,,,,,,
192.0,0.0,167.0,9.520080373808756,1.0,0.8526406905384042,0.4482758620689655,0.0,nan,0.03907010014306152,0.0,1.0,58.0,505.0,5.842085957527161,0.1265288363633772,0.0005858332245551878,0.2516108669708217,0.0,2.426255672937259,-4.972052487079054,187.62368343770504,279.5664671957493,,,,,,,,,,,,
193.0,0.0,200.0,8.81699575345965,0.75,0.8377343251938654,0.47540983606557374,0.0,nan,0.03901287553648069,0.0,1.0,61.0,533.0,2.909229874610901,0.2078742388169985,0.006762724211609061,0.4020048032706711,0.0,-20.095663126325235,3.2134010270237923,156.83618822693825,245.0758973658085,,,,,,,,,,,,
194.0,0.0,137.0,7.230360229015354,1.0,0.9306783462523421,0.35,0.0,nan,0.03895565092989986,0.0,1.0,40.0,342.0,1.6387824416160583,0.2374147284534729,0.060371008722697184,0.3534656114262429,0.0,41.4264591159299,1.8391191670671105,171.46508453786373,256.00011801719666,,,,,,,,,,,,
195.0,0.0,162.0,9.471990922838465,1.0,0.794663558374546,0.4576271186440678,0.0,nan,0.03889842632331903,0.0,1.0,59.0,510.0,4.248692154884338,0.16202310896778727,0.028712132342313623,0.26633989146229,0.0,8.116808347054757,-23.28500384837389,98.65235183387995,172.44772884249687,,,,,,,,,,,,
196.0,0.0,133.0,8.391806937009104,1.0,0.9112940717238557,0.41304347826086957,0.0,nan,0.0388412017167382,0.0,1.0,46.0,405.0,2.1861469745635986,0.12821921727618246,0.0014378881386039044,0.25332753122234397,0.0,8.461849327897653,9.340525955252815,117.8392938375473,188.78041337430477,,,,,,,,,,,,
197.0,0.0,115.0,7.573536181449896,1.0,0.8997651739735807,0.3684210526315789,0.0,nan,0.03878397711015737,0.0,1.0,38.0,315.0,2.390177309513092,0.17919986454410264,0.0008386707877803268,0.35642007721088476,0.0,-9.378035964211449,-0.9728519127238542,156.16689264774323,256.2957903444767,,,,,,,,,,,,
198.0,0.0,162.0,9.411653086692109,1.0,0.836106735270482,0.4444444444444444,0.0,nan,0.038726752503576545,0.0,1.0,54.0,464.0,2.9396981596946716,0.11728633568662872,0.0006941381551710535,0.23289461741920725,0.0,-9.19020056980662,-0.5405061639321502,151.32087814807892,207.80526834726334,,,,,,,,,,,,
199.0,0.0,152.0,9.709291415661593,1.0,0.9014351313055459,0.36065573770491804,0.0,nan,0.03866952789699571,0.0,1.0,61.0,560.0,2.6793346405029297,0.15427758757957122,0.031981747902501745,0.24428936284945024,0.0,4.220522806397639,13.990560609614477,159.95008745789528,215.291597366333,,,,,,,,,,,,
200.0,0.0,43.0,0.1900827062129974,0.0,0.9034968390290998,0.375,0.0,0.0,0.03861230329041488,0.0,1.0,24.0,172.0,13.992985010147095,1.4479087913458961,0.06673287104625393,2.7564489331199966,0.0,8.660006446893824,3.1837215534476346,315.29166986775954,406.65385002313656,1.0,1.0,1.0,0.0,1.0,0.6063673496246338,2.1888136863708496,11.756047934293747,75.0,1.0,175.0,283.95461027696757
201.0,0.0,143.0,9.33120880387725,1.0,0.9083350933926806,0.41509433962264153,0.0,nan,0.03855507868383405,0.0,1.0,53.0,455.0,2.8359017372131348,0.2193931271913243,0.003018173872412433,0.4324782721433138,0.0,-17.14529856145964,-8.310973257233854,126.17380088381469,201.47207398340106,,,,,,,,,,,,
202.0,0.0,200.0,7.136652681157007,0.75,0.8708211232982209,0.4444444444444444,0.0,nan,0.03849785407725322,0.0,1.0,54.0,473.0,3.879416048526764,0.571919826807715,0.10022935661833943,0.924559832769297,0.0,-184.90941990236752,43.95267700916156,243.76521380245686,343.20982509851456,,,,,,,,,,,,
203.0,0.0,180.0,9.577064425423757,1.0,0.8400209060860455,0.41818181818181815,0.0,nan,0.038440629470672394,0.0,1.0,55.0,488.0,5.178128719329834,0.5818829879956411,0.003677946332970805,1.156145693141319,0.0,2.9979953286238015,-5.575210271868855,174.9447881951928,275.90420757234097,,,,,,,,,,,,
204.0,0.0,178.0,10.224342672750371,1.0,0.902260777290617,0.38095238095238093,0.0,nan,0.03838340486409156,0.0,1.0,63.0,531.0,3.795958936214447,0.1492763559173227,0.008900776090576157,0.28052927600975774,0.0,-16.82347647752613,-8.14301147160586,127.38891714811325,207.13609424233437,,,,,,,,,,,,
205.0,0.0,187.0,9.636111003756538,1.0,0.8972328324840679,0.2962962962962963,0.0,nan,0.03832618025751073,0.0,1.0,54.0,476.0,4.927682042121887,0.2519578687277715,0.0008583967970183792,0.5019235166787865,0.0,23.51391300803516,-8.703024842543527,203.54548805765808,267.4268249347806,,,,,,,,,,,,
206.0,0.0,116.0,7.517049944773321,1.0,0.8704373723474131,0.37209302325581395,0.0,nan,0.0382689556509299,0.0,1.0,43.0,345.0,1.9750943183898926,0.23030815162508134,0.07536127058840236,0.3094386980736221,0.0,-1.6644683169433847,-6.95408817846328,118.894332267344,205.69853155314922,,,,,,,,,,,,
207.0,0.0,158.0,9.176094275340454,1.0,0.899019374258529,0.37037037037037035,0.0,nan,0.03821173104434907,0.0,1.0,54.0,485.0,3.3985475301742554,0.15870829795449026,0.04084157299363511,0.2354928705998707,0.0,4.9671709660906345,-5.541331703774631,137.61199305951595,217.18926706910133,,,,,,,,,,,,
208.0,0.0,200.0,7.7021266943216435,0.75,0.9032420420264403,0.3469387755102041,0.0,nan,0.03815450643776824,0.0,1.0,49.0,426.0,4.081834435462952,0.2905910412124513,0.0012740235450507953,0.5784051212102099,0.0,19.30576606700197,0.34577370213810354,187.43119937181473,280.0027496665716,,,,,,,,,,,,
209.0,0.0,189.0,9.034363604709519,1.0,0.9007733257186964,0.4,0.0,nan,0.038097281831187414,0.0,1.0,55.0,465.0,3.240351617336273,0.20014513187851435,0.000527983940779464,0.3989634310984078,0.0,-0.9600833314470947,2.086424235312734,191.50698302686214,272.69858998060226,,,,,,,,,,,,
210.0,0.0,156.0,8.393332034759233,1.0,0.9118238124689197,0.36363636363636365,0.0,0.0,0.038040057224606585,0.0,1.0,44.0,376.0,4.705331563949585,0.2992858622906738,0.00043779527367604487,0.5973518398299973,0.0,15.42027447745204,-9.65589965111576,279.28750506043434,368.1942065358162,1.0,1.0,1.0,0.0,1.0,0.5348939895629883,1.9137064218521118,11.773664880776778,76.0,1.0,179.0,301.4045329960439
211.0,0.0,110.0,8.043360717669136,1.0,0.8892011717330862,0.45652173913043476,0.0,nan,0.03798283261802575,0.0,1.0,46.0,357.0,0.9840031862258911,0.07611643876725793,0.005606863036232923,0.1407582075974122,0.0,16.141369408927858,8.73933122237213,203.9584175348282,320.40155297517776,,,,,,,,,,,,
212.0,0.0,112.0,8.083538054451356,1.0,0.8516530558775144,0.3902439024390244,0.0,nan,0.03792560801144493,0.0,1.0,41.0,359.0,1.7306162118911743,0.09584772113913687,0.0005491729507136056,0.19027475316976894,0.0,-7.009609037078917,-12.98425045190379,184.62048387527466,274.2049815058708,,,,,,,,,,,,
213.0,0.0,130.0,8.65224375009538,1.0,0.8072763803506693,0.40816326530612246,0.0,nan,0.03786838340486409,0.0,1.0,49.0,418.0,2.5329055190086365,0.18509872880804323,0.024948575196102496,0.3200110189103823,0.0,-2.9865579942706972,23.960759264416993,136.66572633571923,203.10509940981865,,,,,,,,,,,,
214.0,0.0,174.0,8.443881907463084,1.0,0.7887917466344798,0.4583333333333333,0.0,nan,0.03781115879828326,0.0,1.0,48.0,409.0,2.555089294910431,0.1588528377358216,0.0016227444651164546,0.3141955786008772,0.0,-8.236159431166016,2.323388257995248,176.7140825688839,244.00963687896729,,,,,,,,,,,,
215.0,0.0,89.0,6.985679964404556,1.0,0.8525886201044305,0.5,0.0,nan,0.037753934191702435,0.0,1.0,38.0,319.0,1.5767540037631989,0.1844702573006316,0.022027520040894977,0.3234828357960613,0.0,-15.64453276770655,-5.75558707723394,148.59576229006052,223.67207193374634,,,,,,,,,,,,
216.0,0.0,161.0,9.610685147345082,1.0,0.899109293898421,0.4067796610169492,0.0,nan,0.037696709585121606,0.0,1.0,59.0,525.0,2.842297375202179,0.17388990501291346,0.07706542040366338,0.19337352227730875,0.0,-2.2909394027665257,4.65694530075416,145.31590446829796,225.22792261838913,,,,,,,,,,,,
217.0,0.0,110.0,8.203658682480464,1.0,0.8392058519531197,0.45454545454545453,0.0,nan,0.03763948497854078,0.0,1.0,44.0,380.0,2.1819777488708496,0.1602689108554216,0.003384829452858784,0.31346737325112173,0.0,20.027190395630896,-16.6055507871788,168.7121955305338,291.4907423257828,,,,,,,,,,,,
218.0,0.0,131.0,7.988966557458052,1.0,0.7512385200250756,0.5952380952380952,0.0,nan,0.03758226037195995,0.0,1.0,42.0,362.0,1.9363738298416138,0.15037223616343454,0.008198659310951761,0.28410394506628656,0.0,-10.918248848989606,-4.054269866086543,197.21337941288948,277.4632211923599,,,,,,,,,,,,
219.0,0.0,136.0,8.055873068645605,1.0,0.85779781149979,0.44680851063829785,0.0,nan,0.03752503576537912,0.0,1.0,47.0,381.0,2.042717695236206,0.08879496503038808,0.007266127666779809,0.16278800190968323,0.0,-4.133679385297,3.8200424439273775,142.4855348840356,198.22614109516144,,,,,,,,,,,,
220.0,0.0,188.0,8.806726120300606,1.0,0.8911637752736291,0.39215686274509803,0.0,0.0,0.037467811158798284,0.0,1.0,51.0,452.0,5.390970945358276,0.18900880299025857,0.011652473979286652,0.35443331680937007,0.0,-3.2956589734531008,-13.121936149895191,198.67963302135468,257.2510426938534,1.0,1.0,1.0,0.0,1.0,0.13192200660705566,2.4333419799804688,11.745179526740685,76.0,1.0,176.0,286.4473183711621
221.0,0.0,161.0,9.357842196151628,1.0,0.8562242178016795,0.4230769230769231,0.0,nan,0.037410586552217455,0.0,1.0,52.0,460.0,2.57033908367157,0.10707194194048952,0.0013782126809838147,0.21110941622374657,0.0,8.446459761355072,1.9950495874509215,173.90932902693748,238.08148843050003,,,,,,,,,,,,
222.0,0.0,101.0,7.729119572266943,1.0,0.8636686603442065,0.43902439024390244,0.0,nan,0.037353361945636626,0.0,1.0,41.0,326.0,1.3169300556182861,0.0862167315494844,0.0017363888188515197,0.16867360355707062,0.0,-1.7267817631363869,-2.7340023210272193,178.1363424807787,232.2740579843521,,,,,,,,,,,,
223.0,0.0,167.0,8.447153620943435,1.0,0.921666605867875,0.3695652173913043,0.0,nan,0.0372961373390558,0.0,1.0,46.0,399.0,3.002171039581299,0.18828393251195052,0.005827686414149991,0.3646452626524308,0.0,-17.073061154980678,4.292737446070532,216.85643664002419,284.02211010456085,,,,,,,,,,,,
224.0,0.0,185.0,10.213884620517511,1.0,0.9368398414451412,0.3548387096774194,0.0,nan,0.03723891273247497,0.0,1.0,62.0,549.0,3.8016529083251953,0.10886588989434642,0.0059058411279985235,0.20564429553323293,0.0,-30.23045968497172,5.630922052834649,169.62411534786224,240.38411045074463,,,,,,,,,,,,
225.0,0.0,136.0,8.608548968099068,1.0,0.8733391694907822,0.4166666666666667,0.0,nan,0.03718168812589413,0.0,1.0,48.0,400.0,2.362858772277832,0.0949967849092559,0.0004905612001131487,0.1887463166623462,0.0,4.344070940220263,-0.9803230375982821,179.2004990130663,256.46316334605217,,,,,,,,,,,,
226.0,0.0,55.0,1.0281464129686364,0.0,0.5627980637477602,0.6071428571428571,0.0,nan,0.03712446351931331,0.0,1.0,28.0,220.0,11.653804540634155,1.125484924090878,0.006307427022079925,2.2381208009003557,0.0,-0.9221187223087658,8.901107367060401,137.6044726220044,210.927345718037,,,,,,,,,,,,
227.0,0.0,84.0,2.7737257809937055,0.25,0.8532040585623076,0.42857142857142855,0.0,nan,0.037067238912732475,0.0,1.0,35.0,294.0,7.707066535949707,0.8771796079133765,0.02217301687258133,1.7098265966877193,0.0,6.118741077370942,-11.531758556840941,108.731041258201,182.35568253695965,,,,,,,,,,,,
228.0,0.0,145.0,6.461972966417685,0.25,0.8395316810271601,0.49056603773584906,0.0,nan,0.037010014306151647,0.0,1.0,53.0,465.0,4.424872159957886,0.6464272356366791,0.00612154177476798,1.2803979640199827,0.0,-12.542887621559203,-1.9908715663477778,155.9728760421276,287.1769706606865,,,,,,,,,,,,
229.0,0.0,200.0,7.916716388836516,0.75,0.8691967924062669,0.30158730158730157,0.0,nan,0.03695278969957082,0.0,1.0,63.0,576.0,2.3004083037376404,0.3219258712767896,0.010296643746244172,0.6231064851989537,0.0,-47.99913567205658,27.685233526863158,144.95914665609598,269.8495987839997,,,,,,,,,,,,
230.0,0.0,140.0,8.750873837545527,1.0,0.9065806234502404,0.4,0.0,0.0,0.03689556509298999,0.0,1.0,50.0,418.0,2.3644298315048218,0.2686621782228258,0.003141535936026285,0.5307970584104567,0.0,-24.74293706950266,-1.5451876145089045,93.49299252126366,172.290170583874,1.0,1.0,1.0,0.0,1.0,0.22749724984169006,2.260598659515381,11.735140881850384,75.0,1.0,176.0,271.4541152154657
231.0,0.0,126.0,7.424972395412628,1.0,0.948084388703204,0.3111111111111111,0.0,nan,0.03683834048640916,0.0,1.0,45.0,375.0,1.214087337255478,0.25803520419049164,0.11222334238759402,0.2895784318959045,0.0,4.136217143386602,52.00777199259028,99.8906933888793,193.703707665205,,,,,,,,,,,,
232.0,0.0,64.0,0.9004012817889465,0.0,0.9458360273614227,0.3125,0.0,nan,0.036781115879828324,0.0,1.0,32.0,256.0,10.055573225021362,0.9434004664042277,0.11115799490445433,1.6606942811697536,0.0,19.117880161385983,-8.382789929397404,275.31644792854786,360.7915311306715,,,,,,,,,,,,
233.0,0.0,143.0,9.12655817896129,1.0,0.844335345216252,0.45098039215686275,0.0,nan,0.036723891273247496,0.0,1.0,51.0,443.0,2.418366014957428,0.1811999278197618,0.0016466448094615838,0.3588604529643149,0.0,-2.4728863282362,-6.181692496174946,127.62161114066839,182.1444901973009,,,,,,,,,,,,
234.0,0.0,24.0,-0.011932899951934861,0.0,0.8670090194215134,0.4666666666666667,0.0,nan,0.03666666666666667,0.0,1.0,15.0,96.0,13.989229679107666,1.1206173157099026,0.03538381934837768,2.146580411840951,0.0,-155.4360662524899,-80.31730482230584,229.11540055274963,305.0789753595988,,,,,,,,,,,,
235.0,0.0,129.0,9.106946859508767,1.0,0.9393276675280846,0.3076923076923077,0.0,nan,0.03660944206008584,0.0,1.0,52.0,450.0,2.9810032844543457,0.2696419607813141,0.0032913809603343225,0.5324794580531176,0.0,1.8703670230461285,5.864359330909792,101.1073522856459,175.64711042121053,,,,,,,,,,,,
236.0,0.0,144.0,7.221652279421693,1.0,0.9696954705247003,0.32432432432432434,0.0,nan,0.03655221745350501,0.0,1.0,37.0,320.0,0.7058209031820297,0.1305572257522556,0.05995203952109751,0.1409673391004539,0.0,29.434041916625574,-14.909934396855533,149.45998664945364,218.66888169944286,,,,,,,,,,,,
237.0,0.0,179.0,9.752387182265538,1.0,0.972233293112526,0.2711864406779661,0.0,nan,0.03649499284692418,0.0,1.0,59.0,526.0,3.8072836995124817,0.19043165575089915,0.07222752459027548,0.23584149717221692,0.0,-15.222790586296469,11.794387660338543,120.34910622984171,188.431870251894,,,,,,,,,,,,
238.0,0.0,145.0,8.435640244185933,1.0,0.8394256143679135,0.4782608695652174,0.0,nan,0.03643776824034335,0.0,1.0,46.0,385.0,2.90766578912735,0.25697239831549723,0.0004294135584811398,0.5127825900117727,0.0,0.711612738436088,15.692772420152323,139.38335351645947,214.3950988650322,,,,,,,,,,,,
239.0,0.0,200.0,6.415493934899579,0.75,0.9650264635887581,0.30612244897959184,0.0,nan,0.03638054363376252,0.0,1.0,49.0,408.0,1.4842279255390167,0.4317961715402703,0.23765183088891817,0.38794366764311405,0.0,-25.146937697660178,-42.41205592080951,92.47546673938632,150.08010944724083,,,,,,,,,,,,
240.0,0.0,75.0,1.522156119793654,0.25,0.9744423979393626,0.3142857142857143,0.0,0.19999999999999996,0.036323319027181694,0.0,1.0,35.0,292.0,10.443107604980469,1.1249206941670309,0.07553281191166947,2.0913758289947735,0.0,-41.217260379577056,-45.90446876361966,239.7105603981763,354.8792213127017,1.0,0.0,0.25,0.5,0.25,-0.0023322701454162598,2.7916574478149414,6.9623319720849395,35.0,1.0,73.0,3.9735205643624107
241.0,0.0,89.0,6.428967314064503,1.0,0.869499363846925,0.3870967741935484,0.0,nan,0.03626609442060086,0.0,1.0,31.0,246.0,0.8389614671468735,0.17210914756216836,0.0222873698000468,0.2994359017423308,0.0,-1.051237079549611,-3.5654995505039286,34.97400929433544,67.59901078638991,,,,,,,,,,,,
242.0,0.0,93.0,7.443457151204353,1.0,0.8910449687642495,0.358974358974359,0.0,nan,0.03620886981402003,0.0,1.0,39.0,310.0,1.0719118118286133,0.22459297392492772,0.002820061613318492,0.44326183589749335,0.0,-10.388468711520545,-2.4780267258174717,145.54111512564123,228.1883541047573,,,,,,,,,,,,
243.0,0.0,122.0,7.2629667069390464,1.0,0.8928174374484473,0.42857142857142855,0.0,nan,0.0361516452074392,0.0,1.0,35.0,299.0,2.656236410140991,0.31055286420928496,0.0019275485214940158,0.6168832627355876,0.0,4.040378338366281,2.6126150311902165,128.52802731096745,274.47543254494667,,,,,,,,,,,,
244.0,0.0,110.0,6.193100980445752,0.25,0.8259178179199489,0.5111111111111111,0.0,nan,0.03609442060085837,0.0,1.0,45.0,384.0,2.880568027496338,0.3840700865019926,0.03456657531529128,0.6973620584076035,0.0,43.742901826510206,-46.130189331946895,243.47200698405504,303.6951858699322,,,,,,,,,,,,
245.0,0.0,189.0,10.216227444931882,1.0,0.9217877085130343,0.40350877192982454,0.0,nan,0.03603719599427754,0.0,1.0,57.0,523.0,4.578191757202148,0.25769153237411047,0.0011825312663135967,0.51274858694401,0.0,-5.733177383430302,1.7822036847937852,140.43837969005108,243.96361711621284,,,,,,,,,,,,
246.0,0.0,122.0,8.280928505286584,1.0,0.8456172556014342,0.45454545454545453,0.0,nan,0.035979971387696714,0.0,1.0,44.0,372.0,2.285018801689148,0.13513241251530417,0.0015803422129656575,0.26687047305155215,0.0,-7.775809020735323,9.390211611054838,165.2082165442407,287.79138550162315,,,,,,,,,,,,
247.0,0.0,99.0,7.27658465839923,1.0,0.9080611866148216,0.4166666666666667,0.0,nan,0.035922746781115886,0.0,1.0,36.0,290.0,1.261335164308548,0.10710945472919775,0.0015109113822631137,0.21097015350016335,0.0,6.662158725783229,-2.419375776546076,87.78400255739689,166.8897519260645,,,,,,,,,,,,
248.0,0.0,150.0,9.255173538476242,1.0,0.8704749252777471,0.37254901960784315,0.0,nan,0.03586552217453505,0.0,1.0,51.0,456.0,2.668869137763977,0.1170160056711893,0.0039346919649325685,0.22591234565010154,0.0,5.844268871238455,9.074594395468011,104.04593715071678,188.67935383319855,,,,,,,,,,,,
249.0,0.0,120.0,7.717622725516565,1.0,0.9340445553743956,0.391304347826087,0.0,nan,0.03580829756795422,0.0,1.0,46.0,396.0,2.269757032394409,0.18116286872532328,0.05418234070058503,0.2521464813936394,0.0,-24.324864839203656,2.039886938408017,123.39577555656433,194.16103687882423,,,,,,,,,,,,
250.0,0.0,118.0,7.257548937201506,1.0,0.9125923513350809,0.4,0.0,0.19999999999999996,0.03575107296137339,0.0,1.0,35.0,290.0,1.3113167583942413,0.10325957598138302,0.0008985039592772637,0.2044863352256503,0.0,3.1730906206648797,-5.685998015746009,123.91964840888977,194.02078993618488,1.0,1.0,1.0,0.0,1.0,0.5405844449996948,2.373746395111084,11.772066863602959,74.0,1.0,175.0,281.44834074564307
251.0,0.0,166.0,8.26450681464748,1.0,0.9432736139000845,0.35294117647058826,0.0,nan,0.035693848354792564,0.0,0.0,51.0,423.0,2.9308650493621826,0.5196835664700927,0.3133877275874525,0.4117834965316446,-0.48751710751093924,-55.00599871110171,-7.3351861564442515,341.76566767692566,427.1066482067108,,,,,,,,,,,,
252.0,0.0,91.0,2.3671173715591514,0.0,0.8627145788932599,0.46511627906976744,0.0,nan,0.035636623748211735,0.0,0.0,43.0,364.0,6.379272818565369,2.197491455195518,0.3243519649233866,3.743974046103134,-0.7175308121368289,29.471725952345878,6.24885040987283,279.68972912430763,365.40573701262474,,,,,,,,,,,,
253.0,0.0,174.0,9.374203368723407,1.0,0.7745328175109427,0.5272727272727272,0.0,nan,0.0355793991416309,0.0,0.0,55.0,472.0,5.097348093986511,0.622815162668843,0.2818350735876514,0.6817022221699309,-0.5664616192225367,24.40234379656613,10.387537891045213,356.6599111557007,438.57999646663666,,,,,,,,,,,,
254.0,0.0,161.0,9.656896987184899,1.0,0.8821749221780636,0.43103448275862066,0.0,nan,0.03552217453505008,0.0,0.0,58.0,505.0,2.681416094303131,0.3193812547760899,0.261026849754293,0.11646253468559171,-0.40963609446771443,3.847945246845484,-17.82805195543915,200.95677767693996,343.0571322441101,,,,,,,,,,,,
255.0,0.0,157.0,8.937912489101304,1.0,0.7872242265858514,0.43333333333333335,0.0,nan,0.03546494992846924,0.0,0.0,60.0,495.0,2.209976613521576,0.39027612986649807,0.2815747824459978,0.21705445520202948,-0.850376108661294,-18.673683299217373,8.711444064974785,263.25701156258583,391.18640744686127,,,,,,,,,,,,
256.0,0.0,109.0,8.192702070102104,1.0,0.8693663361094901,0.37209302325581395,0.0,nan,0.03540772532188841,0.0,0.0,43.0,371.0,1.653208166360855,0.3800876157762758,0.2689114734318382,0.2220976307984086,-0.5658469095360488,44.79129326948896,-9.536936439573765,184.50387012958527,347.92634469270706,,,,,,,,,,,,
257.0,0.0,85.0,2.8773615598678663,0.0,0.7837507657022134,0.5121951219512195,0.0,nan,0.035350500715307584,0.0,0.0,41.0,340.0,4.188501834869385,1.0769381951637342,0.29865334017218403,1.5506974736820398,-0.635367244714871,7.31580646475777,-37.74143813550472,293.7416215389967,406.4395586848259,,,,,,,,,,,,
258.0,0.0,143.0,7.784968974962839,1.0,0.9592652367106019,0.3333333333333333,0.0,nan,0.035293276108726755,0.0,0.0,39.0,334.0,1.311207503080368,0.4115049634580359,0.2954494366850048,0.2317887067044867,-0.6648161285556853,-11.380954755470157,-43.54184492863715,323.3186300396919,424.06620812416077,,,,,,,,,,,,
259.0,0.0,200.0,7.920669652959349,0.75,0.7910273681261282,0.5423728813559322,0.0,nan,0.035236051502145926,0.0,0.0,59.0,513.0,6.712689518928528,0.7229227366034046,0.2859386952110159,0.8724168572217899,-0.6690152431838214,-37.8147327308543,18.349964124616235,243.35051783919334,331.5516051054001,,,,,,,,,,,,
260.0,0.0,61.0,1.0783369404822611,0.0,0.7536270197183196,0.5714285714285714,0.0,0.19999999999999996,0.0351788268955651,0.0,0.0,28.0,244.0,9.181310176849365,1.3187399682251735,0.3224971543964734,1.9917028119132956,-0.6976554999586011,-9.050842054066111,20.184571073680626,267.8639853430576,406.10057830810547,1.0,1.0,1.0,0.0,1.0,1.0587170124053955,2.3028669357299805,11.791883446043357,74.0,1.0,174.0,280.2035980916026
261.0,0.0,113.0,3.1747708440572153,0.0,0.8670194631358666,0.49056603773584906,0.0,nan,0.03512160228898427,0.0,0.0,53.0,452.0,5.040666222572327,1.0104545410258292,0.31864827388960515,1.3830163695840476,-0.4237354206852615,19.05717138759792,-3.1759867485961877,268.08604580163956,340.3133802115917,,,,,,,,,,,,
262.0,0.0,108.0,7.995131961405285,1.0,0.866427430449164,0.4666666666666667,0.0,nan,0.03506437768240343,0.0,0.0,45.0,369.0,2.0349401235580444,0.5104682364410422,0.3038872031321614,0.41288998570513796,-0.405307412147522,-12.700115833431482,-2.3059264486655593,288.70675921440125,384.80570989847183,,,,,,,,,,,,
263.0,0.0,186.0,6.319360176669445,0.5,0.9159306364832964,0.425531914893617,0.0,nan,0.035007153075822604,0.0,0.0,47.0,394.0,2.6569458842277527,0.5630263957965713,0.31336396988898146,0.4990283728252629,-0.41073422133922577,-21.80286731943488,-22.58806695556268,212.01578979194164,278.3777760118246,,,,,,,,,,,,
264.0,0.0,191.0,8.841273286677911,1.0,0.8897892046993983,0.4642857142857143,0.0,nan,0.034949928469241776,0.0,0.0,56.0,503.0,2.3933688402175903,0.4118068877237864,0.3192053186371875,0.18495321992298308,-0.6159917979966849,14.225502429530025,2.948084403760731,81.32295211032033,133.46027293242514,,,,,,,,,,,,
265.0,0.0,154.0,9.291359959468263,1.0,0.8621946893113801,0.4838709677419355,0.0,nan,0.03489270386266095,0.0,0.0,62.0,553.0,3.434845209121704,0.37082107602884484,0.29323202982451096,0.15260843523790518,-0.40540287527255714,15.482048558187671,11.23899944697041,68.89849451044574,107.04207565635443,,,,,,,,,,,,
266.0,0.0,43.0,0.6660896313190459,0.0,0.8427945640391235,0.4583333333333333,0.0,nan,0.03483547925608012,0.0,0.0,24.0,172.0,10.778863668441772,1.7337846525964102,0.33157162934437556,2.7948069967133526,-0.630209100107814,-73.34772084757338,7.900153318116831,287.9053177057311,400.51402477885404,,,,,,,,,,,,
267.0,0.0,200.0,9.347356046661755,0.75,0.8934916866098452,0.4090909090909091,0.0,nan,0.03477825464949929,0.0,0.0,66.0,598.0,4.017426677048206,0.4751755437442,0.30165906349975813,0.3466672149446693,-0.405307412147522,-22.246170800412074,-39.526603283768054,95.89049414452165,223.13318846654147,,,,,,,,,,,,
268.0,0.0,184.0,9.180422495007535,1.0,0.9129419565247764,0.42857142857142855,0.0,nan,0.03472103004291846,0.0,0.0,70.0,602.0,2.3529674112796783,0.5221980681067704,0.3323483444539811,0.3796704219796361,-0.405307412147522,-0.5524728003074415,0.1550105328205973,5.16356939333491,10.710249486844987,,,,,,,,,,,,
269.0,0.0,165.0,8.515675764903436,1.0,0.751298886175415,0.5882352941176471,0.0,nan,0.034663805436337625,0.0,0.0,51.0,460.0,3.673230290412903,0.41554262887711957,0.3128283118231302,0.2053102214514091,-0.405307412147522,0.4316381048411131,-3.171893266204279,110.35295577440411,156.28798454254866,,,,,,,,,,,,
270.0,0.0,200.0,7.963930281046795,0.75,0.839716927336361,0.4915254237288136,0.0,0.19999999999999996,0.034606580829756796,0.0,0.0,59.0,522.0,3.3388866782188416,0.4795803852577283,0.3053055897545155,0.34843058296351215,-0.405307412147522,1.981702839868376,0.6250106112565845,32.48451775731519,136.1164460517466,1.0,1.0,1.0,0.0,1.0,0.6008720397949219,2.000647783279419,11.77248660614714,79.0,1.0,185.0,316.3376019907653
271.0,0.0,60.0,1.488417947292329,0.0,0.723800438145667,0.59375,0.0,nan,0.03454935622317597,0.0,0.0,32.0,240.0,6.512353777885437,1.1575296564095652,0.31348007986870624,1.6858957634389156,-0.4296744545300802,90.40379188656807,7.579015612602234,283.85845956007637,381.4717405319214,,,,,,,,,,,,
272.0,0.0,70.0,2.147785473540427,0.25,0.8289666418221199,0.5,0.0,nan,0.03449213161659514,0.0,0.0,32.0,243.0,7.882459878921509,1.1436948917717495,0.3099714868670676,1.6628159344717865,-0.8472866276164114,-44.50935258369878,34.904959373513364,67.32605650395523,108.0604191375858,,,,,,,,,,,,
273.0,0.0,164.0,8.961821718066945,1.0,0.845824870717264,0.4642857142857143,0.0,nan,0.03443490701001431,0.0,0.0,56.0,468.0,2.507831037044525,0.4742153767511681,0.3058978713226015,0.3364651933450382,-0.405307412147522,-1.6920381868258119,1.566320823971182,64.52529117651284,124.62599521875381,,,,,,,,,,,,
274.0,0.0,151.0,10.231102202869968,1.0,0.7796466822369932,0.5409836065573771,0.0,nan,0.03437768240343348,0.0,0.0,61.0,536.0,3.2923778891563416,0.38347280523624505,0.32264380945676896,0.12142362007555896,-0.405307412147522,-19.258930334588513,-9.449476797133684,171.66364663094282,241.49197405576706,,,,,,,,,,,,
275.0,0.0,49.0,0.3110849952697753,0.0,0.7533474837043553,0.5833333333333334,0.0,nan,0.03432045779685265,0.0,0.0,24.0,196.0,9.114703893661499,1.5037149871401796,0.31634752288082585,2.3713610025554983,-0.4640049113302815,67.44298230993505,-3.45984886008866,263.42834946330714,332.5486175673349,,,,,,,,,,,,
276.0,0.0,199.0,9.223627075329437,1.0,0.788503322352981,0.5471698113207547,0.0,nan,0.034263233190271816,0.0,0.0,53.0,454.0,4.558955550193787,0.7082678548774481,0.3078030993658165,0.8007047365249877,-0.8432144632097334,4.209662067587487,-1.696206001797691,138.9848630875349,237.05577647686005,,,,,,,,,,,,
277.0,0.0,145.0,7.389929418265826,1.0,0.7058943565770859,0.625,0.0,nan,0.034206008583690994,0.0,0.0,40.0,320.0,2.364108145236969,0.4580256902717963,0.2957300212585095,0.3243927919802389,-0.5568187038879842,4.020552997943014,3.515467799268663,81.70325917378068,153.9481737241149,,,,,,,,,,,,
278.0,0.0,200.0,6.092379132285724,0.75,0.7461175446849975,0.6,0.0,nan,0.03414878397711016,0.0,0.0,50.0,400.0,2.712472081184387,0.666636077942572,0.31246591358184883,0.708198713153557,-0.4119225435424596,-4.764183018589392,-5.518133630277589,68.38050141371787,113.76000174507499,,,,,,,,,,,,
279.0,0.0,122.0,7.078172717764977,1.0,0.6450907553372147,0.6578947368421053,0.0,nan,0.03409155937052933,0.0,0.0,38.0,299.0,1.6673782169818878,0.4618804977564537,0.31236348911880274,0.29879005384309676,-0.4054011299740523,15.896518719615415,3.102675979724154,106.70224115252495,172.93371239304543,,,,,,,,,,,,
280.0,0.0,20.0,-0.14085156917572017,0.0,0.7485801873432595,0.46153846153846156,0.0,0.19999999999999996,0.0340343347639485,0.0,0.0,13.0,80.0,12.558179140090942,2.1525344434467115,0.32850915099843403,3.623229331404764,-1.2808744236826897,-30.00840215086937,-53.19654493331909,361.96017990112307,442.0598114013672,1.0,1.0,1.0,0.0,1.0,0.811724066734314,2.4443883895874023,12.023977916745935,78.0,1.0,177.0,240.1668747491392
281.0,0.0,77.0,2.739472464174035,0.25,0.6712314464321517,0.5454545454545454,0.0,nan,0.033977110157367665,0.0,0.0,33.0,267.0,3.3756003975868225,0.7752259249977822,0.3150950570437263,0.9180911058934313,-0.4213784832973033,16.03276011766866,-63.82701069209725,234.24982482939959,307.10110875964165,,,,,,,,,,,,
282.0,0.0,200.0,6.997896158993255,0.75,0.8183600499663554,0.5283018867924528,0.0,nan,0.033919885550786844,0.0,0.0,53.0,443.0,1.4390707910060883,0.465315551730872,0.3470866164808967,0.23635019799493304,-0.4060148096177727,-4.833878445671871,-0.911922839935869,30.105265848338604,100.58727471530437,,,,,,,,,,,,
283.0,0.0,45.0,0.7529509544372557,0.0,0.5065037028348962,0.75,0.0,nan,0.03386266094420601,0.0,0.0,24.0,180.0,6.182621479034424,0.9212878945129989,0.33280551231279276,1.1726100285071108,-0.8487443155712552,-7.422999084658093,-69.30659801959992,206.97128428353204,333.5523429658678,,,,,,,,,,,,
284.0,0.0,164.0,9.041799114495534,1.0,0.7647342432429723,0.5555555555555556,0.0,nan,0.033805436337625186,0.0,0.0,63.0,551.0,2.5183677077293396,0.35875411839801047,0.2947043186632732,0.12761395295023056,-0.405307412147522,-1.545599395292811,2.011710289050825,36.05043258331716,90.29751122742891,,,,,,,,,,,,
285.0,0.0,139.0,9.224946695715206,1.0,0.831038719191131,0.5254237288135594,0.0,nan,0.03374821173104435,0.0,0.0,59.0,519.0,3.1135600209236145,0.3529227503426853,0.3014717492070796,0.10276345214845051,-0.405307412147522,-2.11045285675209,4.462430188432336,55.63328609801829,88.49707221612334,,,,,,,,,,,,
286.0,0.0,130.0,7.853377190791079,1.0,0.9291403796932663,0.3695652173913043,0.0,nan,0.03369098712446352,0.0,0.0,46.0,385.0,2.478193700313568,0.45152442587434827,0.29599506390125685,0.3108173263025724,-0.4850991175044328,1.7038873969577253,-1.0590306580998003,58.31473529711366,109.23388813436031,,,,,,,,,,,,
287.0,0.0,128.0,7.7632068215869445,1.0,0.5839553995116136,0.723404255319149,0.0,nan,0.03363376251788269,0.0,0.0,47.0,380.0,2.141675114631653,0.41275853170441934,0.3252594959002939,0.17467832679713724,-0.5090116444043815,1.8353895656764507,10.621990699786693,106.72354629263282,158.0969111546874,,,,,,,,,,,,
288.0,0.0,134.0,7.8616525072977055,1.0,0.7768000664212351,0.5666666666666667,0.0,nan,0.033576537911301864,0.0,0.0,60.0,511.0,1.1909188032150269,0.34067386929481985,0.2952587422828485,0.0889430061100873,-0.405307412147522,4.448500968050212,-1.4117482143919915,47.638943418860435,81.6855830065906,,,,,,,,,,,,
289.0,0.0,124.0,7.617208388857552,1.0,0.781064286839871,0.5609756097560976,0.0,nan,0.033519313304721035,0.0,0.0,41.0,346.0,1.1701399385929108,0.3840348332637138,0.3302834774800296,0.10727935782070845,-0.4441705313511193,-0.2554317030298989,-1.701443277997896,62.929252669680864,104.66819272655994,,,,,,,,,,,,
290.0,0.0,168.0,7.901195229813466,1.0,0.6412222109616623,0.66,0.0,0.19999999999999996,0.0334620886981402,0.0,0.0,50.0,386.0,2.823158085346222,0.43848928612331406,0.30527302653302846,0.2661409825410912,-0.7935730908066034,4.582183251157403,2.1782288253307343,117.74913925677538,177.92118325829506,1.0,1.0,1.0,0.0,1.0,0.2896040678024292,2.362464189529419,11.81320924940519,78.0,1.0,180.0,293.8746390685442
291.0,0.0,49.0,0.5640274381637571,0.0,0.4467843961653541,0.7931034482758621,0.0,nan,0.03340486409155937,0.0,0.0,29.0,196.0,8.38033938407898,1.2863407774143802,0.3271861832626918,1.9176474917093,-1.7367116124654303,33.58087451543127,17.230424488989673,204.90206820624215,313.48637275306544,,,,,,,,,,,,
292.0,0.0,200.0,8.299869852215066,0.75,0.7577936914007628,0.5614035087719298,0.0,nan,0.03334763948497854,0.0,0.0,57.0,482.0,3.41933411359787,0.47934448281044784,0.3331416587225903,0.2922569370760435,-0.9173756246455014,2.6051162276417017,-5.290167815051973,141.8518223837018,206.7055807337165,,,,,,,,,,,,
293.0,0.0,146.0,9.402832410931602,1.0,0.7373498613132521,0.5892857142857143,0.0,nan,0.03329041487839771,0.0,0.0,56.0,472.0,2.3898935317993164,0.4161441549435949,0.323289216709995,0.1854780607554322,-0.5570242037065327,5.724760206765495,-4.893369297031313,112.11994272470474,183.0319908335805,,,,,,,,,,,,
294.0,0.0,105.0,4.555695268362767,0.5,0.7664289395862421,0.575,0.0,nan,0.033233190271816884,0.0,0.0,40.0,316.0,4.410082578659058,0.9723466005465635,0.3102676962220673,1.3173017815769859,-0.7030513102654368,3.2097719568992034,50.97460131160915,166.0861234208569,279.12448455393314,,,,,,,,,,,,
295.0,0.0,186.0,8.165748895332227,1.0,0.7285347738479886,0.6,0.0,nan,0.03317596566523605,0.0,0.0,45.0,380.0,2.966284990310669,0.5351094933213716,0.33185025112287225,0.40625010245045745,-0.48119912622496486,-4.027505485370057,-19.15374528989196,154.20842055231333,218.7803627103567,,,,,,,,,,,,
296.0,0.0,104.0,8.351942301914105,1.0,0.5650778673359452,0.7391304347826086,0.0,nan,0.03311874105865523,0.0,0.0,46.0,380.0,1.390843778848648,0.37685120933071203,0.27684311249381016,0.19973152568501704,-0.40653872257098556,-45.64389194268733,-12.697684877552092,277.5477965027094,380.6184200644493,,,,,,,,,,,,
297.0,0.0,163.0,9.216351573392764,1.0,0.737085583491889,0.6181818181818182,0.0,nan,0.03306151645207439,0.0,0.0,55.0,491.0,2.158909022808075,0.355532649898592,0.3049839086213274,0.10089058162085798,-0.405307412147522,4.7057895213365555,-15.77348694158718,150.20789951086044,235.93277129530907,,,,,,,,,,,,
298.0,0.0,138.0,8.719789905548106,1.0,0.7830409634706769,0.5510204081632653,0.0,nan,0.03300429184549357,0.0,0.0,49.0,407.0,3.1438466906547546,0.4080555112405566,0.29472788207998285,0.22639080681262846,-0.41331566241569817,28.111636247485876,-8.9242975814268,135.69182965159416,212.52463805675507,,,,,,,,,,,,
299.0,0.0,147.0,8.03615560553969,1.0,0.8083443056949554,0.48936170212765956,0.0,nan,0.03294706723891273,0.0,0.0,47.0,411.0,1.9891963601112366,0.44506501504679363,0.3372304635939305,0.2151390247501737,-0.4054929967969656,14.865035394206643,7.834987237933092,116.71286081895232,167.34171864762902,,,,,,,,,,,,
300.0,0.0,34.0,-0.25682425141334525,0.0,0.49700758890423974,0.75,0.0,0.19999999999999996,0.032889842632331905,0.0,0.0,20.0,136.0,12.937411785125732,1.921732827100106,0.32639454512567445,3.1815601450367894,-2.034107029438019,20.27221485446481,13.81213999320479,322.780823988073,412.4174903420841,1.0,1.0,1.0,0.0,1.0,0.2663124203681946,2.3521885871887207,11.771885983413085,75.0,1.0,177.0,292.6698593204099
301.0,0.0,200.0,9.230524455234427,0.75,0.7198547139803555,0.6029411764705882,0.0,nan,0.032832618025751076,0.0,0.0,68.0,591.0,2.1372506469488144,0.44457230826620275,0.2962870228566885,0.296368089014331,-0.406229606596753,10.86933603102807,2.460495998209808,60.76199241448194,188.51486482471228,,,,,,,,,,,,
302.0,0.0,81.0,3.397679860591893,0.0,0.7716910902423287,0.5263157894736842,0.0,nan,0.03277539341917024,0.0,0.0,38.0,302.0,5.675111413002014,1.1125070192428694,0.30766897026285167,1.6092773225034966,-0.45088240411132574,5.8009809931972995,20.422690798528492,226.31628034636378,286.0082339849323,,,,,,,,,,,,
303.0,0.0,59.0,1.0128977259993557,0.0,0.8020126742477642,0.5483870967741935,0.0,nan,0.03271816881258942,0.0,0.0,31.0,236.0,6.047670006752014,0.8369762759797047,0.3200207500754274,1.0287383994677042,-0.4194284255726863,-56.6525167209112,49.510416324108334,159.82976044335607,225.23637938600476,,,,,,,,,,,,
304.0,0.0,130.0,8.939064811840664,1.0,0.7014403716465857,0.6226415094339622,0.0,nan,0.03266094420600858,0.0,0.0,53.0,443.0,1.8583156168460846,0.4407495885555264,0.2693218042204535,0.3425750609375183,-0.4069140215869993,17.19945632107556,8.705593658611178,208.20300374925137,304.6149700731039,,,,,,,,,,,,
305.0,0.0,154.0,9.285047310460374,1.0,0.7121935458477756,0.639344262295082,0.0,nan,0.03260371959942776,0.0,0.0,61.0,524.0,3.9598869681358337,0.3248009363207025,0.2219822372694726,0.20548000681872078,-0.405307412147522,1.636877798649948,-1.311210167245008,31.495622800663114,53.821830896660686,,,,,,,,,,,,
306.0,0.0,37.0,0.3393819975852965,0.0,0.8241286837341236,0.5238095238095238,0.0,nan,0.032546494992846925,0.0,0.0,21.0,148.0,8.277094602584839,1.1178055053075198,0.1830051785962877,1.853962687669833,-1.5202759802341461,72.84573463088758,79.01355182802355,115.36951638476269,160.86167007201428,,,,,,,,,,,,
307.0,0.0,150.0,7.536498672924942,1.0,0.914839453505628,0.42105263157894735,0.0,nan,0.032489270386266096,0.0,0.0,57.0,456.0,2.070707678794861,0.4377878424360233,0.32593590049865717,0.22342534180570273,-0.41113379620946944,-0.4327096378838178,-1.3837672457157169,50.35859864088707,83.7513392586261,,,,,,,,,,,,
308.0,0.0,135.0,7.016242320239549,1.0,0.7994274475664204,0.509090909090909,0.0,nan,0.03243204577968527,0.0,0.0,55.0,474.0,0.5532029420137405,0.3808214486263257,0.3138055879401483,0.13191071445462674,-0.405307412147522,2.4660415161051787,1.0853591185295954,14.30123073561117,29.5194329097867,,,,,,,,,,,,
309.0,0.0,169.0,7.5175050194561575,1.0,0.6114816233774073,0.6078431372549019,0.0,nan,0.03237482117310444,0.0,0.0,51.0,433.0,1.0880212485790253,0.35959751445711013,0.3071104089849541,0.1039958603282052,-0.405307412147522,5.281294272484956,-2.8637389538926072,55.28375687263906,90.73398215137422,,,,,,,,,,,,
310.0,0.0,153.0,10.214434630498308,1.0,0.8598050045157981,0.49206349206349204,0.0,0.19999999999999996,0.03231759656652361,0.0,0.0,63.0,562.0,4.88972532749176,0.40291344466919554,0.3013564741101623,0.2029165784433998,-0.40858995425514877,-12.03540098760277,-15.602972353575751,131.14799001952633,181.70225258544087,1.0,1.0,1.0,0.0,1.0,0.30815938115119934,2.209005832672119,11.762514032423496,79.0,1.0,179.0,296.4082460860166
311.0,0.0,161.0,9.457040861826405,1.0,0.9201616740364695,0.37037037037037035,0.0,nan,0.032260371959942774,0.0,0.0,54.0,473.0,3.6123152375221252,0.5131447951641599,0.35783053326761866,0.3102778411568289,-0.40748697938397527,-2.345834628213197,-6.940585467964411,207.90836144983768,290.9769038259983,,,,,,,,,,,,
312.0,0.0,183.0,10.284898813143391,1.0,0.9120222430416304,0.36923076923076925,0.0,nan,0.03220314735336195,0.0,0.0,65.0,587.0,3.6656659096479416,0.4146800988088657,0.30467978258257844,0.2197178439037225,-0.405307412147522,-2.2480364656075835,0.40626034629531205,144.75417234748602,236.59969747066498,,,,,,,,,,,,
313.0,0.0,185.0,8.600624346584095,1.0,0.806804783689061,0.5087719298245614,0.0,nan,0.032145922746781116,0.0,0.0,57.0,501.0,2.092650055885315,0.3793641629553888,0.30279128559223184,0.15295132344221374,-0.405307412147522,-12.196374167688191,-4.479168073681649,67.316356446594,109.49507253430784,,,,,,,,,,,,
314.0,0.0,89.0,2.1430113060772493,0.0,0.6857610973710144,0.6428571428571429,0.0,nan,0.03208869814020029,0.0,0.0,42.0,356.0,5.3527703285217285,1.335410432777934,0.33747592942741006,1.9949569563837741,-1.152267477242276,25.56340741738677,-2.0910572858992964,280.0017439574003,358.22758850455284,,,,,,,,,,,,
315.0,0.0,83.0,4.15501480855048,0.25,0.8137621491706902,0.42424242424242425,0.0,nan,0.03203147353361946,0.0,0.0,33.0,262.0,2.941328227519989,0.6540320427474384,0.3076516519688931,0.6925751729943125,-1.5982619728893042,32.38822160707787,38.15071681374684,195.88478420116007,277.0173810906708,,,,,,,,,,,,
316.0,0.0,98.0,7.368044145852331,1.0,0.8063914792487006,0.55,0.0,nan,0.03197424892703863,0.0,0.0,40.0,317.0,0.9713670164346695,0.3675078008005208,0.2750568106520135,0.18475128059225834,-0.4061685339547694,1.3683015761780553,-0.7755800537997857,65.9432891504839,100.47604326810688,,,,,,,,,,,,
317.0,0.0,176.0,9.556158642992393,1.0,0.7467994970115921,0.6,0.0,nan,0.0319170243204578,0.0,0.0,55.0,479.0,3.0200706720352173,0.41491394219575284,0.32779599929558934,0.17402326665116685,-0.4063243407290429,-10.308966500684619,0.4662528696935624,175.05743981152773,262.0587256103754,,,,,,,,,,,,
318.0,0.0,129.0,9.239191582500947,1.0,0.5785034102747665,0.7272727272727273,0.0,nan,0.031859799713876966,0.0,0.0,55.0,457.0,1.809541791677475,0.34745569662104003,0.28438864235534317,0.12592239866059077,-0.405307412147522,10.622771533206105,7.288380820769817,182.1434181779623,254.76018419861794,,,,,,,,,,,,
319.0,0.0,173.0,8.490157438218604,1.0,0.7821476185145503,0.48936170212765956,0.0,nan,0.031802575107296144,0.0,0.0,47.0,404.0,2.628292143344879,0.4318947520488692,0.3382697410705967,0.18707787652050878,-0.4078062947373837,16.37924437969923,9.499080747365952,143.0697889328003,198.27250297367573,,,,,,,,,,,,
320.0,0.0,198.0,9.385141637548823,1.0,0.7758333191890516,0.47619047619047616,0.0,0.19999999999999996,0.03174535050071531,0.0,0.0,63.0,560.0,4.808164596557617,0.4064856828446253,0.3164489281729497,0.17427713147655227,-0.405307412147522,-43.2516298154369,-47.74299109354615,153.6227085441351,233.15299996733665,1.0,1.0,1.0,0.0,1.0,0.3266441822052002,2.081173896789551,11.7349976724945,77.0,1.0,180.0,300.1594722557816
321.0,0.0,127.0,8.079462326541552,1.0,0.7943389884717398,0.5227272727272727,0.0,nan,0.03168812589413448,0.0,0.0,44.0,376.0,1.4397518038749695,0.4106737718059832,0.30072147576061764,0.21974789263357208,-0.40531285502947867,9.727482157351915,15.843578599859029,125.73363238014281,174.45203053578734,,,,,,,,,,,,
322.0,0.0,163.0,9.632881737351433,1.0,0.8361832484401759,0.5087719298245614,0.0,nan,0.03163090128755365,0.0,0.0,57.0,491.0,2.96204936504364,0.4094388932954729,0.28898783116934645,0.24065738671045267,-0.405307412147522,-2.199922503903508,-0.3136950461193919,184.49402391165495,262.9619697481394,,,,,,,,,,,,
323.0,0.0,182.0,8.689341535307479,1.0,0.759984353072465,0.5185185185185185,0.0,nan,0.031573676680972815,0.0,0.0,54.0,467.0,4.768931031227112,0.4890692889287342,0.2915299419109505,0.39482454185861227,-0.4079880081117153,1.1671466049738228,1.363288916181773,153.8339981609024,210.9775082897395,,,,,,,,,,,,
324.0,0.0,147.0,9.035438159033669,1.0,0.8763882155996415,0.46153846153846156,0.0,nan,0.03151645207439199,0.0,0.0,52.0,458.0,1.854500025510788,0.36672494060103134,0.3070868285252636,0.11907657489505336,-0.405307412147522,-0.7646428477019072,-2.591363364888821,123.99470482394099,182.02699385397136,,,,,,,,,,,,
325.0,0.0,161.0,9.02684939719738,1.0,0.8087864970048033,0.5490196078431373,0.0,nan,0.03145922746781116,0.0,0.0,51.0,438.0,4.394422173500061,0.4996573832743767,0.3144832843236288,0.3701446736209757,-0.405307412147522,-1.3697186947101727,8.747098413528875,174.09749129787087,244.73281300067902,,,,,,,,,,,,
326.0,0.0,109.0,6.653257687017325,1.0,0.7079942097821427,0.5151515151515151,0.0,nan,0.031402002861230335,0.0,0.0,33.0,260.0,1.9055346548557281,0.51094073979095,0.36432734467979777,0.29303505235677907,-0.405307412147522,-12.352969853207469,5.49846754129976,93.95034547708929,150.5299228578806,,,,,,,,,,,,
327.0,0.0,137.0,8.590544066764425,1.0,0.6462057884994343,0.6170212765957447,0.0,nan,0.0313447782546495,0.0,0.0,47.0,410.0,1.6914533972740173,0.35929729859230664,0.29933726713711506,0.11976347665790277,-0.41595478635281324,1.7310897551942617,1.3773236649576575,152.606815347448,230.9310505129397,,,,,,,,,,,,
328.0,0.0,189.0,11.160809483602666,1.0,0.8331913094502266,0.4583333333333333,0.0,nan,0.03128755364806867,0.0,0.0,72.0,646.0,3.775239944458008,0.37615264426840866,0.340386106101499,0.0713825266979562,-0.405307412147522,-4.125955477822572,2.5723516904981807,163.29504214040935,242.63840726949275,,,,,,,,,,,,
329.0,0.0,167.0,10.295593715216983,1.0,0.9065550696810782,0.390625,0.0,nan,0.031230329041487842,0.0,0.0,64.0,551.0,2.6232388019561768,0.35829944951389514,0.30281582161103626,0.11078285772054464,-0.405307412147522,8.108807425247505,3.0293963425792754,118.27972345240414,191.8829270489514,,,,,,,,,,,,
330.0,0.0,166.0,10.720114834271392,1.0,0.9053988542126149,0.35384615384615387,0.0,0.19999999999999996,0.031173104434907013,0.0,0.0,65.0,581.0,4.085744135081768,0.447374319317988,0.3957575603410134,0.10304538831094429,-0.405307412147522,5.566693329019472,1.9972221031785011,95.3477655351162,175.75579157471657,1.0,1.0,1.0,0.0,1.0,0.3062640130519867,2.1518869400024414,11.725592075265013,75.0,1.0,179.0,288.92377920731934
331.0,0.0,149.0,9.924513599202053,1.0,0.7207662798849281,0.4827586206896552,0.0,nan,0.031115879828326184,0.0,0.0,58.0,503.0,2.8550568222999573,0.42377278841748023,0.30830523637976376,0.2307720907340065,-0.405307412147522,-3.737489965860732,-0.6595914834178984,111.01481223292649,165.36872452497482,,,,,,,,,,,,
332.0,0.0,83.0,6.9953398167342,1.0,0.6155025274722825,0.48484848484848486,0.0,nan,0.031058655221745352,0.0,0.0,33.0,278.0,1.4052154123783112,0.40997483926385314,0.29753591294552884,0.2247407803929189,-0.405307412147522,14.55989704048261,5.537148847593926,73.76165338978171,140.0163866393268,,,,,,,,,,,,
333.0,0.0,200.0,8.030244885655133,0.75,0.8346121730845336,0.4423076923076923,0.0,nan,0.031001430615164523,0.0,0.0,52.0,476.0,2.831280767917633,0.5368058823537436,0.28546890852455575,0.5023549907447471,-0.406584361102432,0.3220836592372507,4.523970566573553,114.69835692085326,175.40094655565917,,,,,,,,,,,,
334.0,0.0,152.0,9.318048802297579,1.0,0.9233922630097238,0.3442622950819672,0.0,nan,0.03094420600858369,0.0,0.0,61.0,540.0,1.3087278604507446,0.41975704244446366,0.3210508693241345,0.19703900638307442,-0.4091900691855699,12.762511812383309,-2.3589802633505315,63.531982420012355,105.46652903035283,,,,,,,,,,,,
335.0,0.0,127.0,8.571021879352639,1.0,0.6786396692844751,0.5714285714285714,0.0,nan,0.030886981402002866,0.0,0.0,49.0,437.0,1.642612248659134,0.4152695909607669,0.3067079919024929,0.21696782922005298,-0.405307412147522,1.2622222011705162,-7.490619691670872,93.64166418835521,150.9759571813047,,,,,,,,,,,,
336.0,0.0,54.0,0.8187815612554554,0.0,0.7047988035345464,0.6206896551724138,0.0,nan,0.030829756795422034,0.0,0.0,29.0,216.0,10.927526950836182,1.8616142824563144,0.3054658788159921,3.1116372563455013,-0.405307412147522,-3.518967740789608,-21.295878744511693,278.20441908748063,369.491260987741,,,,,,,,,,,,
337.0,0.0,191.0,8.738723352625982,1.0,0.8445192582853227,0.43859649122807015,0.0,nan,0.030772532188841205,0.0,0.0,57.0,507.0,1.7699733078479767,0.5138543662032298,0.3072597522482861,0.4129729931757802,-0.405307412147522,-8.079154067730997,22.733439319417812,46.688890209421515,91.99660410918295,,,,,,,,,,,,
338.0,0.0,59.0,1.1820752060413366,0.0,0.7686176754666453,0.4642857142857143,0.0,nan,0.030715307582260373,0.0,0.0,28.0,236.0,12.8336763381958,1.8044184473046467,0.31060309551832105,2.9850430589128867,-0.41014021306724874,-61.90134664460764,18.09376533986148,144.30428008507874,260.6768106606047,,,,,,,,,,,,
339.0,0.0,191.0,8.06346699696035,1.0,0.8767936687370129,0.38333333333333336,0.0,nan,0.030658082975679544,0.0,0.0,60.0,507.0,0.6526874452829361,0.47569705417900354,0.33173536099385775,0.2876985919193775,-0.42644840432330966,-1.7727056212024763,-0.307134878821671,22.646474837325513,39.71094479272142,,,,,,,,,,,,
340.0,0.0,193.0,10.039641541391632,1.0,0.8798299749957393,0.3787878787878788,0.0,0.0,0.030600858369098715,0.0,0.0,66.0,584.0,2.4595667123794556,0.34051043067652564,0.29764196261029885,0.0855295868096364,-0.405307412147522,5.9929155863355845,32.86508382856846,216.41985994577408,336.1981287896633,1.0,1.0,1.0,0.0,1.0,0.36574670672416687,2.2519783973693848,11.75695628952235,73.0,1.0,177.0,287.68511583425135
341.0,0.0,193.0,8.32481219403447,1.0,0.9085511523626683,0.4098360655737705,0.0,nan,0.030543633762517886,0.0,0.0,61.0,497.0,2.2959325909614563,0.4096471343494299,0.3179114907471797,0.18331250809726524,-0.405307412147522,0.2556873967987485,1.4542055361671373,15.428126317448914,25.257063620723784,,,,,,,,,,,,
342.0,0.0,135.0,7.003833875320858,1.0,0.9119178058980985,0.3953488372093023,0.0,nan,0.030486409155937054,0.0,0.0,43.0,362.0,2.3668935298919678,0.5741801707085761,0.3154769509212272,0.5172904214820888,-0.405307412147522,-0.8550742720253766,-3.3945236741856206,30.631257502827793,61.55308455135673,,,,,,,,,,,,
343.0,0.0,135.0,7.7969889070652485,1.0,0.9429700795637768,0.3333333333333333,0.0,nan,0.030429184549356225,0.0,0.0,42.0,362.0,1.754927396774292,0.6954252597406523,0.5605116455996992,0.269571056651027,-0.405307412147522,-9.03564342512982,3.6900786728365347,160.32423115242273,236.0419751945883,,,,,,,,,,,,
344.0,0.0,159.0,9.391518976911916,1.0,0.9018065868195974,0.3448275862068966,0.0,nan,0.030371959942775396,0.0,0.0,58.0,510.0,1.879163384437561,0.35084613568503187,0.3143068886999304,0.07285081564384127,-0.405307412147522,16.76146827044431,-4.870664320711512,162.6575502809137,286.64183049649,,,,,,,,,,,,
345.0,0.0,74.0,1.7993220819532896,0.0,0.8611051358494264,0.4594594594594595,0.0,nan,0.030314735336194564,0.0,0.0,37.0,296.0,7.750319957733154,1.3559399509739904,0.30836670759234525,2.087143768023938,-0.48268984467722476,22.04314131755382,-18.769338704645634,264.10186725109816,351.38298176229,,,,,,,,,,,,
346.0,0.0,151.0,7.956451264172802,1.0,0.899109293898421,0.38636363636363635,0.0,nan,0.030257510729613735,0.0,0.0,44.0,359.0,1.5828725099563599,0.4225744844590906,0.29736010246264205,0.2502550112026174,-0.405307412147522,-0.14457726862747222,-0.988192759861704,87.12498420104384,161.66697687283158,,,,,,,,,,,,
347.0,0.0,127.0,7.992427944615492,1.0,0.9313114131074962,0.3023255813953488,0.0,nan,0.030200286123032907,0.0,0.0,43.0,351.0,0.7690457850694656,0.37337209389770293,0.3206556903335554,0.10518707782024739,-0.405307412147522,-10.564522176515311,-13.930272887926549,212.2304847240448,301.1769725084305,,,,,,,,,,,,
348.0,0.0,49.0,1.0468626713752744,0.0,0.8547378772632006,0.4,0.0,nan,0.030143061516452078,0.0,0.0,25.0,196.0,12.133638381958008,2.0495313722508954,0.33062136840826073,3.434109733462264,-0.405307412147522,-59.6682086404489,-0.03259285007204328,361.96044205646126,442.0594904374103,,,,,,,,,,,,
349.0,0.0,200.0,7.807702820524589,0.75,0.8764951710856416,0.3484848484848485,0.0,nan,0.030085836909871246,0.0,0.0,66.0,579.0,2.364976368844509,0.5674821099655263,0.34305748565649835,0.448609189271565,-0.5155033650808036,2.307464530109428,-0.6104820852633566,25.30005360674113,48.74244171194732,,,,,,,,,,,,
350.0,0.0,119.0,7.320552887246019,1.0,0.9180159721847132,0.3333333333333333,0.0,0.0,0.030028612303290417,0.0,0.0,39.0,336.0,1.6665120124816895,0.5499240792988179,0.3372865531104411,0.42516486001638554,-0.4298441868741065,1.5181814659154043,-3.793926371028647,124.69117943756282,172.76758016087115,1.0,1.0,1.0,0.0,1.0,0.30064016580581665,2.462531566619873,11.80834210375906,79.0,1.0,186.0,275.0730137278888
351.0,0.0,185.0,9.065597373545184,1.0,0.9101736315322192,0.37142857142857144,0.0,nan,0.029971387696709588,0.0,0.0,70.0,608.0,1.0237871706485748,0.3964599728433143,0.3310840445884233,0.1305309800736495,-0.41082703811116517,-0.8902619356522337,6.9647469921037555,70.28974168840796,108.08035220671445,,,,,,,,,,,,
352.0,0.0,200.0,9.12801302343609,0.75,0.9265015271311302,0.3125,0.0,nan,0.029914163090128756,0.0,0.0,64.0,587.0,4.789417862892151,0.4630992917252854,0.3526320030790331,0.22079864662892001,-0.6489839255809784,-0.5468501641880721,4.309004852548242,102.06914753373712,168.12117747962475,,,,,,,,,,,,
353.0,0.0,200.0,5.493796044290077,0.5,0.859557095920478,0.36363636363636365,0.0,nan,0.029856938483547927,0.0,0.0,66.0,612.0,3.5400271117687225,0.7249381191617577,0.332342005645634,0.785065756931009,-0.405307412147522,1.4472371633164585,10.161363285034895,65.04125464335084,103.62663409858942,,,,,,,,,,,,
354.0,0.0,178.0,8.69351080410184,1.0,0.9057787535808243,0.3225806451612903,0.0,nan,0.0297997138769671,0.0,0.0,62.0,554.0,1.4400813281536102,0.5046274393358328,0.36831072760782874,0.27227565051801095,-0.4976138575002551,-2.64744141837582,0.5933774143923074,42.258354377001524,79.07554306928068,,,,,,,,,,,,
355.0,0.0,200.0,7.736638064831513,0.75,0.9065027770404162,0.4,0.0,nan,0.02974248927038627,0.0,0.0,65.0,544.0,2.880174320191145,0.48936883395350694,0.3207315923038127,0.3371043829519813,-0.42082926258444786,-6.398512544197729,-0.10959819960407913,59.59204799449071,105.17393444199115,,,,,,,,,,,,
356.0,0.0,171.0,8.622981904447089,1.0,0.953266026469206,0.2608695652173913,0.0,nan,0.02968526466380544,0.0,0.0,46.0,410.0,1.389536052942276,0.38046697431807175,0.2988301924008217,0.16298240960117472,-0.4060887994710356,6.525155998766422,-3.713412256911397,189.38381719589233,254.31515315920115,,,,,,,,,,,,
357.0,0.0,134.0,7.5695029565692025,1.0,0.909375983589882,0.375,0.0,nan,0.02962804005722461,0.0,0.0,40.0,344.0,3.4991573095321655,0.48198110355579593,0.29904176115905395,0.36556292974048576,-0.4166093016974628,-0.9028541256557219,2.964482123963535,139.72881942149252,194.80396220460534,,,,,,,,,,,,
358.0,0.0,78.0,2.7723749193549185,0.0,0.9523434983680074,0.35294117647058826,0.0,nan,0.02957081545064378,0.0,0.0,34.0,288.0,10.506724834442139,1.4955549017420946,0.3211615718524896,2.3485992853815763,-0.405307412147522,-4.7081008539535105,2.2943919394165277,189.96044175699353,231.5981994755566,,,,,,,,,,,,
359.0,0.0,94.0,6.624008534029129,1.0,0.8993130574316525,0.3548387096774194,0.0,nan,0.02951359084406295,0.0,0.0,31.0,258.0,1.4120293855667114,0.5313758540451432,0.3468441707885059,0.36873783613996725,-0.4648077201563865,9.090818294789642,-4.91001246360247,64.74382708221674,138.36973056942225,,,,,,,,,,,,
360.0,0.0,143.0,7.833112341240057,1.0,0.8443613433987908,0.4444444444444444,0.0,0.0,0.02945636623748212,0.0,0.0,45.0,377.0,1.7746587991714478,0.4584812879668947,0.30665027419811014,0.30342084115807,-0.47280366043560207,9.30547060049139,-11.391630621103104,103.84031724184752,168.13641788810492,1.0,1.0,1.0,0.0,1.0,0.3241429030895233,2.4305906295776367,11.771409270353615,73.0,1.0,177.0,291.4215514059368
361.0,0.0,85.0,2.779155516624458,0.0,0.8343495988477814,0.4418604651162791,0.0,nan,0.02939914163090129,0.0,0.0,43.0,340.0,6.1166993379592896,1.013842765433452,0.3060971406714893,1.4077612837718958,-0.405307412147522,-40.04364312195685,21.276503095403314,219.44438764452934,317.08067721128464,,,,,,,,,,,,
362.0,0.0,107.0,3.7526500280201525,0.25,0.8745472331865308,0.3488372093023256,0.0,nan,0.029341917024320457,0.0,0.0,43.0,368.0,4.587316870689392,0.9188128740118344,0.32375741686737713,1.184739871379005,-0.40581751405261457,10.627087644534186,-40.837134265340865,149.24693847447634,234.34484957158566,,,,,,,,,,,,
363.0,0.0,159.0,8.091110964780686,1.0,0.9009174637905496,0.40816326530612246,0.0,nan,0.029284692417739632,0.0,0.0,49.0,429.0,1.0153052061796188,0.3791370778831551,0.29081683146219267,0.1763522892844303,-0.4106802057940513,-2.5680094502749853,-1.7238780579064041,41.13530380278826,76.57386957854033,,,,,,,,,,,,
364.0,0.0,109.0,7.890230906382211,1.0,0.9117592984603975,0.32558139534883723,0.0,nan,0.029227467811158803,0.0,0.0,43.0,355.0,1.4584653079509735,0.42282988899083307,0.3198311939962804,0.20583536377167633,-0.405307412147522,6.0483085522428155,-4.098483810201287,76.3876428771764,140.30981267616153,,,,,,,,,,,,
365.0,0.0,153.0,6.857830828540039,0.5,0.9276432991648498,0.3877551020408163,0.0,nan,0.02917024320457797,0.0,0.0,49.0,408.0,3.2331400513648987,0.5441132343088233,0.306924304625079,0.47412138809994575,-0.4056243719533086,16.092882559169084,-0.8790764193981886,254.54431442171335,345.27893167734146,,,,,,,,,,,,
366.0,0.0,142.0,8.335227853506815,1.0,0.9541279662133769,0.28846153846153844,0.0,nan,0.029113018597997142,0.0,0.0,52.0,452.0,1.3381530940532684,0.4752130977329614,0.37918914139165655,0.1917928228885472,-0.4055926881264895,4.118704400490969,-0.22014963161200285,53.22570504248142,109.30970465391874,,,,,,,,,,,,
367.0,0.0,173.0,9.684941689148562,1.0,0.9665548011913381,0.26666666666666666,0.0,nan,0.02905579399141631,0.0,0.0,60.0,531.0,1.921482890844345,0.3662317805644355,0.32207210849683066,0.08807433230638465,-0.4062164428178221,6.692553406115621,-9.519846389070153,128.93884875625372,234.837882488966,,,,,,,,,,,,
368.0,0.0,200.0,9.152408437654394,0.75,0.9620120076543877,0.2711864406779661,0.0,nan,0.02899856938483548,0.0,0.0,59.0,536.0,2.916835308074951,0.3675944689654962,0.2980192955440522,0.13886274625882594,-0.405307412147522,10.570692561508622,-4.806944333016872,127.98868431150913,183.926338493824,,,,,,,,,,,,
369.0,0.0,200.0,5.749909456446784,0.5,0.8451254381311846,0.38028169014084506,0.0,nan,0.02894134477825465,0.0,0.0,71.0,615.0,2.2491547986865044,0.6112428259676133,0.34305504629240624,0.5354464165627095,-0.405307412147522,-11.039576839189976,-6.180657380260527,39.985668851062655,56.399186328053474,,,,,,,,,,,,
370.0,0.0,155.0,9.16052316665651,1.0,0.9554046177069346,0.30357142857142855,0.0,0.19999999999999996,0.02888412017167382,0.0,0.0,56.0,504.0,1.3495874404907227,0.3885415673518118,0.31654572559419114,0.14377245825056406,-0.405307412147522,2.7872882556403056,-9.899246882647276,78.20714615285397,128.0888775214553,1.0,0.0,0.75,0.0,0.75,0.28617075085639954,2.6221392154693604,12.006598951469641,85.0,1.0,200.0,251.16002596914797
371.0,0.0,200.0,5.420782130938045,0.5,0.9332600176266721,0.4,0.0,nan,0.028826895565092995,0.0,0.0,75.0,637.0,4.458419144153595,0.9512259165740033,0.34771577047597757,1.2068874850066549,-0.405307412147522,-0.49717623672040645,1.481063439976424,17.257305158302188,33.46077788993716,,,,,,,,,,,,
372.0,0.0,200.0,6.88773720990868,0.75,0.9097209965080181,0.4305555555555556,0.0,nan,0.028769670958512163,0.0,0.0,72.0,650.0,4.0069363713264465,0.6366056471393122,0.33086607470828666,0.6113795493072294,-0.405307412147522,2.7483444060198963,2.798821803415194,18.53111540339887,33.101282241754234,,,,,,,,,,,,
373.0,0.0,59.0,0.268245439827443,0.0,0.8266733947292888,0.4642857142857143,0.0,nan,0.028712446351931334,0.0,0.0,28.0,236.0,16.54552936553955,1.8078814632926417,0.32807905850102637,2.958752674986237,-0.405307412147522,17.7352504680975,31.039606857097755,141.59682301343497,223.11081204980107,,,,,,,,,,,,
374.0,0.0,128.0,3.924118859469898,0.5,0.8867798595188603,0.36363636363636365,0.0,nan,0.0286552217453505,0.0,0.0,44.0,379.0,5.586971044540405,1.140181744421466,0.33742694800335116,1.6047854122402772,-0.40751309297047555,24.108906636713073,13.243492622859776,57.2172494456172,134.37800931185484,,,,,,,,,,,,
375.0,0.0,139.0,8.144947544150062,1.0,0.9183997972044171,0.35294117647058826,0.0,nan,0.028597997138769673,0.0,0.0,51.0,451.0,1.5356559753417969,0.5448184303286858,0.34888750353715703,0.3913246569921094,-0.4130637201014906,-25.725802028551698,-11.2732372013852,105.66527637839317,226.7933485955,,,,,,,,,,,,
376.0,0.0,176.0,10.348902074620149,1.0,0.9417771259228369,0.2857142857142857,0.0,nan,0.028540772532188844,0.0,0.0,70.0,600.0,2.7538860887289047,0.4441609625527949,0.32989701460309384,0.2275769741143634,-0.4063676923979074,21.636952930130064,8.084778591059148,197.26079194247723,296.37748988717794,,,,,,,,,,,,
377.0,0.0,156.0,8.58500791206957,1.0,0.9409009649506106,0.3018867924528302,0.0,nan,0.028483547925608012,0.0,0.0,53.0,449.0,2.082436203956604,0.41939082117653026,0.3164614035425073,0.20558321687027067,-0.4374677890446037,-9.941317370394245,12.275443576276302,185.4030333533883,265.4197869449854,,,,,,,,,,,,
378.0,0.0,178.0,8.91286468721928,1.0,0.9298923271266961,0.3620689655172414,0.0,nan,0.028426323319027186,0.0,0.0,58.0,503.0,1.4900150299072266,0.4109966290221285,0.3576447678586849,0.10649424514327155,-0.405307412147522,7.523766214493662,0.9721076507121325,80.26891535148025,126.49106040596962,,,,,,,,,,,,
379.0,0.0,170.0,8.378822799101485,1.0,0.954606080937844,0.3333333333333333,0.0,nan,0.02836909871244635,0.0,0.0,63.0,537.0,1.3001265823841095,0.38940140450098104,0.31594554278476183,0.13861761857586571,-0.4703248047735542,-5.255645497411024,2.4749246444553137,121.34610885754228,175.48418329656124,,,,,,,,,,,,
380.0,0.0,187.0,10.023278540223854,1.0,0.9679859604022061,0.26666666666666666,0.0,0.19999999999999996,0.028311874105865525,0.0,0.0,60.0,546.0,2.8211382031440735,0.38958898483604365,0.3348223571647395,0.10931562159262168,-0.4609159759711474,-8.81549091776833,15.511166146025062,204.80552566051483,309.7085570394993,1.0,1.0,1.0,0.0,1.0,0.37378421425819397,2.432213306427002,11.775542677380145,75.0,1.0,177.0,292.6666058241579
381.0,0.0,194.0,8.361054984182132,1.0,0.8482723292518211,0.3709677419354839,0.0,nan,0.028254649499284697,0.0,0.0,62.0,537.0,2.341940939426422,0.5144964956324412,0.3915071685962822,0.24096522561316236,-0.5438924941699952,-8.939887756307144,0.3821871057152748,83.21384767070413,152.1065210774541,,,,,,,,,,,,
382.0,0.0,52.0,0.7885139580070971,0.0,0.7451747957751574,0.5,0.0,nan,0.028197424892703864,0.0,0.0,26.0,208.0,8.265609979629517,1.108689309406355,0.3265011322635933,1.5546743067318736,-0.405307412147522,-100.81955965436421,-42.35545885333648,275.0509491241895,337.65744654948895,,,,,,,,,,,,
383.0,0.0,61.0,1.4604353153705607,0.0,0.7824276730107873,0.5161290322580645,0.0,nan,0.028140200286123036,0.0,0.0,31.0,244.0,9.56357216835022,1.2704633192761619,0.3235160297492071,1.8877296024921089,-0.6092684234752029,3.3740071185299607,-4.1138004670377635,238.19030993102027,362.3702200592541,,,,,,,,,,,,
384.0,0.0,200.0,6.217108118236075,0.75,0.7069325802940271,0.6,0.0,nan,0.028082975679542203,0.0,0.0,65.0,527.0,3.4359627258963883,0.692311140867929,0.3270534861735153,0.730325397201538,-0.4062135526910424,-6.162057834211737,1.8763277297839522,20.911053452640772,43.71695403754711,,,,,,,,,,,,
385.0,0.0,146.0,8.782310653924954,1.0,0.8567990665044818,0.40816326530612246,0.0,nan,0.028025751072961375,0.0,0.0,49.0,442.0,1.1451493799686432,0.3760124648502199,0.31390406226705636,0.1239622102530844,-0.7345421675127,-9.391685176175088,5.300402842462063,118.2279146797955,220.2246117144823,,,,,,,,,,,,
386.0,0.0,86.0,2.172444443553691,0.0,0.8818819056250052,0.35,0.0,nan,0.02796852646638055,0.0,0.0,40.0,344.0,6.594668865203857,1.063625385352509,0.3193479899848869,1.4833295137904088,-0.5137035748921335,-45.83708905056119,-3.8904275838285685,269.8316421955824,342.80530083179474,,,,,,,,,,,,
387.0,0.0,59.0,1.1553329823911194,0.0,0.8642396574644104,0.39285714285714285,0.0,nan,0.027911301859799717,0.0,0.0,28.0,236.0,10.477317333221436,1.1138357487078006,0.31863655643512323,1.5863499012070938,-0.413518745010182,65.56438429476852,-5.050881711103148,195.7374472618103,280.28396997613424,,,,,,,,,,,,
388.0,0.0,200.0,6.371131700351849,0.75,0.921146642217099,0.40789473684210525,0.0,nan,0.027854077253218888,0.0,0.0,76.0,652.0,3.28599950671196,0.7380950968067086,0.31648317261906306,0.842997901271653,-0.405307412147522,-4.93769572180463,-0.4972429806366563,30.886749485507607,61.01760658621788,,,,,,,,,,,,
389.0,0.0,136.0,7.444907542169101,1.0,0.8704241880839035,0.36585365853658536,0.0,nan,0.027796852646638056,0.0,0.0,41.0,336.0,3.161128878593445,0.6137988308022813,0.3152076482399487,0.5968153662575351,-0.405307412147522,12.64765760829323,-11.849581782706082,194.69974087178707,284.55040476471186,,,,,,,,,,,,
390.0,0.0,190.0,10.706064260154983,1.0,0.8658513225751276,0.36231884057971014,0.0,0.19999999999999996,0.027739628040057227,0.0,0.0,69.0,599.0,4.201436161994934,0.43258274303013167,0.3228388242341549,0.21911912336912032,-0.433810947695747,-9.926692403270863,0.7926748543977737,185.45171596109867,270.3276083320379,1.0,1.0,1.0,0.0,1.0,0.43388405442237854,2.5209953784942627,11.775043993489817,73.0,1.0,173.0,278.94015780694815
391.0,0.0,185.0,7.727535242363821,1.0,0.8749044674725269,0.34,0.0,nan,0.0276824034334764,0.0,0.0,50.0,439.0,2.639093041419983,0.4238830048513691,0.3006993205916645,0.24578153282467552,-0.405307412147522,17.387996977195144,26.339213071390986,96.58890437334776,179.44414162635803,,,,,,,,,,,,
392.0,0.0,169.0,9.547366685643807,1.0,0.9534914181201051,0.26785714285714285,0.0,nan,0.027625178826895566,0.0,0.0,56.0,501.0,4.107449531555176,0.4573884422555352,0.32802965690459307,0.2584814320899939,-0.4119948954321444,-1.7842743787914515,8.737039612606168,211.51965788006783,302.19465696811676,,,,,,,,,,,,
393.0,0.0,171.0,8.332997901141654,1.0,0.8156733488973245,0.35555555555555557,0.0,nan,0.027567954220314737,0.0,0.0,45.0,379.0,2.4425565004348755,0.4202747580490068,0.31479834278788865,0.2106280177791739,-0.407494786195457,11.692798773525283,4.4667939729988575,221.598109818995,318.73682004213333,,,,,,,,,,,,
394.0,0.0,131.0,7.177631244845694,1.0,0.74891460840925,0.4166666666666667,0.0,nan,0.027510729613733905,0.0,0.0,36.0,286.0,1.1940092146396637,0.39935815377413064,0.32187104153509943,0.15457104745851513,-0.41652269405312836,-13.945771127939224,-8.412526423111558,275.72082133591175,378.7307050526142,,,,,,,,,,,,
395.0,0.0,158.0,10.135445609465258,1.0,0.7877790026178046,0.3770491803278688,0.0,nan,0.02745350500715308,0.0,0.0,61.0,529.0,2.7775763869285583,0.32460906727797156,0.25952015803457246,0.1298051566191129,-0.405307412147522,-4.817434777272865,-1.3711838480085135,262.06053195893764,363.03906577825546,,,,,,,,,,,,
396.0,0.0,78.0,7.003600262627009,1.0,0.7163765867562618,0.42105263157894735,0.0,nan,0.02739628040057225,0.0,0.0,38.0,274.0,1.233523666858673,0.38525581474101855,0.2863435538397548,0.19757327348323828,-0.405307412147522,-0.8871480394154787,5.189451027661562,262.5719468444586,356.4401206076145,,,,,,,,,,,,
397.0,0.0,117.0,7.302613742053514,1.0,0.8904716014393697,0.34285714285714286,0.0,nan,0.02733905579399142,0.0,0.0,35.0,294.0,1.4135773181915283,0.4049061030869723,0.3121145807495257,0.18526305267023124,-0.40551021858118474,9.515411146916449,-6.375843519344926,239.14619287848473,344.0575334429741,,,,,,,,,,,,
398.0,0.0,128.0,8.53301528647543,1.0,0.8324453615973826,0.40425531914893614,0.0,nan,0.02728183118741059,0.0,0.0,47.0,393.0,1.456662893295288,0.3939749785735813,0.3314039358765243,0.1248588354508176,-0.4053572849370539,5.747945101931691,12.691254783421755,192.86786552518606,312.0347408801317,,,,,,,,,,,,
399.0,0.0,141.0,8.43340867586435,1.0,0.8127532567366134,0.35555555555555557,0.0,nan,0.027224606580829758,0.0,0.0,45.0,389.0,2.3005033135414124,0.43860256303064205,0.30796708948106355,0.2608957072483741,-0.4174897496122867,11.69005926605314,-14.724748190492392,230.37382745742798,340.7647699713707,,,,,,,,,,,,
400.0,0.0,55.0,2.1457143648341304,0.25,0.8237687829678672,0.38461538461538464,0.0,0.19999999999999996,0.02716738197424893,0.0,0.0,26.0,202.0,7.636066555976868,1.1029012231003508,0.3054244392085204,1.583712727149273,-0.41512686604320415,78.22267749640021,-42.42086077680682,321.0605005320936,423.3162003318862,1.0,1.0,1.0,0.0,1.0,0.456627756357193,2.349583148956299,11.771959580597468,74.0,1.0,176.0,286.4332467073205
401.0,0.0,186.0,10.843864928483983,1.0,0.9204458763908894,0.3484848484848485,0.0,nan,0.027110157367668097,0.0,0.0,66.0,583.0,2.7828012704849243,0.40035866842327295,0.3031920119219649,0.19407629978315066,-0.42103527300059795,19.371803453657776,6.38980090431869,285.00050112605095,391.2003768980503,,,,,,,,,,,,
402.0,0.0,169.0,8.740299820005905,1.0,0.8355220354044954,0.3770491803278688,0.0,nan,0.027052932761087268,0.0,0.0,61.0,541.0,2.3061388731002808,0.3781573708616557,0.2913411615520027,0.17308226178333028,-0.40565359010361135,-17.719627620303072,26.151409974321723,193.28775258362293,319.39705139398575,,,,,,,,,,,,
403.0,0.0,153.0,8.913624982610356,1.0,0.8204201281741946,0.4,0.0,nan,0.026995708154506443,0.0,0.0,50.0,437.0,3.0759196877479553,0.4554121224882901,0.30470616387524196,0.30108202106896415,-0.4160976465791464,6.9540327955037355,3.182218019850552,177.59250380843878,295.17796963453293,,,,,,,,,,,,
404.0,0.0,200.0,9.356843627393268,0.75,0.9271596292731735,0.29577464788732394,0.0,nan,0.02693848354792561,0.0,0.0,71.0,669.0,2.970103681087494,0.45410214419502326,0.3038268938736922,0.30032721219211816,-0.405307412147522,-13.532610974740237,-3.347342824563384,192.36867846176028,281.60841155797243,,,,,,,,,,,,
405.0,0.0,98.0,4.578768386468298,0.5,0.8310924191408194,0.4358974358974359,0.0,nan,0.02688125894134478,0.0,0.0,39.0,334.0,4.890532732009888,0.8975972187092864,0.3044932706515327,1.1791573765075887,-0.40561214089393616,38.041740954853594,-18.49138276465237,215.38246009498835,321.76628594100475,,,,,,,,,,,,
406.0,0.0,178.0,9.272271234616651,1.0,0.9380781252505076,0.30357142857142855,0.0,nan,0.02682403433476395,0.0,0.0,56.0,507.0,1.5374473929405212,0.37380864551928994,0.3262509134299594,0.09483289582980092,-0.4056136584840715,29.110212662257254,6.328094020718709,175.009244594723,275.8208056204021,,,,,,,,,,,,
407.0,0.0,185.0,9.96490810692312,1.0,0.8877244601511033,0.4426229508196721,0.0,nan,0.02676680972818312,0.0,0.0,61.0,538.0,4.610501527786255,0.49849023986967467,0.3404469156799035,0.3157860401248629,-0.6661908109672368,1.675250528845936,-18.52885296056047,104.74134798161685,238.8241730518639,,,,,,,,,,,,
408.0,0.0,155.0,9.233470188882219,1.0,0.9215400221244026,0.39655172413793105,0.0,nan,0.02670958512160229,0.0,0.0,58.0,509.0,2.230039894580841,0.4491114400235148,0.31248591418371385,0.27242033058533177,-0.47787863621488214,5.945962013676763,-11.813552930951118,169.89764568954706,269.0043888837099,,,,,,,,,,,,
409.0,0.0,44.0,1.7918556406348942,0.25,0.8450494434437635,0.30434782608695654,0.0,nan,0.02665236051502146,0.0,0.0,23.0,168.0,11.245536088943481,1.6622275391609946,0.30792347493427025,2.697638897186824,-0.4089821002313069,-87.67160343485219,21.52995563121069,272.6694378966377,348.44020114626204,,,,,,,,,,,,
410.0,0.0,171.0,9.700306342728453,1.0,0.8714974463887103,0.4098360655737705,0.0,0.4,0.026595135908440634,0.0,0.0,61.0,545.0,3.2063716650009155,0.3990743694192531,0.2998466849847807,0.19809243879125937,-0.4055614867247641,-6.189925408922136,-1.6988029964268208,102.6692143380642,213.8625649511814,1.0,0.0,0.75,0.0,0.75,1.170304775238037,2.178325653076172,12.688964218636102,91.0,1.0,200.0,187.3637487571688
411.0,0.0,96.0,4.376148447990427,0.25,0.8315347585884596,0.3829787234042553,0.0,nan,0.0265379113018598,0.0,0.0,47.0,381.0,3.0838403701782227,0.7619508685451564,0.3265388870491086,0.8705240888928354,-0.405307412147522,-4.104599328711629,-1.1181157929822803,60.70732584781945,169.35250973701477,,,,,,,,,,,,
412.0,0.0,155.0,9.321203874200599,1.0,0.9060150333594532,0.3,0.0,nan,0.026480686695278973,0.0,0.0,60.0,504.0,1.4291502833366394,0.441409547154191,0.3200518483989408,0.24240735324826135,-0.405307412147522,-4.08075548755005,10.228940768167377,148.26509430631995,207.2902593947947,,,,,,,,,,,,
413.0,0.0,182.0,9.122427502870575,1.0,0.8573413989618865,0.3142857142857143,0.0,nan,0.026423462088698144,0.0,0.0,70.0,646.0,1.348193809390068,0.3365476418439499,0.3094635864050111,0.052425285890983275,-0.405307412147522,-14.3789092884399,-3.2953867949545383,102.9984647333622,158.06805320084095,,,,,,,,,,,,
414.0,0.0,42.0,0.2868178281188011,0.0,0.7471855440981796,0.5217391304347826,0.0,nan,0.026366237482117312,0.0,0.0,23.0,168.0,12.193445444107056,1.6835553410551607,0.3355937051084072,2.695042712659902,-0.4066854960152081,32.156350408636385,-60.284664802608035,250.2566428539299,324.15754575956436,,,,,,,,,,,,
415.0,0.0,130.0,9.187247056439533,1.0,0.8804028979072425,0.32075471698113206,0.0,nan,0.026309012875536483,0.0,0.0,53.0,468.0,1.1739681661128998,0.36702346584449896,0.30060637057476136,0.13255143568383962,-0.405307412147522,-0.18855241942219436,1.3576407432556152,111.07339636608958,185.84425657987595,,,,,,,,,,,,
416.0,0.0,43.0,0.5880813036859038,0.0,0.8327841527282444,0.30434782608695654,0.0,nan,0.02625178826895565,0.0,0.0,23.0,172.0,10.932853698730469,1.4112066089449844,0.3750854650201315,2.068111384861561,-0.405307412147522,-61.91927689729735,5.326639979384666,52.15408346957938,141.2177078890246,,,,,,,,,,,,
417.0,0.0,165.0,8.028836927041423,1.0,0.8767589304247317,0.4074074074074074,0.0,nan,0.026194563662374822,0.0,0.0,54.0,431.0,1.3603792190551758,0.47799370475443625,0.29440250053681993,0.3669666620704337,-0.405307412147522,7.892950669396669,1.1618719613179564,53.28044098243117,123.73248688131571,,,,,,,,,,,,
418.0,0.0,83.0,1.1128367167711293,0.0,0.9266657378738326,0.34146341463414637,0.0,nan,0.026137339055793997,0.0,0.0,41.0,332.0,10.239693403244019,1.42645270590452,0.3245650406619091,2.202897231371975,-0.405307412147522,7.285946265794337,-5.901825120672584,124.21960797905922,204.54039239138365,,,,,,,,,,,,
419.0,0.0,200.0,9.699794428544141,0.75,0.9298399604171379,0.25333333333333335,0.0,nan,0.026080114449213165,0.0,0.0,75.0,677.0,3.7368104159832,0.46967910925054923,0.32984902507191743,0.27930324668594486,-0.405307412147522,12.388292573392391,12.714286329224706,124.27310790494084,208.86173380166292,,,,,,,,,,,,
420.0,0.0,56.0,0.8757134504243734,0.0,0.9041452381457512,0.27586206896551724,0.0,0.20000000000000007,0.026022889842632336,0.0,0.0,29.0,224.0,7.138339042663574,0.8227251243941802,0.30932419058655863,1.0266365925467167,-0.4094971272030047,-46.93837843196733,7.767893507012299,115.91669936478138,237.11942127346992,1.0,0.0,0.5,0.0,0.5,0.7831557989120483,2.5350892543792725,11.330828357720748,91.0,1.0,200.0,236.74186628963827
421.0,0.0,200.0,6.128708712011596,0.5,0.9369548704408185,0.30864197530864196,0.0,nan,0.025965665236051504,0.0,0.0,81.0,680.0,1.9980240315198898,0.5258928037815593,0.3406174817805196,0.37045709873101174,-0.405307412147522,3.8125375325325876,2.494825112633407,28.265710454434156,56.064003083854914,,,,,,,,,,,,
422.0,0.0,188.0,7.70085207700731,0.75,0.9454084276241108,0.3283582089552239,0.0,nan,0.025908440629470675,0.0,0.0,67.0,583.0,1.539120603352785,0.4443175416009879,0.3128908807458749,0.2624720464697212,-0.405307412147522,0.882045374950394,4.449674814124592,53.91944390721619,93.36939022690058,,,,,,,,,,,,
423.0,0.0,200.0,6.404989779386678,0.75,0.9162316524771359,0.3620689655172414,0.0,nan,0.025851216022889846,0.0,0.0,58.0,493.0,2.1579012274742126,0.5036252292751993,0.3585146777356749,0.2900897612588744,-0.405307412147522,2.0649913046509027,-2.3050755467265844,22.40737686306238,43.287426337599754,,,,,,,,,,,,
424.0,0.0,200.0,5.058964778184918,0.25,0.9592310168805936,0.27906976744186046,0.0,nan,0.025793991416309014,0.0,0.0,86.0,742.0,2.7797614485025406,0.8433368274569091,0.3459857608064037,0.9946181267048781,-0.405307412147522,-0.20441788074094802,0.19471725123003125,9.55401762202382,21.125006956979632,,,,,,,,,,,,
425.0,0.0,200.0,7.423754644282181,0.5,0.8407447814078451,0.45,0.0,nan,0.025736766809728185,0.0,0.0,80.0,722.0,4.300110161304474,0.3828330157830351,0.22540482622050176,0.31474117780741695,-0.405307412147522,10.41864402871579,-1.261756292078644,39.87860361114144,79.95449531823397,,,,,,,,,,,,
426.0,0.0,97.0,3.4358654870838015,0.25,0.8991400324903116,0.3953488372093023,0.0,nan,0.025679542203147353,0.0,0.0,43.0,373.0,4.3543925285339355,0.9305034810302502,0.3273362776947584,1.2061460874956778,-0.405307412147522,-0.10316720767877996,0.9593071010895073,38.41788307018578,92.09636004641652,,,,,,,,,,,,
427.0,0.0,200.0,7.183895284011983,0.5,0.8622499447078871,0.3157894736842105,0.0,nan,0.025622317596566527,0.0,0.0,76.0,647.0,3.738129496574402,0.5899348470222439,0.39493174919405716,0.38995486691360437,-0.405307412147522,-0.5821058303117752,-0.8584620696492493,16.129403421655297,37.231147557497025,,,,,,,,,,,,
428.0,0.0,134.0,8.20335949756206,1.0,0.9301566790169553,0.2926829268292683,0.0,nan,0.0255650929899857,0.0,0.0,41.0,361.0,4.294863939285278,0.6226791582088254,0.34096513913765536,0.5630103392500816,-0.4053204646334052,-3.290272747632116,1.1401369362138212,40.23922759015113,86.02350280433893,,,,,,,,,,,,
429.0,0.0,183.0,7.56220386691393,1.0,0.9227768986207427,0.4067796610169492,0.0,nan,0.025507868383404866,0.0,0.0,59.0,508.0,1.2474278509616852,0.24864105717551865,0.14862692716335982,0.19997079439125298,-0.405307412147522,0.6150518032955006,0.8453539801994339,8.105936985462904,21.156145997345448,,,,,,,,,,,,
430.0,0.0,200.0,4.4206236125528955,0.5,0.9871129195855649,0.22950819672131148,0.0,0.4,0.025450643776824038,0.0,0.0,61.0,534.0,1.9425454139709473,0.638710148462593,0.345007603270209,0.587395951711047,-0.405307412147522,0.35802014253567904,-0.07204683171585202,6.092050380073488,17.24173254147172,1.0,0.0,0.75,0.0,0.75,0.7756457328796387,2.710616111755371,11.526135191321373,84.0,1.0,200.0,366.11811243090824
431.0,0.0,200.0,5.16675304859878,0.5,0.8929117271532105,0.3835616438356164,0.0,nan,0.025393419170243205,0.0,0.0,73.0,649.0,2.2971553951501846,0.46886327507275805,0.3075329269187036,0.3226467637177257,-0.405307412147522,-1.2527339968946762,-0.39393330132588744,6.725966772064567,15.91639762930572,,,,,,,,,,,,
432.0,0.0,200.0,6.5365448583290116,0.75,0.9439051253084201,0.3584905660377358,0.0,nan,0.025336194563662377,0.0,0.0,53.0,461.0,2.0473061203956604,0.4278399072315011,0.234391435770476,0.38641105934618203,-0.405307412147522,5.849663838802371,9.534457447007298,22.947045681998134,64.37819236889482,,,,,,,,,,,,
433.0,0.0,200.0,8.255384486094137,0.75,0.9918963629660155,0.23684210526315788,0.0,nan,0.025278969957081544,0.0,0.0,76.0,643.0,2.696480482816696,0.31042184637765047,0.17326943035862222,0.2742464619007813,-0.405307412147522,-0.90871740487637,0.9607436747755855,9.394500441849232,22.594952881336212,,,,,,,,,,,,
434.0,0.0,200.0,8.556591360531772,0.75,0.8892589454720613,0.4230769230769231,0.0,nan,0.025221745350500716,0.0,0.0,78.0,697.0,1.456918939948082,0.06913447878866918,-0.017194362233416645,0.17265065072909702,-0.405307412147522,-1.7278138645051513,1.1889895522617735,6.001983031630516,17.088232818990946,,,,,,,,,,,,
435.0,0.0,78.0,2.0250921618938476,0.25,0.8568960967584015,0.40540540540540543,0.0,nan,0.02516452074391989,0.0,0.0,37.0,297.0,7.137149333953857,0.8558675041954302,0.03992256478663937,1.6317642907676733,-0.405307412147522,-0.03140617860481143,0.5201471743639559,11.928340583108366,27.279718840494752,,,,,,,,,,,,
436.0,0.0,200.0,5.79867999166252,0.5,0.9089820111314095,0.379746835443038,0.0,nan,0.025107296137339058,0.0,0.0,79.0,691.0,1.8301549553871155,0.5889712080745124,0.36044489335579627,0.4570405307469868,-0.405307412147522,0.7927707105409354,0.5216249000513926,9.096767218783498,17.269163055345416,,,,,,,,,,,,
437.0,0.0,200.0,4.376803869903097,0.5,0.8556299630480931,0.4246575342465753,0.0,nan,0.02505007153075823,0.0,0.0,73.0,624.0,1.9155051112174988,0.377124091877306,0.17931907873254127,0.3955984227919489,-0.405307412147522,-0.679089295619633,-0.30988234165124595,7.928370495326817,14.170004222542048,,,,,,,,,,,,
438.0,0.0,94.0,1.6083907833695434,0.0,0.871762761174619,0.4090909090909091,0.0,nan,0.024992846924177397,0.0,0.0,44.0,376.0,2.2436822652816772,0.3293882164097397,0.07440087412086316,0.5099501137128593,-0.405307412147522,1.6381795518100262,-1.0635953519959003,8.148563870228827,16.749187141656876,,,,,,,,,,,,
439.0,0.0,200.0,6.318184781074542,0.75,0.9733546961998121,0.3108108108108108,0.0,nan,0.024935622317596568,0.0,0.0,74.0,655.0,1.4257596507668495,0.31052696128199564,0.20936047195149518,0.20189858096471425,-0.405307412147522,2.9019404392456636,-0.4088036789325997,6.564749367535114,12.841372737661004,,,,,,,,,,,,
440.0,0.0,200.0,5.498891386836777,0.5,0.8783623738879793,0.4393939393939394,0.0,0.6000000000000001,0.02487839771101574,0.0,0.0,66.0,597.0,1.357849158346653,0.21009011779805725,0.10534758732886475,0.20925424289562022,-0.405307412147522,-0.5994204188464209,0.03838732629083097,6.991221916861832,14.585727598518133,1.0,0.0,0.5,0.0,0.5,0.9733792543411255,1.6786251068115234,11.023000894405413,85.0,1.0,200.0,127.84228458255545
441.0,0.0,200.0,3.772072369903335,0.25,0.8424631057289779,0.4111111111111111,0.0,nan,0.024821173104434907,0.0,0.0,90.0,788.0,1.5566644817590714,0.37268519494807606,0.1909102295326789,0.3635205726127533,-0.405307412147522,-0.02962312666932121,0.25621305644745007,7.961664472706616,13.103583931922913,,,,,,,,,,,,
442.0,0.0,200.0,7.118259407877943,0.75,0.9201472306017258,0.2976190476190476,0.0,nan,0.024763948497854082,0.0,0.0,84.0,703.0,0.7835130989551544,0.1725728029467124,0.1374641560962282,0.07021030190707989,-0.405307412147522,0.329566024011001,-0.24436194042209536,4.795001435093582,10.02360100671649,,,,,,,,,,,,
443.0,0.0,200.0,6.911146133989112,0.75,0.9331340264343686,0.3170731707317073,0.0,nan,0.02470672389127325,0.0,0.0,82.0,711.0,1.1536082327365875,0.2379975722576546,0.07025746834372515,0.3354120662378804,-0.405307412147522,0.029628326767124236,-0.4599820838193409,5.633966471534222,13.46616121660918,,,,,,,,,,,,
444.0,0.0,200.0,5.117450462877763,0.5,0.9541539643959157,0.2972972972972973,0.0,nan,0.02464949928469242,0.0,0.0,74.0,621.0,1.9333392828702927,0.4162260313976134,0.23948959312165918,0.3533713005717265,-0.405307412147522,-0.027642841858323663,0.5649257281329483,4.651746600866318,7.946135938167572,,,,,,,,,,,,
445.0,0.0,191.0,6.826753477156171,1.0,0.8557821746296238,0.2962962962962963,0.0,nan,0.024592274678111592,0.0,0.0,54.0,449.0,0.5936502814292908,1.0177906032880055,0.9122023640248061,0.21117138675239927,-0.405307412147522,-1.2149100476526655,-1.4870590799255297,4.505398474633694,9.580491883680224,,,,,,,,,,,,
446.0,0.0,200.0,5.655593067780153,0.5,0.9642251122016149,0.2777777777777778,0.0,nan,0.02453505007153076,0.0,0.0,72.0,635.0,1.469861462712288,0.37752837687384044,0.1274888369667733,0.49974743913787023,-0.405307412147522,-0.6523978503246326,2.231522764544934,5.280234042555094,12.11249424610287,,,,,,,,,,,,
447.0,0.0,200.0,3.829443633258354,0.25,0.9653337013698718,0.3258426966292135,0.0,nan,0.02447782546494993,0.0,0.0,89.0,772.0,2.1540071815252304,0.4618180459178802,0.10365283274180526,0.716326540571312,-0.405307412147522,0.33437622315250337,-0.9161291148047894,5.602064662612975,12.203918835148215,,,,,,,,,,,,
448.0,0.0,200.0,1.3650736287236294,0.0,0.9310762443623092,0.34831460674157305,0.0,nan,0.0244206008583691,0.0,0.0,89.0,800.0,3.4085270166397095,0.8158878879537594,0.3409390133566443,0.9498913930536297,-0.405307412147522,0.040961604681797326,0.22082556318491697,5.578728871885687,20.124045179225504,,,,,,,,,,,,
449.0,0.0,200.0,1.578495316207421,0.0,0.9704192717776038,0.3118279569892473,0.0,nan,0.02436337625178827,0.0,0.0,93.0,800.0,2.3889206498861313,0.4616033875275214,0.18011007605361928,0.5629716789847761,-0.405307412147522,-0.14127713080961257,0.7003458975814283,7.787956424988806,19.19791777059436,,,,,,,,,,,,
450.0,0.0,200.0,4.990246098786606,0.5,0.873100371369685,0.3561643835616438,0.0,0.8,0.024306151645207445,0.0,0.0,73.0,653.0,1.167891025543213,0.4606492011119373,0.34095101767818137,0.23939505424356614,-0.405307412147522,0.6203985404135892,-1.7886094137793407,8.233614552300423,24.680220398120582,1.0,0.0,0.5,0.0,0.5,3.6623899936676025,3.0273704528808594,12.25892024760833,98.0,1.0,200.0,89.5635359548033
451.0,0.0,29.0,-0.21018821835517892,0.0,0.9429842267229361,0.35294117647058826,0.0,nan,0.024248927038626612,0.0,0.0,17.0,116.0,5.055485248565674,0.6282109825614153,0.2638435703685521,0.7287341904516481,-0.405307412147522,-2.9521395129890275,-1.063763169892903,6.092264933832761,12.935177696162256,,,,,,,,,,,,
452.0,0.0,200.0,4.22448173910382,0.0,0.8888146061642259,0.40425531914893614,0.0,nan,0.024191702432045784,0.0,0.0,94.0,800.0,2.548878937959671,0.47478640090344015,0.1855444153406451,0.5784491399706244,-0.405307412147522,0.6585134261404164,0.10461330867838115,4.293751910794526,8.320622101426125,,,,,,,,,,,,
453.0,0.0,200.0,2.5028418935835566,0.0,0.9251305118639133,0.30337078651685395,0.0,nan,0.02413447782546495,0.0,0.0,89.0,800.0,1.8434084355831146,0.45229477639475135,0.24657284371794624,0.411434396993673,-0.405307412147522,0.2727262813132256,-0.12512995954602957,9.592246902175248,24.348954470828176,,,,,,,,,,,,
454.0,0.0,200.0,5.409364770203846,0.5,0.938051608585696,0.3132530120481928,0.0,nan,0.024077253218884122,0.0,0.0,83.0,716.0,2.375585213303566,0.5605412911136227,0.22956253815472724,0.6614153727903833,-0.405307412147522,0.3517785525182262,-2.113582610152662,7.538789898622781,17.758336036466062,,,,,,,,,,,,
455.0,0.0,200.0,3.2105988530814766,0.25,0.7209684139024448,0.6233766233766234,0.0,nan,0.024020028612303294,0.0,0.0,77.0,681.0,2.15362486243248,0.31923195682111327,0.1559055854805809,0.32657089797694283,-0.405307412147522,-0.09655311887036078,0.4877131371758878,6.740101185627282,15.474308900535107,,,,,,,,,,,,
456.0,0.0,200.0,6.258999198973198,0.5,0.9314903635605268,0.3625,0.0,nan,0.02396280400572246,0.0,0.0,80.0,728.0,1.043020911514759,0.17983066967553896,0.12762556739231234,0.10439211686602967,-0.405307412147522,0.36319725229986943,0.1682865023612976,6.538941194303334,13.952027442865074,,,,,,,,,,,,
457.0,0.0,200.0,4.334810870289809,0.5,0.9438754977499713,0.3380281690140845,0.0,nan,0.023905579399141633,0.0,0.0,71.0,624.0,3.5430817902088165,0.6654505927504033,0.3804054578056981,0.5700864006161177,-0.405307412147522,0.11014419805724174,0.9980075559578836,7.016586487647146,15.24670731369406,,,,,,,,,,,,
458.0,0.0,200.0,1.6739464849233738,0.0,0.9706740687802632,0.2604166666666667,0.0,nan,0.0238483547925608,0.0,0.0,96.0,800.0,2.011338010430336,0.4688962735887223,0.23005345526992438,0.477685254251476,-0.405307412147522,0.2027988884365186,0.15043107327073812,5.930310399271548,12.007337323389947,,,,,,,,,,,,
459.0,0.0,200.0,2.7978631976246993,0.25,0.8827684362426886,0.4430379746835443,0.0,nan,0.023791130185979975,0.0,0.0,79.0,673.0,2.3816990852355957,1.4273432250085953,1.088948303790302,0.6767871527499807,-0.405307412147522,0.1911539364955388,1.0418905055848882,4.80904411803931,9.206982397474349,,,,,,,,,,,,
460.0,0.0,200.0,3.246548519730582,0.25,0.9372979575676553,0.38372093023255816,0.0,0.6,0.023733905579399146,0.0,0.0,86.0,712.0,2.256190001964569,0.49025584418004087,0.20968868436468355,0.5611332926627455,-0.405307412147522,0.17070762731600553,0.1559056935366243,6.232739866711199,12.9106918675825,1.0,0.0,0.0,0.0,0.0,1.8113558292388916,2.803950786590576,13.02943876903737,100.0,1.0,200.0,3.531196579337143
461.0,0.0,200.0,1.6937960609793867,0.0,0.941744905953024,0.29896907216494845,0.0,nan,0.023676680972818314,0.0,0.0,97.0,800.0,1.6817574948072433,0.3637895851328494,0.1549533626933305,0.41767033818741683,-0.405307412147522,-0.1743351755430922,0.2723736672196537,4.926356828771532,9.512609562836587,,,,,,,,,,,,
462.0,0.0,200.0,1.559244159609091,0.0,0.9975316727207643,0.22448979591836735,0.0,nan,0.023619456366237485,0.0,0.0,98.0,800.0,1.5525183379650116,0.3849728514115327,0.17618966919257095,0.4175639169730392,-0.405307412147522,-0.23911387287080288,0.26730383140966296,7.101968569681048,18.21052631177008,,,,,,,,,,,,
463.0,0.0,200.0,3.004457360208047,0.25,0.9038681464053591,0.39080459770114945,0.0,nan,0.023562231759656653,0.0,0.0,87.0,757.0,0.9705524370074272,0.34518319873495074,0.24190916659336387,0.2065359589024789,-0.405307412147522,0.5903303223312832,0.693148115533404,4.988887233659625,10.393541531637311,,,,,,,,,,,,
464.0,0.0,200.0,4.792347944527879,0.25,0.9413309348925984,0.3037974683544304,0.0,nan,0.023505007153075824,0.0,0.0,79.0,730.0,1.9366951435804367,0.4399015083779503,0.3434720516426089,0.19277162736366332,-0.405307412147522,-0.5056973944883794,0.7642072897870094,16.534548164345324,33.38664723932743,,,,,,,,,,,,
465.0,0.0,200.0,3.3179851472377955,0.0,0.8724056791929574,0.41304347826086957,0.0,nan,0.023447782546494992,0.0,0.0,92.0,800.0,1.2972039729356766,0.2920521469453128,0.16925990741848765,0.2455611157349178,-0.405307412147522,1.4181652286206372,0.262585929594934,6.960303917527199,14.26201984565705,,,,,,,,,,,,
466.0,0.0,200.0,1.6233631674945346,0.25,0.8524611475342047,0.36666666666666664,0.0,nan,0.023390557939914167,0.0,0.0,90.0,667.0,1.328056424856186,0.23764509690045088,0.08912459085762812,0.2970142775626212,-0.405307412147522,0.3042159124306636,0.692809209227562,4.916322260163724,8.93590665794909,,,,,,,,,,,,
467.0,0.0,200.0,6.783491051197063,0.75,0.953009674019728,0.2962962962962963,0.0,nan,0.023333333333333338,0.0,0.0,54.0,460.0,1.6325058043003082,0.44080272291733813,0.3710876954903455,0.13936350092842265,-0.405307412147522,2.3391268859268166,-3.7656527624931186,15.01298116426915,29.993650015443563,,,,,,,,,,,,
468.0,0.0,200.0,6.7634193091094605,0.75,0.9133214855485052,0.32,0.0,nan,0.023276108726752506,0.0,0.0,50.0,426.0,2.623260498046875,0.10262203853159235,0.02122875371644415,0.16267073129656373,-0.405307412147522,1.8042507094796747,-7.537785397471453,44.61402449011803,73.03095090761781,,,,,,,,,,,,
469.0,0.0,200.0,6.170215660780689,0.5,0.9127367856825186,0.4266666666666667,0.0,nan,0.023218884120171677,0.0,0.0,75.0,682.0,1.2588166296482086,0.2540525301087424,0.1585701121200614,0.1909146330731719,-0.405307412147522,1.2113038619281724,-4.196609256789088,16.350484875962138,29.97841234318912,,,,,,,,,,,,
470.0,0.0,200.0,6.295431027635948,0.5,0.9537625843488075,0.33766233766233766,0.0,0.6,0.023161659513590845,0.0,0.0,77.0,667.0,1.486076980829239,0.35603331728188437,0.2805053739301486,0.15099941796355054,-0.405307412147522,-0.4625750287086703,-2.866497768787667,14.006110216490924,25.673152530565858,1.0,0.0,0.5,0.0,0.5,1.567021131515503,2.42539644241333,11.576505749762873,90.0,1.0,200.0,250.9635946899656
471.0,0.0,200.0,5.392936870455756,0.5,0.8375123407121878,0.4358974358974359,0.0,nan,0.023104434907010016,0.0,0.0,78.0,650.0,1.0627774745225906,0.09811556967463275,0.03659158515860182,0.12299285657231218,-0.405307412147522,-0.11552359204506502,-4.135223284480162,18.506602079607546,33.96482682041824,,,,,,,,,,,,
472.0,0.0,200.0,5.437457619458452,0.5,0.9832943717148948,0.2753623188405797,0.0,nan,0.023047210300429187,0.0,0.0,69.0,571.0,0.7794677093625069,0.20319690028077275,0.15471844433520665,0.09692367473733432,-0.405307412147522,-0.1651524945773417,0.07747989823110402,6.201840654946864,11.384581387043,,,,,,,,,,,,
473.0,0.0,200.0,7.89153277851643,0.75,0.9459331316842385,0.3181818181818182,0.0,nan,0.022989985693848355,0.0,0.0,66.0,579.0,2.4567885249853134,0.4119274438867251,0.314520445597974,0.19474931819886088,-0.405307412147522,3.4300138094695285,-3.4209072031080723,19.75532094668597,34.87576984800398,,,,,,,,,,,,
474.0,0.0,200.0,5.078986004740004,0.75,0.862802720879645,0.4307692307692308,0.0,nan,0.02293276108726753,0.0,0.0,65.0,545.0,0.7790333793964237,0.4282249603343118,0.35494077236065613,0.14651984679617058,-0.405307412147522,3.213096064166166,-2.1712469432968646,12.632424221374094,22.361470218747854,,,,,,,,,,,,
475.0,0.0,200.0,6.477172147333636,0.75,0.8588955125403169,0.463768115942029,0.0,nan,0.022875536480686697,0.0,0.0,69.0,611.0,2.0089154094457626,0.2084131105243614,0.06882918850988062,0.2791504947636445,-0.405307412147522,-0.05912835878552869,-0.42073322262149304,4.665619041305035,8.025263540446758,,,,,,,,,,,,
476.0,0.0,200.0,8.082350356280825,0.75,0.8958244124243094,0.44,0.0,nan,0.02281831187410587,0.0,0.0,75.0,629.0,4.537145882844925,0.36145887562907597,0.13491412377794343,0.45306794542968765,-0.405307412147522,-6.552267442457378,2.285107271745801,17.48239748366177,28.319416960701346,,,,,,,,,,,,
477.0,0.0,146.0,6.235324701108052,0.25,0.8500629448155688,0.45901639344262296,0.0,nan,0.02276108726752504,0.0,0.0,61.0,520.0,2.417194187641144,0.5555915669072391,0.36179734514476386,0.3874354053090481,-0.405307412147522,1.8180209018173628,-3.5765419855015352,34.009427019394934,51.148288551718,,,,,,,,,,,,
478.0,0.0,136.0,9.192239944487826,1.0,0.608449650149104,0.7142857142857143,0.0,nan,0.022703862660944207,0.0,0.0,56.0,506.0,3.0522966384887695,0.423261606370545,0.3060032788831575,0.23406753112795786,-0.405307412147522,5.878744939807802,-13.84206573665142,71.6090665012598,110.01454573869705,,,,,,,,,,,,
479.0,0.0,160.0,8.839698575921371,1.0,0.7445491358096156,0.6071428571428571,0.0,nan,0.02264663805436338,0.0,0.0,56.0,508.0,1.895122766494751,0.44475101077706647,0.31245740269423367,0.26434732561947705,-0.405307412147522,9.131925740046427,-9.780485158087686,83.41129071637988,125.60943146049976,,,,,,,,,,,,
480.0,0.0,200.0,7.490672963261617,0.75,0.8685649106534508,0.4098360655737705,0.0,0.2,0.022589413447782546,0.0,0.0,61.0,524.0,2.0099801123142242,0.6191878536450943,0.4925917527934871,0.25301074627432707,-0.405307412147522,-2.6103680848609656,-5.188094474724494,31.747644518502057,48.82761598005891,1.0,1.0,1.0,0.0,1.0,0.7483032941818237,2.7547712326049805,11.864676153287292,74.0,1.0,175.0,235.18992258049573
481.0,0.0,200.0,5.499267825558798,0.25,0.837065927475261,0.44,0.0,nan,0.022532188841201718,0.0,0.0,75.0,697.0,1.6739297062158585,0.5298374504997856,0.08730687563232874,0.8848783378495282,-0.405307412147522,1.1580527771438938,-0.5671505373902619,19.42020287923515,32.70981558226049,,,,,,,,,,,,
482.0,0.0,200.0,4.786546767503032,0.5,0.9847432333919359,0.2676056338028169,0.0,nan,0.022474964234620892,0.0,0.0,71.0,545.0,0.7661318704485893,0.16771538503485317,0.12479982063404035,0.08573958771358417,-0.405307412147522,1.086330385209294,-0.5474394727498293,6.644666902720928,11.773547815158963,,,,,,,,,,,,
483.0,0.0,200.0,6.919538224004221,0.75,0.7169421768470489,0.5925925925925926,0.0,nan,0.02241773962804006,0.0,0.0,54.0,477.0,0.7894083261489868,0.25698596109186056,0.18738977393964956,0.13893548489802587,-0.405307412147522,2.905396618996747,-2.1919534844346344,25.169273478910327,36.206547394394875,,,,,,,,,,,,
484.0,0.0,200.0,5.9871482835710115,0.75,0.9459355759578106,0.328125,0.0,nan,0.02236051502145923,0.0,0.0,64.0,524.0,1.2011776268482208,0.33174511739090917,0.251960230704973,0.15943644179038252,-0.405307412147522,3.329551556147635,-7.838667522970354,35.049228720366955,58.45198280643672,,,,,,,,,,,,
485.0,0.0,148.0,8.777178990691912,1.0,0.7285828445615717,0.5849056603773585,0.0,nan,0.0223032904148784,0.0,0.0,53.0,466.0,2.0853583812713623,0.3837541634099466,0.2860935465150219,0.1950949159944635,-0.405307412147522,-4.07857365347445,-15.021196193993092,120.65239033102989,193.5272247493267,,,,,,,,,,,,
486.0,0.0,200.0,6.619505585879098,0.75,0.9633598393571186,0.32857142857142857,0.0,nan,0.02224606580829757,0.0,0.0,70.0,604.0,0.7114093601703644,0.20839774556588964,0.14215124973789134,0.1324083906765754,-0.405307412147522,0.43648701335769147,-5.917050962802023,20.304360064677894,40.017637860029936,,,,,,,,,,,,
487.0,0.0,200.0,4.970828045606623,0.5,0.9782245039131408,0.3023255813953488,0.0,nan,0.02218884120171674,0.0,0.0,86.0,717.0,0.9108657017350197,0.47109494257995266,0.31833160543344097,0.3054088221868163,-0.405307412147522,-0.2392216118169017,0.9863366752397269,10.591871535405517,17.9424341712147,,,,,,,,,,,,
488.0,0.0,200.0,7.494037731736912,0.75,0.9377092621478205,0.29411764705882354,0.0,nan,0.02213161659513591,0.0,0.0,68.0,605.0,1.7925606071949005,1.2798193118351051,1.2163785048941769,0.1267422011288183,-0.405307412147522,-3.1484643891453743,-3.1479996261186898,42.36464437842369,75.48006390035152,,,,,,,,,,,,
489.0,0.0,200.0,4.780469054607681,0.5,0.994331377926024,0.24050632911392406,0.0,nan,0.022074391988555084,0.0,0.0,79.0,658.0,0.4094025529921055,0.06860760264677879,0.001807045703451018,0.13340068335251792,-0.405307412147522,2.1577711057616398,0.10427748574875295,14.281230739317834,34.24968715570867,,,,,,,,,,,,
490.0,0.0,191.0,7.832366529405135,0.5,0.914507772988794,0.3,0.0,0.2,0.022017167381974248,0.0,0.0,70.0,608.0,1.9253412410616875,0.5292064920428656,0.3912924942968226,0.27573872508758035,-0.405307412147522,2.053359497775091,-8.766874992288649,21.266649638302624,42.08083695359528,1.0,1.0,1.0,0.0,1.0,2.404383659362793,2.671017646789551,11.914549186069053,81.0,1.0,191.0,311.2785350272063
491.0,0.0,200.0,6.942995626330388,0.75,0.6857368027730865,0.6111111111111112,0.0,nan,0.021959942775393423,0.0,0.0,54.0,486.0,1.3994591534137726,0.0769683018206706,-0.027283927430469222,0.2084051689653652,-0.405307412147522,-3.446397883759346,-7.978965176036581,60.368970029987395,101.94823146797717,,,,,,,,,,,,
492.0,0.0,200.0,3.4029499658942326,0.25,0.920014351002083,0.3950617283950617,0.0,nan,0.021902718168812594,0.0,0.0,81.0,669.0,0.9893558472394943,0.31209787533376954,0.22487295514903208,0.17443029177833225,-0.405307412147522,0.15173268978651322,0.24944089446216822,8.954489009454846,15.195473365485668,,,,,,,,,,,,
493.0,0.0,200.0,6.587542028799674,0.5,0.8825913375120611,0.3815789473684211,0.0,nan,0.02184549356223176,0.0,0.0,76.0,697.0,1.1080377846956253,0.3502524245820382,0.31224716442339795,0.07592249308622678,-0.405307412147522,-0.35621893301140517,-1.24831364559941,13.355483315885067,27.85048459470272,,,,,,,,,,,,
494.0,0.0,200.0,5.191295667514224,0.25,0.833014803270768,0.48863636363636365,0.0,nan,0.021788268955650933,0.0,0.0,88.0,759.0,0.8227762207388878,0.34840889654088514,0.29695510890208027,0.10286028204654984,-0.405307412147522,1.4223822157946415,-4.625052001327276,7.650340897031128,20.63257760182023,,,,,,,,,,,,
495.0,0.0,200.0,6.142815987542292,0.5,0.949190533597889,0.32098765432098764,0.0,nan,0.0217310443490701,0.0,0.0,81.0,684.0,0.6711592972278595,0.20526992109807907,0.14745214687991193,0.11558679880342332,-0.405307412147522,0.05325251483009197,-5.686198532872368,11.805613359436393,27.55081305000931,,,,,,,,,,,,
496.0,0.0,200.0,8.43725230455401,0.75,0.9448389859507254,0.35802469135802467,0.0,nan,0.021673819742489272,0.0,0.0,81.0,741.0,1.4892072081565857,0.31405309133478454,0.1929246867672742,0.24215852321146691,-0.405307412147522,-0.8576740272401366,-5.413070923532359,20.964102786034346,50.86255079880357,,,,,,,,,,,,
497.0,0.0,200.0,5.954849560037269,0.5,0.9637940312261852,0.2875,0.0,nan,0.02161659513590844,0.0,0.0,80.0,646.0,1.5136185735464096,0.36278433894807094,0.16204885612214234,0.4013742723721786,-0.405307412147522,1.6653817150508985,-3.5861119543551467,11.174067774787545,23.593432096764445,,,,,,,,,,,,
498.0,0.0,200.0,5.568834137991077,0.75,0.8660627152046596,0.359375,0.0,nan,0.021559370529327614,0.0,0.0,64.0,527.0,1.6773958206176758,0.1799547411592357,0.036911142535253155,0.2859188343122234,-0.405307412147522,0.7364651272073388,-2.6513861512066796,24.113003317266703,43.47058274783194,,,,,,,,,,,,
499.0,0.0,200.0,7.390051718689518,0.75,0.8927377393162201,0.38571428571428573,0.0,nan,0.021502145922746786,0.0,0.0,70.0,627.0,1.2245450019836426,0.2765863474436969,0.14405945750772667,0.26490158058712776,-0.405307412147522,-0.3891434643883258,-1.7794810449704528,16.38439173437655,28.125115690752864,,,,,,,,,,,,
500.0,0.0,200.0,3.9717389117181474,0.25,0.9865119986313277,0.24390243902439024,0.0,0.4,0.021444921316165953,0.0,0.0,82.0,683.0,1.9079498462378979,0.2973590356823479,0.060488869616262264,0.47372351591532025,-0.405307412147522,-0.38308985240291804,-1.4534942428581417,5.6070595271885395,9.637434830889106,1.0,0.0,0.5,0.0,0.5,2.1980960369110107,2.7638163566589355,12.430097149830544,98.0,1.0,200.0,141.12366041354846
501.0,0.0,190.0,7.207243273481739,1.0,0.9676717601448568,0.2835820895522388,0.0,nan,0.021387696709585124,0.0,0.0,67.0,542.0,1.5455231070518494,0.23954985905094794,0.10328091884173711,0.2724972634419701,-0.405307412147522,-0.852605047315592,-1.9452056229347363,13.27461506659165,22.689899906516075,,,,,,,,,,,,
502.0,0.0,111.0,1.7440036864578774,0.0,0.8534723361040613,0.3148148148148148,0.0,nan,0.021330472103004292,0.0,0.0,54.0,444.0,2.7502216696739197,0.5723845074649461,0.18754216764343495,0.7696050431782007,-0.405307412147522,0.006080140941776335,-0.10964263684581965,20.646276124287397,33.26057190261781,,,,,,,,,,,,
503.0,0.0,200.0,5.871396682858482,0.5,0.9314067397768052,0.4024390243902439,0.0,nan,0.021273247496423463,0.0,0.0,82.0,697.0,1.0790369361639023,0.34991026214584053,0.15965305171668268,0.380467179658063,-0.405307412147522,-0.2028520854364615,0.2652826542616822,5.353465974330902,9.38910455815494,,,,,,,,,,,,
504.0,0.0,169.0,6.200670910701159,1.0,0.9627908420971099,0.30158730158730157,0.0,nan,0.021216022889842635,0.0,0.0,63.0,497.0,0.656042218208313,0.08327700987360465,-0.0001491497892400582,0.1668489711929462,-0.405307412147522,0.6223231696058065,-0.6341006118163932,4.892212089151144,8.709466489963233,,,,,,,,,,,,
505.0,0.0,200.0,8.486199620291607,0.75,0.9011135982274805,0.36231884057971014,0.0,nan,0.021158798283261802,0.0,0.0,69.0,573.0,2.06515571475029,0.2551959136135018,0.1231116308873983,0.26406437578737785,-0.405307412147522,3.8955880337161943,2.1297412179701496,10.972636296413839,21.086585886776447,,,,,,,,,,,,
506.0,0.0,200.0,4.945094308555144,0.5,0.8825638579515999,0.4025974025974026,0.0,nan,0.021101573676680977,0.0,0.0,77.0,638.0,1.4016198217868805,0.24968801112436267,0.10127450854974995,0.29682086291369614,-0.405307412147522,0.06364963331725448,0.1837668976004352,3.8860819921828806,6.798337442800403,,,,,,,,,,,,
507.0,0.0,200.0,6.5174985464289925,0.75,0.9035200966624821,0.3611111111111111,0.0,nan,0.021044349070100145,0.0,0.0,72.0,589.0,0.8820001557469368,0.13359231462384002,0.04723265284971406,0.1726448267801141,-0.405307412147522,0.15213351233978756,-0.2748662677477114,6.993565055541694,13.481523118913174,,,,,,,,,,,,
508.0,0.0,44.0,0.1876161484420298,0.0,0.9098409881197356,0.34615384615384615,0.0,nan,0.020987124463519316,0.0,0.0,26.0,176.0,6.877882122993469,0.8642303414866745,0.20502808450441368,1.3183709405422803,-0.405307412147522,0.0074637255377390166,1.8217173574323005,6.081741195510734,11.11322052099488,,,,,,,,,,,,
509.0,0.0,200.0,6.00040230697953,0.75,0.6129620754386444,0.5396825396825397,0.0,nan,0.020929899856938487,0.0,0.0,63.0,507.0,1.419734001159668,0.43783985503242295,0.2704530638651887,0.33473074373057465,-0.405307412147522,-0.030216549756005406,-1.6713627598364837,8.078963433392346,14.562584476545453,,,,,,,,,,,,
510.0,0.0,200.0,5.7877321945130955,0.75,0.918828656112963,0.34177215189873417,0.0,0.4,0.020872675250357655,0.0,0.0,79.0,644.0,0.8147402200847864,0.14798012176775233,0.07250752752405631,0.15087467836838098,-0.405307412147522,1.0981234705541283,0.25287901619594777,5.538717238232493,9.700546199455857,1.0,0.0,0.5,0.0,0.5,1.062610149383545,3.096541404724121,12.241415208380204,91.0,1.0,200.0,228.6357271375603
511.0,0.0,153.0,4.43370999190957,0.5,0.8250322501979152,0.42424242424242425,0.0,nan,0.020815450643776826,0.0,0.0,66.0,520.0,1.7372659668326378,0.27101210654564056,0.10080943538421931,0.34028520269958207,-0.405307412147522,1.2762461372767575,0.35440454725176096,5.851162426639348,10.370180869475007,,,,,,,,,,,,
512.0,0.0,200.0,3.827413685321824,0.25,0.8176689871655377,0.40625,0.0,nan,0.020758226037195994,0.0,0.0,96.0,797.0,1.379055194556713,0.21457506223475775,0.059036660891448905,0.31094077558300093,-0.405307412147522,-0.5323863755911589,0.1133739564102143,4.839352852664888,8.586386127397418,,,,,,,,,,,,
513.0,0.0,162.0,8.581108274534358,1.0,0.8148111869464651,0.48333333333333334,0.0,nan,0.020701001430615165,0.0,0.0,60.0,506.0,1.9352636337280273,0.31700247645587404,0.21913586036460617,0.19563924123625542,-0.405307412147522,-0.5748436769354157,-1.6726518096329528,8.873909615911543,15.72270697914064,,,,,,,,,,,,
514.0,0.0,200.0,7.090312270373128,0.75,0.8994624543951304,0.3218390804597701,0.0,nan,0.02064377682403434,0.0,0.0,87.0,768.0,0.8686347529292107,0.2547810563586588,0.14269686501086298,0.22416065496479898,-0.405307412147522,0.41494191880337894,0.19777779071591794,4.556478924117982,6.899789288640022,,,,,,,,,,,,
515.0,0.0,200.0,6.54335037916901,0.5,0.8800786242800207,0.3855421686746988,0.0,nan,0.020586552217453508,0.0,0.0,83.0,680.0,1.4121461063623428,0.5450650517408338,0.40724969513941023,0.2756129924057775,-0.405307412147522,-0.35273925826186314,-0.22996609786059707,4.535213273018599,7.142860552296042,,,,,,,,,,,,
516.0,0.0,200.0,5.942865125238908,0.75,0.9393377408979572,0.38461538461538464,0.0,nan,0.02052932761087268,0.0,0.0,52.0,444.0,1.058652639389038,0.3836063182567762,0.33894209667875563,0.08930149104239452,-0.405307412147522,-4.020780181745067,-2.0657450332073495,12.72685245424509,24.600989047437906,,,,,,,,,,,,
517.0,0.0,200.0,4.315591743737471,0.25,0.46651553533437956,0.7945205479452054,0.0,nan,0.020472103004291847,0.0,0.0,73.0,674.0,0.7758809365332127,0.18402282862734864,0.12468467566054642,0.11866432364204132,-0.405307412147522,-0.1718436186783947,0.2906211281660944,4.200269537046552,7.211517924442887,,,,,,,,,,,,
518.0,0.0,200.0,6.028212494812919,0.5,0.9321235785534733,0.38028169014084506,0.0,nan,0.020414878397711018,0.0,0.0,71.0,631.0,0.8231141790747643,0.27359190482331996,0.17293997272734984,0.20110967218594775,-0.405307412147522,-2.2541938583017327,-2.969916312256828,13.512767302803695,23.65410916879773,,,,,,,,,,,,
519.0,0.0,200.0,6.407395083829768,0.75,0.7870972724978984,0.44,0.0,nan,0.02035765379113019,0.0,0.0,50.0,435.0,0.5753194838762283,0.10711430322612614,0.052602745360535004,0.10879875101221304,-0.405307412147522,-0.10565660672727972,-1.2394336584256962,17.407214923761785,32.272775195539,,,,,,,,,,,,
520.0,0.0,200.0,5.555567170605078,0.5,0.9482159350627165,0.29069767441860467,0.0,0.4,0.020300429184549357,0.0,0.0,86.0,748.0,1.3546360433101654,0.3617651712358452,0.21039127867018045,0.30273468457651087,-0.405307412147522,0.34724113292759284,-0.6200958723202348,4.738581863231957,7.651972506195307,1.0,0.0,0.75,0.0,0.75,0.8152542114257812,2.7896742820739746,11.805435298592784,85.0,1.0,200.0,286.18586363829706
521.0,0.0,113.0,7.241773643195636,1.0,0.8326754936576335,0.425,0.0,nan,0.02024320457796853,0.0,0.0,40.0,331.0,1.0513014048337936,0.3459325054142681,0.2515642503025865,0.18862838018853534,-0.405307412147522,-6.127103547623847,-1.2834024035837501,24.18805207684636,44.516725078225136,,,,,,,,,,,,
522.0,0.0,200.0,6.075259516760723,0.5,0.5209903938140082,0.7638888888888888,0.0,nan,0.0201859799713877,0.0,0.0,72.0,645.0,0.9265312179923058,0.25474119584873733,0.14385770848936363,0.2216014935118018,-0.405307412147522,0.3065608609467745,-1.5900697383331135,10.38915122114122,17.558030486106873,,,,,,,,,,,,
523.0,0.0,200.0,7.008340452536952,0.75,0.8725334480387678,0.4657534246575342,0.0,nan,0.02012875536480687,0.0,0.0,73.0,613.0,1.4695972502231598,0.44820914243899335,0.3764893347917816,0.14331276211170785,-0.405307412147522,1.3663285905495286,-1.692315717751626,12.956586210988462,23.572590201161802,,,,,,,,,,,,
524.0,0.0,200.0,8.18557156868281,0.75,0.8425133244405485,0.49295774647887325,0.0,nan,0.02007153075822604,0.0,0.0,71.0,631.0,0.9099604487419128,0.19637533037173682,0.1579883109020585,0.07665120804218262,-0.405307412147522,-1.9979850957170129,-2.907537056133151,16.2009141407907,29.793448373675346,,,,,,,,,,,,
525.0,0.0,200.0,6.582115957811483,0.75,0.7764666823197903,0.55,0.0,nan,0.02001430615164521,0.0,0.0,60.0,553.0,1.3009745180606842,0.22458607219326154,0.10204307539194322,0.2447456173542102,-0.405307412147522,-3.4248471059836447,-2.10127838968765,15.214633329771459,27.542056679725647,,,,,,,,,,,,
526.0,0.0,200.0,6.827735642194758,0.75,0.8996034815733466,0.3508771929824561,0.0,nan,0.01995708154506438,0.0,0.0,57.0,471.0,0.902173638343811,0.23100978222318247,0.14164278076619416,0.1786853284493196,-0.405307412147522,-1.9613585998304188,-3.8298323024064302,11.362503596581519,20.30028622224927,,,,,,,,,,,,
527.0,0.0,172.0,9.94217153780164,1.0,0.8122552174790895,0.4482758620689655,0.0,nan,0.01989985693848355,0.0,0.0,58.0,533.0,1.2468076944351196,0.3689869947168205,0.29429372382323293,0.14921037048393238,-0.405307412147522,-3.6461648722179234,-2.8090817336924374,25.18321595247835,46.31486880406737,,,,,,,,,,,,
528.0,0.0,61.0,0.7486371541023256,0.0,0.8347669770774284,0.4,0.0,nan,0.01984263233190272,0.0,0.0,30.0,244.0,8.837791442871094,0.8304921633985702,0.04464673157690668,1.5714927311833986,-0.405307412147522,-3.1876661117936744,3.263087190076953,11.249757764769383,20.98439199611789,,,,,,,,,,,,
529.0,0.0,200.0,5.863966877982035,0.5,0.6554435871548656,0.6447368421052632,0.0,nan,0.019785407725321887,0.0,0.0,76.0,701.0,0.7294310163706541,0.3329974621965306,0.12576559407418086,0.4144458757840308,-0.405307412147522,0.2276480682194233,0.599352311110124,5.142339392565191,7.785822066478431,,,,,,,,,,,,
530.0,0.0,200.0,7.154443020224585,0.75,0.599690706907101,0.6724137931034483,0.0,0.0,0.019728183118741062,0.0,0.0,58.0,521.0,2.078106701374054,0.4566043083132729,0.20659428902084206,0.49999604869207515,-0.405307412147522,0.7719367765821517,-1.2976002944633365,6.856876900419593,12.498388255015016,1.0,0.0,0.5,0.0,0.5,0.0583452433347702,3.342179775238037,11.84807331074262,90.0,1.0,200.0,133.3402245454492
531.0,0.0,200.0,4.938760066181439,0.25,0.7563186093344945,0.5897435897435898,0.0,nan,0.019670958512160233,0.0,0.0,78.0,704.0,1.5855765491724014,0.24615506669869092,0.06919956688638924,0.3538954494678115,-0.405307412147522,0.10208018531557173,0.2720168619416654,4.709170810878277,7.378174053505063,,,,,,,,,,,,
532.0,0.0,156.0,7.99776774004103,1.0,0.856748847792911,0.4909090909090909,0.0,nan,0.0196137339055794,0.0,0.0,55.0,473.0,0.8266598582267761,0.2530977779206838,0.1799942098103384,0.14616559365801388,-0.405307412147522,-0.5854676985181868,-1.0591957767610438,7.080121388658881,13.253680998459458,,,,,,,,,,,,
533.0,0.0,200.0,5.434638571664717,0.25,0.9585918763759574,0.3258426966292135,0.0,nan,0.019556509298998572,0.0,0.0,89.0,763.0,1.4697721749544144,0.5598261610289228,0.3371525427394327,0.4452484845447475,-0.405307412147522,0.34975821850821376,0.06786594493314624,6.459402141161263,13.851185599341989,,,,,,,,,,,,
534.0,0.0,200.0,6.989723996520056,0.75,0.8591479393383005,0.39344262295081966,0.0,nan,0.01949928469241774,0.0,0.0,61.0,512.0,0.8506107479333878,0.40080796725999424,0.35133367883942757,0.09891143131478801,-0.405307412147522,0.2622417788952589,0.18699475546600297,7.917948393151164,13.39401681534946,,,,,,,,,,,,
535.0,0.0,200.0,7.297234649658225,0.75,0.963726406324026,0.2916666666666667,0.0,nan,0.01944206008583691,0.0,0.0,72.0,627.0,0.42631430737674236,0.19422412935557531,0.12921743223898724,0.1299878034975731,-0.405307412147522,-2.913970668334514,-1.1556935698026791,9.020286696963012,18.3452614787966,,,,,,,,,,,,
536.0,0.0,200.0,6.334423276186001,0.75,0.996763652336876,0.2328767123287671,0.0,nan,0.019384835479256082,0.0,0.0,73.0,574.0,0.3823174019344151,0.13229059232207874,0.07857319453967082,0.10737101599340522,-0.405307412147522,-0.03736569103784859,-1.381506441917736,6.684952980838716,12.576983308419585,,,,,,,,,,,,
537.0,0.0,200.0,7.411403080970064,0.75,0.8818935344416964,0.3380281690140845,0.0,nan,0.01932761087267525,0.0,0.0,71.0,624.0,1.141338661313057,0.4880241910702243,0.45207571599715957,0.07174505598076289,-0.405307412147522,-0.8612344084540382,-1.804708898649551,9.707276857458055,19.559236397966743,,,,,,,,,,,,
538.0,0.0,175.0,6.942884904444234,0.5,0.5845488395073425,0.7049180327868853,0.0,nan,0.019270386266094425,0.0,0.0,61.0,548.0,1.742828130722046,0.3634972015793636,0.1356683076272081,0.4556359730500461,-0.405307412147522,-0.8509110937011428,-1.437833369767759,7.158868170343339,12.775808138772845,,,,,,,,,,,,
539.0,0.0,200.0,5.7527188649773775,0.5,0.8290894480518901,0.475,0.0,nan,0.019213161659513592,0.0,0.0,80.0,666.0,1.75859035551548,0.3547419179285498,0.02124279493229024,0.6669843516135958,-0.405307412147522,0.2751514689880423,-0.03955797650269233,4.706428419798613,7.065398678183556,,,,,,,,,,,,
540.0,0.0,200.0,5.177998463809493,0.75,0.8169328904758779,0.45,0.0,0.4,0.019155937052932764,0.0,0.0,60.0,480.0,0.6823826432228088,0.23165209255702246,0.13220199523105622,0.1988762489978376,-0.405307412147522,0.672852186835371,0.13895655400119722,4.808525262400508,7.284459080547094,1.0,0.0,0.0,0.0,0.0,1.170442819595337,2.667834758758545,13.604928336193552,91.0,1.0,200.0,3.092378996312639
541.0,0.0,200.0,2.7336205430329104,0.0,0.9544735716826819,0.3469387755102041,0.0,nan,0.019098712446351935,0.0,0.0,98.0,800.0,5.084107458591461,1.3913004872036936,0.6192241202346286,1.5440662283246098,-0.405307412147522,1.4700762687716633,0.5812950429972261,5.187143142335117,8.684091655537486,,,,,,,,,,,,
542.0,0.0,200.0,7.352432628422996,0.75,0.7946429672214241,0.5135135135135135,0.0,nan,0.019041487839771103,0.0,0.0,74.0,662.0,2.7908277809619904,0.47218170174096485,0.14515843314149554,0.6540244592533222,-0.405307412147522,-0.34309606603346765,0.3385171973495744,9.36830426286906,14.663838513195515,,,,,,,,,,,,
543.0,0.0,200.0,2.223244573026903,0.25,0.5468664367431015,0.5268817204301075,0.0,nan,0.018984263233190274,0.0,0.0,93.0,716.0,1.9931480884552002,0.3199832629379671,0.08990705696618306,0.4601515014688071,-0.405307412147522,0.2561720877420157,0.39216763121658005,4.0777986706234515,7.0596369206905365,,,,,,,,,,,,
544.0,0.0,200.0,1.8265203982591771,0.0,0.9845082868534372,0.25510204081632654,0.0,nan,0.01892703862660944,0.0,0.0,98.0,800.0,2.698966145515442,0.48014266413065343,0.18196063515179048,0.5963456181450653,-0.405307412147522,-1.7696835401002318,-0.9374180076410994,6.028686685953289,10.444588324055076,,,,,,,,,,,,
545.0,0.0,200.0,3.204437430948033,0.0,0.8878829675888043,0.375,0.0,nan,0.018869814020028613,0.0,0.0,104.0,800.0,1.1696448475122452,0.36154158382669266,0.1524485483788595,0.4179053696071833,-0.405307412147522,1.6870762352773454,2.287590450665448,5.48838223144412,9.069125967100263,,,,,,,,,,,,
546.0,0.0,200.0,2.0742046535015257,0.0,0.8939286190280685,0.4,0.0,nan,0.018812589413447788,0.0,0.0,90.0,800.0,3.926229625940323,0.7526524150191563,0.15731461004366232,1.1905523685078754,-0.405307412147522,0.8407954974099994,1.3028125739656389,4.208598633762449,9.4548395331949,,,,,,,,,,,,
547.0,0.0,200.0,5.5587073193490735,0.25,0.766054076902969,0.5783132530120482,0.0,nan,0.018755364806866955,0.0,0.0,83.0,714.0,1.0838824734091759,0.21443958003874286,0.12683557088871567,0.17519675177069902,-0.405307412147522,-0.08021152904257178,0.45628395571839064,4.52224987000227,7.37125650793314,,,,,,,,,,,,
548.0,0.0,200.0,4.356362211257241,0.25,0.9270316382206749,0.3111111111111111,0.0,nan,0.018698140200286123,0.0,0.0,90.0,763.0,1.7468375265598297,0.7509582896691427,0.5645081428204612,0.37289364051779433,-0.405307412147522,0.292078148573637,-0.05855218647047877,5.555697014555335,10.08156075514853,,,,,,,,,,,,
549.0,0.0,200.0,2.8328554332256473,0.0,0.9295359816674535,0.39325842696629215,0.0,nan,0.018640915593705294,0.0,0.0,89.0,800.0,0.959805078804493,0.12165644699052791,-0.0024985324571674666,0.24830057817054718,-0.405307412147522,0.3346359571442008,0.09036636166274548,4.3728512497618794,7.088124107569456,,,,,,,,,,,,
550.0,0.0,200.0,3.0623222067952334,0.0,0.9455554543829129,0.28888888888888886,0.0,0.4,0.018583690987124465,0.0,0.0,90.0,800.0,0.5832462906837463,0.2016142859520187,0.13125584619743158,0.14069759291405948,-0.405307412147522,0.26512589247431606,0.4116236143745482,4.678146883845329,7.3932728208601475,1.0,0.0,0.25,0.0,0.25,0.6902369260787964,2.8741278648376465,12.338611879793461,91.0,1.0,200.0,70.8358524367214
551.0,0.0,200.0,3.8188811403513085,0.25,0.9160599607759252,0.41935483870967744,0.0,nan,0.018526466380543637,0.0,0.0,93.0,762.0,0.7688608393073082,0.31764926418441064,0.16993538914100975,0.29540469085725096,-0.405307412147522,0.252035056008026,0.9855619401205331,6.320070370100439,10.518159355968237,,,,,,,,,,,,
552.0,0.0,200.0,2.8912829907238593,0.25,0.9713256528594478,0.3137254901960784,0.0,nan,0.018469241773962808,0.0,0.0,102.0,739.0,1.3453463464975357,0.32657086425842863,0.14711843126530968,0.35878001018391015,-0.405307412147522,-0.5209887821692973,0.0256666645873338,5.095861343666911,9.467099893838167,,,,,,,,,,,,
553.0,0.0,200.0,3.981917891651409,0.25,0.9005880053405992,0.367816091954023,0.0,nan,0.01841201716738198,0.0,0.0,87.0,750.0,0.8877512831240892,0.36723014606897664,0.1045015841690553,0.5254441531859119,-0.405307412147522,-1.2720165461068973,0.6090367343276739,8.87983469851315,14.400808047503233,,,,,,,,,,,,
554.0,0.0,200.0,0.7831946127116726,0.0,0.8975574764557704,0.40404040404040403,0.0,nan,0.018354792560801143,0.0,0.0,99.0,800.0,2.2684129178524017,0.4093925927595592,0.07751880868499939,0.663617765604601,-0.405307412147522,0.26956262849853374,0.2662090016528964,4.37213599588722,7.78946640715003,,,,,,,,,,,,
555.0,0.0,200.0,1.3638470135629308,0.0,0.5844314032725412,0.5,0.0,nan,0.018297567954220315,0.0,0.0,102.0,800.0,1.5337079465389252,0.22998019903025124,0.03557958759483881,0.38878264202844776,-0.405307412147522,-0.03398590345750563,0.40346557926386595,4.522288406267762,7.644393652677536,,,,,,,,,,,,
556.0,0.0,200.0,4.16843418031934,0.0,0.8703404902312857,0.4673913043478261,0.0,nan,0.018240343347639493,0.0,0.0,92.0,800.0,1.0011574253439903,0.24141584512290137,0.09560909087309089,0.29160537389856145,-0.405307412147522,-0.5847694834810682,0.2386871580965817,4.9832053035497665,8.147082967683673,,,,,,,,,,,,
557.0,0.0,159.0,2.479365799427047,0.0,0.7194354099594092,0.49382716049382713,0.0,nan,0.018183118741058657,0.0,0.0,81.0,636.0,0.7794807776808739,0.5816551689096414,0.45364017192101397,0.2558659494952931,-0.405307412147522,0.6280915125389583,1.4573673260747455,4.675788191147149,7.882579041644931,,,,,,,,,,,,
558.0,0.0,200.0,4.220692217350032,0.0,0.9272187362522789,0.391304347826087,0.0,nan,0.018125894134477828,0.0,0.0,92.0,800.0,0.6276386342942715,0.25822400458855554,0.1931034533440652,0.1302358465424135,-0.405307412147522,0.1793861233163625,-0.31625057361088693,4.469572089612484,7.634321868419647,,,,,,,,,,,,
559.0,0.0,200.0,3.043632350862049,0.0,0.7454204823035939,0.5257731958762887,0.0,nan,0.018068669527897,0.0,0.0,97.0,800.0,1.2497402280569077,0.16687687490891534,0.032357277196569535,0.269038592345644,-0.405307412147522,0.47308967146091163,0.3669031737372279,4.206491417251527,7.776003332808614,,,,,,,,,,,,
560.0,0.0,200.0,4.087044563144471,0.0,0.930800337724255,0.3333333333333333,0.0,0.4,0.01801144492131617,0.0,0.0,93.0,800.0,0.9902001097798347,0.06963521577927168,0.021896723713325628,0.09547550042659125,-0.405307412147522,0.3465114416612778,-0.5754212783649564,4.429951508529484,7.474970294162631,1.0,0.0,0.0,0.0,0.0,2.03440523147583,2.3122591972351074,13.007168812619057,97.0,1.0,200.0,3.4744910821318835
561.0,0.0,200.0,3.247182641178391,0.0,0.8687943760936365,0.41836734693877553,0.0,nan,0.017954220314735335,0.0,0.0,98.0,800.0,1.3761242032051086,0.13201825342366647,0.01632188384064648,0.23138211321993912,-0.405307412147522,0.6048190244473517,0.8965472911950201,4.517719991970807,7.328013302758336,,,,,,,,,,,,
562.0,0.0,200.0,1.8932641778886325,0.25,0.917220027826987,0.3707865168539326,0.0,nan,0.017896995708154506,0.0,0.0,89.0,672.0,0.9023851975798607,0.10149961227944004,0.037282615449839795,0.12843017926349543,-0.405307412147522,-0.2926218354841694,0.2836541119031608,4.214152925647795,7.516480324789882,,,,,,,,,,,,
563.0,0.0,97.0,2.0074058386683515,0.0,0.836197247461543,0.3404255319148936,0.0,nan,0.017839771101573677,0.0,0.0,47.0,388.0,2.3356241583824158,0.5434354507810895,0.2735827304372833,0.5396741257513367,-0.405307412147522,0.02613717774511315,2.0450732321478426,4.261900811456144,7.732596423476934,,,,,,,,,,,,
564.0,0.0,200.0,2.5732335336506496,0.0,0.8159586622851861,0.4606741573033708,0.0,nan,0.01778254649499285,0.0,0.0,89.0,800.0,0.7937091924250126,0.1770323748564806,0.04776586681828121,0.25852310574876114,-0.405307412147522,-0.04014042252674699,-0.061869710916653275,4.043329053558409,7.355559242889285,,,,,,,,,,,,
565.0,0.0,200.0,1.9255841039121275,0.0,0.9271527408658342,0.36633663366336633,0.0,nan,0.01772532188841202,0.0,0.0,101.0,800.0,0.466936569660902,0.12459795709969512,0.07329582407005467,0.1025958407378118,-0.405307412147522,0.4948049358208664,0.7232446251437068,4.651885933242738,7.798258911818266,,,,,,,,,,,,
566.0,0.0,200.0,2.84557166695597,0.0,0.9223071536815374,0.4105263157894737,0.0,nan,0.01766809728183119,0.0,0.0,95.0,800.0,0.9721657037734985,0.15741924840494903,0.07336789894839058,0.16810077697674441,-0.405307412147522,0.25548916040861513,-0.039237492717802525,4.356028595939279,7.365100597962737,,,,,,,,,,,,
567.0,0.0,200.0,3.1789822205901332,0.0,0.8921084499747682,0.3118279569892473,0.0,nan,0.017610872675250362,0.0,0.0,93.0,800.0,1.357533037662506,0.10657297317447956,0.03286767949532532,0.1474077144503826,-0.405307412147522,0.9428453121508937,-0.31722913996782154,4.346881755627692,7.334156287834048,,,,,,,,,,,,
568.0,0.0,200.0,2.0334774702787572,0.0,0.8596410159797842,0.44086021505376344,0.0,nan,0.017553648068669533,0.0,0.0,93.0,800.0,0.7782150954008102,0.13055509562695988,0.03736906433778131,0.1863699551109148,-0.405307412147522,-0.15148315546684898,0.4169773543253541,4.036168207414448,7.515915310010314,,,,,,,,,,,,
569.0,0.0,200.0,3.675104098469027,0.25,0.8696230589034487,0.3111111111111111,0.0,nan,0.017496423462088698,0.0,0.0,90.0,782.0,0.9559765160083771,0.2640783296351401,0.06288947139103129,0.4023363859097907,-0.405307412147522,0.4634545187000185,-0.5284611458773725,4.027848624158651,7.249805919826031,,,,,,,,,,,,
570.0,0.0,200.0,1.7968616113066815,0.0,0.930312594043292,0.34375,0.0,0.4,0.01743919885550787,0.0,0.0,96.0,800.0,0.8287923410534859,0.08607393718193634,0.03307032837255974,0.10595883642929471,-0.405307412147522,0.12529723651823588,0.8134461346780881,4.56814921926707,7.353981111198664,1.0,0.0,0.0,0.5,0.0,-0.03219623863697052,3.1846628189086914,7.07527923642192,42.0,1.0,84.0,1.1553785017132787
571.0,0.0,200.0,3.0206805095076716,0.0,0.9288389933549461,0.3225806451612903,0.0,nan,0.01738197424892704,0.0,0.0,93.0,800.0,0.8413722142577171,0.09061914182065323,0.010052407603952207,0.1611036653940623,-0.405307412147522,1.00211100326851,1.2233226327807643,4.253417344763875,7.47773651778698,,,,,,,,,,,,
572.0,0.0,200.0,4.602746494114424,0.0,0.7783138865201752,0.5340909090909091,0.0,nan,0.01732474964234621,0.0,0.0,88.0,800.0,1.287171944975853,0.1131060694306143,0.06817276356946422,0.08984662144275912,-0.405307412147522,2.2481554213445634,0.193657691241242,4.044746235944331,7.302089126780629,,,,,,,,,,,,
573.0,0.0,200.0,3.1013576388359225,0.0,0.9075849976816538,0.34831460674157305,0.0,nan,0.017267525035765383,0.0,0.0,89.0,800.0,0.7907264083623886,0.09297079794532692,0.03571334937305437,0.1144588732442253,-0.405307412147522,0.7110667880915571,0.6081968042999506,3.810809808783233,7.305328827351332,,,,,,,,,,,,
574.0,0.0,200.0,1.8065021298825878,0.0,0.7347978174973708,0.5268817204301075,0.0,nan,0.017210300429184554,0.0,0.0,93.0,800.0,2.0672358125448227,0.2376246727344551,0.06329869441306357,0.348650464569649,-0.405307412147522,0.30732818302931264,0.01036401919554919,3.938936395570636,7.224911388009787,,,,,,,,,,,,
575.0,0.0,200.0,1.6461999230086926,0.0,0.9167138409908897,0.3723404255319149,0.0,nan,0.017153075822603725,0.0,0.0,94.0,800.0,0.8002047762274742,0.1962358435580427,0.06693922311342249,0.2585902235467876,-0.405307412147522,0.2652278077439405,0.9552958176936954,3.871420865878463,7.140273047611117,,,,,,,,,,,,
576.0,0.0,200.0,1.6590267941355767,0.0,0.8870648025622413,0.38,0.0,nan,0.01709585121602289,0.0,0.0,100.0,800.0,0.565890546888113,0.08229763603958418,-0.02084469049987092,0.20628448332192817,-0.405307412147522,0.9125402990030125,1.0438789093168452,3.63686894858256,7.155651243403554,,,,,,,,,,,,
577.0,0.0,200.0,3.2341419160366227,0.0,0.8712439826261811,0.43956043956043955,0.0,nan,0.01703862660944206,0.0,0.0,91.0,800.0,1.1333285719156265,0.14606011359228432,0.03571251106677664,0.22057015239581812,-0.405307412147522,-0.4028927634062711,-0.7081180312670767,4.032340121921152,7.248442906886339,,,,,,,,,,,,
578.0,0.0,200.0,2.302681736648097,0.0,0.929213115349258,0.3125,0.0,nan,0.01698140200286123,0.0,0.0,96.0,800.0,0.6193636134266853,0.09665457649452946,0.03368269187058104,0.12594327505917047,-0.405307412147522,0.0920801670581568,0.3318111530970782,3.993335706181824,7.4881058894097805,,,,,,,,,,,,
579.0,0.0,200.0,1.8135906308889531,0.0,0.8060134316028943,0.5161290322580645,0.0,nan,0.016924177396280403,0.0,0.0,93.0,800.0,0.6404358223080635,0.0839179148756557,0.0320068167716272,0.10382011249386303,-0.405307412147522,0.21708463481627405,0.3954388564452529,4.086518054828048,7.530398994684219,,,,,,,,,,,,
580.0,0.0,200.0,1.729984700679796,0.0,0.9534900108110788,0.35714285714285715,0.0,0.2,0.016866952789699574,0.0,0.0,98.0,800.0,0.7224324941635132,0.07485873527184594,0.04751844006932515,0.054677686020728936,-0.405307412147522,0.10651119990507141,0.5396411244291812,4.243924495764077,7.505691504105926,1.0,0.0,0.0,0.0,0.0,0.8525830507278442,2.6584088802337646,12.520962555427104,96.0,1.0,200.0,3.400585226714631
581.0,0.0,200.0,2.1049639944732257,0.25,0.6567711980489551,0.5294117647058824,0.0,nan,0.01680972818311874,0.0,0.0,85.0,752.0,1.2824202999472618,0.258498026545567,0.1136753874943679,0.28963265015143713,-0.405307412147522,0.08364566887030378,0.4588712875265628,3.968648430891335,7.61395494453609,,,,,,,,,,,,
582.0,0.0,200.0,4.604236830398459,0.25,0.9099560911843091,0.32941176470588235,0.0,nan,0.016752503576537917,0.0,0.0,85.0,735.0,1.7523203790187836,0.190734067524712,0.1006942569767803,0.18007439440258416,-0.405307412147522,0.14915945462416857,0.21714429277926683,4.351020405068994,7.828021438792348,,,,,,,,,,,,
583.0,0.0,200.0,3.084323881864561,0.25,0.891955275497588,0.4090909090909091,0.0,nan,0.016695278969957088,0.0,0.0,88.0,763.0,1.274900995194912,0.1854974134926124,0.02660969202247543,0.31765729172937357,-0.405307412147522,0.6981109288462903,-0.07325872452929616,4.114678314886987,7.421416778117418,,,,,,,,,,,,
584.0,0.0,200.0,2.5465659797191775,0.0,0.8811258103333925,0.4375,0.0,nan,0.016638054363376252,0.0,0.0,96.0,800.0,0.4574263095855713,0.08003521415957948,0.04319697663254374,0.07366013758747095,-0.405307412147522,0.17018561012810096,0.34659592050593346,3.766632881015539,7.3311152793467045,,,,,,,,,,,,
585.0,0.0,200.0,4.810071680247796,0.5,0.9117171532585041,0.3373493975903614,0.0,nan,0.016580829756795423,0.0,0.0,83.0,683.0,1.4697871208190918,0.13675829174826504,0.06108822290934768,0.1513310112466336,-0.405307412147522,0.7803146088990616,-0.6339399694697931,4.515495697967708,7.481393365189433,,,,,,,,,,,,
586.0,0.0,28.0,0.034537413418293014,0.0,0.8118653188099036,0.47368421052631576,0.0,nan,0.016523605150214594,0.0,0.0,19.0,112.0,2.049678683280945,0.3096236912907833,0.12089652088512334,0.37738845329431975,-0.405307412147522,2.1791929762278284,1.3644181926335608,4.542475217155048,7.545010898794446,,,,,,,,,,,,
587.0,0.0,59.0,1.3521624578535572,0.0,0.8604011850606836,0.36666666666666664,0.0,nan,0.016466380543633766,0.0,0.0,30.0,236.0,0.4728962108492851,0.08833564119314838,0.025168140844819813,0.12626134684750004,-0.405307412147522,0.010400890274036486,3.288192061928369,4.339783092676583,7.552089483050977,,,,,,,,,,,,
588.0,0.0,200.0,5.556897251009956,0.5,0.8466829588788366,0.49333333333333335,0.0,nan,0.016409155937052937,0.0,0.0,75.0,682.0,1.8491596281528473,0.1732680488830738,0.08284905428712364,0.18082553306991522,-0.405307412147522,0.3880173948709853,-0.15898121567443013,4.2742049768567085,7.914312079548836,,,,,,,,,,,,
589.0,0.0,135.0,2.135431969165813,0.0,0.9316239838491308,0.4,0.0,nan,0.0163519313304721,0.0,0.0,65.0,540.0,0.5374657213687897,0.09951730853936169,0.02642720818196409,0.1461723153306047,-0.405307412147522,-1.1597454225993715,0.8840170010225847,4.697493070736527,7.864589450880885,,,,,,,,,,,,
590.0,0.0,200.0,2.972150325775171,0.0,0.9752316760964379,0.3010752688172043,0.0,0.0,0.01629470672389128,0.0,0.0,93.0,800.0,0.7732215225696564,0.11492330869873513,0.0665374786931352,0.09676298031044572,-0.405307412147522,0.6275140076177195,0.5514681749045849,4.70985143724829,7.308735789731145,1.0,0.0,0.0,0.0,0.0,3.1443092823028564,1.9024924039840698,13.305501254159026,90.0,1.0,200.0,3.2661688737571435
591.0,0.0,200.0,3.8665129616856753,0.0,0.932335415596382,0.3333333333333333,0.0,nan,0.016237482117310444,0.0,0.0,93.0,800.0,0.47584841772913933,0.11840557135656127,0.0675966258149856,0.1015890040244447,-0.405307412147522,0.262267752783373,1.0916993980063125,4.864226715639234,7.476954936981201,,,,,,,,,,,,
592.0,0.0,200.0,1.9055716060102126,0.0,0.8666208243369383,0.40425531914893614,0.0,nan,0.016180257510729615,0.0,0.0,94.0,800.0,1.0283648073673248,0.06226369129399245,0.012196258566291363,0.10013486690813661,-0.405307412147522,-0.2731453490559943,1.197481190552935,4.739878403954208,7.321322504431009,,,,,,,,,,,,
593.0,0.0,200.0,4.41395580768588,0.0,0.7473347929238653,0.6086956521739131,0.0,nan,0.016123032904148786,0.0,0.0,92.0,800.0,1.0578396320343018,0.0997464236693304,0.06140764456472425,0.07666602120908894,-0.405307412147522,0.4872062976937741,0.28062084200792015,5.010778725147247,7.8177806213498116,,,,,,,,,,,,
594.0,0.0,161.0,1.4599473917484413,0.0,0.951595550654968,0.3333333333333333,0.0,nan,0.016065808297567957,0.0,0.0,75.0,644.0,1.8030940294265747,0.22486697497174646,0.031672409952288136,0.3863740827948905,-0.405307412147522,-0.5762805067934096,0.5365234893979505,4.829252257943153,7.34072064422071,,,,,,,,,,,,
595.0,0.0,200.0,1.240329459309585,0.0,0.8064437718893627,0.4948453608247423,0.0,nan,0.01600858369098713,0.0,0.0,97.0,800.0,0.33078426867723465,0.07560971926267257,0.03330580755258694,0.08460119389730902,-0.405307412147522,0.25047662120778114,0.12176501005887985,5.155099154449999,8.027711233124137,,,,,,,,,,,,
596.0,0.0,200.0,1.2916633412242053,0.0,0.9006557043116548,0.3786407766990291,0.0,nan,0.015951359084406293,0.0,0.0,103.0,800.0,0.09761980827897787,0.04819496243362664,0.04056043024320388,0.015260423799610394,-0.405307412147522,0.1326467379112728,0.35603861321578734,4.597624442540109,7.416399357840419,,,,,,,,,,,,
597.0,0.0,200.0,3.803780965507044,0.0,0.9167310990436861,0.32222222222222224,0.0,nan,0.01589413447782547,0.0,0.0,90.0,800.0,1.4926375299692154,0.17019965207202858,0.09631196806691023,0.14773303056866924,-0.405307412147522,-0.6229332471266389,1.3298565265722573,4.768742739222944,7.574323087930679,,,,,,,,,,,,
598.0,0.0,200.0,1.9938350692391484,0.0,0.8006185494849571,0.4731182795698925,0.0,nan,0.015836909871244635,0.0,0.0,93.0,800.0,0.42364975437521935,0.15144653858169477,0.07853377879200707,0.1458192366561673,-0.405307412147522,0.20224251982290298,0.30344203737331554,4.737666919827461,7.429658818989992,,,,,,,,,,,,
599.0,0.0,200.0,2.5482654012739876,0.0,0.9258620903509096,0.40625,0.0,nan,0.015779685264663806,0.0,0.0,96.0,800.0,0.8881772086024284,0.1192300994280231,0.06371633790513442,0.11102591216392921,-0.405307412147522,-0.027366748719941825,-0.0644394401460886,4.604721035808325,7.350662816315889,,,,,,,,,,,,
600.0,0.0,78.0,1.5282654327154188,0.0,0.8023020614249126,0.45,0.0,0.0,0.015722460658082978,0.0,0.0,40.0,312.0,1.1899769008159637,0.1935740031285289,0.060106884081537304,0.2668526798053772,-0.405307412147522,0.048851947707589716,0.7075540535151958,4.56223283521831,7.410218795761466,1.0,0.0,0.0,0.0,0.0,1.6495120525360107,1.499557614326477,13.138748924189713,99.0,1.0,200.0,3.414779245853445
601.0,0.0,200.0,1.585921972990046,0.0,0.8430187705876846,0.4536082474226804,0.0,nan,0.01566523605150215,0.0,0.0,97.0,800.0,0.8459543511271477,0.12387353473968687,0.03224814344139304,0.18324453416832054,-0.405307412147522,-0.036315718840342015,0.28475191816687584,4.841343282721937,7.641815798357129,,,,,,,,,,,,
602.0,0.0,200.0,2.978948345407866,0.0,0.8947590054224915,0.4105263157894737,0.0,nan,0.01560801144492132,0.0,0.0,95.0,800.0,0.9776828736066818,0.09225516151764168,0.044011065514496295,0.09648589187094303,-0.405307412147522,0.8642976169940084,0.4144545072922483,4.835193086415529,7.704555295407772,,,,,,,,,,,,
603.0,0.0,200.0,4.3293730095029135,0.0,0.8003904172849017,0.4787234042553192,0.0,nan,0.015550786838340484,0.0,0.0,94.0,800.0,1.0829342678189278,0.07340679574042497,0.03503330280545924,0.07674567594029669,-0.405307412147522,0.8076764936558902,0.9851903674425557,4.541895971633494,7.464760819450021,,,,,,,,,,,,
604.0,0.0,162.0,2.8759529225528295,0.25,0.9720201968983833,0.2727272727272727,0.0,nan,0.015493562231759656,0.0,0.0,66.0,545.0,0.941032406874001,0.13430084889841964,-0.014665784326098219,0.29778713915458277,-0.405307412147522,-1.3334956181352027,0.24443088308908045,4.6445935079827905,7.627651231363416,,,,,,,,,,,,
605.0,0.0,200.0,4.259555235505132,0.0,0.8447276140901137,0.43820224719101125,0.0,nan,0.015436337625178834,0.0,0.0,89.0,800.0,1.1985163167119026,0.08714080535673929,0.060546578280991525,0.053096909560480965,-0.405307412147522,0.6620763210812584,0.1412334470078349,4.893987257964909,7.967724425718188,,,,,,,,,,,,
606.0,0.0,200.0,2.875196069479009,0.0,0.970624738895446,0.3,0.0,nan,0.015379113018597998,0.0,0.0,100.0,800.0,0.9565940424799919,0.08189463368103134,0.04274169125415028,0.07830014728841383,-0.405307412147522,0.33912708034040406,0.7395145397167653,4.53965924680233,7.831598222255707,,,,,,,,,,,,
607.0,0.0,200.0,2.1089581325650393,0.0,0.9129370679776323,0.3364485981308411,0.0,nan,0.01532188841201717,0.0,0.0,107.0,800.0,0.6401762962341309,0.03426193818631873,-0.002003044984121516,0.07252233441759001,-0.405307412147522,-0.1203545019379817,0.11566260107792914,4.689494368620217,7.95035800896585,,,,,,,,,,,,
608.0,0.0,200.0,2.239123396575465,0.0,0.812197814084595,0.49514563106796117,0.0,nan,0.01526466380543634,0.0,0.0,103.0,800.0,1.1065805032849312,0.09670386662810415,0.032879319975108956,0.12764420211037764,-0.405307412147522,-0.10710283380467445,0.023450170410797,4.646638078615069,7.522233814001083,,,,,,,,,,,,
609.0,0.0,200.0,2.202583533376468,0.25,0.8675511296722298,0.4782608695652174,0.0,nan,0.015207439198855512,0.0,0.0,115.0,756.0,0.8789138868451118,0.17959819153747958,0.03839449280806488,0.2824073943998364,-0.405307412147522,-0.03811694623436779,0.39064505137503147,4.694520454853773,7.391204297542572,,,,,,,,,,,,
610.0,0.0,200.0,3.9763473419100266,0.25,0.78537428183631,0.5,0.0,0.0,0.015150214592274683,0.0,0.0,106.0,729.0,0.793871097266674,0.1415013323223775,0.08259207459363438,0.11781851499491436,-0.405307412147522,0.6249702248023823,-0.11982750007882714,6.113571848720312,9.799151493236423,1.0,0.0,0.25,0.0,0.25,0.6423263549804688,3.353577136993408,13.081526062796911,108.0,1.0,200.0,43.589312887750594
611.0,0.0,200.0,3.901459198445093,0.5,0.9211529380732694,0.32978723404255317,0.0,nan,0.015092989985693847,0.0,0.0,94.0,725.0,0.8277629911899567,0.12374346947217418,0.059933221391474945,0.12746884334209824,-0.405307412147522,0.1855951968464069,0.17993195238523185,5.222541452385485,8.426580419763923,,,,,,,,,,,,
612.0,0.0,200.0,4.767993767261533,0.25,0.9540690073720639,0.29523809523809524,0.0,nan,0.015035765379113018,0.0,0.0,105.0,792.0,0.8628303185105324,0.16964865260899842,0.05450356710747428,0.23028683902474212,-0.405307412147522,0.20198567520128563,0.41688940025051124,4.89881853107363,7.779948934912682,,,,,,,,,,,,
613.0,0.0,200.0,2.714329931885027,0.0,0.8769395103934771,0.3942307692307692,0.0,nan,0.01497854077253219,0.0,0.0,104.0,800.0,0.8018430322408676,0.10684336275153328,0.0338839056685174,0.1459158336884691,-0.405307412147522,-0.3530962058575824,0.036435151705518365,5.278446001932025,8.23672547005117,,,,,,,,,,,,
614.0,0.0,200.0,5.725818898528831,0.25,0.9237208326329206,0.3132530120481928,0.0,nan,0.01492131616595136,0.0,0.0,83.0,725.0,2.178770422935486,0.11575943349556894,-0.003787515570366346,0.23908041556583368,-0.405307412147522,1.1689954184694216,1.2617189332377166,4.870567516423762,8.144485980272293,,,,,,,,,,,,
615.0,0.0,200.0,3.4296258613467407,0.0,0.834512772625938,0.5,0.0,nan,0.014864091559370532,0.0,0.0,90.0,800.0,1.1503270417451859,0.1600187823505621,0.06991465263552367,0.17991776722394254,-0.405307412147522,0.5562542861152906,-0.05096136895008385,5.448550254106522,8.355464676395059,,,,,,,,,,,,
616.0,0.0,200.0,2.464385579228404,0.25,0.5116127901171469,0.6129032258064516,0.0,nan,0.014806866952789703,0.0,0.0,93.0,777.0,1.0823339968919754,0.2050940977846949,0.04493084122577784,0.3203092118810296,-0.405307412147522,0.6826332419295795,0.6029264030512422,5.649754810146987,8.409734509885311,,,,,,,,,,,,
617.0,0.0,200.0,5.97913106247784,0.75,0.9647488533660931,0.3170731707317073,0.0,nan,0.014749642346208874,0.0,0.0,82.0,684.0,1.7089307308197021,0.1690307440635479,0.02338356372334284,0.29126570489294046,-0.405307412147522,0.13700118160340935,0.5075702362228185,6.798375084064901,10.565837543457747,,,,,,,,,,,,
618.0,0.0,200.0,5.659828099161411,0.25,0.8596911606224588,0.4111111111111111,0.0,nan,0.014692417739628039,0.0,0.0,90.0,788.0,2.3921616077423096,0.3116434437583848,0.1067485410868585,0.4097685391662702,-0.405307412147522,0.6767704294179566,0.07235359598416835,5.191274128854275,8.487487891688943,,,,,,,,,,,,
619.0,0.0,200.0,6.217147270515566,0.75,0.8954553271149338,0.4406779661016949,0.0,nan,0.01463519313304721,0.0,0.0,59.0,503.0,3.2213096618652344,0.7268469377885882,0.44650930478602224,0.560552974538485,-0.405307412147522,-1.032341998128686,2.3431956871645525,6.956029744818807,11.8410316798836,,,,,,,,,,,,
620.0,0.0,200.0,6.433144770115632,0.5,0.8171570970244391,0.4444444444444444,0.0,0.0,0.014577968526466388,0.0,0.0,72.0,658.0,3.043320745229721,0.14464852999435607,-0.042478743920521755,0.37424067865870536,-0.405307412147522,1.2029476726893336,1.0921747637330554,6.350295568816364,11.737957522273064,1.0,0.0,0.5,0.0,0.5,0.4927143156528473,1.6765263080596924,12.06067674717633,95.0,1.0,200.0,143.38551963120713
621.0,0.0,200.0,6.451348933465797,0.5,0.8967132391777726,0.36486486486486486,0.0,nan,0.014520743919885552,0.0,0.0,74.0,657.0,3.344252824783325,0.4062051175060333,0.1201473986060364,0.5721039878101658,-0.405307412147522,1.791112602193607,-0.05429100967012346,5.080568613484502,8.759655192494392,,,,,,,,,,,,
622.0,0.0,200.0,5.066665369048725,0.5,0.8885553650277991,0.3709677419354839,0.0,nan,0.014463519313304724,0.0,0.0,62.0,559.0,2.3817033767700195,0.3417029294516347,0.2615027770852606,0.1603783421576182,-0.405307412147522,1.6381604780326597,2.40910029807128,7.272937978617847,12.071898084133863,,,,,,,,,,,,
623.0,0.0,200.0,4.075747133120909,0.25,0.9526662165484107,0.30526315789473685,0.0,nan,0.014406294706723895,0.0,0.0,95.0,777.0,2.18302983045578,0.19580945355261292,0.10776243225358684,0.1752496375569521,-0.405307412147522,0.9786597684724256,0.8369158097775653,5.693706861697137,8.873536132276058,,,,,,,,,,,,
624.0,0.0,200.0,2.9759884737432243,0.0,0.8971576525545042,0.31958762886597936,0.0,nan,0.014349070100143066,0.0,0.0,97.0,800.0,0.33605899661779404,0.13540412351039777,0.08417724531839726,0.10245352593768048,-0.405307412147522,1.456257316749543,-0.4235257094260305,5.536143355071545,8.608631743118167,,,,,,,,,,,,
625.0,0.0,200.0,9.246510026007911,0.75,0.9334396346997678,0.32142857142857145,0.0,nan,0.01429184549356223,0.0,0.0,84.0,759.0,4.219984471797943,0.3614556472221011,0.061756801943488426,0.5993805976188327,-0.405307412147522,0.33460762933827937,0.17566958290990442,5.078332400880754,7.6337568536400795,,,,,,,,,,,,
626.0,0.0,191.0,7.822522363811739,1.0,0.9119331381595956,0.3684210526315789,0.0,nan,0.014234620886981401,0.0,0.0,57.0,505.0,3.905426502227783,0.3547902023728966,0.09504244165236742,0.5194809481368452,-0.405307412147522,0.07876373350154608,-0.3135667885071598,5.0512486305087805,7.860065590590239,,,,,,,,,,,,
627.0,0.0,174.0,8.989282697588225,1.0,0.8892530940292677,0.4189189189189189,0.0,nan,0.014177396280400573,0.0,0.0,74.0,589.0,2.6459764540195465,0.19686430382989784,0.07736917218062445,0.23897664454647086,-0.405307412147522,0.3412400796296424,-0.38432502205250785,5.219300064258277,8.288308637216687,,,,,,,,,,,,
628.0,0.0,188.0,8.28494251981379,1.0,0.7198737496866588,0.5882352941176471,0.0,nan,0.014120171673819744,0.0,0.0,68.0,584.0,4.202305912971497,0.5473802195158441,0.2367828859652974,0.6207662918826515,-0.405307412147522,0.7311235195957124,-0.2621714730921667,5.62098719086498,8.877958109602332,,,,,,,,,,,,
629.0,0.0,100.0,2.5013885423541167,0.0,0.5657892250143003,0.6666666666666666,0.0,nan,0.014062947067238915,0.0,0.0,48.0,400.0,2.8953652381896973,0.693934049716745,0.16218740063854742,1.063434399991168,-0.405307412147522,0.3100230728741735,0.36319699662271887,5.468519722111523,8.870588967576623,,,,,,,,,,,,
630.0,0.0,200.0,4.99600702352823,0.5,0.6611886670136672,0.6617647058823529,0.0,0.0,0.014005722460658086,0.0,0.0,68.0,589.0,0.8716837614774704,0.23939659572326377,0.15473179138950116,0.16908958993996343,-0.405307412147522,-0.22375617918442003,1.1249233726994134,6.118376395665109,9.683248963207006,1.0,0.0,0.5,0.0,0.5,1.3464559316635132,0.6337233781814575,11.132915463887912,96.0,1.0,200.0,82.87525892630228
631.0,0.0,200.0,6.7177137680352015,0.25,0.7454151493430732,0.37362637362637363,0.0,nan,0.013948497854077258,0.0,0.0,91.0,785.0,1.1399562805891037,0.1717675101790519,0.10262748180730341,0.13826495804489225,-0.405307412147522,0.41737419290075195,1.7241745089413598,5.2232204945757985,8.272187119349837,,,,,,,,,,,,
632.0,0.0,200.0,6.329847398474832,0.5,0.900037451235725,0.3918918918918919,0.0,nan,0.013891273247496429,0.0,0.0,74.0,637.0,1.5526258051395416,0.4248234416260992,0.32741247506799015,0.19478268253825304,-0.405307412147522,3.021586221002508,0.9971431709127501,4.223732048645616,11.800171507522464,,,,,,,,,,,,
633.0,0.0,200.0,7.787346629761178,0.75,0.8856430501011808,0.4142857142857143,0.0,nan,0.013834048640915593,0.0,0.0,70.0,594.0,2.9593863785266876,0.1617579842518353,0.03062153309383575,0.2622674607622024,-0.405307412147522,0.20039877833187347,1.1670677021611482,5.172875477001071,8.234809881076217,,,,,,,,,,,,
634.0,0.0,144.0,8.862980910614148,1.0,0.4747708841516496,0.7586206896551724,0.0,nan,0.013776824034334764,0.0,0.0,58.0,516.0,2.887164056301117,0.31766608927387097,0.06563776586813219,0.5039154948439908,-0.405307412147522,0.7288706681865733,0.042668887035688385,5.004080195911229,7.809441599994898,,,,,,,,,,,,
635.0,0.0,200.0,6.721217391565462,0.5,0.7692220035901041,0.47435897435897434,0.0,nan,0.013719599427753935,0.0,0.0,78.0,683.0,1.4416356086730957,0.2807663757048431,0.17282422742323433,0.21588211056926832,-0.405307412147522,1.9633315692626638,1.703156667179428,5.111929594539106,7.863648794591427,,,,,,,,,,,,
636.0,0.0,122.0,3.3996866829693415,0.25,0.7468821578996642,0.5660377358490566,0.0,nan,0.013662374821173107,0.0,0.0,53.0,450.0,0.5855632126331329,0.24378528674543531,0.09375386107967643,0.30005979651502934,-0.405307412147522,0.7157983789511491,-0.02131298466701992,4.99882597476244,7.624017931520939,,,,,,,,,,,,
637.0,0.0,200.0,5.922792031094438,0.75,0.8262621642180198,0.4727272727272727,0.0,nan,0.013605150214592278,0.0,0.0,55.0,456.0,1.1206443011760712,0.2909476752579394,0.1582101601164512,0.2654700793581679,-0.405307412147522,0.14549059732235037,-0.2157149812555872,5.037160494364798,7.9848035499453545,,,,,,,,,,,,
638.0,0.0,200.0,6.660096744149941,0.5,0.8585867933812807,0.4235294117647059,0.0,nan,0.013547925608011449,0.0,0.0,85.0,757.0,1.5112573951482773,0.3750541256431461,0.040323423702375294,0.6694569497975371,-0.405307412147522,0.6356552976649255,-0.05202358728274703,5.0215922156348825,8.604487497359514,,,,,,,,,,,,
639.0,0.0,200.0,7.410555472224977,0.5,0.9326516157139265,0.36363636363636365,0.0,nan,0.01349070100143062,0.0,0.0,88.0,690.0,1.999582827091217,0.17270030136535297,0.05691876723892619,0.23153328465197198,-0.405307412147522,0.7897770733106881,1.0446034300257452,4.852070830762386,7.457532431930304,,,,,,,,,,,,
640.0,0.0,161.0,6.047820564135913,1.0,0.8615680664501885,0.3384615384615385,0.0,0.0,0.013433476394849785,0.0,0.0,65.0,554.0,0.9740368649363518,0.19446223532918339,0.06806967003262798,0.25275600046844104,-0.405307412147522,0.30682226664794143,0.3851141511113383,4.958811434917152,7.45094052515924,1.0,0.0,0.25,0.0,0.25,0.0014255344867706299,3.0117855072021484,12.28910392720718,102.0,1.0,200.0,24.675913296639937
641.0,0.0,200.0,3.6671062026918078,0.25,0.9213115936487625,0.3655913978494624,0.0,nan,0.013376251788268956,0.0,0.0,93.0,752.0,1.3062984645366669,0.2670094743593836,0.04906873153390734,0.4358805934731971,-0.405307412147522,0.5588095862767659,-0.16597888199612498,4.959921226836741,7.5107858050614595,,,,,,,,,,,,
642.0,0.0,200.0,5.41921068735423,0.25,0.8504782491161245,0.4880952380952381,0.0,nan,0.013319027181688127,0.0,0.0,84.0,732.0,0.4972894974052906,0.1425487985484324,0.09077734102191926,0.10353438612545213,-0.405307412147522,0.0835739461472258,0.449156227405183,4.964693710207939,7.390332007780671,,,,,,,,,,,,
643.0,0.0,200.0,6.594734865278016,0.75,0.9128101138896794,0.379746835443038,0.0,nan,0.013261802575107298,0.0,0.0,79.0,666.0,1.3629860803484917,0.09827050400508597,0.03042536842372101,0.13567481236464082,-0.405307412147522,0.781384423840791,0.7075987450079992,4.857492443174124,7.3829994685947895,,,,,,,,,,,,
644.0,0.0,200.0,5.537369906157281,0.25,0.827537926884824,0.524390243902439,0.0,nan,0.01320457796852647,0.0,0.0,82.0,730.0,1.068304255604744,0.24386606660300458,0.10869825179815962,0.2703101068286589,-0.405307412147522,1.4136496053542942,-0.024805435969028622,4.956818486563861,7.878953231498599,,,,,,,,,,,,
645.0,0.0,200.0,5.290178079605113,0.5,0.6837713105455948,0.5301204819277109,0.0,nan,0.013147353361945634,0.0,0.0,83.0,642.0,1.2104349732398987,0.13677951342106098,0.006085075040573429,0.2613762463839788,-0.405307412147522,0.4956595466064755,0.18767474370542914,4.872990564443171,7.079760387539864,,,,,,,,,,,,
646.0,0.0,200.0,6.985260692834868,0.75,0.7974746951890618,0.47619047619047616,0.0,nan,0.013090128755364812,0.0,0.0,63.0,551.0,2.131325840950012,0.34173420184120573,0.19624424631070586,0.2909359930782891,-0.405307412147522,0.19904760783538222,0.6386739719309844,5.441031786613166,8.27819811180234,,,,,,,,,,,,
647.0,0.0,200.0,6.4708192355930905,0.75,0.7658229078781725,0.5074626865671642,0.0,nan,0.013032904148783983,0.0,0.0,67.0,595.0,0.9669817015528679,0.1918206259069848,0.006515195829706499,0.3706012455761132,-0.405307412147522,0.1793291982030496,-0.00699646444991231,5.413757615722716,7.842991765588522,,,,,,,,,,,,
648.0,0.0,200.0,4.162527209222336,0.25,0.9212142671192584,0.36363636363636365,0.0,nan,0.012975679542203147,0.0,0.0,88.0,732.0,1.09516279399395,0.24122226105282607,0.11060945727513172,0.2612222518674619,-0.405307412147522,0.7643150041694753,-1.0140048055909574,5.019916455261409,7.485254932194948,,,,,,,,,,,,
649.0,0.0,200.0,6.525434808284056,0.75,0.7996480988079676,0.5081967213114754,0.0,nan,0.012918454935622319,0.0,0.0,61.0,526.0,1.7117685079574585,0.2587556285880055,0.0864242354884435,0.3446576685721079,-0.405307412147522,0.09807454294059426,-0.39363825047621503,5.749302478507161,8.774972507730126,,,,,,,,,,,,
650.0,0.0,200.0,6.049623094797157,0.25,0.8450840336182525,0.36363636363636365,0.0,0.0,0.01286123032904149,0.0,0.0,88.0,778.0,0.7020125612616539,0.2222929338834092,0.08255365359821099,0.2794629433085121,-0.405307412147522,1.7084431952098384,0.2165815254993504,5.275617212057114,8.822883864864707,1.0,0.0,0.5,0.0,0.5,0.2683645784854889,2.5887506008148193,11.028228978975676,88.0,1.0,200.0,190.71812360361238
651.0,0.0,88.0,2.8506568479538004,0.0,0.43414768697023154,0.7692307692307693,0.0,nan,0.012804005722460661,0.0,0.0,39.0,333.0,3.1102118492126465,0.5357141610185181,0.17247077619913753,0.7264681224907098,-0.405307412147522,-0.07439343904843554,0.13725962856551632,5.381920953281224,9.873319843783975,,,,,,,,,,,,
652.0,0.0,200.0,2.646389399617921,0.25,0.9195410507558639,0.3333333333333333,0.0,nan,0.012746781115879832,0.0,0.0,81.0,684.0,0.5137926768511534,0.0882538678340552,0.02938196621706235,0.1177313922251567,-0.405307412147522,0.4967688386095688,-0.16694491697489866,5.609849118627608,10.339096264913678,,,,,,,,,,,,
653.0,0.0,200.0,5.962174050062903,0.75,0.8245294705310394,0.5079365079365079,0.0,nan,0.012689556509299003,0.0,0.0,63.0,533.0,0.7750842869281769,0.11376142585990578,0.06938325329252848,0.08854108567179786,-0.405307412147522,1.5166307813487947,-0.19163502275478095,5.53098214790225,9.934878390282393,,,,,,,,,,,,
654.0,0.0,200.0,2.3533955141902174,0.0,0.8929910549409571,0.3541666666666667,0.0,nan,0.012632331902718175,0.0,0.0,96.0,800.0,0.2640084996819496,0.10258604664585391,0.05817200434609049,0.08882612775046983,-0.405307412147522,0.579915102571249,0.03871699987212196,5.351733295246959,10.372269950807095,,,,,,,,,,,,
655.0,0.0,200.0,4.655598436296005,0.5,0.8990287810083365,0.35294117647058826,0.0,nan,0.012575107296137339,0.0,0.0,85.0,670.0,1.760709062218666,0.2749589458259152,0.0854146037127066,0.3790663069374147,-0.405307412147522,0.6058115932391956,0.6934102160739712,5.576402843929827,11.083451990038157,,,,,,,,,,,,
656.0,0.0,200.0,3.313506189733757,0.0,0.887854895477174,0.41935483870967744,0.0,nan,0.01251788268955651,0.0,0.0,93.0,800.0,0.4505540784448385,0.14070990855361742,0.09301595546457975,0.09538180373165661,-0.405307412147522,1.0333357735071331,0.6968525598640554,5.63662189617753,11.826329058036208,,,,,,,,,,,,
657.0,0.0,184.0,7.982649146243943,1.0,0.5209134732653856,0.746031746031746,0.0,nan,0.012460658082975681,0.0,0.0,63.0,556.0,2.2955657243728638,0.33426202632665536,0.1543726973717412,0.3595008578278853,-0.405307412147522,-1.4802119624218903,0.27693038873258047,5.834957340732217,11.163435706868768,,,,,,,,,,,,
658.0,0.0,200.0,6.182671725526456,0.75,0.7294992249443923,0.5,0.0,nan,0.012403433476394853,0.0,0.0,54.0,479.0,1.1533533334732056,0.11147046177575248,0.0005840406513218793,0.2217028520788067,-0.405307412147522,-0.07984793145442382,0.5421947022550739,5.774188410490751,13.078889237716794,,,,,,,,,,,,
659.0,0.0,200.0,5.259491096138971,0.5,0.9379386535191101,0.29577464788732394,0.0,nan,0.012346208869814024,0.0,0.0,71.0,602.0,0.8612362034618855,0.21960831065325692,0.13596256497842418,0.16728754428804715,-0.405307412147522,0.43562533939257264,0.2732432785560377,6.0373627208173275,12.05146786943078,,,,,,,,,,,,
660.0,0.0,200.0,4.781658408269295,0.5,0.9718935390860147,0.2828282828282828,0.0,0.0,0.012288984263233188,0.0,0.0,99.0,716.0,1.1549091190099716,0.2902158532597241,0.15948749264498474,0.2614430255781448,-0.405307412147522,0.31575046211946756,0.35107708399300463,6.319399805739522,14.214336194097996,1.0,0.0,0.25,0.0,0.25,1.3948407173156738,2.060652732849121,12.21105051543418,97.0,1.0,200.0,71.09245954267689
661.0,0.0,200.0,3.8589976811409126,0.25,0.8821396653835095,0.31313131313131315,0.0,nan,0.012231759656652366,0.0,0.0,99.0,759.0,0.8186944872140884,0.19902709832012988,0.10160074992947443,0.1948477079671691,-0.405307412147522,0.33010139875113964,-0.43427471892209724,6.18196567799896,12.9794612955302,,,,,,,,,,,,
662.0,0.0,200.0,6.501931846514356,0.75,0.8119448688043386,0.47058823529411764,0.0,nan,0.01217453505007153,0.0,0.0,68.0,560.0,0.7863913476467133,0.16661605190529372,0.05355654828053957,0.22608951734979787,-0.405307412147522,0.9705971020739526,-0.39754218523739837,6.316048723645508,11.37201008759439,,,,,,,,,,,,
663.0,0.0,200.0,2.707709778100273,0.0,0.910364877422006,0.3617021276595745,0.0,nan,0.012117310443490702,0.0,0.0,94.0,800.0,1.1300093457102776,0.27327983381542253,0.11616639297949405,0.3142184209006693,-0.405307412147522,1.2940790876746178,-0.6478018909692764,7.725306237116456,14.698947548866272,,,,,,,,,,,,
664.0,0.0,119.0,3.4973820666223854,0.0,0.6209646641478983,0.625,0.0,nan,0.012060085836909873,0.0,0.0,48.0,401.0,3.3346012830734253,0.5193971184403381,0.08255920508627668,0.8736580762636449,-0.405307412147522,-0.05503420007880777,0.5829270093818195,6.599663724191487,11.652062870562077,,,,,,,,,,,,
665.0,0.0,200.0,4.512264912873528,0.25,0.9061033234836307,0.375,0.0,nan,0.012002861230329044,0.0,0.0,88.0,743.0,1.903865784406662,0.3323722501518205,0.04971130633202847,0.565317407834506,-0.405307412147522,0.7863845805404708,-0.16423116985242814,7.330223614349961,12.781654728576541,,,,,,,,,,,,
666.0,0.0,200.0,3.727562483400126,0.0,0.9570254673607709,0.3157894736842105,0.0,nan,0.011945636623748215,0.0,0.0,95.0,800.0,0.6896707937121391,0.16042157423885328,0.06282378865989813,0.19518143703461366,-0.405307412147522,0.6788495634682477,0.3028705755423289,7.343287289142609,13.060169845819473,,,,,,,,,,,,
667.0,0.0,200.0,4.043854758143452,0.0,0.8578608441303897,0.4175824175824176,0.0,nan,0.01188841201716738,0.0,0.0,91.0,800.0,0.47657574713230133,0.18347461984376423,0.11401016890170013,0.13889190435785584,-0.405307412147522,0.5764782261103392,2.007801169413142,9.064200451597571,14.720319829881191,,,,,,,,,,,,
668.0,0.0,200.0,4.966335437223334,0.25,0.9226002443034919,0.35714285714285715,0.0,nan,0.01183118741058655,0.0,0.0,84.0,684.0,0.4632861861027777,0.06394842334850637,0.0040796693913873385,0.11972197406580776,-0.405307412147522,-0.41119817877188325,0.8798399406950921,8.100773205980659,13.492007104679942,,,,,,,,,,,,
669.0,0.0,200.0,3.4533580504358046,0.0,0.9441689587164064,0.32608695652173914,0.0,nan,0.011773962804005729,0.0,0.0,92.0,800.0,0.6930540800094604,0.1931520533191815,0.12374463423407178,0.13841963655874512,-0.405307412147522,-1.1884512854740024,-0.9225015160627663,8.601670460775495,14.867265932261944,,,,,,,,,,,,
670.0,0.0,200.0,2.5782167762518164,0.0,0.9351301831848547,0.2815533980582524,0.0,0.0,0.011716738197424893,0.0,0.0,103.0,800.0,0.829969547688961,0.06847924852786491,0.01629670581278013,0.10434925866674677,-0.405307412147522,0.6632622801698744,-0.6607341908384115,8.426712080836296,14.226220536977053,1.0,0.0,0.5,0.0,0.5,1.8964775800704956,1.13347589969635,12.194377604217152,99.0,1.0,200.0,126.0936482846738
671.0,0.0,200.0,6.7568898770958405,0.5,0.8259237434316387,0.5352112676056338,0.0,nan,0.011659513590844064,0.0,0.0,71.0,655.0,0.9998046606779099,0.2524570967927957,0.16314476682582324,0.1786150285634991,-0.405307412147522,0.21623743796953931,-0.5223179647000507,7.151787415146828,11.773649217560887,,,,,,,,,,,,
672.0,0.0,200.0,4.5996974471211685,0.25,0.8463026891661466,0.4943820224719101,0.0,nan,0.011602288984263236,0.0,0.0,89.0,713.0,0.5868288427591324,0.19388859554283044,0.1583921755194524,0.07097704855808301,-0.405307412147522,1.1530974679626524,0.45892498595640063,8.28522322140634,12.351464495062828,,,,,,,,,,,,
673.0,0.0,200.0,0.08575918525457692,0.0,0.8716889885540816,0.330188679245283,0.0,nan,0.011545064377682407,0.0,0.0,106.0,800.0,0.8422670066356659,0.16293221440497518,0.09045505661583775,0.14495387249084046,-0.405307412147522,0.7901515593985096,-0.5604442583862692,7.333323050290346,11.5452890265733,,,,,,,,,,,,
674.0,0.0,200.0,2.7471815496683267,0.0,0.86177182998342,0.4444444444444444,0.0,nan,0.011487839771101578,0.0,0.0,99.0,800.0,0.8195314854383469,0.15660227248190495,0.14637808076804504,0.020414864731837852,-0.405307412147522,0.3469202369451523,-0.3742171790217981,8.506096804514527,13.312804765999317,,,,,,,,,,,,
675.0,0.0,200.0,2.3497733511030807,0.0,0.871674026637065,0.36,0.0,nan,0.011430615164520742,0.0,0.0,100.0,800.0,0.9257277101278305,0.16916742094053916,0.11193229171431085,0.11422199475753292,-0.405307412147522,0.3716796855442226,-1.171808753744699,6.947164099663496,10.854167468845844,,,,,,,,,,,,
676.0,0.0,200.0,5.925667915418756,0.75,0.7872767414332018,0.3939393939393939,0.0,nan,0.01137339055793992,0.0,0.0,66.0,518.0,3.354129433631897,0.3819654706367146,0.09278191338067643,0.5783601844216658,-0.405307412147522,0.28991053288336843,-0.5798413418233395,6.658392482437193,10.69323343038559,,,,,,,,,,,,
677.0,0.0,200.0,5.309178103506569,0.75,0.9440359309789714,0.26865671641791045,0.0,nan,0.011316165951359085,0.0,0.0,67.0,570.0,1.1634164229035378,0.28475207555857196,0.0920507377872268,0.3849541697693716,-0.405307412147522,1.2703032113495283,3.103688453003997,6.6993289943784475,11.125202938914299,,,,,,,,,,,,
678.0,0.0,103.0,2.0976011392474243,0.0,0.9463062167140047,0.3018867924528302,0.0,nan,0.011258941344778256,0.0,0.0,53.0,412.0,0.4451970085501671,0.15366799080038618,0.04255689203020155,0.2221564273478959,-0.405307412147522,-0.5464509382145479,-1.4700159629574046,7.092355242930353,11.460222445428371,,,,,,,,,,,,
679.0,0.0,200.0,7.205299689993282,0.75,0.8355318124987835,0.425,0.0,nan,0.011201716738197427,0.0,0.0,80.0,665.0,1.1391547545790672,0.4015221810929006,0.19818507231320837,0.40666645891924724,-0.405307412147522,0.045186190167441964,0.48070951872796286,6.942369736731052,10.706024304032326,,,,,,,,,,,,
680.0,0.0,200.0,7.156592287644761,0.75,0.909536861232259,0.31343283582089554,0.0,0.0,0.011144492131616598,0.0,0.0,67.0,574.0,1.1689362600445747,0.175570707908264,0.10065192328966077,0.14979584358538012,-0.405307412147522,1.0696999239153229,1.31200947688194,6.374345697462559,9.776831166818738,1.0,0.0,0.5,0.0,0.5,1.7452661991119385,2.048823833465576,11.949021874548635,94.0,1.0,200.0,177.41258078627308
681.0,0.0,180.0,10.746001602374038,1.0,0.41220881324894765,0.8235294117647058,0.0,nan,0.01108726752503577,0.0,0.0,68.0,621.0,2.5573470890522003,0.27570921450387686,0.0922786798460038,0.36682588679034644,-0.405307412147522,0.2499014448840171,0.22614416683791205,6.2659086138010025,8.870155896991491,,,,,,,,,,,,
682.0,0.0,200.0,5.3596323181689005,0.25,0.7974320315048955,0.48717948717948717,0.0,nan,0.011030042918454934,0.0,0.0,78.0,687.0,0.7105969563126564,0.34707985926638685,0.24682109827272153,0.2005130370933137,-0.405307412147522,2.0235752344015054,-1.813061456545256,6.2876537796109915,9.637587286531925,,,,,,,,,,,,
683.0,0.0,200.0,8.045065862685465,0.5,0.8528543052348199,0.3333333333333333,0.0,nan,0.010972818311874105,0.0,0.0,81.0,690.0,3.4978020191192627,0.20851814315028605,0.06227393673134429,0.29245462278410006,-0.405307412147522,1.0631024477770552,2.4091978897922672,6.0351305501535535,9.30485001206398,,,,,,,,,,,,
684.0,0.0,200.0,6.851949238181131,0.75,0.5128650359094323,0.6811594202898551,0.0,nan,0.010915593705293283,0.0,0.0,69.0,584.0,0.49931031931191683,0.2643459173195879,0.1882014398370302,0.15227585366655116,-0.405307412147522,0.21340793470153585,-0.34650589048396796,6.03558863978833,8.610879443585873,,,,,,,,,,,,
685.0,0.0,142.0,2.304151037633429,0.0,0.7358501143045751,0.546875,0.0,nan,0.010858369098712448,0.0,0.0,64.0,568.0,4.057320654392242,0.9787256940709455,0.07272254646159126,1.8116249857937312,-0.405307412147522,0.021020617161411792,0.2360911627765745,5.89044598583132,8.329613110050559,,,,,,,,,,,,
686.0,0.0,185.0,7.434627783745537,1.0,0.9354451241311652,0.32786885245901637,0.0,nan,0.010801144492131619,0.0,0.0,61.0,487.0,1.4891365468502045,0.37228447446523205,0.15560323690067435,0.43334808404988934,-0.405307412147522,1.5408131712756585,-0.1633278346125735,6.059803043492138,8.758155761286616,,,,,,,,,,,,
687.0,0.0,200.0,7.674803548455253,0.75,0.5236313203052358,0.7142857142857143,0.0,nan,0.01074391988555079,0.0,0.0,70.0,609.0,1.4392995089292526,0.2770494769024481,0.0662865599460929,0.42151797064306207,-0.405307412147522,0.6674907473498024,0.014194369316101074,5.979256910271943,8.51306390017271,,,,,,,,,,,,
688.0,0.0,200.0,6.177733453512205,0.75,0.9431861385337644,0.3048780487804878,0.0,nan,0.010686695278969961,0.0,0.0,82.0,649.0,0.6585175171494484,0.10353427883637778,0.033641144826901836,0.1397728951476669,-0.405307412147522,1.050786044826964,0.1928298829589039,5.841939967125654,8.407901529222727,,,,,,,,,,,,
689.0,0.0,200.0,7.684153505712775,0.5,0.8615091076088754,0.358695652173913,0.0,nan,0.010629470672389126,0.0,0.0,92.0,748.0,1.2675209939479828,0.2100300897127454,0.0403183576572701,0.3394136036520079,-0.405307412147522,1.8355815202812664,-0.40318252600263804,6.184535160660744,8.837124902755022,,,,,,,,,,,,
690.0,0.0,200.0,6.50755557984116,0.5,0.863475784938705,0.4024390243902439,0.0,0.0,0.010572246065808297,0.0,0.0,82.0,682.0,0.9191901609301567,0.16117126100948553,0.05513176890281102,0.21207491762486141,-0.405307412147522,0.15576111149130156,-1.3428895184770226,6.024644864723086,8.380299229174852,1.0,0.0,0.75,0.0,0.75,0.27306580543518066,2.0162792205810547,11.595091740018688,99.0,1.0,200.0,189.62422065436851
691.0,0.0,200.0,5.161529776006963,0.25,0.8840678268873557,0.2872340425531915,0.0,nan,0.010515021459227468,0.0,0.0,94.0,753.0,0.9053273648023605,0.1331266644428979,0.015553312633983296,0.23502824226855523,-0.405307412147522,2.1586543266894296,-0.914506831439212,6.000251522287726,8.463589807972312,,,,,,,,,,,,
692.0,0.0,174.0,6.733943051546818,1.0,0.7846220381272957,0.42592592592592593,0.0,nan,0.01045779685264664,0.0,0.0,54.0,427.0,1.3850018978118896,0.15308186807988022,0.04555087839071348,0.21501515559367546,-0.405307412147522,-0.7369355830305722,0.23384868877474219,6.163559593260288,8.592792257666588,,,,,,,,,,,,
693.0,0.0,136.0,7.924429410696041,1.0,0.8241870500242677,0.4339622641509434,0.0,nan,0.01040057224606581,0.0,0.0,53.0,465.0,1.2386759221553802,0.16413341567113093,0.02580817784928513,0.27663110587000117,-0.405307412147522,0.8472328725038096,-0.5802449512993917,6.148824421688914,8.687666205689311,,,,,,,,,,,,
694.0,0.0,200.0,6.59487740419806,0.75,0.8244939915297971,0.44,0.0,nan,0.010343347639484982,0.0,0.0,50.0,441.0,1.253109097480774,0.08649661736399139,0.026461411187369777,0.12004766991750981,-0.405307412147522,1.0390790418023244,0.13964976440183818,6.092797019518912,8.831865282729268,,,,,,,,,,,,
695.0,0.0,196.0,8.79373061250897,1.0,0.8008724576608631,0.42028985507246375,0.0,nan,0.010286123032904153,0.0,0.0,69.0,606.0,1.8165014833211899,0.24363902230561507,0.06311097925026843,0.3610288515835307,-0.405307412147522,1.3481784383766353,0.40116975200362504,6.260932549834251,8.861790910363197,,,,,,,,,,,,
696.0,0.0,140.0,7.528888285253204,1.0,0.6573316773859098,0.56,0.0,nan,0.010228898426323324,0.0,0.0,50.0,415.0,1.5100681781768799,0.15093293449149314,0.04149259739870104,0.21885583035470668,-0.405307412147522,0.7021820800146088,1.2809174184221774,6.161779914051294,8.86391026712954,,,,,,,,,,,,
697.0,0.0,200.0,6.777191141471281,0.75,0.8659051706626083,0.3220338983050847,0.0,nan,0.010171673819742488,0.0,0.0,59.0,486.0,0.7840117067098618,0.09849878851309768,0.038743829283703235,0.11948514617295514,-0.405307412147522,0.8152285144315101,0.9071597699075937,6.144794035702944,8.804378701373935,,,,,,,,,,,,
698.0,0.0,154.0,8.545911037549388,1.0,0.7792424142019597,0.42105263157894735,0.0,nan,0.01011444921316166,0.0,0.0,57.0,480.0,1.560540646314621,0.16056573982677946,0.05996470610170945,0.20119115995206446,-0.405307412147522,0.7545620454839082,0.5700621745781973,5.86669865436852,8.656508937478065,,,,,,,,,,,,
699.0,0.0,134.0,4.086751709282408,0.0,0.7221255922665578,0.42105263157894735,0.0,nan,0.01005722460658083,0.0,0.0,57.0,499.0,2.3655248880386353,0.4193996466074168,0.03927592082072806,0.7599763282721526,-0.405307412147522,1.0088106217444874,-0.3883527097350452,6.0630421955138445,8.793629387393594,,,,,,,,,,,,
700.0,0.0,152.0,7.608795909658085,1.0,0.7953548433820521,0.5306122448979592,0.0,0.0,0.010000000000000002,0.0,0.0,49.0,417.0,0.6964256912469864,0.1751031364856317,0.06389603002753574,0.22230397557223025,-0.405307412147522,-0.5344713214435615,0.7565521805081517,6.046508531086147,8.65820037573576,1.0,0.0,0.75,0.0,0.75,0.2686978280544281,2.734011650085449,10.990468849850004,89.0,1.0,200.0,269.4624815844002
701.0,0.0,151.0,7.49593363955618,1.0,0.8616631709128091,0.39622641509433965,0.0,nan,0.010000000000000002,0.0,0.0,53.0,438.0,0.5753371268510818,0.07367823153015252,0.020400155219249427,0.10653050052286583,-0.405307412147522,-0.3678404051461257,0.378965582116507,6.188974479213357,8.659795189276338,,,,,,,,,,,,
702.0,0.0,173.0,7.673500564321884,1.0,0.8858485912879192,0.38596491228070173,0.0,nan,0.010000000000000002,0.0,0.0,57.0,460.0,0.5412701070308685,0.06591926114742819,0.0318800633540377,0.06805922762406025,-0.405307412147522,0.834762291109655,0.7600678008748218,6.107617238536477,8.503403590992093,,,,,,,,,,,,
703.0,0.0,119.0,6.6626670759916315,1.0,0.8310858270090645,0.42857142857142855,0.0,nan,0.010000000000000002,0.0,0.0,42.0,352.0,0.8806265741586685,0.08581072160382064,0.03544613593635404,0.10067717373263987,-0.405307412147522,1.1100641460507177,1.4804635491454974,6.181739731691778,8.806559497490525,,,,,,,,,,,,
704.0,0.0,200.0,7.302047950401925,0.5,0.8490949384121512,0.38823529411764707,0.0,nan,0.010000000000000002,0.0,0.0,85.0,730.0,0.6840061843395233,0.1466974358648372,0.038464477565639754,0.21645506884942733,-0.405307412147522,1.313551307132002,-1.5204134089290164,6.200707466341555,8.961677780374885,,,,,,,,,,,,
705.0,0.0,200.0,8.390876855254191,0.75,0.7639502980464178,0.5068493150684932,0.0,nan,0.010000000000000002,0.0,0.0,73.0,633.0,0.8997894898056984,0.13716539473762168,0.04095245051485108,0.1924019444609688,-0.405307412147522,-0.18575137405423447,0.8317927421885543,6.1428282437846065,8.89409813657403,,,,,,,,,,,,
706.0,0.0,186.0,9.072753853872435,1.0,0.7028262747619232,0.48333333333333334,0.0,nan,0.010000000000000002,0.0,0.0,60.0,529.0,0.6726775616407394,0.06684470538948517,0.022132198449980933,0.08936989257554606,-0.405307412147522,-0.16110320680309087,0.42115939513314515,6.193132556043565,8.832771612331271,,,,,,,,,,,,
707.0,0.0,197.0,8.791679120883366,1.0,0.9563966965015918,0.2857142857142857,0.0,nan,0.010000000000000002,0.0,0.0,70.0,587.0,0.7314839065074921,0.12191953152432689,0.04399012784597289,0.15585646194505598,-0.405307412147522,0.808784717170056,-1.0760577716282569,5.9816741375252604,8.909331372007728,,,,,,,,,,,,
708.0,0.0,200.0,7.61892257686706,0.75,0.8270122599290466,0.49230769230769234,0.0,nan,0.010000000000000002,0.0,0.0,65.0,565.0,0.46663031354546547,0.11588979014140932,0.04270033364628034,0.1463685791863898,-0.405307412147522,1.4619126137404237,-0.49107595160603523,6.108929631300271,8.830850692465901,,,,,,,,,,,,
709.0,0.0,177.0,9.069365656338654,1.0,0.7391866958681799,0.44155844155844154,0.0,nan,0.010000000000000002,0.0,0.0,77.0,644.0,0.5452708378434181,0.09561855248557549,0.035243682548752986,0.12018248208848403,-0.405307412147522,-0.11534703627694398,0.5119615776347928,6.123783649876714,9.327775951474905,,,,,,,,,,,,
710.0,0.0,169.0,8.640362386107459,1.0,0.8547864664590566,0.40298507462686567,0.0,0.0,0.010000000000000002,0.0,0.0,67.0,567.0,1.1232459917664528,0.05337173017960595,0.027679745283421653,0.05135469666002557,-0.405307412147522,0.6535022444149945,0.3397704901872203,6.194203493185341,8.89243713580072,1.0,0.0,0.75,0.0,0.75,0.6512870788574219,1.435183048248291,11.274985268159071,95.0,1.0,200.0,247.09575900901135
711.0,0.0,200.0,6.387795254811656,0.75,0.816020509813448,0.4528301886792453,0.0,nan,0.010000000000000002,0.0,0.0,53.0,446.0,0.9422396421432495,0.1610864211434091,0.021987065170833375,0.2781679354274128,-0.405307412147522,0.2971857166267,0.1905163764313329,6.06252506095916,8.642160201445222,,,,,,,,,,,,
712.0,0.0,200.0,6.586259607225669,0.75,0.90701896317749,0.3387096774193548,0.0,nan,0.010000000000000002,0.0,0.0,62.0,475.0,0.7804110050201416,0.10132727126756436,0.04747931456611809,0.10768121270506592,-0.405307412147522,1.5143671527839615,-0.21386572008486837,6.101737659424543,8.734612872824073,,,,,,,,,,,,
713.0,0.0,125.0,7.471837271451958,1.0,0.7820318488299117,0.5319148936170213,0.0,nan,0.010000000000000002,0.0,0.0,47.0,392.0,0.20946477353572845,0.050280570239465305,0.029852282853426004,0.04083833991331541,-0.405307412147522,0.15865367965307087,-0.021655570213624742,5.967218054458499,8.770143736153841,,,,,,,,,,,,
714.0,0.0,200.0,7.815965017378349,0.75,0.9708419088988756,0.27380952380952384,0.0,nan,0.010000000000000002,0.0,0.0,84.0,682.0,0.7571534290909767,0.13473163090293383,0.04406522229555776,0.18132840249859772,-0.405307412147522,1.4434277979671606,-1.0613408768549562,5.899060074239969,8.83710221387446,,,,,,,,,,,,
715.0,0.0,200.0,8.19618501976134,0.75,0.7802690091022098,0.391304347826087,0.0,nan,0.010000000000000002,0.0,0.0,69.0,609.0,1.2308049574494362,0.30788613136428467,0.02938962910866394,0.5569632540433025,-0.405307412147522,1.1925030405982397,0.8787552891590167,5.872744232416153,8.751774795353413,,,,,,,,,,,,
716.0,0.0,173.0,7.541255187094219,1.0,0.6989075857436963,0.4107142857142857,0.0,nan,0.010000000000000002,0.0,0.0,56.0,436.0,0.9052486270666122,0.06733122163313965,-0.001706821527250213,0.13806315426332538,-0.405307412147522,0.29921160798403434,0.3598696136614308,5.947662833146751,8.66111340932548,,,,,,,,,,,,
717.0,0.0,200.0,7.04563693344595,0.75,0.9030385747687935,0.35714285714285715,0.0,nan,0.010000000000000002,0.0,0.0,70.0,564.0,0.5617341976612806,0.16039618598733796,0.052936304170543735,0.21440784514321765,-0.405307412147522,0.3468248052231502,-1.0982044376432896,5.722719189710915,8.517222695052624,,,,,,,,,,,,
718.0,0.0,200.0,7.834215158969182,0.75,0.7265112856748336,0.45714285714285713,0.0,nan,0.010000000000000002,0.0,0.0,70.0,585.0,1.5559322386980057,0.25054745302804804,0.02565276946825179,0.44965869086954857,-0.405307412147522,1.929489525849931,1.5287808302091435,5.869884288869798,8.770215511322021,,,,,,,,,,,,
719.0,0.0,185.0,8.010236946009112,1.0,0.7318674297600989,0.49206349206349204,0.0,nan,0.010000000000000002,0.0,0.0,63.0,557.0,1.3982350528240204,0.14783469333997346,0.011354250108070119,0.27254030027342047,-0.405307412147522,0.18861954475869425,1.010812926280778,5.968266176991165,8.694581186398864,,,,,,,,,,,,
720.0,0.0,116.0,7.730921796597547,1.0,0.6343103978511481,0.6590909090909091,0.0,0.0,0.010000000000000002,0.0,0.0,44.0,382.0,0.41304177790880203,0.07684490803148947,0.033500905049550056,0.0866580726316093,-0.405307412147522,-0.4664403559581842,0.5544733093120158,5.78377007227391,8.784136490896344,1.0,0.0,0.75,0.0,0.75,0.5857467651367188,2.5418848991394043,11.697011194424704,90.0,1.0,200.0,293.57715130597387
721.0,0.0,192.0,7.801223057210457,1.0,0.9299460270763845,0.35714285714285715,0.0,nan,0.010000000000000002,0.0,0.0,56.0,452.0,0.6947386413812637,0.14384514380253677,0.05717751289012085,0.17332588188277231,-0.405307412147522,0.16070738356211223,-0.4620902886381373,5.765644592233002,8.46370854601264,,,,,,,,,,,,
722.0,0.0,200.0,7.820600130856056,0.75,0.8591471245804432,0.35714285714285715,0.0,nan,0.010000000000000002,0.0,0.0,70.0,612.0,0.8623484894633293,0.16871102754976164,0.03929322271415003,0.2571534856356852,-0.405307412147522,-0.14112137752817944,0.4917758129304275,5.803365609608591,8.474302103742957,,,,,,,,,,,,
723.0,0.0,200.0,6.16125092461706,0.75,0.7472104312472766,0.5254237288135594,0.0,nan,0.010000000000000002,0.0,0.0,59.0,518.0,0.3566814735531807,0.1440403587379251,0.03166289875605344,0.22241330178967408,-0.405307412147522,3.2127881631313358,-0.6694418676197529,5.802358776330948,8.632691474631429,,,,,,,,,,,,
724.0,0.0,200.0,7.365643741041435,0.75,0.7205597758025402,0.6140350877192983,0.0,nan,0.010000000000000002,0.0,0.0,57.0,501.0,1.3361925184726715,0.4655296407496792,0.29323501691459886,0.3445800439439116,-0.405307412147522,-0.03550324501702562,-0.37380055570974946,5.9516478748992085,8.99653890542686,,,,,,,,,,,,
725.0,0.0,134.0,7.624018068127342,1.0,0.8423843704924002,0.375,0.0,nan,0.010000000000000002,0.0,0.0,56.0,447.0,0.6553776115179062,0.1772947494187065,0.08753428347745285,0.1795165826312053,-0.405307412147522,0.4059392655326519,0.8775500280316919,5.611663054674864,8.713274816051126,,,,,,,,,,,,
726.0,0.0,161.0,7.530738835260281,1.0,0.7954681687931187,0.3958333333333333,0.0,nan,0.010000000000000002,0.0,0.0,48.0,416.0,0.6711277961730957,0.06900455315440013,0.020147779236822316,0.09769588875069277,-0.405307412147522,0.003522196493577212,0.8970461742719635,5.637216555885971,8.711774501949549,,,,,,,,,,,,
727.0,0.0,159.0,9.051231054365648,1.0,0.7894195545980094,0.55,0.0,nan,0.010000000000000002,0.0,0.0,60.0,504.0,0.9057922810316086,0.15681026892343652,0.0642458527445342,0.18512093550586295,-0.405307412147522,0.14805640268605202,-0.5219417081098072,5.282165987417102,9.308622289448977,,,,,,,,,,,,
728.0,0.0,183.0,7.915211754143249,1.0,0.9178179119564832,0.39622641509433965,0.0,nan,0.010000000000000002,0.0,0.0,53.0,446.0,1.3036724925041199,0.22609221886978048,0.06901503353947191,0.31411571554896467,-0.405307412147522,0.2396752840722911,0.06154557992704213,5.567644605413079,8.581938624382019,,,,,,,,,,,,
729.0,0.0,191.0,7.567124371062973,1.0,0.9263300576366079,0.3076923076923077,0.0,nan,0.010000000000000002,0.0,0.0,52.0,423.0,0.9700233489274979,0.11594322722318395,0.04088291927394039,0.15010385879458954,-0.405307412147522,0.3737673473660834,-0.11376212758477777,5.765904450789094,8.732787137851119,,,,,,,,,,,,
730.0,0.0,124.0,6.733705499395734,1.0,0.869046210340451,0.4090909090909091,0.0,0.0,0.010000000000000002,0.0,0.0,44.0,355.0,0.38741880655288696,0.05706608479420083,0.0421614916051567,0.02978522714912433,-0.405307412147522,-0.3056350400001975,2.0323364232317545,5.725178628228605,8.570728300139308,1.0,0.0,0.5,0.0,0.5,0.7065244913101196,1.989851951599121,11.601903310198395,100.0,1.0,200.0,149.5601124465467
731.0,0.0,198.0,8.912044683136063,1.0,0.8845409789957827,0.352112676056338,0.0,nan,0.010000000000000002,0.0,0.0,71.0,581.0,0.5711598414927721,0.10818889284450961,0.047859784959428,0.12064690664044025,-0.405307412147522,0.4590317358961329,-0.4331973078660667,5.782573380507529,8.889988483861089,,,,,,,,,,,,
732.0,0.0,193.0,8.324827705994261,1.0,0.8690598390173375,0.359375,0.0,nan,0.010000000000000002,0.0,0.0,64.0,558.0,0.4530424028635025,0.06543134175808518,0.011245512930145196,0.1083502030054436,-0.405307412147522,0.8801076708186883,0.3509304259205237,5.894118886440992,8.440784074366093,,,,,,,,,,,,
733.0,0.0,101.0,3.6767280316352875,0.25,0.6299764045323655,0.5833333333333334,0.0,nan,0.010000000000000002,0.0,0.0,36.0,316.0,4.8947674036026,0.6518514232229791,0.029915351343333896,1.2438492337481568,-0.405307412147522,-0.30743825300305616,0.5306470060022548,6.029674116522074,8.76015386916697,,,,,,,,,,,,
734.0,0.0,200.0,7.767443872317696,0.75,0.7785692760740036,0.49382716049382713,0.0,nan,0.010000000000000002,0.0,0.0,81.0,662.0,0.7008389011025429,0.144653416870824,0.023532029721536674,0.24223630709772578,-0.405307412147522,0.11400742491241544,-0.3632276924327016,5.962584987282753,8.706312557682395,,,,,,,,,,,,
735.0,0.0,200.0,7.971023178100605,0.75,0.9260340783277047,0.375,0.0,nan,0.010000000000000002,0.0,0.0,80.0,635.0,0.5978467203676701,0.1123393638830521,0.02366049167807205,0.177355281785891,-0.405307412147522,-0.1730481883569155,-0.6051288039889187,5.884310451336205,8.889957392588258,,,,,,,,,,,,
736.0,0.0,200.0,8.096490911096355,0.75,0.8995474854878783,0.4,0.0,nan,0.010000000000000002,0.0,0.0,75.0,652.0,0.7571082711219788,0.06978176524171431,0.015521045774776338,0.10851321161736083,-0.405307412147522,0.6029951339587569,-1.1654196800664067,5.7299517672508955,8.617953630164266,,,,,,,,,,,,
737.0,0.0,200.0,7.436612828522936,0.75,0.6394326323624604,0.6296296296296297,0.0,nan,0.010000000000000002,0.0,0.0,54.0,477.0,1.4358320236206055,0.3008823153745652,0.09570912553317612,0.41030495953757856,-0.405307412147522,0.3034125773847336,-0.5541158613050357,5.620011826045811,9.740656234323978,,,,,,,,,,,,
738.0,0.0,200.0,8.284501528032141,0.75,0.9076606220245942,0.3230769230769231,0.0,nan,0.010000000000000002,0.0,0.0,65.0,556.0,0.33776787482202053,0.1548375349550497,0.06710244887563022,0.17544284510606234,-0.405307412147522,1.349363562243525,0.8519400781660806,5.538390282541513,10.330265939235687,,,,,,,,,,,,
739.0,0.0,157.0,5.998828788623229,0.25,0.8620994367109672,0.35294117647058826,0.0,nan,0.010000000000000002,0.0,0.0,68.0,569.0,1.798759089782834,0.45122523832378647,0.04654702454536164,0.8087683357278197,-0.405307412147522,2.282304628723068,0.7857099798275158,5.61991380341351,9.583438999950886,,,,,,,,,,,,
740.0,0.0,200.0,7.356417236439899,0.75,0.8573433247531858,0.42105263157894735,0.0,0.0,0.010000000000000002,0.0,0.0,57.0,499.0,0.5864619761705399,0.10281987287817174,0.04671970735034847,0.1121676932076276,-0.405307412147522,0.13088536798022687,1.3611015845526708,5.384154780767858,9.822593418881297,1.0,0.0,0.75,0.0,0.75,0.6320726871490479,1.4256463050842285,11.522685323740006,86.0,1.0,200.0,326.0141080617908
741.0,0.0,180.0,8.505702794119728,1.0,0.9605441843399394,0.3220338983050847,0.0,nan,0.010000000000000002,0.0,0.0,59.0,449.0,1.0276757329702377,0.23503120596660665,0.12507826365003893,0.21986997167577288,-0.405307412147522,0.2889416689868085,0.7412184410786722,5.761154726147652,9.661067707464099,,,,,,,,,,,,
742.0,0.0,172.0,9.561990226060171,1.0,0.8160939120895048,0.49295774647887325,0.0,nan,0.010000000000000002,0.0,0.0,71.0,610.0,0.36107261572033167,0.11598477644542982,0.056068670537115395,0.1198118521823513,-0.405307412147522,0.05478371397475712,0.40108443272765726,5.532724495977163,9.53227924183011,,,,,,,,,,,,
743.0,0.0,200.0,8.18361976951363,0.75,0.814082126801937,0.3974358974358974,0.0,nan,0.010000000000000002,0.0,0.0,78.0,696.0,0.8915613032877445,0.23869163046765607,0.04593479261257016,0.38194031250127725,-0.405307412147522,1.1769779195892625,-1.2124476935132407,5.525115231052041,9.601293660700321,,,,,,,,,,,,
744.0,0.0,145.0,8.208446660563364,1.0,0.7613729226680629,0.4461538461538462,0.0,nan,0.010000000000000002,0.0,0.0,65.0,533.0,1.1934745758771896,0.16653814105529818,0.016243283505076735,0.3005821097017727,-0.405307412147522,1.0747942455345765,-0.32350423431489617,5.465412170626223,9.236121349036694,,,,,,,,,,,,
745.0,0.0,200.0,8.393061387017386,0.75,0.7892827493468721,0.52,0.0,nan,0.010000000000000002,0.0,0.0,75.0,631.0,0.8228022754192352,0.10850279198825774,0.031024649719263664,0.1549408784709745,-0.405307412147522,0.5338223862927407,0.6841241930960678,5.301252515986562,9.157601976767182,,,,,,,,,,,,
746.0,0.0,200.0,7.4994532734155825,0.75,0.8761292707387992,0.4,0.0,nan,0.010000000000000002,0.0,0.0,60.0,520.0,0.9195583462715149,0.22126845583261456,0.06566119720810093,0.31105672030256226,-0.405307412147522,0.678456498455489,1.1573272646637633,5.474924870766699,9.6115587875247,,,,,,,,,,,,
747.0,0.0,170.0,7.807041377313444,1.0,0.8928795071833975,0.32075471698113206,0.0,nan,0.010000000000000002,0.0,0.0,53.0,433.0,0.6549753099679947,0.04454051967422856,0.006708838051963539,0.07564667027089339,-0.405307412147522,0.6391230945155257,0.07343378977384418,5.499204591847956,9.509725172072649,,,,,,,,,,,,
748.0,0.0,129.0,7.952838646471506,1.0,0.19863492879505754,0.9024390243902439,0.0,nan,0.010000000000000002,0.0,0.0,41.0,371.0,0.7483446300029755,0.14029886724983953,0.06404389681927114,0.15249161550494744,-0.405307412147522,0.6561918205115944,0.40584244337514974,5.6451256247237325,9.578769525513053,,,,,,,,,,,,
749.0,0.0,179.0,9.085863958671705,1.0,0.7890638016899357,0.5606060606060606,0.0,nan,0.010000000000000002,0.0,0.0,66.0,565.0,0.5589856915175915,0.05888353391759438,0.025345241936491902,0.06704753225346571,-0.405307412147522,0.31596594071015716,-0.17052382533438504,5.411924618296325,10.229404885321856,,,,,,,,,,,,
750.0,0.0,200.0,6.674355912134063,0.75,0.9230679153136058,0.3584905660377358,0.0,0.0,0.010000000000000002,0.0,0.0,53.0,448.0,1.2942107617855072,0.18421751324194702,0.040537796345802235,0.28732109824921365,-0.405307412147522,0.7356067168293521,-0.7142839821754023,5.452683386392891,10.113373652100563,1.0,0.0,0.75,0.0,0.75,2.002228260040283,1.3363927602767944,11.651810641633347,89.0,1.0,200.0,346.0832372009758
751.0,0.0,166.0,8.798126701172453,1.0,0.931313116692107,0.35,0.0,nan,0.010000000000000002,0.0,0.0,60.0,510.0,0.5812809318304062,0.15204786230970058,0.09365170451656013,0.11676350799575297,-0.405307412147522,0.40963591758918483,1.2027321421774104,5.485796286724508,10.086792692542076,,,,,,,,,,,,
752.0,0.0,200.0,7.207653976865123,0.75,0.7861245997540252,0.4426229508196721,0.0,nan,0.010000000000000002,0.0,0.0,61.0,527.0,1.7226276099681854,0.5180734880327691,0.12753263588697905,0.7810107708252633,-0.405307412147522,-0.34677346686657984,-0.3766416016151197,5.802741605788469,9.902040973305702,,,,,,,,,,,,
753.0,0.0,200.0,7.569568142611552,0.75,0.8451250677867039,0.4084507042253521,0.0,nan,0.010000000000000002,0.0,0.0,71.0,636.0,0.9628844857215881,0.18106778591391048,0.016788886983704288,0.3285213806681062,-0.405307412147522,0.11031024146359414,1.4795687471632846,5.73309123609215,9.743870118632913,,,,,,,,,,,,
754.0,0.0,188.0,9.38354159241544,1.0,0.9549254660179218,0.3333333333333333,0.0,nan,0.010000000000000002,0.0,0.0,69.0,583.0,1.0064563155174255,0.16517544952967,0.08214929890891653,0.16604133179922226,-0.405307412147522,0.8018789112393279,0.2848727664386388,5.656437802128494,9.773119412362576,,,,,,,,,,,,
755.0,0.0,126.0,7.38545626174659,1.0,0.3800402102153676,0.775,0.0,nan,0.010000000000000002,0.0,0.0,40.0,349.0,0.7781396806240082,0.11871374180554994,0.017915577145686257,0.2015673556157156,-0.405307412147522,0.24553371110232547,-0.10030029437621124,5.682779568247497,9.65760244987905,,,,,,,,,,,,
756.0,0.0,200.0,8.237838011644802,0.75,0.8451729903624948,0.410958904109589,0.0,nan,0.010000000000000002,0.0,0.0,73.0,626.0,0.2579295728355646,0.07161085508414544,0.006316731629340211,0.12885618391667597,-0.405307412147522,0.08581484976457432,-0.3923956176149659,6.172625147737563,9.747532855719328,,,,,,,,,,,,
757.0,0.0,96.0,6.375839360971006,1.0,0.9372529236788132,0.3142857142857143,0.0,nan,0.010000000000000002,0.0,0.0,35.0,292.0,0.435383141040802,0.10698854995440854,0.04076365689707018,0.1324286548295429,-0.405307412147522,-0.5395391136407852,-0.3580527259618975,5.641219327226281,9.971092585474253,,,,,,,,,,,,
758.0,0.0,155.0,7.725957786589868,1.0,0.8934145808889824,0.4,0.0,nan,0.010000000000000002,0.0,0.0,50.0,418.0,0.6525954604148865,0.048787771753268316,0.01836397183888039,0.06081208823271056,-0.405307412147522,0.22999889170750976,0.6635519530973397,5.805991481989622,10.005491273477674,,,,,,,,,,,,
759.0,0.0,97.0,3.5280111907422604,0.0,0.7857379601162687,0.40476190476190477,0.0,nan,0.010000000000000002,0.0,0.0,42.0,341.0,5.207866311073303,0.9096302465623012,0.1714227570850806,1.476386381171706,-0.405307412147522,-0.11496537407947471,-0.09177446831017733,5.927202763967216,10.557359812781215,,,,,,,,,,,,
760.0,0.0,141.0,8.512951227948083,1.0,0.9357434736447443,0.32142857142857145,0.0,0.0,0.010000000000000002,0.0,0.0,56.0,473.0,0.502880871295929,0.15268252054829645,0.052082399979553884,0.20117501661896442,-0.405307412147522,-0.23109320271760225,0.6439048604224809,5.982574783265591,10.276812504976988,1.0,0.0,0.75,0.0,0.75,0.022992506623268127,3.4786386489868164,11.335792933314224,87.0,1.0,200.0,332.17135878466104
761.0,0.0,177.0,7.636013844534762,1.0,0.9703591278339527,0.2909090909090909,0.0,nan,0.010000000000000002,0.0,0.0,55.0,458.0,0.4489692226052284,0.10796504623613146,0.06145849626886957,0.09298724354564655,-0.405307412147522,-0.09383960635750555,-0.048037109547294676,5.7914074854925275,10.501268025487661,,,,,,,,,,,,
762.0,0.0,177.0,8.77431281495841,1.0,0.7574599369548374,0.55,0.0,nan,0.010000000000000002,0.0,0.0,60.0,537.0,0.3357056677341461,0.10904732767812675,0.05284843087497393,0.11226214035817063,-0.405307412147522,0.8818236635997891,-0.5358071903465316,5.64507363922894,11.000792054459453,,,,,,,,,,,,
763.0,0.0,200.0,6.950024076625715,0.75,0.7790618342332144,0.5303030303030303,0.0,nan,0.010000000000000002,0.0,0.0,66.0,577.0,0.30336196534335613,0.24708466394026019,0.18844606387913612,0.1172635983546536,-0.405307412147522,0.23911550675984472,0.6136048195476178,6.622412906959653,11.763811245560646,,,,,,,,,,,,
764.0,0.0,151.0,8.180992615893494,1.0,0.7227820648928864,0.5660377358490566,0.0,nan,0.010000000000000002,0.0,0.0,53.0,433.0,0.35656197369098663,0.10430660649217316,0.059419381148472894,0.08976910707425192,-0.405307412147522,0.5267125517711975,-0.18664422037545592,5.605590062215924,10.429909871891141,,,,,,,,,,,,
765.0,0.0,131.0,7.898228768929851,1.0,0.767730626366689,0.509090909090909,0.0,nan,0.010000000000000002,0.0,0.0,55.0,438.0,0.725882813334465,0.12554542103862332,0.044097865058574826,0.16287041115254786,-0.405307412147522,0.3836209114524536,-0.5077151026343927,5.699752179905772,10.288460174575448,,,,,,,,,,,,
766.0,0.0,132.0,7.098179464116696,1.0,0.7790247997851535,0.4878048780487805,0.0,nan,0.010000000000000002,0.0,0.0,41.0,352.0,0.4776415079832077,0.07604836197128861,0.04862351484644023,0.05456543610111697,-0.405307412147522,1.7517289919778705,-0.04317358508706093,5.863467846997082,10.462567752227187,,,,,,,,,,,,
767.0,0.0,191.0,8.040029218308648,0.5,0.6971666704092463,0.47297297297297297,0.0,nan,0.010000000000000002,0.0,0.0,74.0,627.0,1.248244695365429,0.20812285394822538,0.04955332053305028,0.3170862115939044,-0.405307412147522,0.1039497526944615,0.7841298446219298,5.890275224111974,10.088119184598327,,,,,,,,,,,,
768.0,0.0,200.0,7.276461652480078,0.75,0.632473415158428,0.6153846153846154,0.0,nan,0.010000000000000002,0.0,0.0,52.0,475.0,0.7567833065986633,0.1534710477317276,0.019625422794419478,0.26767064581480066,-0.405307412147522,0.5582560526672751,-0.5158562370343134,6.028647814877331,10.21279527246952,,,,,,,,,,,,
769.0,0.0,193.0,9.346336636319775,1.0,0.7613709968767637,0.4852941176470588,0.0,nan,0.010000000000000002,0.0,0.0,68.0,590.0,0.49583693488966674,0.06041111460945103,0.02602690750200054,0.06874132226738672,-0.405307412147522,0.6442619723966345,-0.30677920259768143,6.10258559230715,9.972570246085525,,,,,,,,,,,,
770.0,0.0,171.0,8.980227531045692,1.0,0.8520599903928083,0.4,0.0,0.0,0.010000000000000002,0.0,0.0,65.0,548.0,0.39810618106275797,0.1382717483588749,0.08052657266156871,0.11546435531230664,-0.405307412147522,-0.38977731598242826,0.4377257679589093,6.014024470932782,9.869041232392192,1.0,0.0,0.75,0.0,0.75,0.670700192451477,1.3394864797592163,11.7471437445638,86.0,1.0,200.0,329.8853124044839
771.0,0.0,116.0,5.884381212107844,0.5,0.8874075934134936,0.4375,0.0,nan,0.010000000000000002,0.0,0.0,48.0,395.0,2.4096741676330566,0.45291277898104454,0.052542189133419015,0.800711487890257,-0.405307412147522,-0.006228585902135819,1.4743272408741177,5.87565850187093,10.147335946559906,,,,,,,,,,,,
772.0,0.0,192.0,9.006125084608806,1.0,0.7958637707673059,0.49206349206349204,0.0,nan,0.010000000000000002,0.0,0.0,63.0,533.0,0.8994986712932587,0.2049774157505908,0.06470773980015565,0.28050712471828143,-0.405307412147522,0.17878981061221566,0.23605725722154602,5.636744434013963,10.617703704163432,,,,,,,,,,,,
773.0,0.0,200.0,9.189289015680576,0.75,0.797513729497318,0.46153846153846156,0.0,nan,0.010000000000000002,0.0,0.0,78.0,684.0,1.4462819248437881,0.18274968045034257,0.01557718757294424,0.33430931784388573,-0.405307412147522,0.2746889912523329,-0.6945044840686023,5.691243391484022,10.190271619707346,,,,,,,,,,,,
774.0,0.0,144.0,5.41395916402341,0.25,0.7914320805745384,0.5471698113207547,0.0,nan,0.010000000000000002,0.0,0.0,53.0,436.0,2.0511460304260254,0.40848925208865694,0.027084223756901338,0.7627651514238674,-0.405307412147522,0.14710407803067937,1.435042972661904,5.964580888859928,10.231592483818531,,,,,,,,,,,,
775.0,0.0,132.0,8.30686002623291,1.0,0.6641654218799116,0.5789473684210527,0.0,nan,0.010000000000000002,0.0,0.0,57.0,437.0,0.7184771746397018,0.14573358351663046,0.03640259166422766,0.21864367633449466,-0.405307412147522,0.3770161272259429,-0.0646800777176395,6.070268850773573,10.098650366067886,,,,,,,,,,,,
776.0,0.0,200.0,8.636347112786039,1.0,0.8352294632648138,0.38461538461538464,0.0,nan,0.010000000000000002,0.0,0.0,65.0,557.0,0.5720586312236264,0.09176114785259415,0.039883504224690114,0.1036689570099662,-0.405307412147522,-0.6570545619106269,0.7704314960283227,6.052931950427592,10.219656312838197,,,,,,,,,,,,
777.0,0.0,200.0,9.392852119468175,0.75,0.7694869480315323,0.5194805194805194,0.0,nan,0.010000000000000002,0.0,0.0,77.0,703.0,0.7608099952340126,0.22815826092846692,0.17250801990303444,0.11127463756422686,-0.405307412147522,0.02615441317902878,1.0445208257588092,6.188259813003242,10.077860726043582,,,,,,,,,,,,
778.0,0.0,130.0,7.282517574802048,1.0,0.8536740257082013,0.4222222222222222,0.0,nan,0.010000000000000002,0.0,0.0,45.0,357.0,0.30175071209669113,0.033727962198099704,0.009666050714713492,0.04808313914305856,-0.405307412147522,-0.11687627661740407,0.7235656253760681,6.17058848310262,10.074325077235699,,,,,,,,,,,,
779.0,0.0,200.0,7.606001518219725,0.75,0.5382094863710585,0.6428571428571429,0.0,nan,0.010000000000000002,0.0,0.0,70.0,633.0,2.0281496942043304,0.5110769800076014,0.11232162864516969,0.7963451151266756,-0.405307412147522,0.4512694876175374,-1.7752899008337408,6.309576623141766,9.785687638446689,,,,,,,,,,,,
780.0,0.0,141.0,8.519930919064219,1.0,0.7549388539375351,0.5370370370370371,0.0,0.0,0.010000000000000002,0.0,0.0,54.0,481.0,0.776627391576767,0.07501104177754314,0.023085416042249562,0.10383054400479386,-0.405307412147522,-0.09476296808861662,0.1682669275905937,6.268432793207467,9.714255578815937,1.0,0.0,0.75,0.0,0.75,0.26351630687713623,1.0952742099761963,11.885251286206767,97.0,1.0,200.0,278.61117370054154
781.0,0.0,200.0,8.259195992052582,0.5,0.46954406435901314,0.7692307692307693,0.0,nan,0.010000000000000002,0.0,0.0,78.0,737.0,1.3375794291496277,0.37920564497142095,0.11883496638755986,0.5206413808553207,-0.405307412147522,-0.10510845383396372,0.25435696728527546,6.011397702619433,9.425010124221444,,,,,,,,,,,,
782.0,0.0,49.0,0.42012221574783315,0.0,0.41398209669100283,0.6153846153846154,0.0,nan,0.010000000000000002,0.0,0.0,26.0,196.0,14.603515863418579,1.6764492531748816,0.13076043193326053,3.0912973367154075,-0.405307412147522,-0.13232060597867382,0.4944451839035871,6.033195757136053,9.684428801341932,,,,,,,,,,,,
783.0,0.0,197.0,7.789194225855182,1.0,0.8335448402914166,0.38,0.0,nan,0.010000000000000002,0.0,0.0,50.0,449.0,0.3171381577849388,0.19972964682415295,0.10201272218773738,0.19517112609966059,-0.405307412147522,0.14712107294326415,1.8691106281039538,6.01469596195966,9.415313355624676,,,,,,,,,,,,
784.0,0.0,197.0,8.108475289307545,1.0,0.8463261690062173,0.4528301886792453,0.0,nan,0.010000000000000002,0.0,0.0,53.0,450.0,1.3673365414142609,0.18690427651563368,0.06649442432717478,0.24079706348939883,-0.405307412147522,-0.011601165926549584,0.5138892075337935,5.777018232271075,9.351232651621103,,,,,,,,,,,,
785.0,0.0,127.0,7.498566134795554,1.0,0.7165330202648713,0.5777777777777777,0.0,nan,0.010000000000000002,0.0,0.0,45.0,384.0,0.8182643800973892,0.21304909684113227,0.07313095787685597,0.2798181120723888,-0.405307412147522,-0.23618049820652232,0.6240534574026242,5.897511530667543,9.480845717713237,,,,,,,,,,,,
786.0,0.0,149.0,8.519032073766008,1.0,0.9049011112306755,0.3709677419354839,0.0,nan,0.010000000000000002,0.0,0.0,62.0,515.0,0.5879689902067184,0.05713431484946341,0.028552278510687756,0.05715701426075602,-0.405307412147522,0.42430970165878534,0.05239831388462335,6.042016604915261,9.503871129825711,,,,,,,,,,,,
787.0,0.0,143.0,7.496990607623017,1.0,0.7102079809494349,0.54,0.0,nan,0.010000000000000002,0.0,0.0,50.0,441.0,0.23512868210673332,0.07700498571102798,0.027469742606626824,0.09891441098892284,-0.405307412147522,-1.29663537471788,-0.8077740227454342,5.945942307822406,9.257189160212874,,,,,,,,,,,,
788.0,0.0,161.0,7.143951726816599,1.0,0.7326175254711257,0.5172413793103449,0.0,nan,0.010000000000000002,0.0,0.0,58.0,463.0,0.4411700665950775,0.06356368560591363,0.021975021155412833,0.08315970749759911,-0.405307412147522,0.058394755877088755,-0.13732386846095324,5.959108067676425,9.109593838453293,,,,,,,,,,,,
789.0,0.0,180.0,8.50365808002652,1.0,0.7685797521918308,0.4603174603174603,0.0,nan,0.010000000000000002,0.0,0.0,63.0,558.0,1.3298971354961395,0.10169005141523257,0.02459536301648768,0.15301938020695127,-0.405307412147522,-0.5898512640269473,1.802453519339906,5.871809487231076,9.43557951040566,,,,,,,,,,,,
790.0,0.0,200.0,8.925752657204885,0.75,0.7552327593173469,0.4925373134328358,0.0,0.0,0.010000000000000002,0.0,0.0,67.0,588.0,1.25278802216053,0.16037454479624103,0.04301008454397248,0.23468957697366433,-0.405307412147522,0.03396286960924044,0.3270360035239719,5.67230271268636,9.325573522597551,1.0,0.0,0.75,0.0,0.75,0.4030662477016449,2.2999744415283203,11.787318228394724,87.0,1.0,200.0,243.61967352591478
791.0,0.0,135.0,7.492385230623193,1.0,0.9261361452665607,0.36538461538461536,0.0,nan,0.010000000000000002,0.0,0.0,52.0,456.0,0.18323390558362007,0.0558307714163675,0.0383894738898789,0.03483540874259224,-0.405307412147522,-1.0182334690762218,0.25932361447485164,5.652327351272106,9.291089218109846,,,,,,,,,,,,
792.0,0.0,112.0,7.854836456663914,1.0,0.7445551353902014,0.5227272727272727,0.0,nan,0.010000000000000002,0.0,0.0,44.0,380.0,0.29037313908338547,0.123488453518803,0.06324035512943738,0.12047616563695952,-0.405307412147522,0.299561824882403,-0.7607863387092948,5.304012238048017,9.650339683517814,,,,,,,,,,,,
793.0,0.0,110.0,7.778760189265021,1.0,0.7673931684759574,0.4418604651162791,0.0,nan,0.010000000000000002,0.0,0.0,43.0,357.0,0.21921299770474434,0.1265750844095237,0.0745709720092691,0.1039720147714912,-0.405307412147522,0.21429482591338456,-0.1270802027429454,5.569169048219919,9.326673714444041,,,,,,,,,,,,
794.0,0.0,131.0,7.850180140212185,1.0,0.6846707291512034,0.4888888888888889,0.0,nan,0.010000000000000002,0.0,0.0,45.0,392.0,0.5300560668110847,0.09433473319768382,0.017453463267884217,0.15374413117233937,-0.405307412147522,-0.09708233294077218,-0.2256735287955962,5.850874153897166,9.394752770662308,,,,,,,,,,,,
795.0,0.0,200.0,8.494792212918417,0.75,0.4997546190891619,0.7164179104477612,0.0,nan,0.010000000000000002,0.0,0.0,67.0,605.0,0.9953237473964691,0.19155514786484673,0.09676049919823981,0.18947034814307645,-0.405307412147522,0.24109862989280373,0.11875354003859684,5.468689908273518,8.914597652852535,,,,,,,,,,,,
796.0,0.0,163.0,7.99960545718671,1.0,0.8723125745905321,0.4666666666666667,0.0,nan,0.010000000000000002,0.0,0.0,60.0,477.0,0.8258333951234818,0.06436663485419558,0.024734341622228387,0.07924222990269314,-0.405307412147522,0.44516583980293944,0.18512854486471042,5.679842769168317,9.029908385127783,,,,,,,,,,,,
797.0,0.0,199.0,8.311564171798539,1.0,0.7096049860661063,0.5423728813559322,0.0,nan,0.010000000000000002,0.0,0.0,59.0,523.0,1.0789192020893097,0.0760853215424504,0.029320989451434798,0.09339892419606599,-0.405307412147522,0.6079190284945071,1.3316212580539286,5.883966997265816,8.737306708469987,,,,,,,,,,,,
798.0,0.0,152.0,8.031808944530795,1.0,0.7091306488553415,0.5510204081632653,0.0,nan,0.010000000000000002,0.0,0.0,49.0,423.0,1.0579519271850586,0.07246615820099578,0.02652089127104773,0.09187700110825714,-0.405307412147522,-0.672891913971398,-0.08886733092367649,6.023225183598697,8.85761315561831,,,,,,,,,,,,
799.0,0.0,179.0,10.006179209947605,1.0,0.7811594653713876,0.5074626865671642,0.0,nan,0.010000000000000002,0.0,0.0,67.0,589.0,1.0035483837127686,0.11920617656323884,0.03576712139602023,0.16685086036182128,-0.405307412147522,0.029284044343512505,-0.017478465975727886,5.867259313352406,9.088560994714499,,,,,,,,,,,,
800.0,0.0,200.0,6.966371662244212,0.75,0.8812114339773095,0.39285714285714285,0.0,0.0,0.010000000000000002,0.0,0.0,56.0,462.0,0.9811252355575562,0.2569927319427734,0.06652231987709456,0.3808604081560576,-0.405307412147522,-0.024068264581728727,-1.1014903439208865,5.9892925983294845,9.147261140868068,1.0,0.0,0.75,0.0,0.75,0.8653916120529175,2.127931594848633,11.37469742319081,91.0,1.0,200.0,349.7426396608357
801.0,0.0,147.0,7.144913981929426,1.0,0.8197680996816332,0.4791666666666667,0.0,nan,0.010000000000000002,0.0,0.0,48.0,412.0,0.20957321301102638,0.09918831962522745,0.05734612556545926,0.08359728032570377,-0.405307412147522,0.7612608197960071,1.696637231274508,5.853746450506151,9.364014154300094,,,,,,,,,,,,
802.0,0.0,175.0,10.112151430491377,1.0,0.745578471259022,0.4246575342465753,0.0,nan,0.010000000000000002,0.0,0.0,73.0,641.0,0.7807884961366653,0.23486961207163404,0.187809761855533,0.09410513628868328,-0.405307412147522,0.5829874028277118,0.21537683613132685,5.924063999205828,8.965275241062045,,,,,,,,,,,,
803.0,0.0,200.0,9.142722954452058,0.75,0.8163125634708568,0.4225352112676056,0.0,nan,0.010000000000000002,0.0,0.0,71.0,626.0,1.3215559050440788,0.1941237496175745,0.04234581987202546,0.3035308433421864,-0.405307412147522,0.40174771449528635,0.7075064190430567,6.0024548368528485,8.804433159530163,,,,,,,,,,,,
804.0,0.0,146.0,6.3025223335251255,1.0,0.8094705973293854,0.41025641025641024,0.0,nan,0.010000000000000002,0.0,0.0,39.0,305.0,0.5618142932653427,0.10536363721149655,0.03557975973990324,0.1395481926208434,-0.405307412147522,-0.0777951660566032,0.20732261386001483,5.710406835190952,9.146749714389443,,,,,,,,,,,,
805.0,0.0,166.0,9.300906954631225,1.0,0.9214858777613374,0.3384615384615385,0.0,nan,0.010000000000000002,0.0,0.0,65.0,578.0,0.6495607364922762,0.07459569905222452,0.048137652614059334,0.05288153271296728,-0.405307412147522,-0.2217655848362483,0.6324452455155551,5.889118431136012,9.293393161147833,,,,,,,,,,,,
806.0,0.0,181.0,7.8598314575106025,1.0,0.9458039555294019,0.3220338983050847,0.0,nan,0.010000000000000002,0.0,0.0,59.0,508.0,0.16616743057966232,0.13396864489345717,0.1251076359487662,0.017119093790631534,-0.405307412147522,-0.23990984162082896,-0.17745142107014544,6.114586675539613,9.68859645165503,,,,,,,,,,,,
807.0,0.0,136.0,7.7487632859498365,1.0,0.7099117053649473,0.5555555555555556,0.0,nan,0.010000000000000002,0.0,0.0,45.0,385.0,0.2531871944665909,0.08887720478742267,0.054962020724815375,0.06781697033688594,-0.405307412147522,0.4864012469770387,-0.5839442244614474,5.920047107152641,9.822342408820987,,,,,,,,,,,,
808.0,0.0,175.0,8.511524124480797,1.0,0.6105412076377952,0.7090909090909091,0.0,nan,0.010000000000000002,0.0,0.0,55.0,501.0,0.35156914591789246,0.07029013395276706,0.03777038317093684,0.06495391207095416,-0.405307412147522,-0.6027101777726784,0.1296949810348451,5.661121685989201,9.866657385602593,,,,,,,,,,,,
809.0,0.0,124.0,7.840026861317467,1.0,0.6677860576601439,0.5490196078431373,0.0,nan,0.010000000000000002,0.0,0.0,51.0,437.0,0.7058057487010956,0.0913375657519282,0.02033583395586902,0.14198721776349327,-0.405307412147522,-0.03893194941338152,-0.28573417925508693,6.146219987422228,9.395598191767931,,,,,,,,,,,,
810.0,0.0,95.0,3.9614329250156946,0.0,0.7739567837058025,0.4186046511627907,0.0,0.0,0.010000000000000002,0.0,0.0,43.0,349.0,5.067421197891235,0.7535492047063599,0.004538960484978816,1.497953358063496,-0.405307412147522,-1.2433276562951505,2.0222295103012584,6.134587183594704,9.278585383668542,1.0,0.0,0.75,0.0,0.75,0.2745378315448761,0.834571123123169,11.066510340431705,87.0,1.0,200.0,295.82670096308027
811.0,0.0,200.0,8.603760131448526,0.75,0.706801922761268,0.5571428571428572,0.0,nan,0.010000000000000002,0.0,0.0,70.0,620.0,0.9364219196140766,0.18978424087254098,0.012664917587244418,0.3542081400273439,-0.405307412147522,0.1503964412258938,-0.8245087402756326,5.962366990745068,9.458985125645995,,,,,,,,,,,,
812.0,0.0,161.0,8.458683822415782,1.0,0.7742506890856143,0.43859649122807015,0.0,nan,0.010000000000000002,0.0,0.0,57.0,498.0,1.0923387110233307,0.17308224186854204,0.08811414792518235,0.1699215717717042,-0.405307412147522,0.8380823045736179,-0.5953320975531824,5.671884550713003,9.694583769887686,,,,,,,,,,,,
813.0,0.0,200.0,8.321476225722598,0.75,0.582645417014801,0.676923076923077,0.0,nan,0.010000000000000002,0.0,0.0,65.0,592.0,0.6863809619098902,0.37624445968504006,0.052678699566968135,0.6470193896535548,-0.405307412147522,1.5115815857425332,0.4559331020573154,5.808709112927318,9.507379498332739,,,,,,,,,,,,
814.0,0.0,193.0,7.387859019488105,1.0,0.9771526529173603,0.27450980392156865,0.0,nan,0.010000000000000002,0.0,0.0,51.0,441.0,0.6477314978837967,0.1471909558676998,0.042448223134670116,0.20947138329931933,-0.405307412147522,-0.3601893881568685,-0.2779381825821474,6.136060577817261,9.526507299393415,,,,,,,,,,,,
815.0,0.0,140.0,7.3211801879108025,1.0,0.788252969484089,0.5,0.0,nan,0.010000000000000002,0.0,0.0,50.0,420.0,0.24894049763679504,0.07480152707739762,0.024595740334916627,0.10036219737086038,-0.405307412147522,-1.3301770497055259,-0.09215842132107355,6.072856136597693,9.535848869010806,,,,,,,,,,,,
816.0,0.0,142.0,4.708951943963775,0.25,0.9934046278977463,0.23529411764705882,0.0,nan,0.010000000000000002,0.0,0.0,51.0,426.0,2.160225510597229,0.45486212978403273,0.02456838051315202,0.8605799379216492,-0.405307412147522,1.0731742554635275,-0.23128758964594454,6.05253463704139,9.289159862324595,,,,,,,,,,,,
817.0,0.0,140.0,7.890423776954419,1.0,0.6739517007111258,0.6363636363636364,0.0,nan,0.010000000000000002,0.0,0.0,44.0,385.0,0.31488677114248276,0.1344966226388351,0.04223656422163913,0.18450042144945522,-0.405307412147522,-0.25157094513997436,0.27698397438507527,5.920667481608689,9.533468117937446,,,,,,,,,,,,
818.0,0.0,121.0,6.871832113675777,1.0,0.9499855150599656,0.3,0.0,nan,0.010000000000000002,0.0,0.0,40.0,309.0,0.6323311030864716,0.10667294274799133,0.02057463512483082,0.17217399671934674,-0.405307412147522,-0.29056108044460416,-0.6655365386395715,5.969420602545142,9.393951451405883,,,,,,,,,,,,
819.0,0.0,172.0,9.027962851598874,1.0,0.5916196044689344,0.6857142857142857,0.0,nan,0.010000000000000002,0.0,0.0,70.0,637.0,0.5474605620838702,0.10992507433684295,0.04997752404597122,0.11987470906887003,-0.405307412147522,-0.27187064418103546,0.15023744745121803,5.91961305309087,9.599193431437016,,,,,,,,,,,,
820.0,0.0,187.0,8.979745716676133,1.0,0.475931395616088,0.7323943661971831,0.0,0.0,0.010000000000000002,0.0,0.0,71.0,652.0,0.4481674116104841,0.07671856102888341,0.03238243218629577,0.08866587222601789,-0.405307412147522,0.24032634386094287,0.9742791327298619,5.746594235301018,9.564685950055718,1.0,0.0,0.25,0.0,0.25,0.23918631672859192,0.7687076330184937,11.83019311359385,100.0,1.0,200.0,62.04855881258851
821.0,0.0,200.0,7.361893673911713,0.75,0.8411829729973025,0.4305555555555556,0.0,nan,0.010000000000000002,0.0,0.0,72.0,633.0,0.8483067899942398,0.1346501239936515,0.021470299378052005,0.2263435754944645,-0.405307412147522,0.07186369021655992,1.5454045890364796,5.734107902273536,10.206306304782629,,,,,,,,,,,,
822.0,0.0,75.0,1.4373820926994128,0.0,0.5266411839680466,0.6388888888888888,0.0,nan,0.010000000000000002,0.0,0.0,36.0,300.0,11.24773120880127,1.4563365728081408,0.010603968945360975,2.891394929043827,-0.405307412147522,-0.001658241671975702,-0.06695614446653053,5.962325913831592,9.736381497234106,,,,,,,,,,,,
823.0,0.0,141.0,7.6213927278667795,1.0,0.9590205130778151,0.2962962962962963,0.0,nan,0.010000000000000002,0.0,0.0,54.0,466.0,0.42959995567798615,0.0790824025737038,0.04125410936080698,0.07563790490268676,-0.405307412147522,-0.38929956580977887,-0.5201457846560515,6.061756690964103,9.740718811750412,,,,,,,,,,,,
824.0,0.0,200.0,7.519843386635204,0.75,0.7882846709716291,0.5217391304347826,0.0,nan,0.010000000000000002,0.0,0.0,69.0,589.0,0.6358238346874714,0.10992058153624384,0.06230323861609577,0.09420098456105529,-0.405307412147522,-0.6442471810150892,-0.17790912605414633,5.804645067080855,10.043580666184425,,,,,,,,,,,,
825.0,0.0,153.0,7.855786478072417,1.0,0.9296181981421489,0.3442622950819672,0.0,nan,0.010000000000000002,0.0,0.0,61.0,493.0,0.3308805972337723,0.08204663763331155,0.04480856697887248,0.07321985244127799,-0.405307412147522,-1.5196568025276065,-0.6682673023315147,5.806121923960745,9.425438061356544,,,,,,,,,,,,
826.0,0.0,196.0,8.034444773048175,1.0,0.8219858705693162,0.4925373134328358,0.0,nan,0.010000000000000002,0.0,0.0,67.0,551.0,0.8222722411155701,0.19069744009902934,0.08362517963541904,0.21411403545358976,-0.405307412147522,1.3778706376906484,-0.4462822569767013,6.013751247897744,9.673780348151922,,,,,,,,,,,,
827.0,0.0,200.0,7.6991203063726585,0.75,0.8329873977792029,0.5,0.0,nan,0.010000000000000002,0.0,0.0,60.0,534.0,0.8673013597726822,0.11925327521612417,0.032100668593102455,0.17429384735277198,-0.405307412147522,0.5162027273327112,-0.062443516857456416,5.9468191266059875,9.251858804374933,,,,,,,,,,,,
828.0,0.0,137.0,7.751579184047886,1.0,0.732223478943757,0.5555555555555556,0.0,nan,0.010000000000000002,0.0,0.0,45.0,384.0,0.6054917275905609,0.1151374242476777,0.04504326987807872,0.1401624374544284,-0.405307412147522,-0.109779296326451,0.30800486833322793,5.808828612789512,9.736822564154863,,,,,,,,,,,,
829.0,0.0,200.0,8.28883187226953,0.75,0.9069251178861034,0.3382352941176471,0.0,nan,0.010000000000000002,0.0,0.0,68.0,594.0,0.9389050900936127,0.08538863755029524,0.011367233550572564,0.14803125643113418,-0.405307412147522,1.2049911527428776,-0.1054899350128835,5.74494116101414,9.84705918841064,,,,,,,,,,,,
830.0,0.0,117.0,6.236304365247489,1.0,0.8691999773688002,0.3684210526315789,0.0,0.0,0.010000000000000002,0.0,0.0,38.0,314.0,0.35718855261802673,0.10509107665006923,0.023112076142297155,0.16389414802828858,-0.405307412147522,0.006321409935480915,-0.7017068482819013,5.716466496698558,9.925314873456955,1.0,0.0,0.75,0.0,0.75,0.45260176062583923,0.42743170261383057,11.296216847928008,91.0,1.0,200.0,229.6018447056415
831.0,0.0,179.0,7.99320729404689,1.0,0.821929948552744,0.5,0.0,nan,0.010000000000000002,0.0,0.0,54.0,458.0,0.2817365378141403,0.09440390281088185,0.04466694080110756,0.09937728572686577,-0.405307412147522,-1.3522678854642436,-0.5780104364675935,6.1186898816376925,9.788420520722866,,,,,,,,,,,,
832.0,0.0,200.0,7.435499525964275,0.75,0.8540588136235547,0.4461538461538462,0.0,nan,0.010000000000000002,0.0,0.0,65.0,519.0,0.7787587214261293,0.22206086395817692,0.024247563311291742,0.39560414795691456,-0.405307412147522,0.8879312863573432,0.6167513602704275,5.7859255112707615,9.923117253929377,,,,,,,,,,,,
833.0,0.0,158.0,8.432087300047291,1.0,0.5414862202665967,0.6607142857142857,0.0,nan,0.010000000000000002,0.0,0.0,56.0,472.0,0.46497006714344025,0.03883930927986512,0.01387425019947841,0.049920982110182116,-0.405307412147522,-0.34362879663240165,-0.08696054865140468,5.695921739563346,9.82950497418642,,,,,,,,,,,,
834.0,0.0,200.0,8.02326015703382,0.75,0.671406026820311,0.6338028169014085,0.0,nan,0.010000000000000002,0.0,0.0,71.0,626.0,1.308200091123581,0.1423581924017796,0.04834125638121032,0.18802245382985702,-0.405307412147522,0.2711518156575039,0.051208556978963315,5.938937283121049,10.297739777714014,,,,,,,,,,,,
835.0,0.0,178.0,9.06005631975831,1.0,0.7642409443948003,0.5645161290322581,0.0,nan,0.010000000000000002,0.0,0.0,62.0,553.0,0.75790174305439,0.1368924318558129,0.04525655415272922,0.18325688530754247,-0.405307412147522,0.2358380340738222,0.16003949192963773,5.936026476323605,9.619022550061345,,,,,,,,,,,,
836.0,0.0,183.0,7.759214636012922,1.0,0.9554445408419443,0.2962962962962963,0.0,nan,0.010000000000000002,0.0,0.0,54.0,457.0,0.5986301451921463,0.11998863559529127,0.02681284985555976,0.18634499869566934,-0.405307412147522,0.10564379865536466,0.7994967454869766,5.832220657728612,9.401326591148973,,,,,,,,,,,,
837.0,0.0,168.0,7.358071631044159,1.0,0.7413366937159112,0.4642857142857143,0.0,nan,0.010000000000000002,0.0,0.0,56.0,446.0,0.20538176223635674,0.05514705086761751,0.03122439215394479,0.047809644434302134,-0.405307412147522,0.800943584414199,0.17605370574165136,5.769921141676605,9.692670956254005,,,,,,,,,,,,
838.0,0.0,200.0,7.254377383440746,0.75,0.8118927243014687,0.45454545454545453,0.0,nan,0.010000000000000002,0.0,0.0,66.0,547.0,0.71201037382707,0.1107563908569773,0.022480165332581237,0.17654807888547447,-0.405307412147522,0.6840744756627828,-0.5359201988321729,5.742367452941835,9.485565945506096,,,,,,,,,,,,
839.0,0.0,147.0,9.2328897958249,1.0,0.4559533848162881,0.7796610169491526,0.0,nan,0.010000000000000002,0.0,0.0,59.0,539.0,0.36028745770454407,0.08033176589560753,0.04475757696400251,0.07112793599172962,-0.405307412147522,-0.5614403607323766,0.5718774737324566,5.586991558782756,9.64338069409132,,,,,,,,,,,,
840.0,0.0,198.0,6.500457240305847,1.0,0.9288101064854586,0.3783783783783784,0.0,0.0,0.010000000000000002,0.0,0.0,37.0,316.0,0.6168225556612015,0.09787071235587064,0.026237508377562335,0.1432612618387012,-0.405307412147522,0.3393230458605103,0.6078373633790761,5.493067501112819,9.671790149062872,1.0,0.0,0.75,0.0,0.75,1.5395572185516357,0.535990834236145,11.210794524726225,86.0,1.0,200.0,270.7398978117856
841.0,0.0,172.0,7.852976389601843,1.0,0.739923607315697,0.4264705882352941,0.0,nan,0.010000000000000002,0.0,0.0,68.0,560.0,0.32747475802898407,0.08559851023710507,0.01568161520663125,0.13982503082526662,-0.405307412147522,0.39695764263160527,-0.04871561791514978,5.551927319727838,9.76998351328075,,,,,,,,,,,,
842.0,0.0,182.0,7.712467841207992,1.0,0.8187115068784538,0.4406779661016949,0.0,nan,0.010000000000000002,0.0,0.0,59.0,469.0,0.3308107256889343,9.562672403262695e-05,-0.04053025005850941,0.08124505711657844,-0.405307412147522,0.31688619958003983,-0.16712551837554201,5.4430989269167185,9.752538500353694,,,,,,,,,,,,
843.0,0.0,146.0,8.051351634934559,1.0,0.9343407568899872,0.3508771929824561,0.0,nan,0.010000000000000002,0.0,0.0,57.0,464.0,0.2998441606760025,0.04789965494455828,0.026541607574472437,0.0426874801863219,-0.405307412147522,0.1326683916267939,0.9141456608776934,5.333824888803065,9.28263876400888,,,,,,,,,,,,
844.0,0.0,200.0,6.373281785994786,0.5,0.8337900083375802,0.47297297297297297,0.0,nan,0.010000000000000002,0.0,0.0,74.0,629.0,2.2215471789240837,0.5324725188387207,0.14880923066217594,0.7673171628352622,-0.405307412147522,0.9100626483559608,-0.47723919854615815,5.9377325819805264,10.502603782340884,,,,,,,,,,,,
845.0,0.0,200.0,5.042199171036507,0.25,0.7040580405044309,0.45161290322580644,0.0,nan,0.010000000000000002,0.0,0.0,93.0,727.0,1.5381137877702713,0.2347917234058059,0.0381846013908671,0.393204719656143,-0.405307412147522,-0.12401447864249349,0.5546206123544835,5.120922959409654,9.432432411238551,,,,,,,,,,,,
846.0,0.0,200.0,3.1110227711498912,0.25,0.8567935113372727,0.37755102040816324,0.0,nan,0.010000000000000002,0.0,0.0,98.0,745.0,1.8364455699920654,0.2260295748558292,0.02310519668520783,0.4058487579660015,-0.405307412147522,-0.22863949392922223,0.0016596174100413918,5.0424619829282165,9.428289880976081,,,,,,,,,,,,
847.0,0.0,200.0,6.447653042972105,0.5,0.8359660784367464,0.4025974025974026,0.0,nan,0.010000000000000002,0.0,0.0,77.0,702.0,2.772784262895584,0.6177149482828099,0.027008882178051863,1.180989276290756,-0.405307412147522,0.8661049336660653,1.2646301657659933,5.03131146915257,9.268691623583436,,,,,,,,,,,,
848.0,0.0,200.0,5.522621738910696,0.5,0.8036159695732196,0.4166666666666667,0.0,nan,0.010000000000000002,0.0,0.0,72.0,605.0,1.1677507683634758,0.18934904432080657,0.0068262541317380965,0.364918927022881,-0.405307412147522,1.2984172711148858,-0.7366495595488232,4.9787927297875285,9.500745577737689,,,,,,,,,,,,
849.0,0.0,200.0,5.724342175871147,0.75,0.6878564323734078,0.4246575342465753,0.0,nan,0.010000000000000002,0.0,0.0,73.0,573.0,0.8337344266474247,0.2581345162943762,0.0419271431164816,0.4324098753580774,-0.405307412147522,-0.1459742421284318,0.21478281379677355,4.878218908794224,9.189943294972181,,,,,,,,,,,,
850.0,0.0,200.0,7.108124777227663,0.5,0.86736166143595,0.36363636363636365,0.0,0.0,0.010000000000000002,0.0,0.0,77.0,683.0,0.7967262715101242,0.2323764275877238,0.03901436093246957,0.386721548968592,-0.405307412147522,-0.23158290795981884,0.6570824131049449,4.93146888166666,9.60884596221149,1.0,0.0,0.5,0.0,0.5,0.7655073404312134,0.2846897840499878,11.6833567127469,90.0,1.0,200.0,155.83123526163416
851.0,0.0,200.0,6.510755652040266,0.25,0.8662036683139797,0.36585365853658536,0.0,nan,0.010000000000000002,0.0,0.0,82.0,726.0,1.2588484287261963,0.1929579816533078,0.04420281295233508,0.2974882518578441,-0.405307412147522,0.023695216747000813,0.6004557429696433,4.9552858443930745,9.386203844100237,,,,,,,,,,,,
852.0,0.0,200.0,6.334502304047356,0.75,0.7116047721925024,0.4915254237288136,0.0,nan,0.010000000000000002,0.0,0.0,59.0,507.0,0.5835478007793427,0.13859634209802607,0.028187383293698076,0.22048459011018245,-0.405307412147522,-1.749925687094219,-0.3713435489044059,4.9094660030677915,9.694383120164275,,,,,,,,,,,,
853.0,0.0,200.0,8.378309096172469,0.75,0.6844728911296618,0.5737704918032787,0.0,nan,0.010000000000000002,0.0,0.0,61.0,559.0,1.1358368396759033,0.1694289467550334,0.043937390887549554,0.2509737125028255,-0.405307412147522,-0.5934586644143565,0.37400993809569627,4.94128059502691,9.45137862302363,,,,,,,,,,,,
854.0,0.0,200.0,7.00304853111507,0.75,0.9531289990113805,0.29411764705882354,0.0,nan,0.010000000000000002,0.0,0.0,68.0,519.0,1.1978399902582169,0.19858940267204162,0.03779551634306699,0.32119231532414244,-0.405307412147522,-1.7875926900887862,2.748798131593503,4.953056959435344,9.189168773591518,,,,,,,,,,,,
855.0,0.0,200.0,6.941117878556268,0.75,0.7459806653649641,0.425,0.0,nan,0.010000000000000002,0.0,0.0,80.0,658.0,0.5025227633304894,0.15119487337506143,0.02427664693823317,0.2538233131229393,-0.405307412147522,0.24836918953224085,0.44202563929138705,4.9907753728330135,8.827389650046825,,,,,,,,,,,,
856.0,0.0,195.0,8.833605389297027,1.0,0.8938681788088331,0.37142857142857144,0.0,nan,0.010000000000000002,0.0,0.0,70.0,630.0,0.7527777478098869,0.08242019268482181,0.022315172222079127,0.12020413545227981,-0.405307412147522,-0.7095198096940294,-1.2906530845793895,4.84566028509289,9.332308668643236,,,,,,,,,,,,
857.0,0.0,200.0,7.986681925430914,0.75,0.878024397514975,0.43243243243243246,0.0,nan,0.010000000000000002,0.0,0.0,74.0,628.0,0.7813451327383518,0.08950099584762938,0.02105592242878629,0.13687581465124832,-0.405307412147522,-0.5130986295407638,0.8576445624348707,4.832127659581602,9.260563548654318,,,,,,,,,,,,
858.0,0.0,191.0,7.84024079062046,1.0,0.828412680548024,0.4025974025974026,0.0,nan,0.010000000000000002,0.0,0.0,77.0,648.0,0.25687366258352995,0.09812696493793283,0.05211282413762319,0.0920093336702938,-0.405307412147522,-0.27702194289304316,0.4410832428256981,4.816957927308977,9.274544399231672,,,,,,,,,,,,
859.0,0.0,200.0,5.199699159264584,0.5,0.9284887215451856,0.3068181818181818,0.0,nan,0.010000000000000002,0.0,0.0,88.0,708.0,0.8698811903595924,0.16672142367406195,0.01643932804290671,0.3005625113373487,-0.405307412147522,0.2782918312586844,0.4436918249120936,4.7308896435424685,9.257680678740144,,,,,,,,,,,,
860.0,0.0,200.0,5.300260844677709,0.5,0.8135264619432302,0.46226415094339623,0.0,0.0,0.010000000000000002,0.0,0.0,106.0,741.0,0.9175440818071365,0.20718472458838733,0.06779111729565557,0.2787826364472911,-0.405307412147522,-0.3646708589512855,-0.25400807324331254,4.709462499246001,9.240829922258854,1.0,0.0,0.5,0.0,0.5,0.6226153373718262,0.9485468864440918,11.63191170306527,98.0,1.0,200.0,188.30450033396505
861.0,0.0,200.0,6.7088798907399365,0.75,0.8979861872265241,0.34146341463414637,0.0,nan,0.010000000000000002,0.0,0.0,82.0,677.0,0.6082954406738281,0.09446076955646276,0.022423895774409175,0.1439266913534109,-0.405307412147522,0.20986875786911696,0.8363361266383436,4.839936154894531,9.478825589641929,,,,,,,,,,,,
862.0,0.0,200.0,6.4647247926891005,0.5,0.7039527145341455,0.5432098765432098,0.0,nan,0.010000000000000002,0.0,0.0,81.0,699.0,1.293020822107792,0.20129374249881948,0.0449467532316703,0.312676993550828,-0.405307412147522,-0.2059955999138765,0.2601557624293491,4.983899128623307,9.310965301468968,,,,,,,,,,,,
863.0,0.0,200.0,6.451180326044582,0.5,0.7941281883933767,0.3855421686746988,0.0,nan,0.010000000000000002,0.0,0.0,83.0,696.0,1.2364710718393326,0.2169955409872273,0.03280999820162833,0.36837059077573375,-0.405307412147522,-0.22970922361128032,-0.6097575980820693,4.957676879130304,9.110550660640001,,,,,,,,,,,,
864.0,0.0,200.0,6.544419461712259,0.5,0.5598988590157555,0.6944444444444444,0.0,nan,0.010000000000000002,0.0,0.0,72.0,636.0,0.959042401984334,0.13543866181316844,0.016922581889957655,0.23702241378105993,-0.405307412147522,0.2863245976623148,-0.2483438222843688,5.003227365203202,9.543050412088633,,,,,,,,,,,,
865.0,0.0,160.0,6.628292351216081,1.0,0.805812260481027,0.5,0.0,nan,0.010000000000000002,0.0,0.0,46.0,380.0,0.6021976470947266,0.13165735819916335,0.03913331115336405,0.18502088473394174,-0.405307412147522,-0.17881267139455304,1.1498957297299057,4.987151030451059,9.457393862307072,,,,,,,,,,,,
866.0,0.0,141.0,7.182871512174614,1.0,0.8718838638197784,0.43333333333333335,0.0,nan,0.010000000000000002,0.0,0.0,60.0,516.0,0.3829628527164459,0.08974783586518242,0.03640114214431378,0.10606680396552004,-0.405307412147522,0.37441252201097086,-0.707396071171388,5.070972456596792,9.634770024567842,,,,,,,,,,,,
867.0,0.0,182.0,9.847449127510211,1.0,0.7145575287364032,0.5416666666666666,0.0,nan,0.010000000000000002,0.0,0.0,72.0,618.0,0.9657306373119354,0.11505293804657413,0.02220414296607487,0.18568536312283251,-0.405307412147522,0.056639393529621884,-0.23173874209169298,4.786909923888743,9.85130819492042,,,,,,,,,,,,
868.0,0.0,178.0,8.853347172439111,1.0,0.8289075348430146,0.4642857142857143,0.0,nan,0.010000000000000002,0.0,0.0,56.0,501.0,1.3125678300857544,0.11885709162788771,0.03302551930809727,0.17163466249874348,-0.405307412147522,-0.32073252054397017,0.3015741945710033,4.8146607633680105,9.51344469934702,,,,,,,,,,,,
869.0,0.0,155.0,7.573295599967248,1.0,0.9092979890422657,0.41379310344827586,0.0,nan,0.010000000000000002,0.0,0.0,58.0,480.0,0.7697701752185822,0.04943546269211474,0.026817038456783848,0.04521956858423548,-0.405307412147522,-0.027851515100337565,-0.3952869256027043,4.584266113117337,9.42325770482421,,,,,,,,,,,,
870.0,0.0,200.0,8.623069980293531,0.75,0.8889583738915985,0.41333333333333333,0.0,0.0,0.010000000000000002,0.0,0.0,75.0,623.0,1.4826072454452515,0.16993777077641425,0.036846458154286665,0.26618016560227264,-0.405307412147522,0.2983264022914227,0.2839801217196509,4.614133328199387,9.380258645862341,1.0,0.0,0.75,0.0,0.75,0.5347410440444946,0.5120010375976562,11.757331182452617,91.0,1.0,200.0,155.98247345164438
871.0,0.0,200.0,5.566139548718949,0.25,0.9304974700080123,0.38666666666666666,0.0,nan,0.010000000000000002,0.0,0.0,75.0,672.0,0.8097484596073627,0.1629446967763215,0.030974275007224605,0.26389218566119427,-0.405307412147522,0.04153541606501676,0.8044409446883947,4.651849001646042,9.14464389719069,,,,,,,,,,,,
872.0,0.0,200.0,8.013554928004764,0.75,0.6563267106033275,0.5657894736842105,0.0,nan,0.010000000000000002,0.0,0.0,76.0,648.0,0.7624647244811058,0.16117823711812207,0.020439358483386627,0.2814648683362517,-0.405307412147522,0.46385954262223095,-0.11085529788397253,4.711671915836632,8.798769464716315,,,,,,,,,,,,
873.0,0.0,200.0,6.786131813526162,0.75,0.7882060838728437,0.55,0.0,nan,0.010000000000000002,0.0,0.0,60.0,519.0,1.189522624015808,0.18566712819892928,0.021701865830436873,0.32758981243633245,-0.405307412147522,-0.13726055170991458,-1.7852259033825248,4.690946877934039,9.08469120785594,,,,,,,,,,,,
874.0,0.0,181.0,8.417017870992435,1.0,0.6163223590490081,0.6785714285714286,0.0,nan,0.010000000000000002,0.0,0.0,56.0,501.0,0.3615066483616829,0.06282348498280044,0.025605259741041664,0.07442112424687296,-0.405307412147522,-0.4605472913244739,0.6952024176134728,4.630726238712668,8.983558865264058,,,,,,,,,,,,
875.0,0.0,200.0,6.7519081979990165,0.75,0.7900441775990056,0.4918032786885246,0.0,nan,0.010000000000000002,0.0,0.0,61.0,550.0,2.263982117176056,0.314659868725812,0.020810888782079928,0.586340775801985,-0.405307412147522,2.6766369605902582,-3.4517924359533936,4.81745635997504,8.849067363888025,,,,,,,,,,,,
876.0,0.0,200.0,6.588002927452339,0.75,0.7138956490806576,0.5294117647058824,0.0,nan,0.010000000000000002,0.0,0.0,68.0,561.0,0.7613741457462311,0.1265229486143653,0.030570199839871748,0.19189106062429184,-0.405307412147522,0.30272997316205874,0.016628716024570167,4.811781798489392,8.866740867495537,,,,,,,,,,,,
877.0,0.0,167.0,8.823332012742775,1.0,0.9223498173657037,0.3787878787878788,0.0,nan,0.010000000000000002,0.0,0.0,66.0,573.0,0.3288914718432352,0.06710750891376449,0.0276650114690824,0.07887459388170526,-0.405307412147522,0.31781564210541546,-0.4806747011025436,5.031794882379472,8.655803509056568,,,,,,,,,,,,
878.0,0.0,200.0,6.626599501073367,0.75,0.8307931067315907,0.49122807017543857,0.0,nan,0.010000000000000002,0.0,0.0,57.0,505.0,0.7075358629226685,0.14244832109216077,0.057412166517679,0.16922202149185367,-0.405307412147522,-2.035205473075621,4.985976752708666,4.952847528271377,8.954930257052183,,,,,,,,,,,,
879.0,0.0,168.0,6.58527209743858,1.0,0.6634499163433737,0.6274509803921569,0.0,nan,0.010000000000000002,0.0,0.0,51.0,451.0,0.27675657719373703,0.05470985539795947,0.025974625772050786,0.057396597889837975,-0.405307412147522,-1.4399537205463275,1.084747206652537,5.127867610193789,8.869966484606266,,,,,,,,,,,,
880.0,0.0,200.0,7.496793930307043,0.75,0.832859851140081,0.42857142857142855,0.0,0.0,0.010000000000000002,0.0,0.0,63.0,527.0,0.5039475783705711,0.13191929759250343,0.036964136316555596,0.18986942297663223,-0.405307412147522,0.32635217998176813,0.18092741025611758,5.19814673345536,8.884375119581819,1.0,0.0,0.75,0.0,0.75,0.12051114439964294,0.9472947120666504,11.92580833829561,89.0,1.0,200.0,279.9251775909218
881.0,0.0,193.0,9.571268972829001,1.0,0.8014734526839965,0.5151515151515151,0.0,nan,0.010000000000000002,0.0,0.0,66.0,577.0,0.5705637615174055,0.06312216802666626,0.029214842106739525,0.06780893287107856,-0.405307412147522,0.4610375730553642,-0.0950919219176285,5.154259351082146,8.58760361932218,,,,,,,,,,,,
882.0,0.0,182.0,8.318843467384589,1.0,0.7941281143244806,0.4528301886792453,0.0,nan,0.010000000000000002,0.0,0.0,53.0,471.0,0.4950949475169182,0.048808003732574434,0.008136980489609869,0.08131651203843288,-0.405307412147522,0.20706323243211955,0.1476814083289355,4.818403387442231,8.680930569767952,,,,,,,,,,,,
883.0,0.0,153.0,8.793538001924766,1.0,0.7499795709976911,0.5614035087719298,0.0,nan,0.010000000000000002,0.0,0.0,57.0,490.0,1.595382422208786,0.13612838676587558,0.02750781663530688,0.21719596944582698,-0.405307412147522,-0.7760993113042787,1.102294789860025,4.972547681070864,8.552601808682084,,,,,,,,,,,,
884.0,0.0,148.0,6.5343875475972935,1.0,0.9483221498597554,0.30952380952380953,0.0,nan,0.010000000000000002,0.0,0.0,42.0,332.0,0.335966594517231,0.05781197895294099,0.027875966941408592,0.059840303273225606,-0.405307412147522,-0.1798994304263033,-0.38441555039025843,5.2057456616312265,8.565978875383735,,,,,,,,,,,,
885.0,0.0,200.0,8.062265519760562,0.75,0.8604616252799191,0.4032258064516129,0.0,nan,0.010000000000000002,0.0,0.0,62.0,554.0,0.9292322099208832,0.12757905545481663,0.028788717374482076,0.1975569375796553,-0.405307412147522,-0.1494800302607473,0.7990496559650637,5.00646192394197,8.539164716377854,,,,,,,,,,,,
886.0,0.0,192.0,9.358268094733374,1.0,0.8559225351877748,0.484375,0.0,nan,0.010000000000000002,0.0,0.0,64.0,558.0,0.5885791480541229,0.09325966556843923,0.030496905838845123,0.12550649748667198,-0.405307412147522,0.029962662025354803,1.2799824266403448,4.9573613638058305,8.754240268841386,,,,,,,,,,,,
887.0,0.0,138.0,7.61882389038802,1.0,0.8197736548488423,0.4727272727272727,0.0,nan,0.010000000000000002,0.0,0.0,55.0,470.0,0.598983645439148,0.0959969798932434,0.03132369690501946,0.12933008119109496,-0.405307412147522,0.4154283322277479,0.01544927031500265,5.012264149263501,8.667660605162382,,,,,,,,,,,,
888.0,0.0,146.0,7.62783476203681,1.0,0.8580064635801654,0.39285714285714285,0.0,nan,0.010000000000000002,0.0,0.0,56.0,449.0,0.44177407771348953,0.04651801804175193,0.003789445542338399,0.08544047382773634,-0.405307412147522,-0.6055036183679476,-0.35047412576386705,5.145016894675791,8.69416713155806,,,,,,,,,,,,
889.0,0.0,200.0,6.3000510016828875,0.75,0.9032444863000124,0.41818181818181815,0.0,nan,0.010000000000000002,0.0,0.0,55.0,461.0,0.6897365599870682,0.19260121723345947,0.029119896781139687,0.3269477700555159,-0.405307412147522,1.1936255161417648,0.22470874138525687,4.9135237988084555,8.638522753491998,,,,,,,,,,,,
890.0,0.0,200.0,6.912741631567492,0.75,0.886356259501939,0.3448275862068966,0.0,0.0,0.010000000000000002,0.0,0.0,58.0,503.0,0.7897065877914429,0.15213583381847684,0.03588868641264753,0.23198745153933767,-0.405307412147522,0.3545020391466096,2.463293104665354,4.851604245603085,8.627038346603513,1.0,0.0,0.75,0.0,0.75,1.577232837677002,1.0167415142059326,11.703682902239962,90.0,1.0,200.0,259.81155722215794
891.0,0.0,190.0,7.8470517465472325,1.0,0.8445476266725374,0.3673469387755102,0.0,nan,0.010000000000000002,0.0,0.0,49.0,419.0,0.8731160014867783,0.20515190089918178,0.06431826921789252,0.2816523128630738,-0.405307412147522,0.15648425939434674,0.3856378142518224,4.792955466546118,8.474337749183178,,,,,,,,,,,,
892.0,0.0,200.0,8.54713364459576,0.75,0.7470534051874981,0.5625,0.0,nan,0.010000000000000002,0.0,0.0,64.0,558.0,0.4521971270442009,0.08515287864793208,0.026420347468956606,0.1174592951228843,-0.405307412147522,0.938489941181615,0.6121597809978994,4.782606887631118,8.552398636937141,,,,,,,,,,,,
893.0,0.0,172.0,9.262860098481195,1.0,0.36675287983670996,0.8135593220338984,0.0,nan,0.010000000000000002,0.0,0.0,59.0,540.0,0.46822571754455566,0.047049897875695024,0.017918492986154888,0.05799847656385831,-0.405307412147522,0.936941108899191,-0.9347603738424368,4.802335845306516,8.608424125239253,,,,,,,,,,,,
894.0,0.0,141.0,8.483327100723995,1.0,0.5329681490747821,0.7241379310344828,0.0,nan,0.010000000000000002,0.0,0.0,58.0,488.0,0.22907840088009834,0.07091036719202748,0.04606167002731354,0.04968508106518059,-0.405307412147522,0.20489234308479354,-0.1883717235759832,4.7132805567234755,8.576602540910244,,,,,,,,,,,,
895.0,0.0,163.0,8.695235933139934,1.0,0.7228190993409475,0.5932203389830508,0.0,nan,0.010000000000000002,0.0,0.0,59.0,509.0,0.3554876297712326,0.1137591845075292,0.05973352560567946,0.10803943972128421,-0.405307412147522,0.5781329336750787,0.18588520906632766,4.708691539242864,8.44274127483368,,,,,,,,,,,,
896.0,0.0,200.0,7.304544962346567,0.75,0.6245311555650654,0.6666666666666666,0.0,nan,0.010000000000000002,0.0,0.0,60.0,519.0,0.8272171467542648,0.15175482974154875,0.014180971080577365,0.27513757579468745,-0.405307412147522,0.18344099586829543,0.4497909968486056,4.740606001578271,8.57626784965396,,,,,,,,,,,,
897.0,0.0,150.0,8.580943987295047,1.0,0.718265343607371,0.543859649122807,0.0,nan,0.010000000000000002,0.0,0.0,57.0,499.0,0.22671350091695786,0.030689513878314756,0.01500449510922408,0.031330334162643164,-0.405307412147522,0.5917882000794634,-0.2093812047096435,4.69423777423799,8.36498198658228,,,,,,,,,,,,
898.0,0.0,156.0,7.783237710855912,1.0,0.7415384573889473,0.4791666666666667,0.0,nan,0.010000000000000002,0.0,0.0,48.0,412.0,0.22220425307750702,0.0691820809292949,0.029234422825652473,0.0798711492474339,-0.405307412147522,0.19831064360914752,0.607931584585458,4.861709085293114,8.33079756423831,,,,,,,,,,,,
899.0,0.0,159.0,7.205892399288732,0.25,0.37135311380260283,0.7936507936507936,0.0,nan,0.010000000000000002,0.0,0.0,63.0,569.0,1.2749235928058624,0.2537343075814533,0.02436633538741262,0.45871492857592866,-0.405307412147522,-0.289352985273581,-0.04611341570853256,5.007344596087933,8.224116999655962,,,,,,,,,,,,
900.0,0.0,146.0,5.980756004750738,0.5,0.7559401913442075,0.5111111111111111,0.0,0.0,0.010000000000000002,0.0,0.0,45.0,376.0,2.72061949968338,0.4133187187690055,0.04732801837963052,0.7319693449664619,-0.405307412147522,0.5580587791628204,0.47015629935776815,4.868168106302619,8.245144456624985,1.0,0.0,0.75,0.0,0.75,0.4625513255596161,1.5438052415847778,11.649493422097294,88.0,1.0,200.0,293.5659649372104
901.0,0.0,200.0,6.632812946960339,0.75,0.8180645891397249,0.39622641509433965,0.0,nan,0.010000000000000002,0.0,0.0,53.0,443.0,0.7969363182783127,0.18321867866052344,0.028228485654722135,0.30976376353051843,-0.405307412147522,-0.28402923874091357,2.521742120559793,4.808515882119536,8.53894992545247,,,,,,,,,,,,
902.0,0.0,117.0,6.410603894814854,1.0,0.7549627041220863,0.4583333333333333,0.0,nan,0.010000000000000002,0.0,0.0,48.0,384.0,0.4177709072828293,0.04802925919466361,0.020994448897909024,0.05392445883819088,-0.405307412147522,-0.2102426853380166,-0.02718172752065584,4.71535873785615,8.324575381353498,,,,,,,,,,,,
903.0,0.0,200.0,7.022016573809105,0.5,0.6383971491946757,0.5735294117647058,0.0,nan,0.010000000000000002,0.0,0.0,68.0,573.0,1.5124613493680954,0.19897784953718656,0.026195469481535838,0.34555440538977444,-0.405307412147522,0.4941897274693474,-0.5149187406350393,4.597843065857887,8.224356962367892,,,,,,,,,,,,
904.0,0.0,200.0,7.912248388230818,0.75,0.8690658385979234,0.417910447761194,0.0,nan,0.010000000000000002,0.0,0.0,67.0,578.0,0.8776179701089859,0.11182435876253294,0.017979281828957028,0.18762923981471497,-0.405307412147522,1.2462718880269676,-0.9016093221143819,4.660660080611706,8.302024342119694,,,,,,,,,,,,
905.0,0.0,160.0,8.25251620002092,1.0,0.7367306453416727,0.5789473684210527,0.0,nan,0.010000000000000002,0.0,0.0,57.0,480.0,0.7429226785898209,0.16333699199094553,0.06857415073864104,0.18950981243698994,-0.405307412147522,0.06951995447161607,-0.30836392019409686,4.871056721545756,8.554939534515142,,,,,,,,,,,,
906.0,0.0,200.0,7.7474147841334515,0.75,0.8882353133276563,0.4186046511627907,0.0,nan,0.010000000000000002,0.0,0.0,86.0,740.0,3.334465265274048,0.4776895456161583,-0.038479857666218586,1.0319630762363197,-0.405307412147522,-1.187287803622894,-1.464076762960758,6.276593895629048,9.930612841621041,,,,,,,,,,,,
907.0,0.0,140.0,8.047771467790017,1.0,0.5785305935596432,0.68,0.0,nan,0.010000000000000002,0.0,0.0,50.0,459.0,0.17825841903686523,0.156885587061538,0.10531290563062612,0.10312985064721608,-0.405307412147522,-0.36278704227879643,0.004608266375726089,5.523838637396693,9.411233933642507,,,,,,,,,,,,
908.0,0.0,198.0,8.826908431425704,1.0,0.6772376191497831,0.6111111111111112,0.0,nan,0.010000000000000002,0.0,0.0,54.0,476.0,1.197165995836258,0.32928675067523727,0.18340188655588463,0.2917529748303025,-0.405307412147522,0.20435425563482568,0.843806468648836,7.134826736524701,12.006713222712278,,,,,,,,,,,,
909.0,0.0,195.0,8.003186634052554,1.0,0.7972687095889467,0.5098039215686274,0.0,nan,0.010000000000000002,0.0,0.0,51.0,429.0,0.27790427953004837,0.07469278833082171,0.04599826237802063,0.05735093523236934,-0.405307412147522,-0.3021510894759558,0.19190815108595416,6.311372465454042,9.63917924463749,,,,,,,,,,,,
910.0,0.0,163.0,8.606865882091236,1.0,0.8334334406716492,0.49019607843137253,0.0,0.2,0.010000000000000002,0.0,0.0,51.0,439.0,0.7302218079566956,0.1692841341669009,0.09841473631786357,0.14170835740179544,-0.405307412147522,-0.4135890878678765,0.3503672717488371,5.95559167675674,9.140766760334373,1.0,1.0,1.0,0.0,1.0,1.2595895528793335,2.409886598587036,11.93819204007741,86.0,1.0,199.0,339.93296833731273
911.0,0.0,200.0,7.754130618944779,0.75,0.6856149594389659,0.6363636363636364,0.0,nan,0.010000000000000002,0.0,0.0,66.0,578.0,0.4123203605413437,0.2555753659984532,0.11719451714112533,0.2767465948340393,-0.405307412147522,0.053416353184729815,0.03136684335186146,7.846728320233524,12.41260021366179,,,,,,,,,,,,
912.0,0.0,168.0,9.654693588502724,1.0,0.5936706833058949,0.6875,0.0,nan,0.010000000000000002,0.0,0.0,64.0,577.0,0.41146477311849594,0.1652452240778075,0.08998317101213615,0.15050232133320995,-0.405307412147522,0.016165563196409494,0.388440131675452,6.100395598448813,10.28546902909875,,,,,,,,,,,,
913.0,0.0,177.0,8.255626005828395,1.0,0.9504182996200061,0.34375,0.0,nan,0.010000000000000002,0.0,0.0,64.0,529.0,0.3318069279193878,0.10117917399861653,0.056065491865865624,0.09021223204216472,-0.405307412147522,0.38989710161695257,0.1664744889130816,5.578001142479479,9.489235389977694,,,,,,,,,,,,
914.0,0.0,172.0,9.140184381604211,1.0,0.7178518169603223,0.6031746031746031,0.0,nan,0.010000000000000002,0.0,0.0,63.0,540.0,0.24487291648983955,0.18272985386738583,0.16482056510358234,0.035803346198983635,-0.405307412147522,0.05551488429773599,0.3839515123399906,6.494690957479179,11.417597074061632,,,,,,,,,,,,
915.0,0.0,200.0,8.450292058233192,0.75,0.6199092564470569,0.625,0.0,nan,0.010000000000000002,0.0,0.0,72.0,626.0,0.6683460827916861,0.229394928779584,0.10785283316590721,0.24288027367586995,-0.405307412147522,-0.4909777310094796,-1.7583666641730815,6.8788754949346185,12.951549042016268,,,,,,,,,,,,
916.0,0.0,200.0,7.889192602317797,0.75,0.6251282249367044,0.671875,0.0,nan,0.010000000000000002,0.0,0.0,64.0,580.0,1.211049884557724,0.2864625699512544,0.11651641748176189,0.33984625473316876,-0.405307412147522,0.455752877285704,-0.17776789551135153,6.156345849856734,10.9602991361171,,,,,,,,,,,,
917.0,0.0,200.0,6.554456893838955,0.75,0.79081953080361,0.5254237288135594,0.0,nan,0.010000000000000002,0.0,0.0,59.0,508.0,0.7812425792217255,0.4039809634559788,0.2914829649014414,0.2247217570665676,-0.405307412147522,-1.5020411806181073,-1.6651668346021324,6.902538706548512,13.794324565678835,,,,,,,,,,,,
918.0,0.0,143.0,8.151693593189131,1.0,0.8504084021470815,0.46153846153846156,0.0,nan,0.010000000000000002,0.0,0.0,52.0,426.0,0.24160360917448997,0.048048603463030304,0.036239032222511014,0.023581208791997987,-0.405307412147522,-0.02869159000692889,0.49888722973992117,5.11844698805362,9.11457634344697,,,,,,,,,,,,
919.0,0.0,200.0,7.112233178727342,0.75,0.753395184073458,0.5735294117647058,0.0,nan,0.010000000000000002,0.0,0.0,68.0,566.0,0.6386424750089645,0.14307070591348747,0.07509714343404994,0.13590723099961055,-0.405307412147522,0.001117140578571707,-0.15377267461735755,6.960145096294582,14.200493631884456,,,,,,,,,,,,
920.0,0.0,200.0,6.274869602248081,0.75,0.8259820356528866,0.42105263157894735,0.0,0.2,0.010000000000000002,0.0,0.0,57.0,507.0,1.4282273650169373,0.3182613127901277,0.10206411248532277,0.43230444954145675,-0.405307412147522,-0.03276607731822878,0.8527739982819185,6.020810507237911,10.927460437640548,1.0,0.0,0.5,0.0,0.5,1.6313468217849731,1.2473657131195068,12.345137582800817,107.0,1.0,200.0,99.79237872362147
921.0,0.0,151.0,2.485541966706522,0.0,0.6503900145102585,0.4507042253521127,0.0,nan,0.010000000000000002,0.0,0.0,71.0,584.0,2.7518055588006973,0.37283041450245946,0.04945638279480136,0.6467074036825906,-0.405307412147522,0.33743497380055487,-0.8755867404397577,6.343244704417884,12.074873480945826,,,,,,,,,,,,
922.0,0.0,154.0,7.110957053974279,1.0,0.681568797850513,0.5689655172413793,0.0,nan,0.010000000000000002,0.0,0.0,58.0,508.0,0.31452611088752747,0.18473702748042342,0.08015599945201757,0.2076892148211369,-0.405307412147522,0.06866028602235019,1.391587206046097,6.1544061144813895,11.700596988201141,,,,,,,,,,,,
923.0,0.0,168.0,7.479049240425239,1.0,0.6634447315206452,0.6470588235294118,0.0,nan,0.010000000000000002,0.0,0.0,51.0,455.0,0.44148342311382294,0.17007211723648652,0.10019729315308723,0.13970556350306046,-0.405307412147522,-0.31900798669084907,0.11369425483280793,6.919843627139926,12.937171529978514,,,,,,,,,,,,
924.0,0.0,200.0,4.534862269684687,0.25,0.9076214395785457,0.3103448275862069,0.0,nan,0.010000000000000002,0.0,0.0,87.0,666.0,1.4295538067817688,0.22669756086088455,0.02972457409669005,0.3939037850811504,-0.405307412147522,0.2896989804576151,1.1622780648176558,6.019584896974266,10.66744727641344,,,,,,,,,,,,
925.0,0.0,172.0,8.1258258855343,1.0,0.8721558448063381,0.4461538461538462,0.0,nan,0.010000000000000002,0.0,0.0,65.0,586.0,0.7324619237333536,0.2971575505571309,0.019816677079290912,0.5546602678693923,-0.405307412147522,0.1311594321159646,1.058075097418623,5.92010906804353,10.842698195949197,,,,,,,,,,,,
926.0,0.0,200.0,6.665314702913188,0.5,0.8957881186652097,0.34177215189873417,0.0,nan,0.010000000000000002,0.0,0.0,79.0,656.0,1.2850598096847534,0.27576157659768796,0.09547006618959131,0.36057566177013767,-0.405307412147522,0.773984530751477,-0.4760858247173019,6.160320200026035,10.868499659001827,,,,,,,,,,,,
927.0,0.0,200.0,5.740185834839949,0.75,0.7896305768830607,0.4067796610169492,0.0,nan,0.010000000000000002,0.0,0.0,59.0,435.0,0.776292622089386,0.2088533417745566,0.051992791832162766,0.3136667001974732,-0.405307412147522,0.10983229288831353,-0.021142996149137616,6.450272242538631,12.98706890642643,,,,,,,,,,,,
928.0,0.0,130.0,7.166868099644784,1.0,0.7955050551033873,0.41304347826086957,0.0,nan,0.010000000000000002,0.0,0.0,46.0,372.0,0.3196209818124771,0.14061792618576874,0.0974443552965738,0.08629108003331903,-0.405307412147522,-0.7057735136477277,0.48174795927479863,5.948783220723271,11.227292349562049,,,,,,,,,,,,
929.0,0.0,168.0,6.961264620274315,1.0,0.6945298917762016,0.5892857142857143,0.0,nan,0.010000000000000002,0.0,0.0,56.0,488.0,0.4970453158020973,0.12601912068112142,0.09204372654448889,0.06792353477661539,-0.405307412147522,-0.4186422962229699,0.2668113821418956,6.263573637232184,12.331343045458198,,,,,,,,,,,,
930.0,0.0,200.0,5.4684102577716285,0.5,0.9913313654263973,0.24705882352941178,0.0,0.2,0.010000000000000002,0.0,0.0,85.0,674.0,1.0797124803066254,0.288137861965879,0.05274037571234658,0.470790709208859,-0.405307412147522,0.8211479031015188,0.10778383491560817,5.875588747672737,10.965397154912353,1.0,0.0,0.5,0.0,0.5,1.3342068195343018,1.5850062370300293,12.259230015333742,104.0,1.0,200.0,123.44918926805268
931.0,0.0,200.0,5.025924197286379,0.5,0.8184455254724801,0.4358974358974359,0.0,nan,0.010000000000000002,0.0,0.0,78.0,627.0,1.268051691353321,0.2852906517722431,0.10482320100300058,0.3603124947900907,-0.405307412147522,0.6778786075301468,0.6406170137925074,6.672656128183007,14.822168331593275,,,,,,,,,,,,
932.0,0.0,200.0,4.4428100892901625,0.25,0.7727669409584997,0.4883720930232558,0.0,nan,0.010000000000000002,0.0,0.0,86.0,684.0,0.7399750202894211,0.1358778965879992,0.042394930202476644,0.1867697741109129,-0.405307412147522,1.0954816759331152,0.20428376854397357,6.628221161663532,14.626056712120771,,,,,,,,,,,,
933.0,0.0,134.0,3.756365433335316,0.0,0.8035339012363164,0.4166666666666667,0.0,nan,0.010000000000000002,0.0,0.0,60.0,500.0,2.583826959133148,0.4911118602560691,0.1428257402772033,0.696554010329506,-0.405307412147522,0.7703262832947075,-0.08420891675632447,6.436829905956984,14.080714020878077,,,,,,,,,,,,
934.0,0.0,166.0,8.726229744851604,1.0,0.8442195014627173,0.4153846153846154,0.0,nan,0.010000000000000002,0.0,0.0,65.0,527.0,1.0055731981992722,0.23594187640219388,0.07348190842025648,0.32488544084440085,-0.405307412147522,0.013345222920179367,0.4888668905477971,6.430499512702227,14.457156451418996,,,,,,,,,,,,
935.0,0.0,159.0,8.391158234328046,1.0,0.7319546088508344,0.532258064516129,0.0,nan,0.010000000000000002,0.0,0.0,62.0,525.0,0.9219473302364349,0.17405607944238,0.07481259222817016,0.19843751522827335,-0.405307412147522,-0.6482133937533945,1.1459106666152366,6.604003150947392,15.063516166061163,,,,,,,,,,,,
936.0,0.0,200.0,5.7478061951697175,0.0,0.6271882290756475,0.5862068965517241,0.0,nan,0.010000000000000002,0.0,0.0,87.0,800.0,0.9855040684342384,0.32173470150053163,0.11513425135774469,0.4131976727480928,-0.405307412147522,0.2432559779845178,-1.2279922366142273,7.115576398558915,17.77600421011448,,,,,,,,,,,,
937.0,0.0,200.0,7.584945476055163,0.75,0.8256988702630125,0.48717948717948717,0.0,nan,0.010000000000000002,0.0,0.0,78.0,610.0,0.3083369864616543,0.2909924419386698,0.25058253301074274,0.08079421367208128,-0.405307412147522,0.46915567107498646,-0.29588390508433804,5.655293398536742,11.6331508141011,,,,,,,,,,,,
938.0,0.0,200.0,8.379941329360026,0.75,0.7432021929336382,0.5352112676056338,0.0,nan,0.010000000000000002,0.0,0.0,71.0,625.0,0.9717678278684616,0.17035540690528705,0.030200055341524035,0.2802849398193273,-0.405307412147522,0.025623208610340953,0.8592381759663112,5.430300830863416,9.448572725057602,,,,,,,,,,,,
939.0,0.0,200.0,6.358653792217394,0.5,0.7438782197485431,0.4533333333333333,0.0,nan,0.010000000000000002,0.0,0.0,75.0,616.0,0.885593868792057,0.1764444864120378,0.05193681518107951,0.2489766408133,-0.405307412147522,0.4423969489871524,0.1285137796367053,6.345370002090931,13.89868857525289,,,,,,,,,,,,
940.0,0.0,57.0,0.4922210800647737,0.0,0.5769223726525957,0.5333333333333333,0.0,0.2,0.010000000000000002,0.0,0.0,30.0,228.0,9.949909925460815,1.0754205816704423,0.14668276235729688,1.8573362659738195,-0.405307412147522,-0.424734853338777,-0.9737867594026682,5.496593139673534,10.307410836219788,1.0,0.0,0.5,0.0,0.5,1.3574457168579102,1.9223965406417847,12.359553072892595,96.0,1.0,200.0,197.3540305644276
941.0,0.0,200.0,5.775956650078304,0.75,0.8644217928799743,0.39705882352941174,0.0,nan,0.010000000000000002,0.0,0.0,68.0,545.0,0.377169469371438,0.14986320571551914,0.06419208449266023,0.17095425509762552,-0.405307412147522,1.9461181862279773,-0.013269795861560851,6.057115180417895,13.091044005006552,,,,,,,,,,,,
942.0,0.0,200.0,6.725300928875818,0.75,0.8368093528190946,0.4084507042253521,0.0,nan,0.010000000000000002,0.0,0.0,71.0,528.0,0.7047139257192612,0.22566819733310695,0.13289740636741953,0.1855206622386724,-0.405307412147522,0.5672871281858534,0.4447072179755196,6.2872516717761755,14.786946501582861,,,,,,,,,,,,
943.0,0.0,200.0,7.7800036844611355,0.75,0.786056456369593,0.463768115942029,0.0,nan,0.010000000000000002,0.0,0.0,69.0,602.0,1.1135158678516746,0.25269006036160135,0.05475679540170762,0.39580545562760683,-0.405307412147522,-0.7053582306834869,0.04637293110135943,5.685031495057046,12.037607105448842,,,,,,,,,,,,
944.0,0.0,200.0,4.942000746056454,0.5,0.7381137338389575,0.4146341463414634,0.0,nan,0.010000000000000002,0.0,0.0,82.0,662.0,0.7407704815268517,0.18338340188347502,0.10848441957341493,0.14978874863369163,-0.405307412147522,1.239270961843431,-1.1959048964781687,6.28438893891871,15.077262984588742,,,,,,,,,,,,
945.0,0.0,200.0,7.593562372028845,0.75,0.8701925746457302,0.3918918918918919,0.0,nan,0.010000000000000002,0.0,0.0,74.0,625.0,0.5223838575184345,0.15560917189122847,0.08967928454853791,0.131729323908868,-0.405307412147522,-0.7343603286426514,0.3300398972351104,5.920645312406123,14.117679223418236,,,,,,,,,,,,
946.0,0.0,200.0,7.91082252945753,0.75,0.8955815405139256,0.3717948717948718,0.0,nan,0.010000000000000002,0.0,0.0,78.0,648.0,0.3342938255518675,0.1298266648709614,0.09537066895336466,0.06889347879804575,-0.405307412147522,0.009534474229440093,-0.12588545185280964,5.648304870352149,11.269557109102607,,,,,,,,,,,,
947.0,0.0,192.0,8.312598613053575,1.0,0.8706825403935768,0.4691358024691358,0.0,nan,0.010000000000000002,0.0,0.0,81.0,659.0,0.3807976730167866,0.06759779403637367,0.037312979288572024,0.060547373678397486,-0.405307412147522,0.1328759166644886,0.9534001515130512,5.253990148194134,10.052558595314622,,,,,,,,,,,,
948.0,0.0,153.0,2.3328332838416217,0.0,0.8332810809523263,0.3625,0.0,nan,0.010000000000000002,0.0,0.0,80.0,612.0,1.4780284985899925,0.21139089987082116,0.010939879628040217,0.40087457953085615,-0.405307412147522,0.41145593696273863,-0.29607224406208843,5.604700549505651,12.219149129465222,,,,,,,,,,,,
949.0,0.0,200.0,7.17074244551362,0.75,0.777411653296514,0.43548387096774194,0.0,nan,0.010000000000000002,0.0,0.0,62.0,552.0,1.1028136909008026,0.13521188322920352,0.01559281060099238,0.23916545917106596,-0.405307412147522,-2.2987537308363244,-0.4365067021572031,6.1220377665013075,12.513568170368671,,,,,,,,,,,,
950.0,0.0,200.0,8.028274092152735,0.75,0.7333360678324046,0.4444444444444444,0.0,0.2,0.010000000000000002,0.0,0.0,72.0,612.0,0.5633004037663341,0.09304141293978319,0.05451957845616562,0.07700934462921688,-0.405307412147522,-1.0126140275388025,0.5915071624913253,5.763604003936052,11.272907784208655,1.0,0.0,0.25,0.0,0.25,1.079264760017395,1.1397602558135986,12.197733891836833,102.0,1.0,200.0,64.70600154995924
951.0,0.0,200.0,6.8380682121962515,0.5,0.6876525207023841,0.4878048780487805,0.0,nan,0.010000000000000002,0.0,0.0,82.0,695.0,1.0910843834280968,0.3386330957659993,0.09342435161499907,0.4903730583910057,-0.405307412147522,0.32394822587957606,-0.26923368009738624,5.7562117502093315,11.879528511315584,,,,,,,,,,,,
952.0,0.0,200.0,4.709759165644656,0.5,0.7699471380831377,0.4482758620689655,0.0,nan,0.010000000000000002,0.0,0.0,87.0,623.0,0.3931053504347801,0.051117571998929634,0.013041909865705748,0.07614416619220919,-0.405307412147522,0.33634026237996295,0.3675227358471602,6.1690445225685835,12.715938353911042,,,,,,,,,,,,
953.0,0.0,200.0,8.385792233198899,0.75,0.6840898067989192,0.5882352941176471,0.0,nan,0.010000000000000002,0.0,0.0,68.0,589.0,1.407111868262291,0.21607961810423149,0.07851027034462277,0.2750976479745928,-0.405307412147522,0.492118681431748,-0.9720673732226714,5.247618807479739,9.331767475232482,,,,,,,,,,,,
954.0,0.0,200.0,7.303279331326507,0.5,0.7948510267506307,0.5185185185185185,0.0,nan,0.010000000000000002,0.0,0.0,81.0,710.0,0.9642829969525337,0.2172709940241475,0.051685432749764004,0.3311660903526561,-0.405307412147522,-0.1294405262451619,-0.6411251601530239,5.420741409063339,8.688927156850696,,,,,,,,,,,,
955.0,0.0,200.0,7.402262117788211,0.75,0.7944579431189116,0.5138888888888888,0.0,nan,0.010000000000000002,0.0,0.0,72.0,632.0,0.3076728084124625,0.17024505823667369,0.1350449060446408,0.07038002134485026,-0.405307412147522,-0.8304861800279468,0.13346184941474348,5.585706547833979,10.254736538976431,,,,,,,,,,,,
956.0,0.0,200.0,5.865671701729303,0.75,0.8969104105792493,0.359375,0.0,nan,0.010000000000000002,0.0,0.0,64.0,525.0,0.33346767723560333,0.12272687117251735,0.06233511661002922,0.12077018866800915,-0.405307412147522,0.18569526716601104,-0.19177906459663063,5.551742158830166,9.760379733517766,,,,,,,,,,,,
957.0,0.0,200.0,7.944468369074191,0.5,0.7178832962411741,0.4691358024691358,0.0,nan,0.010000000000000002,0.0,0.0,81.0,728.0,0.3634844608604908,0.1644077680607552,0.11019505301260324,0.1081856120131876,-0.405307412147522,-0.9750257956329733,-0.7913164477795362,6.191183661110699,13.016789317131042,,,,,,,,,,,,
958.0,0.0,200.0,8.351328812800364,0.75,0.7678875783575714,0.4925373134328358,0.0,nan,0.010000000000000002,0.0,0.0,67.0,587.0,1.957420252263546,0.2563966043162509,0.08506682015104161,0.34264025118650276,-0.405307412147522,0.007723145536147058,-0.16984659968875349,5.582033216021955,9.693365538492799,,,,,,,,,,,,
959.0,0.0,200.0,8.53646234706046,0.75,0.6445464970885109,0.5373134328358209,0.0,nan,0.010000000000000002,0.0,0.0,67.0,591.0,1.0166382938623428,0.23971914341746015,0.08154852953521186,0.3163222073986405,-0.405307412147522,-0.36455812031636015,0.20078510756138712,5.710644734092057,11.592702109366655,,,,,,,,,,,,
960.0,0.0,153.0,8.721121590286508,1.0,0.6854187509331389,0.5,0.0,0.2,0.010000000000000002,0.0,0.0,60.0,522.0,0.4970978945493698,0.14131913360324688,0.04974890734956716,0.1831304910605679,-0.405307412147522,0.12912811676505953,0.6854251550976187,5.504227058030665,8.74308823980391,1.0,0.0,0.75,0.0,0.75,0.3782874643802643,1.7650415897369385,11.739433598297182,89.0,1.0,200.0,328.61811610311304
961.0,0.0,142.0,7.461037643402822,1.0,0.8849733932113425,0.3877551020408163,0.0,nan,0.010000000000000002,0.0,0.0,49.0,414.0,0.4138604998588562,0.10012487013136706,0.04634124850736043,0.10754353333480232,-0.405307412147522,0.03361608958221041,-0.05651618813863024,5.5775052066892385,8.516961118206382,,,,,,,,,,,,
962.0,0.0,122.0,8.305359009355316,1.0,0.647394372075503,0.48,0.0,nan,0.010000000000000002,0.0,0.0,50.0,422.0,1.331148236989975,0.21963729659182718,0.07167529465186817,0.29590056986501034,-0.405307412147522,0.021334397606551647,0.17482378165004775,5.519894649274647,8.719048004597425,,,,,,,,,,,,
963.0,0.0,160.0,8.089199934601792,1.0,0.7487970610711044,0.5306122448979592,0.0,nan,0.010000000000000002,0.0,0.0,49.0,417.0,1.2717391848564148,0.2599418189588505,0.10548336872216169,0.3088993260312214,-0.405307412147522,-0.15773623529821634,0.47089268383570015,5.507064727135003,9.30259463749826,,,,,,,,,,,,
964.0,0.0,200.0,7.449737392142428,0.75,0.806399034276105,0.3508771929824561,0.0,nan,0.010000000000000002,0.0,0.0,57.0,479.0,0.9135941416025162,0.1801072826548875,0.03765650916602681,0.2848669134837983,-0.405307412147522,0.6074959102552384,1.9834067773190327,5.268365928903222,8.429252529516816,,,,,,,,,,,,
965.0,0.0,127.0,7.214875698573891,1.0,0.6251321505881988,0.5609756097560976,0.0,nan,0.010000000000000002,0.0,0.0,41.0,333.0,0.301461897790432,0.08254155536633334,0.03511710340080754,0.09482587664763648,-0.405307412147522,0.20579709387675393,0.17506700346712023,5.018914180807769,8.394592313095927,,,,,,,,,,,,
966.0,0.0,154.0,8.251653113886727,1.0,0.8999346436079078,0.33962264150943394,0.0,nan,0.010000000000000002,0.0,0.0,53.0,458.0,0.5346022471785545,0.05213221552685354,0.04092026886291933,0.022317410470861054,-0.405307412147522,-0.4010068876086734,0.38156263425480574,5.209517984651029,8.544944388791919,,,,,,,,,,,,
967.0,0.0,144.0,9.08121913753451,1.0,0.5718646891842537,0.6610169491525424,0.0,nan,0.010000000000000002,0.0,0.0,59.0,527.0,0.7965802550315857,0.1174563930471777,0.029928454059700016,0.17503974366368436,-0.405307412147522,0.21213188525871374,-0.21809440033393912,4.975960907526314,8.764741333201528,,,,,,,,,,,,
968.0,0.0,200.0,8.519785466324564,0.5,0.8149516215735123,0.4146341463414634,0.0,nan,0.010000000000000002,0.0,0.0,82.0,730.0,0.825011856853962,0.15177165404202242,0.020145054106365023,0.263007813705094,-0.405307412147522,-0.31055473556625657,0.40263619826873764,5.274826752021909,8.682550290599465,,,,,,,,,,,,
969.0,0.0,196.0,10.183096140176076,1.0,0.7659059391107251,0.5285714285714286,0.0,nan,0.010000000000000002,0.0,0.0,70.0,633.0,0.5775979720056057,0.09560870156929013,0.04497904137133446,0.1012433734164863,-0.405307412147522,-0.028133351719588973,0.40961696032900363,5.218629595823586,8.370400730520487,,,,,,,,,,,,
970.0,0.0,103.0,6.812054440006618,1.0,0.7919744871008393,0.5227272727272727,0.0,0.2,0.010000000000000002,0.0,0.0,44.0,390.0,0.22584592178463936,0.06930002389697165,0.0427812835421264,0.05281073052522353,-0.405307412147522,0.7730769564514048,-0.09060321690776618,5.287310586310923,8.490467227995396,1.0,0.0,0.75,0.0,0.75,0.7990506887435913,1.7234190702438354,11.89491184509825,88.0,1.0,200.0,327.42297432199155
971.0,0.0,198.0,9.372545642927307,1.0,0.7664740475439804,0.5285714285714286,0.0,nan,0.010000000000000002,0.0,0.0,70.0,614.0,0.456610843539238,0.22246118542937765,0.15870676883539525,0.12749472728762118,-0.405307412147522,-0.423997753765434,0.11077486223075539,5.499909685924649,8.724877882748842,,,,,,,,,,,,
972.0,0.0,200.0,6.770832480192191,0.75,0.5813827645426104,0.5,0.0,nan,0.010000000000000002,0.0,0.0,44.0,387.0,1.0576245486736298,0.20439580305003346,0.031186663643438806,0.346388474606389,-0.405307412147522,0.6117475142818876,-0.2958979296963662,5.5606131898239255,8.847488204017282,,,,,,,,,,,,
973.0,0.0,175.0,8.952169305160655,1.0,0.7185986536399197,0.5625,0.0,nan,0.010000000000000002,0.0,0.0,64.0,567.0,0.781579852104187,0.09483250554467304,0.030235078316763975,0.12911869597571712,-0.405307412147522,1.0090856683673337,0.28322834614664316,5.56225984916091,8.701007418334484,,,,,,,,,,,,
974.0,0.0,200.0,9.221660459004363,0.75,0.7180446923658238,0.4507042253521127,0.0,nan,0.010000000000000002,0.0,0.0,71.0,649.0,0.7904730830341578,0.15757210264564492,0.04520485451735112,0.2247142848292245,-0.405307412147522,-0.19182267936412245,0.16265653411392123,5.5332629745826125,8.746246833354235,,,,,,,,,,,,
975.0,0.0,173.0,8.544687702059761,1.0,0.7854961992393267,0.532258064516129,0.0,nan,0.010000000000000002,0.0,0.0,62.0,538.0,0.28067122399806976,0.06539559538532558,0.036221926553025696,0.05831200113436853,-0.405307412147522,-0.4892952394729946,0.4776083850301802,5.401610327884555,8.765606492757797,,,,,,,,,,,,
976.0,0.0,167.0,9.832068644277772,1.0,0.7459925904572398,0.5571428571428572,0.0,nan,0.010000000000000002,0.0,0.0,70.0,620.0,0.2755557307973504,0.07812164263305021,0.048169553760999406,0.05988967035783371,-0.405307412147522,0.03568405634723604,-0.1780312642949866,5.432107929140329,8.703877000138164,,,,,,,,,,,,
977.0,0.0,200.0,7.869097702726741,0.75,0.7154403559092806,0.5571428571428572,0.0,nan,0.010000000000000002,0.0,0.0,70.0,624.0,1.3534539826214314,0.3346109350986808,0.030666943597225327,0.6077629330403451,-0.405307412147522,0.37373578095866833,0.9259156995976809,5.317153215408325,8.711960963904858,,,,,,,,,,,,
978.0,0.0,173.0,10.566530599445127,1.0,0.7020228494456886,0.4931506849315068,0.0,nan,0.010000000000000002,0.0,0.0,73.0,655.0,0.34889846201986074,0.0658011945142789,0.032518714280740824,0.06654905709909154,-0.405307412147522,0.0997441402869299,0.18235640443162993,5.601096946746111,8.912924155592918,,,,,,,,,,,,
979.0,0.0,200.0,8.715825813338183,0.75,0.7168752926338507,0.41333333333333333,0.0,nan,0.010000000000000002,0.0,0.0,75.0,667.0,0.9061789885163307,0.28951361146698673,0.009525181486424117,0.5598248193503341,-0.405307412147522,0.7020208526519127,-1.5335370280081406,5.684811687096953,8.785547418519855,,,,,,,,,,,,
980.0,0.0,200.0,7.246025507301107,0.75,0.6533809906045582,0.5081967213114754,0.0,0.2,0.010000000000000002,0.0,0.0,61.0,534.0,1.5162766873836517,0.26081879340927117,0.035201783057573266,0.4512009907315484,-0.405307412147522,-0.06808629151782952,-0.15472226706333458,5.673565429635346,8.847365593537688,1.0,0.0,0.75,0.0,0.75,0.6429550647735596,1.902564287185669,11.977673081790272,90.0,1.0,200.0,277.41820370592205
981.0,0.0,180.0,7.755185479931544,1.0,0.6772376191497831,0.6111111111111112,0.0,nan,0.010000000000000002,0.0,0.0,54.0,472.0,0.24988926574587822,0.061168612892970486,0.01127415066548565,0.09964535599491686,-0.405307412147522,-0.19125754723791033,-0.6881959679885767,5.7153947642073035,8.811858844012022,,,,,,,,,,,,
982.0,0.0,193.0,8.687582687810082,1.0,0.6751622827493426,0.6176470588235294,0.0,nan,0.010000000000000002,0.0,0.0,68.0,594.0,0.06827963143587112,0.06906524400937997,0.041860689609734436,0.05419222118274136,-0.405307412147522,0.18132685162709095,0.5879142552148551,5.751150680705905,8.763396766036749,,,,,,,,,,,,
983.0,0.0,148.0,8.870929098315552,1.0,0.7951470060595339,0.4126984126984127,0.0,nan,0.010000000000000002,0.0,0.0,63.0,515.0,0.2244502566754818,0.11530717270397872,0.048751564852295814,0.13308021922487784,-0.405307412147522,0.06715005068690516,-0.05874136881902814,5.572900694794953,8.598687870427966,,,,,,,,,,,,
984.0,0.0,162.0,8.533561201207352,1.0,0.6981480832828619,0.5087719298245614,0.0,nan,0.010000000000000002,0.0,0.0,57.0,485.0,0.3836694657802582,0.09256601640959161,0.044303143182560234,0.09649635858361537,-0.405307412147522,-0.2615273096016608,0.16761464846786112,5.5956169636920094,8.996331375092268,,,,,,,,,,,,
985.0,0.0,200.0,6.853188091069473,0.75,0.713303616393955,0.5522388059701493,0.0,nan,0.010000000000000002,0.0,0.0,67.0,573.0,1.3561277240514755,0.2398367542627966,0.02252080697508063,0.43456179402750106,-0.405307412147522,-1.218217067886144,1.357962966838386,5.587464535608888,8.839366951957345,,,,,,,,,,,,
986.0,0.0,130.0,7.381680363230414,1.0,0.8348928201319397,0.4186046511627907,0.0,nan,0.010000000000000002,0.0,0.0,43.0,360.0,0.3472009226679802,0.08683404698410868,0.04230584492836442,0.08903983592023806,-0.405307412147522,0.4360603126697242,0.6344041133997962,5.274909572675824,8.810172397643328,,,,,,,,,,,,
987.0,0.0,168.0,10.116393064409515,1.0,0.5555597549431405,0.47761194029850745,0.0,nan,0.010000000000000002,0.0,0.0,67.0,612.0,0.16234849952161312,0.02955242882035236,0.007768764662614558,0.043549299422565135,-0.405307412147522,0.19601788648287766,-0.11070180241949856,5.254552509635687,9.314122643321753,,,,,,,,,,,,
988.0,0.0,178.0,9.603715695515293,1.0,0.7796006113836054,0.532258064516129,0.0,nan,0.010000000000000002,0.0,0.0,62.0,557.0,0.46358368545770645,0.030107129712405367,0.00727438727290064,0.04565548098581435,-0.405307412147522,0.22985368431545794,-0.35192328807897866,5.390018735080957,9.100249907001853,,,,,,,,,,,,
989.0,0.0,146.0,8.074928173348319,1.0,0.8118305064287263,0.40384615384615385,0.0,nan,0.010000000000000002,0.0,0.0,52.0,458.0,0.39042268693447113,0.11689258994010743,0.046682837451953674,0.14040306430782634,-0.405307412147522,-0.6616152335191146,0.7984595926827751,5.132649219594896,9.210469787940383,,,,,,,,,,,,
990.0,0.0,180.0,9.105342235974986,1.0,0.8177840161612151,0.43548387096774194,0.0,0.2,0.010000000000000002,0.0,0.0,62.0,565.0,0.200009036809206,0.06589667537309651,0.028100813718992868,0.07533088323012063,-0.405307412147522,-2.0154046174138784,1.3891943712951615,5.352413258515298,8.918066799640656,1.0,0.0,0.75,0.0,0.75,1.559515357017517,1.6168969869613647,12.111352105246624,87.0,1.0,200.0,274.935243085027
991.0,0.0,187.0,7.925112651325772,1.0,0.7143701344292147,0.5161290322580645,0.0,nan,0.010000000000000002,0.0,0.0,62.0,556.0,0.1696871966123581,0.05362234577688696,0.03430819388938744,0.03848327660138717,-0.405307412147522,0.4108425004815217,-1.152613225276582,5.413613082841039,9.259903771802783,,,,,,,,,,,,
992.0,0.0,185.0,8.840135832801476,1.0,0.6275776092625606,0.6842105263157895,0.0,nan,0.010000000000000002,0.0,0.0,57.0,508.0,0.24697526171803474,0.05814911476136331,0.030487003494727105,0.05517182328006266,-0.405307412147522,0.8930381384852808,0.3743112617521547,5.70319963619113,9.29063130915165,,,,,,,,,,,,
993.0,0.0,200.0,8.143188579417782,0.75,0.4886373962635327,0.71875,0.0,nan,0.010000000000000002,0.0,0.0,64.0,576.0,1.1313970386981964,0.36110906621195227,0.019276151752706028,0.6836445272525049,-0.405307412147522,0.11125504245865159,0.36043687572237104,5.506210854277015,9.194316014647484,,,,,,,,,,,,
994.0,0.0,200.0,6.611097055301082,0.75,0.7850132700366117,0.4482758620689655,0.0,nan,0.010000000000000002,0.0,0.0,58.0,470.0,1.1781607270240784,0.12390324226737448,0.01370536254273702,0.22039559279714105,-0.405307412147522,0.24779170806868933,-0.9057448412058875,5.741597663611174,9.351813530549407,,,,,,,,,,,,
995.0,0.0,145.0,8.087146794162702,1.0,0.7828335705615355,0.5094339622641509,0.0,nan,0.010000000000000002,0.0,0.0,53.0,438.0,0.3039414882659912,0.073377310251999,0.014441310814618191,0.11786512438331505,-0.405307412147522,0.6386152326595038,-0.2296374915749766,5.7646719655022025,9.309479985386133,,,,,,,,,,,,
996.0,0.0,173.0,8.901510999202744,1.0,0.8216314509013727,0.3709677419354839,0.0,nan,0.010000000000000002,0.0,0.0,62.0,531.0,0.19537293165922165,0.036838844296653406,0.0037072470086059184,0.06624326777590073,-0.405307412147522,0.4191133944696048,-0.6309284226736054,5.852079822681844,9.33915258012712,,,,,,,,,,,,
997.0,0.0,172.0,9.375163075476902,1.0,0.6384291469578004,0.5166666666666667,0.0,nan,0.010000000000000002,0.0,0.0,60.0,534.0,0.4460987076163292,0.0780944112934776,0.037230305769298866,0.08170371569357876,-0.405307412147522,-0.6559141087054741,0.8702471087453887,5.943169026635587,9.676545972004533,,,,,,,,,,,,
998.0,0.0,198.0,8.15291215643288,1.0,0.8443069027601411,0.45161290322580644,0.0,nan,0.010000000000000002,0.0,0.0,62.0,504.0,0.3725646361708641,0.052374409344338346,0.0299028454683139,0.04492114598241435,-0.405307412147522,-0.016412027151091024,0.06632712425198406,5.790865569375455,9.466708628460765,,,,,,,,,,,,
999.0,0.0,200.0,7.5897702153027184,0.75,0.6987140437181296,0.5614035087719298,0.0,nan,0.010000000000000002,0.0,0.0,57.0,513.0,0.6990236341953278,0.24458289504218556,0.03317450665144861,0.42277212524758934,-0.405307412147522,0.3845289357705042,-0.24055111303459853,5.762411514297128,9.564628338441253,,,,,,,,,,,,
1000.0,0.0,154.0,8.42199368271978,1.0,0.8129094680385346,0.43859649122807015,0.0,0.2,0.010000000000000002,0.0,0.0,57.0,490.0,0.4640016481280327,0.08519754985036343,0.030453272538579768,0.10947132969746748,-0.405307412147522,0.495797484589275,0.12534721835982054,5.68548231665045,9.653038276359439,1.0,0.0,0.75,0.0,0.75,0.5851044654846191,3.1933140754699707,11.875341076403856,88.0,1.0,200.0,263.6145155504349
