iteration,n_rounds,skill_ids,skill_names,t_start,t_end
1,13,"[3, 2, 3, 2, 2, 4, 4, 1, 3, 2, 0, 3, 2]","[""decelerate"", ""accelerate"", ""decelerate"", ""accelerate"", ""accelerate"", ""cruise"", ""cruise"", ""turn_right"", ""decelerate"", ""accelerate"", ""turn_left"", ""decelerate"", ""accelerate""]","[0, 7, 27, 40, 60, 80, 100, 120, 135, 147, 167, 183, 198]","[7, 27, 40, 60, 80, 100, 120, 135, 147, 167, 183, 198, 200]"
2,12,"[1, 2, 0, 3, 2, 1, 4, 2, 2, 2, 3, 2]","[""turn_right"", ""accelerate"", ""turn_left"", ""decelerate"", ""accelerate"", ""turn_right"", ""cruise"", ""accelerate"", ""accelerate"", ""accelerate"", ""decelerate"", ""accelerate""]","[0, 8, 28, 48, 52, 72, 92, 112, 132, 152, 172, 185]","[8, 28, 48, 52, 72, 92, 112, 132, 152, 172, 185, 200]"
3,11,"[2, 4, 4, 2, 2, 3, 3, 2, 2, 2, 2]","[""accelerate"", ""cruise"", ""cruise"", ""accelerate"", ""accelerate"", ""decelerate"", ""decelerate"", ""accelerate"", ""accelerate"", ""accelerate"", ""accelerate""]","[0, 20, 40, 60, 80, 98, 118, 134, 154, 174, 194]","[20, 40, 60, 80, 98, 118, 134, 154, 174, 194, 200]"
4,15,"[3, 2, 4, 1, 3, 2, 1, 0, 2, 3, 2, 1, 3, 2, 2]","[""decelerate"", ""accelerate"", ""cruise"", ""turn_right"", ""decelerate"", ""accelerate"", ""turn_right"", ""turn_left"", ""accelerate"", ""decelerate"", ""accelerate"", ""turn_right"", ""decelerate"", ""accelerate"", ""accelerate""]","[0, 5, 25, 45, 49, 55, 75, 82, 87, 107, 122, 142, 150, 164, 184]","[5, 25, 45, 49, 55, 75, 82, 87, 107, 122, 142, 150, 164, 184, 200]"
5,15,"[2, 4, 1, 1, 1, 0, 2, 4, 3, 2, 0, 3, 1, 3, 2]","[""accelerate"", ""cruise"", ""turn_right"", ""turn_right"", ""turn_right"", ""turn_left"", ""accelerate"", ""cruise"", ""decelerate"", ""accelerate"", ""turn_left"", ""decelerate"", ""turn_right"", ""decelerate"", ""accelerate""]","[0, 20, 40, 45, 51, 60, 69, 89, 109, 127, 147, 155, 175, 183, 195]","[20, 40, 45, 51, 60, 69, 89, 109, 127, 147, 155, 175, 183, 195, 200]"
6,12,"[4, 4, 1, 1, 3, 4, 2, 2, 3, 2, 4, 3]","[""cruise"", ""cruise"", ""turn_right"", ""turn_right"", ""decelerate"", ""cruise"", ""accelerate"", ""accelerate"", ""decelerate"", ""accelerate"", ""cruise"", ""decelerate""]","[0, 20, 40, 60, 64, 68, 88, 108, 128, 148, 168, 188]","[20, 40, 60, 64, 68, 88, 108, 128, 148, 168, 188, 200]"
7,15,"[0, 1, 4, 0, 4, 2, 1, 1, 0, 1, 3, 2, 2, 0, 2]","[""turn_left"", ""turn_right"", ""cruise"", ""turn_left"", ""cruise"", ""accelerate"", ""turn_right"", ""turn_right"", ""turn_left"", ""turn_right"", ""decelerate"", ""accelerate"", ""accelerate"", ""turn_left"", ""accelerate""]","[0, 5, 13, 33, 38, 58, 78, 90, 101, 108, 119, 136, 156, 176, 196]","[5, 13, 33, 38, 58, 78, 90, 101, 108, 119, 136, 156, 176, 196, 200]"
8,12,"[2, 0, 3, 2, 2, 4, 3, 2, 2, 2, 2, 4]","[""accelerate"", ""turn_left"", ""decelerate"", ""accelerate"", ""accelerate"", ""cruise"", ""decelerate"", ""accelerate"", ""accelerate"", ""accelerate"", ""accelerate"", ""cruise""]","[0, 20, 27, 36, 56, 76, 96, 115, 135, 155, 175, 195]","[20, 27, 36, 56, 76, 96, 115, 135, 155, 175, 195, 200]"
9,14,"[4, 3, 2, 0, 1, 1, 4, 0, 4, 1, 0, 2, 0, 4]","[""cruise"", ""decelerate"", ""accelerate"", ""turn_left"", ""turn_right"", ""turn_right"", ""cruise"", ""turn_left"", ""cruise"", ""turn_right"", ""turn_left"", ""accelerate"", ""turn_left"", ""cruise""]","[0, 20, 24, 44, 50, 70, 86, 106, 115, 135, 150, 160, 180, 195]","[20, 24, 44, 50, 70, 86, 106, 115, 135, 150, 160, 180, 195, 200]"
10,13,"[1, 3, 4, 2, 0, 2, 2, 3, 2, 1, 4, 4, 1]","[""turn_right"", ""decelerate"", ""cruise"", ""accelerate"", ""turn_left"", ""accelerate"", ""accelerate"", ""decelerate"", ""accelerate"", ""turn_right"", ""cruise"", ""cruise"", ""turn_right""]","[0, 8, 15, 35, 55, 63, 83, 103, 123, 143, 158, 178, 198]","[8, 15, 35, 55, 63, 83, 103, 123, 143, 158, 178, 198, 200]"
11,14,"[1, 2, 4, 1, 2, 2, 2, 0, 2, 0, 0, 2, 3, 4]","[""turn_right"", ""accelerate"", ""cruise"", ""turn_right"", ""accelerate"", ""accelerate"", ""accelerate"", ""turn_left"", ""accelerate"", ""turn_left"", ""turn_left"", ""accelerate"", ""decelerate"", ""cruise""]","[0, 8, 28, 48, 58, 76, 77, 78, 96, 116, 134, 154, 174, 183]","[8, 28, 48, 58, 76, 77, 78, 96, 116, 134, 154, 174, 183, 200]"
12,12,"[2, 0, 0, 2, 0, 3, 2, 2, 4, 4, 2, 4]","[""accelerate"", ""turn_left"", ""turn_left"", ""accelerate"", ""turn_left"", ""decelerate"", ""accelerate"", ""accelerate"", ""cruise"", ""cruise"", ""accelerate"", ""cruise""]","[0, 20, 26, 34, 54, 74, 94, 114, 124, 144, 164, 184]","[20, 26, 34, 54, 74, 94, 114, 124, 144, 164, 184, 200]"
13,12,"[0, 2, 2, 0, 4, 4, 0, 3, 4, 4, 4, 2]","[""turn_left"", ""accelerate"", ""accelerate"", ""turn_left"", ""cruise"", ""cruise"", ""turn_left"", ""decelerate"", ""cruise"", ""cruise"", ""cruise"", ""accelerate""]","[0, 7, 27, 47, 61, 81, 101, 112, 123, 143, 163, 183]","[7, 27, 47, 61, 81, 101, 112, 123, 143, 163, 183, 200]"
14,15,"[1, 3, 2, 0, 1, 0, 1, 1, 4, 3, 2, 2, 2, 4, 0]","[""turn_right"", ""decelerate"", ""accelerate"", ""turn_left"", ""turn_right"", ""turn_left"", ""turn_right"", ""turn_right"", ""cruise"", ""decelerate"", ""accelerate"", ""accelerate"", ""accelerate"", ""cruise"", ""turn_left""]","[0, 6, 13, 33, 52, 63, 81, 92, 101, 121, 128, 148, 168, 169, 189]","[6, 13, 33, 52, 63, 81, 92, 101, 121, 128, 148, 168, 169, 189, 200]"
15,13,"[1, 2, 3, 2, 2, 3, 4, 4, 2, 2, 1, 2, 4]","[""turn_right"", ""accelerate"", ""decelerate"", ""accelerate"", ""accelerate"", ""decelerate"", ""cruise"", ""cruise"", ""accelerate"", ""accelerate"", ""turn_right"", ""accelerate"", ""cruise""]","[0, 9, 29, 38, 58, 70, 86, 106, 126, 146, 149, 166, 186]","[9, 29, 38, 58, 70, 86, 106, 126, 146, 149, 166, 186, 200]"
16,13,"[2, 3, 2, 4, 4, 1, 0, 4, 1, 4, 4, 2, 4]","[""accelerate"", ""decelerate"", ""accelerate"", ""cruise"", ""cruise"", ""turn_right"", ""turn_left"", ""cruise"", ""turn_right"", ""cruise"", ""cruise"", ""accelerate"", ""cruise""]","[0, 20, 26, 46, 66, 86, 94, 107, 127, 136, 156, 176, 196]","[20, 26, 46, 66, 86, 94, 107, 127, 136, 156, 176, 196, 200]"
17,17,"[3, 2, 0, 1, 0, 2, 2, 0, 2, 2, 2, 2, 4, 3, 4, 2, 4]","[""decelerate"", ""accelerate"", ""turn_left"", ""turn_right"", ""turn_left"", ""accelerate"", ""accelerate"", ""turn_left"", ""accelerate"", ""accelerate"", ""accelerate"", ""accelerate"", ""cruise"", ""decelerate"", ""cruise"", ""accelerate"", ""cruise""]","[0, 5, 25, 32, 37, 44, 64, 84, 98, 118, 121, 122, 123, 143, 158, 178, 198]","[5, 25, 32, 37, 44, 64, 84, 98, 118, 121, 122, 123, 143, 158, 178, 198, 200]"
18,12,"[0, 0, 2, 2, 0, 4, 4, 4, 4, 2, 4, 3]","[""turn_left"", ""turn_left"", ""accelerate"", ""accelerate"", ""turn_left"", ""cruise"", ""cruise"", ""cruise"", ""cruise"", ""accelerate"", ""cruise"", ""decelerate""]","[0, 6, 13, 33, 49, 62, 82, 102, 122, 142, 162, 182]","[6, 13, 33, 49, 62, 82, 102, 122, 142, 162, 182, 200]"
19,12,"[2, 2, 1, 2, 2, 3, 2, 4, 4, 4, 4, 4]","[""accelerate"", ""accelerate"", ""turn_right"", ""accelerate"", ""accelerate"", ""decelerate"", ""accelerate"", ""cruise"", ""cruise"", ""cruise"", ""cruise"", ""cruise""]","[0, 20, 40, 44, 64, 79, 98, 118, 138, 158, 178, 198]","[20, 40, 44, 64, 79, 98, 118, 138, 158, 178, 198, 200]"
20,15,"[1, 1, 0, 3, 2, 0, 3, 2, 0, 1, 1, 0, 2, 0, 4]","[""turn_right"", ""turn_right"", ""turn_left"", ""decelerate"", ""accelerate"", ""turn_left"", ""decelerate"", ""accelerate"", ""turn_left"", ""turn_right"", ""turn_right"", ""turn_left"", ""accelerate"", ""turn_left"", ""cruise""]","[0, 7, 23, 37, 46, 66, 79, 89, 109, 123, 131, 139, 151, 171, 182]","[7, 23, 37, 46, 66, 79, 89, 109, 123, 131, 139, 151, 171, 182, 200]"
21,13,"[1, 1, 0, 0, 2, 0, 0, 2, 4, 4, 4, 0, 4]","[""turn_right"", ""turn_right"", ""turn_left"", ""turn_left"", ""accelerate"", ""turn_left"", ""turn_left"", ""accelerate"", ""cruise"", ""cruise"", ""cruise"", ""turn_left"", ""cruise""]","[0, 6, 18, 38, 58, 76, 89, 100, 120, 140, 160, 180, 190]","[6, 18, 38, 58, 76, 89, 100, 120, 140, 160, 180, 190, 200]"
22,14,"[0, 3, 2, 2, 0, 2, 2, 2, 1, 0, 4, 4, 4, 4]","[""turn_left"", ""decelerate"", ""accelerate"", ""accelerate"", ""turn_left"", ""accelerate"", ""accelerate"", ""accelerate"", ""turn_right"", ""turn_left"", ""cruise"", ""cruise"", ""cruise"", ""cruise""]","[0, 10, 17, 37, 57, 77, 94, 95, 96, 112, 130, 150, 170, 190]","[10, 17, 37, 57, 77, 94, 95, 96, 112, 130, 150, 170, 190, 200]"
23,13,"[2, 0, 3, 2, 3, 2, 1, 3, 4, 2, 1, 0, 4]","[""accelerate"", ""turn_left"", ""decelerate"", ""accelerate"", ""decelerate"", ""accelerate"", ""turn_right"", ""decelerate"", ""cruise"", ""accelerate"", ""turn_right"", ""turn_left"", ""cruise""]","[0, 20, 27, 34, 54, 59, 79, 99, 114, 134, 154, 174, 189]","[20, 27, 34, 54, 59, 79, 99, 114, 134, 154, 174, 189, 200]"
24,12,"[1, 2, 1, 2, 4, 2, 4, 4, 4, 4, 4, 4]","[""turn_right"", ""accelerate"", ""turn_right"", ""accelerate"", ""cruise"", ""accelerate"", ""cruise"", ""cruise"", ""cruise"", ""cruise"", ""cruise"", ""cruise""]","[0, 11, 31, 50, 68, 88, 89, 109, 129, 149, 169, 189]","[11, 31, 50, 68, 88, 89, 109, 129, 149, 169, 189, 200]"
25,11,"[3, 2, 4, 2, 2, 3, 2, 4, 4, 1, 4]","[""decelerate"", ""accelerate"", ""cruise"", ""accelerate"", ""accelerate"", ""decelerate"", ""accelerate"", ""cruise"", ""cruise"", ""turn_right"", ""cruise""]","[0, 6, 26, 46, 66, 86, 106, 126, 146, 166, 184]","[6, 26, 46, 66, 86, 106, 126, 146, 166, 184, 200]"
26,14,"[1, 3, 2, 1, 3, 2, 2, 1, 4, 2, 3, 4, 2, 4]","[""turn_right"", ""decelerate"", ""accelerate"", ""turn_right"", ""decelerate"", ""accelerate"", ""accelerate"", ""turn_right"", ""cruise"", ""accelerate"", ""decelerate"", ""cruise"", ""accelerate"", ""cruise""]","[0, 8, 15, 35, 55, 67, 87, 88, 108, 128, 134, 154, 174, 194]","[8, 15, 35, 55, 67, 87, 88, 108, 128, 134, 154, 174, 194, 200]"
27,13,"[0, 2, 2, 3, 2, 2, 0, 4, 4, 4, 4, 4, 4]","[""turn_left"", ""accelerate"", ""accelerate"", ""decelerate"", ""accelerate"", ""accelerate"", ""turn_left"", ""cruise"", ""cruise"", ""cruise"", ""cruise"", ""cruise"", ""cruise""]","[0, 7, 27, 47, 58, 78, 82, 98, 118, 138, 158, 178, 198]","[7, 27, 47, 58, 78, 82, 98, 118, 138, 158, 178, 198, 200]"
28,13,"[2, 2, 2, 2, 2, 1, 3, 2, 0, 4, 1, 2, 3]","[""accelerate"", ""accelerate"", ""accelerate"", ""accelerate"", ""accelerate"", ""turn_right"", ""decelerate"", ""accelerate"", ""turn_left"", ""cruise"", ""turn_right"", ""accelerate"", ""decelerate""]","[0, 20, 40, 60, 71, 72, 87, 106, 126, 140, 160, 170, 190]","[20, 40, 60, 71, 72, 87, 106, 126, 140, 160, 170, 190, 200]"
29,15,"[3, 2, 2, 1, 0, 2, 2, 2, 2, 3, 2, 4, 4, 4, 4]","[""decelerate"", ""accelerate"", ""accelerate"", ""turn_right"", ""turn_left"", ""accelerate"", ""accelerate"", ""accelerate"", ""accelerate"", ""decelerate"", ""accelerate"", ""cruise"", ""cruise"", ""cruise"", ""cruise""]","[0, 6, 26, 46, 60, 75, 92, 93, 94, 95, 115, 135, 155, 175, 195]","[6, 26, 46, 60, 75, 92, 93, 94, 95, 115, 135, 155, 175, 195, 200]"
30,14,"[0, 0, 3, 2, 0, 1, 0, 1, 1, 4, 4, 3, 4, 4]","[""turn_left"", ""turn_left"", ""decelerate"", ""accelerate"", ""turn_left"", ""turn_right"", ""turn_left"", ""turn_right"", ""turn_right"", ""cruise"", ""cruise"", ""decelerate"", ""cruise"", ""cruise""]","[0, 6, 15, 24, 44, 58, 75, 87, 103, 113, 133, 153, 160, 180]","[6, 15, 24, 44, 58, 75, 87, 103, 113, 133, 153, 160, 180, 200]"
31,14,"[0, 2, 0, 2, 1, 0, 0, 3, 2, 0, 2, 4, 0, 4]","[""turn_left"", ""accelerate"", ""turn_left"", ""accelerate"", ""turn_right"", ""turn_left"", ""turn_left"", ""decelerate"", ""accelerate"", ""turn_left"", ""accelerate"", ""cruise"", ""turn_left"", ""cruise""]","[0, 5, 25, 35, 49, 64, 74, 85, 99, 119, 130, 150, 170, 183]","[5, 25, 35, 49, 64, 74, 85, 99, 119, 130, 150, 170, 183, 200]"
32,14,"[1, 1, 3, 2, 2, 0, 2, 3, 2, 4, 4, 4, 3, 2]","[""turn_right"", ""turn_right"", ""decelerate"", ""accelerate"", ""accelerate"", ""turn_left"", ""accelerate"", ""decelerate"", ""accelerate"", ""cruise"", ""cruise"", ""cruise"", ""decelerate"", ""accelerate""]","[0, 5, 12, 20, 40, 56, 71, 79, 97, 117, 137, 157, 177, 189]","[5, 12, 20, 40, 56, 71, 79, 97, 117, 137, 157, 177, 189, 200]"
33,16,"[2, 1, 0, 1, 1, 4, 0, 4, 1, 2, 2, 0, 4, 4, 4, 4]","[""accelerate"", ""turn_right"", ""turn_left"", ""turn_right"", ""turn_right"", ""cruise"", ""turn_left"", ""cruise"", ""turn_right"", ""accelerate"", ""accelerate"", ""turn_left"", ""cruise"", ""cruise"", ""cruise"", ""cruise""]","[0, 20, 25, 36, 39, 44, 64, 79, 99, 106, 121, 122, 136, 156, 176, 196]","[20, 25, 36, 39, 44, 64, 79, 99, 106, 121, 122, 136, 156, 176, 196, 200]"
34,12,"[0, 2, 1, 2, 2, 3, 4, 4, 4, 4, 4, 4]","[""turn_left"", ""accelerate"", ""turn_right"", ""accelerate"", ""accelerate"", ""decelerate"", ""cruise"", ""cruise"", ""cruise"", ""cruise"", ""cruise"", ""cruise""]","[0, 10, 30, 50, 69, 70, 90, 110, 130, 150, 170, 190]","[10, 30, 50, 69, 70, 90, 110, 130, 150, 170, 190, 200]"
35,12,"[2, 1, 2, 0, 0, 3, 2, 1, 4, 4, 0, 4]","[""accelerate"", ""turn_right"", ""accelerate"", ""turn_left"", ""turn_left"", ""decelerate"", ""accelerate"", ""turn_right"", ""cruise"", ""cruise"", ""turn_left"", ""cruise""]","[0, 20, 27, 47, 65, 79, 95, 115, 132, 152, 172, 190]","[20, 27, 47, 65, 79, 95, 115, 132, 152, 172, 190, 200]"
36,13,"[2, 2, 0, 1, 2, 2, 4, 2, 4, 4, 1, 4, 4]","[""accelerate"", ""accelerate"", ""turn_left"", ""turn_right"", ""accelerate"", ""accelerate"", ""cruise"", ""accelerate"", ""cruise"", ""cruise"", ""turn_right"", ""cruise"", ""cruise""]","[0, 20, 40, 44, 64, 84, 96, 116, 117, 137, 157, 177, 197]","[20, 40, 44, 64, 84, 96, 116, 117, 137, 157, 177, 197, 200]"
37,14,"[1, 4, 3, 2, 1, 1, 2, 1, 4, 0, 1, 4, 3, 2]","[""turn_right"", ""cruise"", ""decelerate"", ""accelerate"", ""turn_right"", ""turn_right"", ""accelerate"", ""turn_right"", ""cruise"", ""turn_left"", ""turn_right"", ""cruise"", ""decelerate"", ""accelerate""]","[0, 5, 25, 31, 51, 65, 82, 102, 118, 138, 153, 165, 185, 196]","[5, 25, 31, 51, 65, 82, 102, 118, 138, 153, 165, 185, 196, 200]"
38,13,"[3, 2, 1, 1, 0, 0, 1, 3, 2, 0, 0, 0, 2]","[""decelerate"", ""accelerate"", ""turn_right"", ""turn_right"", ""turn_left"", ""turn_left"", ""turn_right"", ""decelerate"", ""accelerate"", ""turn_left"", ""turn_left"", ""turn_left"", ""accelerate""]","[0, 5, 25, 38, 52, 66, 79, 91, 107, 127, 146, 164, 181]","[5, 25, 38, 52, 66, 79, 91, 107, 127, 146, 164, 181, 200]"
39,14,"[1, 1, 0, 0, 4, 2, 4, 2, 1, 3, 4, 4, 4, 2]","[""turn_right"", ""turn_right"", ""turn_left"", ""turn_left"", ""cruise"", ""accelerate"", ""cruise"", ""accelerate"", ""turn_right"", ""decelerate"", ""cruise"", ""cruise"", ""cruise"", ""accelerate""]","[0, 5, 9, 18, 25, 45, 65, 85, 102, 119, 133, 153, 173, 193]","[5, 9, 18, 25, 45, 65, 85, 102, 119, 133, 153, 173, 193, 200]"
40,12,"[0, 0, 1, 1, 1, 2, 4, 4, 4, 4, 4, 4]","[""turn_left"", ""turn_left"", ""turn_right"", ""turn_right"", ""turn_right"", ""accelerate"", ""cruise"", ""cruise"", ""cruise"", ""cruise"", ""cruise"", ""cruise""]","[0, 6, 16, 36, 56, 76, 91, 111, 131, 151, 171, 191]","[6, 16, 36, 56, 76, 91, 111, 131, 151, 171, 191, 200]"
41,12,"[1, 3, 2, 0, 0, 0, 2, 0, 4, 4, 4, 4]","[""turn_right"", ""decelerate"", ""accelerate"", ""turn_left"", ""turn_left"", ""turn_left"", ""accelerate"", ""turn_left"", ""cruise"", ""cruise"", ""cruise"", ""cruise""]","[0, 7, 14, 34, 54, 74, 94, 113, 128, 148, 168, 188]","[7, 14, 34, 54, 74, 94, 113, 128, 148, 168, 188, 200]"
42,12,"[0, 0, 1, 2, 0, 4, 0, 4, 4, 4, 4, 3]","[""turn_left"", ""turn_left"", ""turn_right"", ""accelerate"", ""turn_left"", ""cruise"", ""turn_left"", ""cruise"", ""cruise"", ""cruise"", ""cruise"", ""decelerate""]","[0, 6, 16, 35, 55, 72, 92, 107, 127, 147, 167, 187]","[6, 16, 35, 55, 72, 92, 107, 127, 147, 167, 187, 200]"
43,13,"[1, 2, 1, 0, 4, 0, 0, 2, 3, 0, 4, 4, 4]","[""turn_right"", ""accelerate"", ""turn_right"", ""turn_left"", ""cruise"", ""turn_left"", ""turn_left"", ""accelerate"", ""decelerate"", ""turn_left"", ""cruise"", ""cruise"", ""cruise""]","[0, 9, 29, 37, 57, 77, 97, 111, 123, 143, 149, 169, 189]","[9, 29, 37, 57, 77, 97, 111, 123, 143, 149, 169, 189, 200]"
44,14,"[0, 0, 0, 2, 4, 0, 2, 4, 2, 4, 4, 2, 4, 4]","[""turn_left"", ""turn_left"", ""turn_left"", ""accelerate"", ""cruise"", ""turn_left"", ""accelerate"", ""cruise"", ""accelerate"", ""cruise"", ""cruise"", ""accelerate"", ""cruise"", ""cruise""]","[0, 5, 11, 20, 38, 58, 73, 89, 109, 110, 130, 150, 160, 180]","[5, 11, 20, 38, 58, 73, 89, 109, 110, 130, 150, 160, 180, 200]"
45,15,"[0, 0, 0, 2, 4, 2, 1, 2, 0, 4, 3, 4, 4, 4, 4]","[""turn_left"", ""turn_left"", ""turn_left"", ""accelerate"", ""cruise"", ""accelerate"", ""turn_right"", ""accelerate"", ""turn_left"", ""cruise"", ""decelerate"", ""cruise"", ""cruise"", ""cruise"", ""cruise""]","[0, 4, 8, 16, 36, 56, 57, 73, 84, 98, 118, 131, 151, 171, 191]","[4, 8, 16, 36, 56, 57, 73, 84, 98, 118, 131, 151, 171, 191, 200]"
46,14,"[0, 0, 0, 0, 0, 0, 0, 3, 2, 2, 0, 2, 3, 4]","[""turn_left"", ""turn_left"", ""turn_left"", ""turn_left"", ""turn_left"", ""turn_left"", ""turn_left"", ""decelerate"", ""accelerate"", ""accelerate"", ""turn_left"", ""accelerate"", ""decelerate"", ""cruise""]","[0, 5, 10, 21, 36, 53, 72, 91, 108, 128, 139, 156, 169, 187]","[5, 10, 21, 36, 53, 72, 91, 108, 128, 139, 156, 169, 187, 200]"
47,14,"[0, 0, 0, 0, 2, 4, 4, 1, 4, 4, 4, 3, 4, 2]","[""turn_left"", ""turn_left"", ""turn_left"", ""turn_left"", ""accelerate"", ""cruise"", ""cruise"", ""turn_right"", ""cruise"", ""cruise"", ""cruise"", ""decelerate"", ""cruise"", ""accelerate""]","[0, 4, 8, 15, 25, 45, 65, 85, 101, 121, 141, 161, 172, 192]","[4, 8, 15, 25, 45, 65, 85, 101, 121, 141, 161, 172, 192, 200]"
48,14,"[4, 0, 0, 1, 0, 2, 3, 4, 2, 0, 2, 4, 4, 4]","[""cruise"", ""turn_left"", ""turn_left"", ""turn_right"", ""turn_left"", ""accelerate"", ""decelerate"", ""cruise"", ""accelerate"", ""turn_left"", ""accelerate"", ""cruise"", ""cruise"", ""cruise""]","[0, 20, 24, 28, 48, 56, 69, 89, 109, 128, 143, 157, 177, 197]","[20, 24, 28, 48, 56, 69, 89, 109, 128, 143, 157, 177, 197, 200]"
49,15,"[0, 0, 0, 2, 2, 2, 1, 4, 4, 4, 2, 4, 4, 4, 1]","[""turn_left"", ""turn_left"", ""turn_left"", ""accelerate"", ""accelerate"", ""accelerate"", ""turn_right"", ""cruise"", ""cruise"", ""cruise"", ""accelerate"", ""cruise"", ""cruise"", ""cruise"", ""turn_right""]","[0, 4, 7, 15, 30, 31, 32, 51, 71, 91, 111, 131, 151, 171, 191]","[4, 7, 15, 30, 31, 32, 51, 71, 91, 111, 131, 151, 171, 191, 200]"
50,14,"[0, 0, 4, 0, 0, 2, 1, 4, 1, 4, 2, 4, 4, 4]","[""turn_left"", ""turn_left"", ""cruise"", ""turn_left"", ""turn_left"", ""accelerate"", ""turn_right"", ""cruise"", ""turn_right"", ""cruise"", ""accelerate"", ""cruise"", ""cruise"", ""cruise""]","[0, 3, 5, 25, 27, 30, 50, 70, 90, 104, 124, 144, 164, 184]","[3, 5, 25, 27, 30, 50, 70, 90, 104, 124, 144, 164, 184, 200]"
51,15,"[3, 2, 2, 2, 2, 0, 0, 4, 4, 2, 2, 4, 4, 4, 4]","[""decelerate"", ""accelerate"", ""accelerate"", ""accelerate"", ""accelerate"", ""turn_left"", ""turn_left"", ""cruise"", ""cruise"", ""accelerate"", ""accelerate"", ""cruise"", ""cruise"", ""cruise"", ""cruise""]","[0, 5, 25, 44, 45, 46, 56, 68, 88, 108, 128, 130, 150, 170, 190]","[5, 25, 44, 45, 46, 56, 68, 88, 108, 128, 130, 150, 170, 190, 200]"
52,12,"[2, 2, 1, 2, 2, 1, 2, 4, 4, 3, 4, 4]","[""accelerate"", ""accelerate"", ""turn_right"", ""accelerate"", ""accelerate"", ""turn_right"", ""accelerate"", ""cruise"", ""cruise"", ""decelerate"", ""cruise"", ""cruise""]","[0, 20, 40, 47, 67, 72, 89, 109, 129, 149, 165, 185]","[20, 40, 47, 67, 72, 89, 109, 129, 149, 165, 185, 200]"
53,15,"[2, 0, 1, 0, 1, 2, 0, 0, 4, 3, 2, 0, 4, 4, 4]","[""accelerate"", ""turn_left"", ""turn_right"", ""turn_left"", ""turn_right"", ""accelerate"", ""turn_left"", ""turn_left"", ""cruise"", ""decelerate"", ""accelerate"", ""turn_left"", ""cruise"", ""cruise"", ""cruise""]","[0, 20, 24, 30, 33, 38, 58, 78, 95, 115, 123, 143, 155, 175, 195]","[20, 24, 30, 33, 38, 58, 78, 95, 115, 123, 143, 155, 175, 195, 200]"
54,11,"[2, 0, 2, 2, 0, 4, 4, 0, 4, 4, 4]","[""accelerate"", ""turn_left"", ""accelerate"", ""accelerate"", ""turn_left"", ""cruise"", ""cruise"", ""turn_left"", ""cruise"", ""cruise"", ""cruise""]","[0, 20, 26, 46, 66, 86, 106, 126, 144, 164, 184]","[20, 26, 46, 66, 86, 106, 126, 144, 164, 184, 200]"
55,12,"[2, 0, 0, 2, 1, 4, 3, 2, 4, 4, 4, 4]","[""accelerate"", ""turn_left"", ""turn_left"", ""accelerate"", ""turn_right"", ""cruise"", ""decelerate"", ""accelerate"", ""cruise"", ""cruise"", ""cruise"", ""cruise""]","[0, 20, 26, 30, 50, 67, 87, 107, 127, 147, 167, 187]","[20, 26, 30, 50, 67, 87, 107, 127, 147, 167, 187, 200]"
56,13,"[0, 0, 0, 0, 2, 1, 4, 4, 4, 4, 4, 4, 4]","[""turn_left"", ""turn_left"", ""turn_left"", ""turn_left"", ""accelerate"", ""turn_right"", ""cruise"", ""cruise"", ""cruise"", ""cruise"", ""cruise"", ""cruise"", ""cruise""]","[0, 4, 7, 15, 29, 49, 64, 84, 104, 124, 144, 164, 184]","[4, 7, 15, 29, 49, 64, 84, 104, 124, 144, 164, 184, 200]"
57,13,"[0, 0, 1, 2, 3, 2, 4, 4, 4, 1, 4, 4, 4]","[""turn_left"", ""turn_left"", ""turn_right"", ""accelerate"", ""decelerate"", ""accelerate"", ""cruise"", ""cruise"", ""cruise"", ""turn_right"", ""cruise"", ""cruise"", ""cruise""]","[0, 4, 7, 27, 47, 60, 80, 100, 120, 140, 152, 172, 192]","[4, 7, 27, 47, 60, 80, 100, 120, 140, 152, 172, 192, 200]"
58,13,"[3, 2, 4, 0, 0, 4, 0, 1, 2, 4, 4, 4, 0]","[""decelerate"", ""accelerate"", ""cruise"", ""turn_left"", ""turn_left"", ""cruise"", ""turn_left"", ""turn_right"", ""accelerate"", ""cruise"", ""cruise"", ""cruise"", ""turn_left""]","[0, 6, 26, 46, 57, 69, 89, 96, 109, 129, 149, 169, 189]","[6, 26, 46, 57, 69, 89, 96, 109, 129, 149, 169, 189, 200]"
59,13,"[4, 3, 4, 2, 1, 4, 1, 4, 0, 4, 4, 3, 2]","[""cruise"", ""decelerate"", ""cruise"", ""accelerate"", ""turn_right"", ""cruise"", ""turn_right"", ""cruise"", ""turn_left"", ""cruise"", ""cruise"", ""decelerate"", ""accelerate""]","[0, 20, 25, 45, 65, 77, 97, 112, 132, 141, 161, 181, 192]","[20, 25, 45, 65, 77, 97, 112, 132, 141, 161, 181, 192, 200]"
60,12,"[1, 1, 0, 0, 3, 2, 0, 4, 0, 1, 2, 4]","[""turn_right"", ""turn_right"", ""turn_left"", ""turn_left"", ""decelerate"", ""accelerate"", ""turn_left"", ""cruise"", ""turn_left"", ""turn_right"", ""accelerate"", ""cruise""]","[0, 9, 22, 42, 62, 73, 93, 113, 133, 153, 167, 187]","[9, 22, 42, 62, 73, 93, 113, 133, 153, 167, 187, 200]"
61,14,"[0, 0, 1, 1, 0, 4, 2, 4, 3, 4, 4, 4, 4, 4]","[""turn_left"", ""turn_left"", ""turn_right"", ""turn_right"", ""turn_left"", ""cruise"", ""accelerate"", ""cruise"", ""decelerate"", ""cruise"", ""cruise"", ""cruise"", ""cruise"", ""cruise""]","[0, 5, 9, 22, 34, 38, 58, 78, 98, 116, 136, 156, 176, 196]","[5, 9, 22, 34, 38, 58, 78, 98, 116, 136, 156, 176, 196, 200]"
62,14,"[1, 1, 0, 4, 1, 2, 3, 2, 2, 3, 2, 4, 4, 4]","[""turn_right"", ""turn_right"", ""turn_left"", ""cruise"", ""turn_right"", ""accelerate"", ""decelerate"", ""accelerate"", ""accelerate"", ""decelerate"", ""accelerate"", ""cruise"", ""cruise"", ""cruise""]","[0, 6, 14, 34, 54, 61, 73, 87, 107, 108, 124, 144, 164, 184]","[6, 14, 34, 54, 61, 73, 87, 107, 108, 124, 144, 164, 184, 200]"
63,13,"[1, 1, 1, 4, 3, 4, 4, 2, 2, 1, 4, 4, 4]","[""turn_right"", ""turn_right"", ""turn_right"", ""cruise"", ""decelerate"", ""cruise"", ""cruise"", ""accelerate"", ""accelerate"", ""turn_right"", ""cruise"", ""cruise"", ""cruise""]","[0, 6, 13, 22, 42, 51, 71, 91, 111, 131, 145, 165, 185]","[6, 13, 22, 42, 51, 71, 91, 111, 131, 145, 165, 185, 200]"
64,14,"[1, 1, 4, 1, 2, 2, 1, 0, 2, 2, 3, 4, 2, 3]","[""turn_right"", ""turn_right"", ""cruise"", ""turn_right"", ""accelerate"", ""accelerate"", ""turn_right"", ""turn_left"", ""accelerate"", ""accelerate"", ""decelerate"", ""cruise"", ""accelerate"", ""decelerate""]","[0, 6, 16, 36, 48, 63, 64, 81, 97, 117, 121, 141, 161, 181]","[6, 16, 36, 48, 63, 64, 81, 97, 117, 121, 141, 161, 181, 200]"
65,12,"[3, 2, 3, 2, 0, 1, 1, 3, 2, 0, 4, 4]","[""decelerate"", ""accelerate"", ""decelerate"", ""accelerate"", ""turn_left"", ""turn_right"", ""turn_right"", ""decelerate"", ""accelerate"", ""turn_left"", ""cruise"", ""cruise""]","[0, 6, 26, 39, 59, 73, 86, 100, 120, 140, 160, 180]","[6, 26, 39, 59, 73, 86, 100, 120, 140, 160, 180, 200]"
66,11,"[1, 2, 4, 4, 4, 1, 4, 4, 4, 4, 4]","[""turn_right"", ""accelerate"", ""cruise"", ""cruise"", ""cruise"", ""turn_right"", ""cruise"", ""cruise"", ""cruise"", ""cruise"", ""cruise""]","[0, 4, 24, 44, 64, 84, 95, 115, 135, 155, 175]","[4, 24, 44, 64, 84, 95, 115, 135, 155, 175, 181]"
67,10,"[4, 2, 2, 2, 2, 0, 4, 4, 4, 4]","[""cruise"", ""accelerate"", ""accelerate"", ""accelerate"", ""accelerate"", ""turn_left"", ""cruise"", ""cruise"", ""cruise"", ""cruise""]","[0, 20, 40, 60, 79, 80, 95, 115, 135, 155]","[20, 40, 60, 79, 80, 95, 115, 135, 155, 174]"
68,15,"[0, 1, 1, 1, 2, 0, 0, 1, 2, 4, 3, 4, 4, 4, 4]","[""turn_left"", ""turn_right"", ""turn_right"", ""turn_right"", ""accelerate"", ""turn_left"", ""turn_left"", ""turn_right"", ""accelerate"", ""cruise"", ""decelerate"", ""cruise"", ""cruise"", ""cruise"", ""cruise""]","[0, 3, 9, 12, 15, 35, 55, 75, 81, 97, 117, 137, 157, 177, 197]","[3, 9, 12, 15, 35, 55, 75, 81, 97, 117, 137, 157, 177, 197, 200]"
69,13,"[2, 0, 4, 2, 1, 3, 4, 4, 4, 4, 1, 2, 4]","[""accelerate"", ""turn_left"", ""cruise"", ""accelerate"", ""turn_right"", ""decelerate"", ""cruise"", ""cruise"", ""cruise"", ""cruise"", ""turn_right"", ""accelerate"", ""cruise""]","[0, 20, 26, 46, 66, 75, 84, 104, 124, 144, 164, 171, 184]","[20, 26, 46, 66, 75, 84, 104, 124, 144, 164, 171, 184, 200]"
70,13,"[2, 2, 1, 2, 2, 1, 0, 4, 4, 4, 2, 4, 4]","[""accelerate"", ""accelerate"", ""turn_right"", ""accelerate"", ""accelerate"", ""turn_right"", ""turn_left"", ""cruise"", ""cruise"", ""cruise"", ""accelerate"", ""cruise"", ""cruise""]","[0, 20, 40, 51, 60, 61, 78, 97, 117, 137, 157, 160, 180]","[20, 40, 51, 60, 61, 78, 97, 117, 137, 157, 160, 180, 190]"
71,13,"[4, 1, 1, 2, 2, 0, 4, 4, 0, 4, 4, 4, 4]","[""cruise"", ""turn_right"", ""turn_right"", ""accelerate"", ""accelerate"", ""turn_left"", ""cruise"", ""cruise"", ""turn_left"", ""cruise"", ""cruise"", ""cruise"", ""cruise""]","[0, 20, 23, 26, 46, 55, 73, 93, 113, 132, 152, 172, 192]","[20, 23, 26, 46, 55, 73, 93, 113, 132, 152, 172, 192, 200]"
72,12,"[4, 2, 4, 2, 4, 1, 3, 2, 1, 4, 4, 2]","[""cruise"", ""accelerate"", ""cruise"", ""accelerate"", ""cruise"", ""turn_right"", ""decelerate"", ""accelerate"", ""turn_right"", ""cruise"", ""cruise"", ""accelerate""]","[0, 20, 40, 60, 80, 100, 106, 118, 138, 148, 168, 188]","[20, 40, 60, 80, 100, 106, 118, 138, 148, 168, 188, 200]"
73,13,"[2, 2, 2, 2, 2, 3, 2, 0, 4, 4, 4, 4, 4]","[""accelerate"", ""accelerate"", ""accelerate"", ""accelerate"", ""accelerate"", ""decelerate"", ""accelerate"", ""turn_left"", ""cruise"", ""cruise"", ""cruise"", ""cruise"", ""cruise""]","[0, 20, 40, 47, 48, 49, 69, 86, 104, 124, 144, 164, 184]","[20, 40, 47, 48, 49, 69, 86, 104, 124, 144, 164, 184, 200]"
74,14,"[2, 4, 2, 2, 4, 2, 2, 1, 4, 4, 3, 4, 4, 4]","[""accelerate"", ""cruise"", ""accelerate"", ""accelerate"", ""cruise"", ""accelerate"", ""accelerate"", ""turn_right"", ""cruise"", ""cruise"", ""decelerate"", ""cruise"", ""cruise"", ""cruise""]","[0, 20, 40, 59, 60, 80, 81, 82, 93, 113, 133, 150, 170, 190]","[20, 40, 59, 60, 80, 81, 82, 93, 113, 133, 150, 170, 190, 200]"
75,14,"[1, 1, 4, 2, 0, 4, 1, 0, 1, 4, 2, 4, 4, 4]","[""turn_right"", ""turn_right"", ""cruise"", ""accelerate"", ""turn_left"", ""cruise"", ""turn_right"", ""turn_left"", ""turn_right"", ""cruise"", ""accelerate"", ""cruise"", ""cruise"", ""cruise""]","[0, 4, 8, 28, 48, 68, 88, 98, 115, 125, 145, 152, 172, 192]","[4, 8, 28, 48, 68, 88, 98, 115, 125, 145, 152, 172, 192, 200]"
76,10,"[4, 2, 2, 4, 2, 4, 4, 4, 4, 4]","[""cruise"", ""accelerate"", ""accelerate"", ""cruise"", ""accelerate"", ""cruise"", ""cruise"", ""cruise"", ""cruise"", ""cruise""]","[0, 20, 40, 60, 80, 84, 104, 124, 144, 164]","[20, 40, 60, 80, 84, 104, 124, 144, 164, 177]"
77,13,"[0, 3, 2, 0, 0, 2, 0, 4, 3, 4, 2, 4, 4]","[""turn_left"", ""decelerate"", ""accelerate"", ""turn_left"", ""turn_left"", ""accelerate"", ""turn_left"", ""cruise"", ""decelerate"", ""cruise"", ""accelerate"", ""cruise"", ""cruise""]","[0, 6, 10, 30, 46, 62, 76, 96, 116, 127, 147, 160, 180]","[6, 10, 30, 46, 62, 76, 96, 116, 127, 147, 160, 180, 200]"
78,13,"[2, 0, 1, 0, 2, 1, 2, 0, 4, 4, 4, 4, 4]","[""accelerate"", ""turn_left"", ""turn_right"", ""turn_left"", ""accelerate"", ""turn_right"", ""accelerate"", ""turn_left"", ""cruise"", ""cruise"", ""cruise"", ""cruise"", ""cruise""]","[0, 20, 40, 45, 62, 68, 80, 83, 103, 123, 143, 163, 183]","[20, 40, 45, 62, 68, 80, 83, 103, 123, 143, 163, 183, 200]"
79,16,"[1, 2, 2, 2, 2, 1, 1, 2, 2, 3, 2, 4, 0, 4, 4, 4]","[""turn_right"", ""accelerate"", ""accelerate"", ""accelerate"", ""accelerate"", ""turn_right"", ""turn_right"", ""accelerate"", ""accelerate"", ""decelerate"", ""accelerate"", ""cruise"", ""turn_left"", ""cruise"", ""cruise"", ""cruise""]","[0, 5, 25, 42, 43, 44, 58, 68, 80, 81, 101, 118, 138, 158, 178, 198]","[5, 25, 42, 43, 44, 58, 68, 80, 81, 101, 118, 138, 158, 178, 198, 200]"
80,12,"[1, 2, 2, 4, 4, 4, 4, 4, 4, 4, 4, 4]","[""turn_right"", ""accelerate"", ""accelerate"", ""cruise"", ""cruise"", ""cruise"", ""cruise"", ""cruise"", ""cruise"", ""cruise"", ""cruise"", ""cruise""]","[0, 4, 24, 38, 58, 78, 98, 118, 138, 158, 178, 198]","[4, 24, 38, 58, 78, 98, 118, 138, 158, 178, 198, 200]"
81,10,"[0, 2, 2, 2, 4, 4, 4, 4, 4, 4]","[""turn_left"", ""accelerate"", ""accelerate"", ""accelerate"", ""cruise"", ""cruise"", ""cruise"", ""cruise"", ""cruise"", ""cruise""]","[0, 5, 25, 45, 48, 68, 88, 108, 128, 148]","[5, 25, 45, 48, 68, 88, 108, 128, 148, 155]"
82,19,"[1, 0, 2, 1, 0, 3, 2, 0, 1, 1, 2, 1, 1, 0, 0, 0, 0, 0, 1]","[""turn_right"", ""turn_left"", ""accelerate"", ""turn_right"", ""turn_left"", ""decelerate"", ""accelerate"", ""turn_left"", ""turn_right"", ""turn_right"", ""accelerate"", ""turn_right"", ""turn_right"", ""turn_left"", ""turn_left"", ""turn_left"", ""turn_left"", ""turn_left"", ""turn_right""]","[0, 4, 8, 28, 34, 54, 60, 80, 92, 100, 108, 123, 135, 145, 161, 171, 178, 185, 192]","[4, 8, 28, 34, 54, 60, 80, 92, 100, 108, 123, 135, 145, 161, 171, 178, 185, 192, 200]"
83,13,"[2, 2, 2, 2, 2, 0, 3, 2, 1, 4, 4, 4, 4]","[""accelerate"", ""accelerate"", ""accelerate"", ""accelerate"", ""accelerate"", ""turn_left"", ""decelerate"", ""accelerate"", ""turn_right"", ""cruise"", ""cruise"", ""cruise"", ""cruise""]","[0, 20, 40, 54, 55, 56, 73, 87, 106, 122, 142, 162, 182]","[20, 40, 54, 55, 56, 73, 87, 106, 122, 142, 162, 182, 190]"
84,15,"[2, 1, 0, 2, 1, 2, 2, 1, 1, 1, 0, 0, 0, 4, 0]","[""accelerate"", ""turn_right"", ""turn_left"", ""accelerate"", ""turn_right"", ""accelerate"", ""accelerate"", ""turn_right"", ""turn_right"", ""turn_right"", ""turn_left"", ""turn_left"", ""turn_left"", ""cruise"", ""turn_left""]","[0, 20, 28, 48, 60, 77, 84, 85, 103, 118, 132, 147, 159, 170, 190]","[20, 28, 48, 60, 77, 84, 85, 103, 118, 132, 147, 159, 170, 190, 200]"
85,10,"[2, 1, 2, 4, 4, 4, 2, 4, 4, 1]","[""accelerate"", ""turn_right"", ""accelerate"", ""cruise"", ""cruise"", ""cruise"", ""accelerate"", ""cruise"", ""cruise"", ""turn_right""]","[0, 20, 25, 45, 65, 85, 105, 106, 126, 146]","[20, 25, 45, 65, 85, 105, 106, 126, 146, 152]"
86,12,"[2, 2, 2, 2, 1, 4, 4, 4, 4, 4, 1, 0]","[""accelerate"", ""accelerate"", ""accelerate"", ""accelerate"", ""turn_right"", ""cruise"", ""cruise"", ""cruise"", ""cruise"", ""cruise"", ""turn_right"", ""turn_left""]","[0, 20, 40, 60, 71, 82, 102, 122, 142, 162, 182, 192]","[20, 40, 60, 71, 82, 102, 122, 142, 162, 182, 192, 200]"
87,11,"[2, 0, 2, 2, 3, 4, 4, 2, 4, 3, 4]","[""accelerate"", ""turn_left"", ""accelerate"", ""accelerate"", ""decelerate"", ""cruise"", ""cruise"", ""accelerate"", ""cruise"", ""decelerate"", ""cruise""]","[0, 20, 27, 47, 67, 87, 107, 127, 142, 162, 182]","[20, 27, 47, 67, 87, 107, 127, 142, 162, 182, 200]"
88,11,"[2, 2, 2, 2, 4, 2, 4, 4, 4, 4, 4]","[""accelerate"", ""accelerate"", ""accelerate"", ""accelerate"", ""cruise"", ""accelerate"", ""cruise"", ""cruise"", ""cruise"", ""cruise"", ""cruise""]","[0, 20, 40, 60, 80, 100, 107, 127, 147, 167, 187]","[20, 40, 60, 80, 100, 107, 127, 147, 167, 187, 200]"
89,13,"[2, 1, 2, 2, 2, 2, 1, 3, 2, 0, 3, 2, 4]","[""accelerate"", ""turn_right"", ""accelerate"", ""accelerate"", ""accelerate"", ""accelerate"", ""turn_right"", ""decelerate"", ""accelerate"", ""turn_left"", ""decelerate"", ""accelerate"", ""cruise""]","[0, 20, 23, 43, 63, 83, 92, 106, 126, 146, 163, 174, 188]","[20, 23, 43, 63, 83, 92, 106, 126, 146, 163, 174, 188, 200]"
90,15,"[1, 1, 2, 4, 0, 4, 1, 1, 0, 1, 0, 4, 4, 0, 0]","[""turn_right"", ""turn_right"", ""accelerate"", ""cruise"", ""turn_left"", ""cruise"", ""turn_right"", ""turn_right"", ""turn_left"", ""turn_right"", ""turn_left"", ""cruise"", ""cruise"", ""turn_left"", ""turn_left""]","[0, 4, 8, 28, 48, 68, 88, 95, 102, 116, 125, 140, 160, 180, 196]","[4, 8, 28, 48, 68, 88, 95, 102, 116, 125, 140, 160, 180, 196, 200]"
91,14,"[2, 1, 0, 3, 2, 2, 0, 4, 0, 2, 0, 4, 4, 4]","[""accelerate"", ""turn_right"", ""turn_left"", ""decelerate"", ""accelerate"", ""accelerate"", ""turn_left"", ""cruise"", ""turn_left"", ""accelerate"", ""turn_left"", ""cruise"", ""cruise"", ""cruise""]","[0, 20, 23, 30, 35, 55, 75, 91, 111, 128, 131, 151, 171, 191]","[20, 23, 30, 35, 55, 75, 91, 111, 128, 131, 151, 171, 191, 200]"
92,15,"[1, 1, 2, 1, 2, 0, 4, 0, 1, 3, 2, 0, 3, 4, 4]","[""turn_right"", ""turn_right"", ""accelerate"", ""turn_right"", ""accelerate"", ""turn_left"", ""cruise"", ""turn_left"", ""turn_right"", ""decelerate"", ""accelerate"", ""turn_left"", ""decelerate"", ""cruise"", ""cruise""]","[0, 4, 8, 28, 36, 51, 70, 90, 105, 115, 122, 138, 157, 177, 197]","[4, 8, 28, 36, 51, 70, 90, 105, 115, 122, 138, 157, 177, 197, 200]"
93,12,"[2, 2, 4, 3, 2, 2, 0, 1, 0, 3, 2, 0]","[""accelerate"", ""accelerate"", ""cruise"", ""decelerate"", ""accelerate"", ""accelerate"", ""turn_left"", ""turn_right"", ""turn_left"", ""decelerate"", ""accelerate"", ""turn_left""]","[0, 20, 40, 60, 64, 84, 104, 122, 136, 151, 165, 185]","[20, 40, 60, 64, 84, 104, 122, 136, 151, 165, 185, 200]"
94,13,"[2, 1, 0, 2, 4, 2, 4, 3, 2, 4, 4, 4, 2]","[""accelerate"", ""turn_right"", ""turn_left"", ""accelerate"", ""cruise"", ""accelerate"", ""cruise"", ""decelerate"", ""accelerate"", ""cruise"", ""cruise"", ""cruise"", ""accelerate""]","[0, 20, 24, 31, 51, 71, 91, 111, 118, 138, 158, 178, 198]","[20, 24, 31, 51, 71, 91, 111, 118, 138, 158, 178, 198, 200]"
95,14,"[2, 0, 4, 1, 3, 4, 2, 4, 3, 2, 4, 3, 2, 4]","[""accelerate"", ""turn_left"", ""cruise"", ""turn_right"", ""decelerate"", ""cruise"", ""accelerate"", ""cruise"", ""decelerate"", ""accelerate"", ""cruise"", ""decelerate"", ""accelerate"", ""cruise""]","[0, 20, 27, 47, 50, 53, 73, 93, 113, 120, 140, 160, 178, 198]","[20, 27, 47, 50, 53, 73, 93, 113, 120, 140, 160, 178, 198, 200]"
96,11,"[3, 2, 2, 2, 2, 4, 4, 4, 4, 4, 4]","[""decelerate"", ""accelerate"", ""accelerate"", ""accelerate"", ""accelerate"", ""cruise"", ""cruise"", ""cruise"", ""cruise"", ""cruise"", ""cruise""]","[0, 5, 25, 45, 65, 85, 105, 125, 145, 165, 185]","[5, 25, 45, 65, 85, 105, 125, 145, 165, 185, 200]"
97,15,"[2, 1, 1, 2, 1, 1, 0, 3, 2, 0, 0, 3, 2, 0, 0]","[""accelerate"", ""turn_right"", ""turn_right"", ""accelerate"", ""turn_right"", ""turn_right"", ""turn_left"", ""decelerate"", ""accelerate"", ""turn_left"", ""turn_left"", ""decelerate"", ""accelerate"", ""turn_left"", ""turn_left""]","[0, 20, 22, 25, 45, 50, 62, 73, 93, 113, 133, 153, 163, 183, 194]","[20, 22, 25, 45, 50, 62, 73, 93, 113, 133, 153, 163, 183, 194, 200]"
98,14,"[3, 2, 2, 2, 2, 2, 4, 1, 1, 2, 0, 2, 2, 0]","[""decelerate"", ""accelerate"", ""accelerate"", ""accelerate"", ""accelerate"", ""accelerate"", ""cruise"", ""turn_right"", ""turn_right"", ""accelerate"", ""turn_left"", ""accelerate"", ""accelerate"", ""turn_left""]","[0, 4, 24, 44, 64, 84, 104, 124, 128, 135, 155, 171, 186, 187]","[4, 24, 44, 64, 84, 104, 124, 128, 135, 155, 171, 186, 187, 200]"
99,14,"[2, 0, 1, 4, 2, 2, 1, 1, 4, 0, 0, 0, 0, 0]","[""accelerate"", ""turn_left"", ""turn_right"", ""cruise"", ""accelerate"", ""accelerate"", ""turn_right"", ""turn_right"", ""cruise"", ""turn_left"", ""turn_left"", ""turn_left"", ""turn_left"", ""turn_left""]","[0, 20, 26, 29, 49, 69, 89, 94, 107, 127, 144, 160, 175, 189]","[20, 26, 29, 49, 69, 89, 94, 107, 127, 144, 160, 175, 189, 200]"
100,13,"[4, 1, 4, 4, 3, 4, 2, 4, 4, 4, 1, 3, 2]","[""cruise"", ""turn_right"", ""cruise"", ""cruise"", ""decelerate"", ""cruise"", ""accelerate"", ""cruise"", ""cruise"", ""cruise"", ""turn_right"", ""decelerate"", ""accelerate""]","[0, 20, 23, 43, 63, 66, 86, 106, 126, 146, 166, 172, 188]","[20, 23, 43, 63, 66, 86, 106, 126, 146, 166, 172, 188, 200]"
101,12,"[2, 2, 4, 4, 4, 4, 2, 2, 0, 0, 3, 4]","[""accelerate"", ""accelerate"", ""cruise"", ""cruise"", ""cruise"", ""cruise"", ""accelerate"", ""accelerate"", ""turn_left"", ""turn_left"", ""decelerate"", ""cruise""]","[0, 20, 40, 60, 80, 100, 120, 140, 142, 161, 177, 190]","[20, 40, 60, 80, 100, 120, 140, 142, 161, 177, 190, 200]"
102,14,"[1, 4, 4, 3, 4, 2, 4, 1, 1, 3, 2, 0, 0, 0]","[""turn_right"", ""cruise"", ""cruise"", ""decelerate"", ""cruise"", ""accelerate"", ""cruise"", ""turn_right"", ""turn_right"", ""decelerate"", ""accelerate"", ""turn_left"", ""turn_left"", ""turn_left""]","[0, 3, 23, 43, 46, 66, 86, 106, 112, 124, 142, 162, 179, 193]","[3, 23, 43, 46, 66, 86, 106, 112, 124, 142, 162, 179, 193, 200]"
103,12,"[4, 1, 4, 4, 2, 3, 4, 2, 3, 2, 0, 0]","[""cruise"", ""turn_right"", ""cruise"", ""cruise"", ""accelerate"", ""decelerate"", ""cruise"", ""accelerate"", ""decelerate"", ""accelerate"", ""turn_left"", ""turn_left""]","[0, 20, 23, 43, 63, 83, 92, 112, 132, 151, 171, 188]","[20, 23, 43, 63, 83, 92, 112, 132, 151, 171, 188, 200]"
104,15,"[3, 2, 2, 1, 1, 1, 0, 0, 0, 0, 0, 0, 0, 0, 0]","[""decelerate"", ""accelerate"", ""accelerate"", ""turn_right"", ""turn_right"", ""turn_right"", ""turn_left"", ""turn_left"", ""turn_left"", ""turn_left"", ""turn_left"", ""turn_left"", ""turn_left"", ""turn_left"", ""turn_left""]","[0, 5, 25, 45, 54, 64, 77, 97, 114, 129, 143, 156, 169, 181, 194]","[5, 25, 45, 54, 64, 77, 97, 114, 129, 143, 156, 169, 181, 194, 200]"
105,13,"[0, 4, 0, 1, 1, 3, 4, 2, 4, 4, 2, 4, 4]","[""turn_left"", ""cruise"", ""turn_left"", ""turn_right"", ""turn_right"", ""decelerate"", ""cruise"", ""accelerate"", ""cruise"", ""cruise"", ""accelerate"", ""cruise"", ""cruise""]","[0, 8, 28, 37, 57, 77, 84, 104, 123, 143, 163, 165, 185]","[8, 28, 37, 57, 77, 84, 104, 123, 143, 163, 165, 185, 200]"
106,15,"[4, 1, 2, 4, 1, 1, 2, 2, 0, 2, 0, 0, 3, 2, 2]","[""cruise"", ""turn_right"", ""accelerate"", ""cruise"", ""turn_right"", ""turn_right"", ""accelerate"", ""accelerate"", ""turn_left"", ""accelerate"", ""turn_left"", ""turn_left"", ""decelerate"", ""accelerate"", ""accelerate""]","[0, 20, 23, 43, 63, 66, 75, 89, 90, 108, 115, 133, 148, 160, 180]","[20, 23, 43, 63, 66, 75, 89, 90, 108, 115, 133, 148, 160, 180, 200]"
107,14,"[4, 1, 1, 4, 2, 1, 4, 2, 0, 3, 2, 0, 0, 0]","[""cruise"", ""turn_right"", ""turn_right"", ""cruise"", ""accelerate"", ""turn_right"", ""cruise"", ""accelerate"", ""turn_left"", ""decelerate"", ""accelerate"", ""turn_left"", ""turn_left"", ""turn_left""]","[0, 20, 23, 25, 45, 65, 70, 90, 110, 127, 144, 164, 180, 195]","[20, 23, 25, 45, 65, 70, 90, 110, 127, 144, 164, 180, 195, 200]"
108,13,"[1, 2, 2, 0, 0, 0, 0, 0, 4, 0, 4, 1, 4]","[""turn_right"", ""accelerate"", ""accelerate"", ""turn_left"", ""turn_left"", ""turn_left"", ""turn_left"", ""turn_left"", ""cruise"", ""turn_left"", ""cruise"", ""turn_right"", ""cruise""]","[0, 2, 22, 42, 56, 68, 79, 99, 119, 139, 149, 169, 182]","[2, 22, 42, 56, 68, 79, 99, 119, 139, 149, 169, 182, 200]"
109,15,"[2, 3, 2, 3, 4, 2, 3, 2, 0, 2, 1, 2, 0, 0, 1]","[""accelerate"", ""decelerate"", ""accelerate"", ""decelerate"", ""cruise"", ""accelerate"", ""decelerate"", ""accelerate"", ""turn_left"", ""accelerate"", ""turn_right"", ""accelerate"", ""turn_left"", ""turn_left"", ""turn_right""]","[0, 20, 26, 46, 56, 76, 96, 108, 128, 140, 154, 168, 174, 186, 196]","[20, 26, 46, 56, 76, 96, 108, 128, 140, 154, 168, 174, 186, 196, 200]"
110,16,"[1, 4, 1, 2, 1, 2, 0, 0, 0, 0, 0, 0, 0, 0, 0, 1]","[""turn_right"", ""cruise"", ""turn_right"", ""accelerate"", ""turn_right"", ""accelerate"", ""turn_left"", ""turn_left"", ""turn_left"", ""turn_left"", ""turn_left"", ""turn_left"", ""turn_left"", ""turn_left"", ""turn_left"", ""turn_right""]","[0, 2, 22, 24, 44, 64, 79, 99, 112, 123, 133, 143, 153, 165, 175, 188]","[2, 22, 24, 44, 64, 79, 99, 112, 123, 133, 143, 153, 165, 175, 188, 200]"
111,16,"[3, 2, 2, 3, 2, 1, 2, 0, 0, 0, 0, 0, 0, 0, 0, 0]","[""decelerate"", ""accelerate"", ""accelerate"", ""decelerate"", ""accelerate"", ""turn_right"", ""accelerate"", ""turn_left"", ""turn_left"", ""turn_left"", ""turn_left"", ""turn_left"", ""turn_left"", ""turn_left"", ""turn_left"", ""turn_left""]","[0, 5, 25, 45, 51, 71, 81, 101, 121, 136, 147, 157, 166, 175, 184, 191]","[5, 25, 45, 51, 71, 81, 101, 121, 136, 147, 157, 166, 175, 184, 191, 200]"
112,12,"[4, 0, 1, 4, 2, 4, 4, 1, 4, 1, 4, 4]","[""cruise"", ""turn_left"", ""turn_right"", ""cruise"", ""accelerate"", ""cruise"", ""cruise"", ""turn_right"", ""cruise"", ""turn_right"", ""cruise"", ""cruise""]","[0, 20, 26, 38, 58, 78, 98, 118, 138, 158, 178, 198]","[20, 26, 38, 58, 78, 98, 118, 138, 158, 178, 198, 200]"
113,15,"[4, 1, 2, 2, 4, 1, 0, 2, 1, 1, 0, 0, 0, 0, 0]","[""cruise"", ""turn_right"", ""accelerate"", ""accelerate"", ""cruise"", ""turn_right"", ""turn_left"", ""accelerate"", ""turn_right"", ""turn_right"", ""turn_left"", ""turn_left"", ""turn_left"", ""turn_left"", ""turn_left""]","[0, 20, 23, 43, 63, 83, 85, 105, 122, 142, 158, 171, 181, 190, 199]","[20, 23, 43, 63, 83, 85, 105, 122, 142, 158, 171, 181, 190, 199, 200]"
114,16,"[1, 1, 1, 1, 1, 4, 1, 4, 3, 2, 1, 2, 0, 0, 0, 0]","[""turn_right"", ""turn_right"", ""turn_right"", ""turn_right"", ""turn_right"", ""cruise"", ""turn_right"", ""cruise"", ""decelerate"", ""accelerate"", ""turn_right"", ""accelerate"", ""turn_left"", ""turn_left"", ""turn_left"", ""turn_left""]","[0, 2, 4, 8, 16, 30, 50, 65, 85, 99, 119, 132, 140, 160, 178, 196]","[2, 4, 8, 16, 30, 50, 65, 85, 99, 119, 132, 140, 160, 178, 196, 200]"
115,13,"[1, 4, 2, 1, 1, 0, 2, 0, 0, 0, 0, 0, 0]","[""turn_right"", ""cruise"", ""accelerate"", ""turn_right"", ""turn_right"", ""turn_left"", ""accelerate"", ""turn_left"", ""turn_left"", ""turn_left"", ""turn_left"", ""turn_left"", ""turn_left""]","[0, 3, 23, 43, 53, 66, 82, 102, 122, 139, 155, 171, 186]","[3, 23, 43, 53, 66, 82, 102, 122, 139, 155, 171, 186, 200]"
116,15,"[1, 4, 1, 2, 0, 1, 4, 2, 0, 0, 0, 0, 0, 0, 2]","[""turn_right"", ""cruise"", ""turn_right"", ""accelerate"", ""turn_left"", ""turn_right"", ""cruise"", ""accelerate"", ""turn_left"", ""turn_left"", ""turn_left"", ""turn_left"", ""turn_left"", ""turn_left"", ""accelerate""]","[0, 2, 22, 24, 44, 57, 65, 85, 96, 116, 134, 150, 166, 181, 195]","[2, 22, 24, 44, 57, 65, 85, 96, 116, 134, 150, 166, 181, 195, 200]"
117,13,"[2, 1, 2, 0, 2, 0, 0, 0, 0, 3, 2, 4, 4]","[""accelerate"", ""turn_right"", ""accelerate"", ""turn_left"", ""accelerate"", ""turn_left"", ""turn_left"", ""turn_left"", ""turn_left"", ""decelerate"", ""accelerate"", ""cruise"", ""cruise""]","[0, 20, 27, 47, 67, 75, 95, 112, 128, 143, 154, 174, 194]","[20, 27, 47, 67, 75, 95, 112, 128, 143, 154, 174, 194, 200]"
118,17,"[4, 1, 4, 2, 1, 3, 3, 2, 0, 0, 0, 0, 2, 2, 2, 2, 4]","[""cruise"", ""turn_right"", ""cruise"", ""accelerate"", ""turn_right"", ""decelerate"", ""decelerate"", ""accelerate"", ""turn_left"", ""turn_left"", ""turn_left"", ""turn_left"", ""accelerate"", ""accelerate"", ""accelerate"", ""accelerate"", ""cruise""]","[0, 20, 22, 42, 62, 68, 88, 101, 121, 137, 152, 167, 182, 191, 192, 193, 194]","[20, 22, 42, 62, 68, 88, 101, 121, 137, 152, 167, 182, 191, 192, 193, 194, 200]"
119,16,"[1, 2, 3, 2, 0, 1, 2, 1, 0, 0, 0, 0, 0, 0, 0, 0]","[""turn_right"", ""accelerate"", ""decelerate"", ""accelerate"", ""turn_left"", ""turn_right"", ""accelerate"", ""turn_right"", ""turn_left"", ""turn_left"", ""turn_left"", ""turn_left"", ""turn_left"", ""turn_left"", ""turn_left"", ""turn_left""]","[0, 2, 22, 30, 50, 62, 69, 82, 94, 111, 126, 140, 154, 168, 182, 196]","[2, 22, 30, 50, 62, 69, 82, 94, 111, 126, 140, 154, 168, 182, 196, 200]"
120,14,"[1, 2, 3, 2, 0, 0, 2, 0, 0, 0, 4, 0, 3, 4]","[""turn_right"", ""accelerate"", ""decelerate"", ""accelerate"", ""turn_left"", ""turn_left"", ""accelerate"", ""turn_left"", ""turn_left"", ""turn_left"", ""cruise"", ""turn_left"", ""decelerate"", ""cruise""]","[0, 2, 22, 38, 58, 75, 90, 99, 118, 134, 149, 169, 183, 192]","[2, 22, 38, 58, 75, 90, 99, 118, 134, 149, 169, 183, 192, 200]"
121,12,"[2, 0, 0, 2, 0, 0, 0, 0, 0, 1, 4, 4]","[""accelerate"", ""turn_left"", ""turn_left"", ""accelerate"", ""turn_left"", ""turn_left"", ""turn_left"", ""turn_left"", ""turn_left"", ""turn_right"", ""cruise"", ""cruise""]","[0, 20, 33, 47, 62, 82, 98, 113, 128, 143, 160, 180]","[20, 33, 47, 62, 82, 98, 113, 128, 143, 160, 180, 200]"
122,13,"[2, 2, 0, 0, 0, 0, 1, 0, 0, 0, 2, 4, 4]","[""accelerate"", ""accelerate"", ""turn_left"", ""turn_left"", ""turn_left"", ""turn_left"", ""turn_right"", ""turn_left"", ""turn_left"", ""turn_left"", ""accelerate"", ""cruise"", ""cruise""]","[0, 20, 40, 56, 71, 86, 101, 114, 129, 144, 159, 179, 199]","[20, 40, 56, 71, 86, 101, 114, 129, 144, 159, 179, 199, 200]"
123,13,"[2, 1, 1, 0, 0, 2, 0, 2, 0, 0, 0, 0, 0]","[""accelerate"", ""turn_right"", ""turn_right"", ""turn_left"", ""turn_left"", ""accelerate"", ""turn_left"", ""accelerate"", ""turn_left"", ""turn_left"", ""turn_left"", ""turn_left"", ""turn_left""]","[0, 20, 34, 50, 65, 80, 93, 113, 122, 142, 159, 175, 191]","[20, 34, 50, 65, 80, 93, 113, 122, 142, 159, 175, 191, 200]"
124,11,"[0, 4, 2, 2, 4, 4, 4, 4, 4, 1, 4]","[""turn_left"", ""cruise"", ""accelerate"", ""accelerate"", ""cruise"", ""cruise"", ""cruise"", ""cruise"", ""cruise"", ""turn_right"", ""cruise""]","[0, 9, 29, 49, 62, 82, 102, 122, 142, 162, 182]","[9, 29, 49, 62, 82, 102, 122, 142, 162, 182, 200]"
125,12,"[2, 4, 1, 2, 4, 1, 1, 2, 3, 4, 4, 4]","[""accelerate"", ""cruise"", ""turn_right"", ""accelerate"", ""cruise"", ""turn_right"", ""turn_right"", ""accelerate"", ""decelerate"", ""cruise"", ""cruise"", ""cruise""]","[0, 20, 40, 48, 68, 88, 108, 128, 137, 157, 177, 197]","[20, 40, 48, 68, 88, 108, 128, 137, 157, 177, 197, 200]"
126,15,"[2, 1, 1, 2, 2, 2, 0, 0, 0, 0, 3, 2, 4, 1, 4]","[""accelerate"", ""turn_right"", ""turn_right"", ""accelerate"", ""accelerate"", ""accelerate"", ""turn_left"", ""turn_left"", ""turn_left"", ""turn_left"", ""decelerate"", ""accelerate"", ""cruise"", ""turn_right"", ""cruise""]","[0, 10, 18, 23, 43, 45, 46, 66, 83, 99, 114, 130, 150, 170, 183]","[10, 18, 23, 43, 45, 46, 66, 83, 99, 114, 130, 150, 170, 183, 200]"
127,13,"[0, 1, 2, 1, 2, 0, 0, 0, 0, 0, 0, 0, 0]","[""turn_left"", ""turn_right"", ""accelerate"", ""turn_right"", ""accelerate"", ""turn_left"", ""turn_left"", ""turn_left"", ""turn_left"", ""turn_left"", ""turn_left"", ""turn_left"", ""turn_left""]","[0, 9, 16, 36, 53, 68, 88, 106, 123, 140, 156, 171, 186]","[9, 16, 36, 53, 68, 88, 106, 123, 140, 156, 171, 186, 200]"
128,17,"[2, 0, 1, 1, 0, 2, 2, 4, 0, 1, 0, 0, 3, 2, 2, 2, 3]","[""accelerate"", ""turn_left"", ""turn_right"", ""turn_right"", ""turn_left"", ""accelerate"", ""accelerate"", ""cruise"", ""turn_left"", ""turn_right"", ""turn_left"", ""turn_left"", ""decelerate"", ""accelerate"", ""accelerate"", ""accelerate"", ""decelerate""]","[0, 12, 27, 30, 32, 52, 66, 67, 87, 107, 121, 137, 153, 165, 185, 193, 194]","[12, 27, 30, 32, 52, 66, 67, 87, 107, 121, 137, 153, 165, 185, 193, 194, 200]"
129,12,"[0, 0, 1, 1, 4, 3, 2, 3, 4, 4, 2, 1]","[""turn_left"", ""turn_left"", ""turn_right"", ""turn_right"", ""cruise"", ""decelerate"", ""accelerate"", ""decelerate"", ""cruise"", ""cruise"", ""accelerate"", ""turn_right""]","[0, 9, 21, 41, 61, 81, 89, 109, 126, 146, 166, 186]","[9, 21, 41, 61, 81, 89, 109, 126, 146, 166, 186, 200]"
130,13,"[2, 1, 0, 2, 0, 0, 4, 4, 3, 4, 4, 4, 4]","[""accelerate"", ""turn_right"", ""turn_left"", ""accelerate"", ""turn_left"", ""turn_left"", ""cruise"", ""cruise"", ""decelerate"", ""cruise"", ""cruise"", ""cruise"", ""cruise""]","[0, 12, 16, 36, 48, 68, 84, 104, 124, 137, 157, 177, 197]","[12, 16, 36, 48, 68, 84, 104, 124, 137, 157, 177, 197, 200]"
131,13,"[2, 2, 4, 2, 0, 0, 0, 2, 4, 4, 4, 4, 4]","[""accelerate"", ""accelerate"", ""cruise"", ""accelerate"", ""turn_left"", ""turn_left"", ""turn_left"", ""accelerate"", ""cruise"", ""cruise"", ""cruise"", ""cruise"", ""cruise""]","[0, 11, 12, 32, 52, 72, 89, 105, 116, 136, 156, 176, 196]","[11, 12, 32, 52, 72, 89, 105, 116, 136, 156, 176, 196, 200]"
132,14,"[0, 2, 0, 2, 4, 4, 4, 4, 4, 4, 2, 2, 0, 0]","[""turn_left"", ""accelerate"", ""turn_left"", ""accelerate"", ""cruise"", ""cruise"", ""cruise"", ""cruise"", ""cruise"", ""cruise"", ""accelerate"", ""accelerate"", ""turn_left"", ""turn_left""]","[0, 8, 17, 35, 42, 62, 82, 102, 122, 142, 162, 176, 177, 197]","[8, 17, 35, 42, 62, 82, 102, 122, 142, 162, 176, 177, 197, 200]"
133,13,"[3, 2, 0, 0, 2, 0, 0, 0, 0, 2, 2, 4, 4]","[""decelerate"", ""accelerate"", ""turn_left"", ""turn_left"", ""accelerate"", ""turn_left"", ""turn_left"", ""turn_left"", ""turn_left"", ""accelerate"", ""accelerate"", ""cruise"", ""cruise""]","[0, 5, 25, 42, 60, 71, 91, 108, 124, 139, 159, 179, 199]","[5, 25, 42, 60, 71, 91, 108, 124, 139, 159, 179, 199, 200]"
134,3,"[2, 1, 2]","[""accelerate"", ""turn_right"", ""accelerate""]","[0, 12, 30]","[12, 30, 31]"
135,14,"[1, 2, 4, 2, 3, 2, 0, 0, 0, 0, 2, 0, 0, 0]","[""turn_right"", ""accelerate"", ""cruise"", ""accelerate"", ""decelerate"", ""accelerate"", ""turn_left"", ""turn_left"", ""turn_left"", ""turn_left"", ""accelerate"", ""turn_left"", ""turn_left"", ""turn_left""]","[0, 2, 22, 42, 62, 79, 99, 106, 117, 130, 145, 165, 180, 196]","[2, 22, 42, 62, 79, 99, 106, 117, 130, 145, 165, 180, 196, 200]"
136,11,"[2, 2, 0, 1, 1, 3, 2, 4, 2, 1, 1]","[""accelerate"", ""accelerate"", ""turn_left"", ""turn_right"", ""turn_right"", ""decelerate"", ""accelerate"", ""cruise"", ""accelerate"", ""turn_right"", ""turn_right""]","[0, 20, 40, 51, 71, 91, 100, 120, 140, 160, 180]","[20, 40, 51, 71, 91, 100, 120, 140, 160, 180, 200]"
137,13,"[1, 0, 1, 2, 2, 0, 0, 0, 0, 0, 2, 4, 4]","[""turn_right"", ""turn_left"", ""turn_right"", ""accelerate"", ""accelerate"", ""turn_left"", ""turn_left"", ""turn_left"", ""turn_left"", ""turn_left"", ""accelerate"", ""cruise"", ""cruise""]","[0, 3, 13, 16, 36, 56, 75, 93, 111, 128, 144, 164, 184]","[3, 13, 16, 36, 56, 75, 93, 111, 128, 144, 164, 184, 200]"
138,12,"[1, 2, 2, 0, 0, 0, 0, 0, 2, 4, 4, 4]","[""turn_right"", ""accelerate"", ""accelerate"", ""turn_left"", ""turn_left"", ""turn_left"", ""turn_left"", ""turn_left"", ""accelerate"", ""cruise"", ""cruise"", ""cruise""]","[0, 3, 23, 43, 60, 77, 94, 111, 127, 141, 161, 181]","[3, 23, 43, 60, 77, 94, 111, 127, 141, 161, 181, 200]"
139,12,"[2, 2, 2, 3, 2, 0, 2, 0, 0, 0, 4, 2]","[""accelerate"", ""accelerate"", ""accelerate"", ""decelerate"", ""accelerate"", ""turn_left"", ""accelerate"", ""turn_left"", ""turn_left"", ""turn_left"", ""cruise"", ""accelerate""]","[0, 20, 40, 59, 79, 99, 118, 125, 145, 161, 176, 196]","[20, 40, 59, 79, 99, 118, 125, 145, 161, 176, 196, 200]"
140,11,"[2, 2, 2, 0, 0, 0, 4, 0, 4, 4, 4]","[""accelerate"", ""accelerate"", ""accelerate"", ""turn_left"", ""turn_left"", ""turn_left"", ""cruise"", ""turn_left"", ""cruise"", ""cruise"", ""cruise""]","[0, 20, 40, 53, 73, 91, 108, 128, 144, 164, 184]","[20, 40, 53, 73, 91, 108, 128, 144, 164, 184, 200]"
141,12,"[2, 2, 2, 0, 2, 0, 0, 0, 0, 1, 4, 4]","[""accelerate"", ""accelerate"", ""accelerate"", ""turn_left"", ""accelerate"", ""turn_left"", ""turn_left"", ""turn_left"", ""turn_left"", ""turn_right"", ""cruise"", ""cruise""]","[0, 20, 40, 52, 72, 79, 99, 116, 131, 145, 160, 180]","[20, 40, 52, 72, 79, 99, 116, 131, 145, 160, 180, 200]"
142,14,"[0, 1, 2, 0, 2, 0, 0, 2, 1, 0, 2, 2, 1, 4]","[""turn_left"", ""turn_right"", ""accelerate"", ""turn_left"", ""accelerate"", ""turn_left"", ""turn_left"", ""accelerate"", ""turn_right"", ""turn_left"", ""accelerate"", ""accelerate"", ""turn_right"", ""cruise""]","[0, 7, 11, 31, 45, 62, 82, 100, 107, 123, 141, 161, 181, 198]","[7, 11, 31, 45, 62, 82, 100, 107, 123, 141, 161, 181, 198, 200]"
143,15,"[1, 1, 1, 2, 0, 2, 0, 0, 0, 2, 0, 0, 4, 4, 1]","[""turn_right"", ""turn_right"", ""turn_right"", ""accelerate"", ""turn_left"", ""accelerate"", ""turn_left"", ""turn_left"", ""turn_left"", ""accelerate"", ""turn_left"", ""turn_left"", ""cruise"", ""cruise"", ""turn_right""]","[0, 3, 5, 10, 30, 46, 59, 79, 96, 112, 120, 140, 156, 176, 196]","[3, 5, 10, 30, 46, 59, 79, 96, 112, 120, 140, 156, 176, 196, 200]"
144,14,"[0, 1, 4, 2, 1, 0, 2, 1, 3, 2, 1, 4, 2, 1]","[""turn_left"", ""turn_right"", ""cruise"", ""accelerate"", ""turn_right"", ""turn_left"", ""accelerate"", ""turn_right"", ""decelerate"", ""accelerate"", ""turn_right"", ""cruise"", ""accelerate"", ""turn_right""]","[0, 9, 15, 35, 55, 75, 88, 102, 113, 123, 143, 148, 168, 188]","[9, 15, 35, 55, 75, 88, 102, 113, 123, 143, 148, 168, 188, 200]"
145,13,"[0, 4, 2, 4, 0, 0, 0, 0, 0, 0, 4, 1, 4]","[""turn_left"", ""cruise"", ""accelerate"", ""cruise"", ""turn_left"", ""turn_left"", ""turn_left"", ""turn_left"", ""turn_left"", ""turn_left"", ""cruise"", ""turn_right"", ""cruise""]","[0, 9, 29, 49, 69, 85, 101, 116, 131, 145, 159, 179, 187]","[9, 29, 49, 69, 85, 101, 116, 131, 145, 159, 179, 187, 200]"
146,15,"[1, 1, 3, 2, 1, 0, 0, 2, 0, 0, 0, 0, 0, 0, 3]","[""turn_right"", ""turn_right"", ""decelerate"", ""accelerate"", ""turn_right"", ""turn_left"", ""turn_left"", ""accelerate"", ""turn_left"", ""turn_left"", ""turn_left"", ""turn_left"", ""turn_left"", ""turn_left"", ""decelerate""]","[0, 3, 5, 10, 30, 44, 60, 76, 89, 109, 125, 140, 155, 170, 190]","[3, 5, 10, 30, 44, 60, 76, 89, 109, 125, 140, 155, 170, 190, 200]"
147,15,"[1, 1, 1, 0, 3, 2, 3, 2, 0, 2, 2, 1, 1, 2, 1]","[""turn_right"", ""turn_right"", ""turn_right"", ""turn_left"", ""decelerate"", ""accelerate"", ""decelerate"", ""accelerate"", ""turn_left"", ""accelerate"", ""accelerate"", ""turn_right"", ""turn_right"", ""accelerate"", ""turn_right""]","[0, 3, 5, 11, 24, 38, 58, 77, 97, 103, 123, 143, 159, 169, 189]","[3, 5, 11, 24, 38, 58, 77, 97, 103, 123, 143, 159, 169, 189, 200]"
148,11,"[2, 1, 1, 4, 1, 1, 1, 1, 3, 2, 4]","[""accelerate"", ""turn_right"", ""turn_right"", ""cruise"", ""turn_right"", ""turn_right"", ""turn_right"", ""turn_right"", ""decelerate"", ""accelerate"", ""cruise""]","[0, 20, 40, 60, 80, 98, 118, 138, 158, 170, 190]","[20, 40, 60, 80, 98, 118, 138, 158, 170, 190, 200]"
149,13,"[1, 3, 2, 1, 1, 1, 2, 1, 1, 4, 4, 4, 4]","[""turn_right"", ""decelerate"", ""accelerate"", ""turn_right"", ""turn_right"", ""turn_right"", ""accelerate"", ""turn_right"", ""turn_right"", ""cruise"", ""cruise"", ""cruise"", ""cruise""]","[0, 3, 7, 27, 47, 67, 87, 100, 116, 136, 156, 176, 196]","[3, 7, 27, 47, 67, 87, 100, 116, 136, 156, 176, 196, 200]"
150,10,"[4, 2, 1, 1, 1, 1, 1, 1, 1, 4]","[""cruise"", ""accelerate"", ""turn_right"", ""turn_right"", ""turn_right"", ""turn_right"", ""turn_right"", ""turn_right"", ""turn_right"", ""cruise""]","[0, 20, 40, 60, 80, 100, 120, 140, 160, 180]","[20, 40, 60, 80, 100, 120, 140, 160, 180, 200]"
151,14,"[1, 0, 0, 1, 2, 1, 1, 1, 1, 1, 1, 1, 4, 1]","[""turn_right"", ""turn_left"", ""turn_left"", ""turn_right"", ""accelerate"", ""turn_right"", ""turn_right"", ""turn_right"", ""turn_right"", ""turn_right"", ""turn_right"", ""turn_right"", ""cruise"", ""turn_right""]","[0, 3, 10, 17, 24, 44, 63, 80, 97, 115, 133, 152, 171, 191]","[3, 10, 17, 24, 44, 63, 80, 97, 115, 133, 152, 171, 191, 200]"
152,15,"[1, 1, 2, 0, 0, 0, 2, 0, 0, 0, 0, 4, 4, 4, 2]","[""turn_right"", ""turn_right"", ""accelerate"", ""turn_left"", ""turn_left"", ""turn_left"", ""accelerate"", ""turn_left"", ""turn_left"", ""turn_left"", ""turn_left"", ""cruise"", ""cruise"", ""cruise"", ""accelerate""]","[0, 3, 6, 26, 39, 52, 66, 76, 94, 109, 124, 139, 159, 179, 199]","[3, 6, 26, 39, 52, 66, 76, 94, 109, 124, 139, 159, 179, 199, 200]"
153,12,"[0, 2, 1, 1, 1, 4, 4, 4, 4, 0, 3, 2]","[""turn_left"", ""accelerate"", ""turn_right"", ""turn_right"", ""turn_right"", ""cruise"", ""cruise"", ""cruise"", ""cruise"", ""turn_left"", ""decelerate"", ""accelerate""]","[0, 9, 29, 46, 65, 84, 104, 124, 144, 164, 181, 195]","[9, 29, 46, 65, 84, 104, 124, 144, 164, 181, 195, 200]"
154,15,"[1, 1, 2, 0, 1, 3, 2, 0, 0, 0, 0, 0, 0, 0, 0]","[""turn_right"", ""turn_right"", ""accelerate"", ""turn_left"", ""turn_right"", ""decelerate"", ""accelerate"", ""turn_left"", ""turn_left"", ""turn_left"", ""turn_left"", ""turn_left"", ""turn_left"", ""turn_left"", ""turn_left""]","[0, 3, 5, 25, 40, 54, 66, 86, 102, 119, 136, 153, 169, 184, 198]","[3, 5, 25, 40, 54, 66, 86, 102, 119, 136, 153, 169, 184, 198, 200]"
155,11,"[2, 1, 1, 1, 1, 1, 4, 4, 1, 4, 3]","[""accelerate"", ""turn_right"", ""turn_right"", ""turn_right"", ""turn_right"", ""turn_right"", ""cruise"", ""cruise"", ""turn_right"", ""cruise"", ""decelerate""]","[0, 20, 40, 60, 80, 100, 120, 140, 160, 173, 193]","[20, 40, 60, 80, 100, 120, 140, 160, 173, 193, 200]"
156,15,"[1, 1, 0, 1, 1, 0, 2, 0, 0, 0, 0, 4, 4, 1, 4]","[""turn_right"", ""turn_right"", ""turn_left"", ""turn_right"", ""turn_right"", ""turn_left"", ""accelerate"", ""turn_left"", ""turn_left"", ""turn_left"", ""turn_left"", ""cruise"", ""cruise"", ""turn_right"", ""cruise""]","[0, 3, 5, 17, 20, 29, 43, 62, 82, 98, 113, 128, 148, 168, 185]","[3, 5, 17, 20, 29, 43, 62, 82, 98, 113, 128, 148, 168, 185, 200]"
157,14,"[1, 1, 1, 1, 0, 2, 0, 0, 0, 0, 0, 0, 3, 2]","[""turn_right"", ""turn_right"", ""turn_right"", ""turn_right"", ""turn_left"", ""accelerate"", ""turn_left"", ""turn_left"", ""turn_left"", ""turn_left"", ""turn_left"", ""turn_left"", ""decelerate"", ""accelerate""]","[0, 3, 5, 15, 35, 50, 68, 88, 106, 123, 140, 157, 173, 185]","[3, 5, 15, 35, 50, 68, 88, 106, 123, 140, 157, 173, 185, 200]"
158,14,"[1, 3, 2, 0, 3, 2, 0, 0, 0, 0, 0, 2, 2, 3]","[""turn_right"", ""decelerate"", ""accelerate"", ""turn_left"", ""decelerate"", ""accelerate"", ""turn_left"", ""turn_left"", ""turn_left"", ""turn_left"", ""turn_left"", ""accelerate"", ""accelerate"", ""decelerate""]","[0, 3, 7, 27, 47, 62, 82, 100, 118, 136, 153, 169, 179, 180]","[3, 7, 27, 47, 62, 82, 100, 118, 136, 153, 169, 179, 180, 200]"
159,11,"[2, 2, 0, 0, 0, 0, 0, 0, 0, 2, 3]","[""accelerate"", ""accelerate"", ""turn_left"", ""turn_left"", ""turn_left"", ""turn_left"", ""turn_left"", ""turn_left"", ""turn_left"", ""accelerate"", ""decelerate""]","[0, 20, 21, 41, 61, 80, 98, 115, 131, 146, 156]","[20, 21, 41, 61, 80, 98, 115, 131, 146, 156, 175]"
160,14,"[1, 1, 0, 0, 0, 0, 0, 2, 2, 3, 4, 4, 4, 2]","[""turn_right"", ""turn_right"", ""turn_left"", ""turn_left"", ""turn_left"", ""turn_left"", ""turn_left"", ""accelerate"", ""accelerate"", ""decelerate"", ""cruise"", ""cruise"", ""cruise"", ""accelerate""]","[0, 2, 4, 24, 44, 64, 84, 101, 110, 111, 131, 151, 171, 191]","[2, 4, 24, 44, 64, 84, 101, 110, 111, 131, 151, 171, 191, 200]"
161,13,"[1, 2, 0, 0, 0, 0, 0, 0, 0, 0, 4, 4, 1]","[""turn_right"", ""accelerate"", ""turn_left"", ""turn_left"", ""turn_left"", ""turn_left"", ""turn_left"", ""turn_left"", ""turn_left"", ""turn_left"", ""cruise"", ""cruise"", ""turn_right""]","[0, 2, 22, 42, 61, 79, 95, 110, 124, 137, 157, 177, 197]","[2, 22, 42, 61, 79, 95, 110, 124, 137, 157, 177, 197, 200]"
162,16,"[1, 0, 1, 1, 2, 0, 1, 0, 0, 0, 4, 0, 0, 0, 0, 0]","[""turn_right"", ""turn_left"", ""turn_right"", ""turn_right"", ""accelerate"", ""turn_left"", ""turn_right"", ""turn_left"", ""turn_left"", ""turn_left"", ""cruise"", ""turn_left"", ""turn_left"", ""turn_left"", ""turn_left"", ""turn_left""]","[0, 2, 17, 19, 21, 34, 54, 64, 82, 100, 117, 137, 153, 168, 182, 195]","[2, 17, 19, 21, 34, 54, 64, 82, 100, 117, 137, 153, 168, 182, 195, 200]"
163,12,"[2, 3, 2, 0, 0, 0, 0, 0, 0, 0, 0, 0]","[""accelerate"", ""decelerate"", ""accelerate"", ""turn_left"", ""turn_left"", ""turn_left"", ""turn_left"", ""turn_left"", ""turn_left"", ""turn_left"", ""turn_left"", ""turn_left""]","[0, 19, 39, 59, 78, 95, 112, 129, 145, 161, 176, 190]","[19, 39, 59, 78, 95, 112, 129, 145, 161, 176, 190, 200]"
164,13,"[1, 4, 2, 0, 0, 2, 0, 0, 0, 0, 0, 0, 4]","[""turn_right"", ""cruise"", ""accelerate"", ""turn_left"", ""turn_left"", ""accelerate"", ""turn_left"", ""turn_left"", ""turn_left"", ""turn_left"", ""turn_left"", ""turn_left"", ""cruise""]","[0, 2, 22, 39, 59, 77, 85, 105, 123, 139, 154, 169, 183]","[2, 22, 39, 59, 77, 85, 105, 123, 139, 154, 169, 183, 200]"
165,12,"[0, 3, 2, 1, 1, 1, 1, 1, 1, 1, 0, 0]","[""turn_left"", ""decelerate"", ""accelerate"", ""turn_right"", ""turn_right"", ""turn_right"", ""turn_right"", ""turn_right"", ""turn_right"", ""turn_right"", ""turn_left"", ""turn_left""]","[0, 9, 17, 37, 57, 77, 97, 117, 136, 154, 171, 188]","[9, 17, 37, 57, 77, 97, 117, 136, 154, 171, 188, 200]"
166,14,"[0, 0, 4, 1, 1, 2, 1, 1, 1, 4, 1, 4, 1, 1]","[""turn_left"", ""turn_left"", ""cruise"", ""turn_right"", ""turn_right"", ""accelerate"", ""turn_right"", ""turn_right"", ""turn_right"", ""cruise"", ""turn_right"", ""cruise"", ""turn_right"", ""turn_right""]","[0, 8, 19, 39, 59, 77, 85, 100, 112, 125, 145, 154, 174, 180]","[8, 19, 39, 59, 77, 85, 100, 112, 125, 145, 154, 174, 180, 200]"
167,15,"[1, 2, 2, 0, 0, 0, 0, 0, 2, 0, 1, 1, 1, 1, 2]","[""turn_right"", ""accelerate"", ""accelerate"", ""turn_left"", ""turn_left"", ""turn_left"", ""turn_left"", ""turn_left"", ""accelerate"", ""turn_left"", ""turn_right"", ""turn_right"", ""turn_right"", ""turn_right"", ""accelerate""]","[0, 3, 23, 27, 47, 63, 78, 93, 108, 116, 135, 154, 168, 179, 190]","[3, 23, 27, 47, 63, 78, 93, 108, 116, 135, 154, 168, 179, 190, 200]"
168,13,"[0, 4, 2, 1, 1, 1, 1, 1, 4, 4, 1, 3, 2]","[""turn_left"", ""cruise"", ""accelerate"", ""turn_right"", ""turn_right"", ""turn_right"", ""turn_right"", ""turn_right"", ""cruise"", ""cruise"", ""turn_right"", ""decelerate"", ""accelerate""]","[0, 9, 29, 49, 62, 78, 94, 110, 126, 146, 166, 179, 192]","[9, 29, 49, 62, 78, 94, 110, 126, 146, 166, 179, 192, 200]"
169,14,"[1, 1, 2, 0, 0, 0, 0, 0, 3, 2, 0, 2, 4, 4]","[""turn_right"", ""turn_right"", ""accelerate"", ""turn_left"", ""turn_left"", ""turn_left"", ""turn_left"", ""turn_left"", ""decelerate"", ""accelerate"", ""turn_left"", ""accelerate"", ""cruise"", ""cruise""]","[0, 3, 5, 24, 43, 59, 74, 90, 106, 119, 137, 157, 163, 183]","[3, 5, 24, 43, 59, 74, 90, 106, 119, 137, 157, 163, 183, 200]"
170,13,"[2, 1, 1, 1, 0, 1, 1, 1, 1, 1, 1, 4, 4]","[""accelerate"", ""turn_right"", ""turn_right"", ""turn_right"", ""turn_left"", ""turn_right"", ""turn_right"", ""turn_right"", ""turn_right"", ""turn_right"", ""turn_right"", ""cruise"", ""cruise""]","[0, 20, 40, 60, 80, 94, 103, 111, 120, 130, 150, 170, 190]","[20, 40, 60, 80, 94, 103, 111, 120, 130, 150, 170, 190, 200]"
171,13,"[4, 2, 1, 1, 1, 1, 1, 2, 1, 1, 1, 3, 2]","[""cruise"", ""accelerate"", ""turn_right"", ""turn_right"", ""turn_right"", ""turn_right"", ""turn_right"", ""accelerate"", ""turn_right"", ""turn_right"", ""turn_right"", ""decelerate"", ""accelerate""]","[0, 20, 38, 55, 70, 90, 110, 130, 138, 155, 170, 184, 198]","[20, 38, 55, 70, 90, 110, 130, 138, 155, 170, 184, 198, 200]"
172,15,"[1, 0, 0, 1, 2, 1, 1, 1, 1, 1, 1, 1, 1, 3, 4]","[""turn_right"", ""turn_left"", ""turn_left"", ""turn_right"", ""accelerate"", ""turn_right"", ""turn_right"", ""turn_right"", ""turn_right"", ""turn_right"", ""turn_right"", ""turn_right"", ""turn_right"", ""decelerate"", ""cruise""]","[0, 3, 9, 13, 21, 41, 61, 81, 98, 112, 132, 152, 172, 192, 198]","[3, 9, 13, 21, 41, 61, 81, 98, 112, 132, 152, 172, 192, 198, 200]"
173,18,"[1, 1, 0, 1, 1, 0, 0, 0, 2, 0, 0, 0, 2, 2, 0, 1, 2, 4]","[""turn_right"", ""turn_right"", ""turn_left"", ""turn_right"", ""turn_right"", ""turn_left"", ""turn_left"", ""turn_left"", ""accelerate"", ""turn_left"", ""turn_left"", ""turn_left"", ""accelerate"", ""accelerate"", ""turn_left"", ""turn_right"", ""accelerate"", ""cruise""]","[0, 3, 5, 25, 31, 41, 54, 67, 79, 87, 104, 118, 132, 138, 139, 158, 178, 184]","[3, 5, 25, 31, 41, 54, 67, 79, 87, 104, 118, 132, 138, 139, 158, 178, 184, 200]"
174,17,"[1, 1, 1, 1, 4, 0, 0, 0, 0, 0, 2, 2, 1, 1, 3, 2, 3]","[""turn_right"", ""turn_right"", ""turn_right"", ""turn_right"", ""cruise"", ""turn_left"", ""turn_left"", ""turn_left"", ""turn_left"", ""turn_left"", ""accelerate"", ""accelerate"", ""turn_right"", ""turn_right"", ""decelerate"", ""accelerate"", ""decelerate""]","[0, 3, 5, 10, 23, 43, 56, 69, 83, 101, 121, 130, 131, 149, 164, 178, 194]","[3, 5, 10, 23, 43, 56, 69, 83, 101, 121, 130, 131, 149, 164, 178, 194, 200]"
175,16,"[1, 1, 1, 1, 0, 0, 1, 0, 0, 0, 0, 0, 0, 0, 0, 0]","[""turn_right"", ""turn_right"", ""turn_right"", ""turn_right"", ""turn_left"", ""turn_left"", ""turn_right"", ""turn_left"", ""turn_left"", ""turn_left"", ""turn_left"", ""turn_left"", ""turn_left"", ""turn_left"", ""turn_left"", ""turn_left""]","[0, 3, 5, 11, 26, 42, 57, 70, 86, 101, 116, 131, 146, 161, 176, 191]","[3, 5, 11, 26, 42, 57, 70, 86, 101, 116, 131, 146, 161, 176, 191, 200]"
176,14,"[1, 2, 1, 0, 0, 0, 0, 0, 0, 0, 3, 2, 0, 2]","[""turn_right"", ""accelerate"", ""turn_right"", ""turn_left"", ""turn_left"", ""turn_left"", ""turn_left"", ""turn_left"", ""turn_left"", ""turn_left"", ""decelerate"", ""accelerate"", ""turn_left"", ""accelerate""]","[0, 3, 23, 37, 55, 71, 87, 103, 119, 134, 149, 161, 178, 198]","[3, 23, 37, 55, 71, 87, 103, 119, 134, 149, 161, 178, 198, 200]"
177,14,"[1, 4, 2, 0, 2, 0, 0, 0, 0, 2, 4, 2, 3, 4]","[""turn_right"", ""cruise"", ""accelerate"", ""turn_left"", ""accelerate"", ""turn_left"", ""turn_left"", ""turn_left"", ""turn_left"", ""accelerate"", ""cruise"", ""accelerate"", ""decelerate"", ""cruise""]","[0, 3, 23, 43, 61, 69, 89, 106, 121, 136, 143, 163, 164, 184]","[3, 23, 43, 61, 69, 89, 106, 121, 136, 143, 163, 164, 184, 200]"
178,13,"[0, 1, 2, 1, 1, 1, 1, 1, 2, 3, 2, 4, 4]","[""turn_left"", ""turn_right"", ""accelerate"", ""turn_right"", ""turn_right"", ""turn_right"", ""turn_right"", ""turn_right"", ""accelerate"", ""decelerate"", ""accelerate"", ""cruise"", ""cruise""]","[0, 8, 17, 37, 54, 73, 93, 113, 133, 142, 162, 178, 198]","[8, 17, 37, 54, 73, 93, 113, 133, 142, 162, 178, 198, 200]"
179,13,"[0, 1, 2, 1, 0, 0, 0, 0, 0, 0, 0, 0, 0]","[""turn_left"", ""turn_right"", ""accelerate"", ""turn_right"", ""turn_left"", ""turn_left"", ""turn_left"", ""turn_left"", ""turn_left"", ""turn_left"", ""turn_left"", ""turn_left"", ""turn_left""]","[0, 9, 29, 48, 66, 84, 100, 116, 131, 146, 161, 175, 189]","[9, 29, 48, 66, 84, 100, 116, 131, 146, 161, 175, 189, 200]"
180,12,"[4, 2, 0, 0, 0, 0, 0, 0, 0, 0, 2, 3]","[""cruise"", ""accelerate"", ""turn_left"", ""turn_left"", ""turn_left"", ""turn_left"", ""turn_left"", ""turn_left"", ""turn_left"", ""turn_left"", ""accelerate"", ""decelerate""]","[0, 20, 39, 59, 76, 92, 107, 122, 136, 151, 171, 184]","[20, 39, 59, 76, 92, 107, 122, 136, 151, 171, 184, 200]"
181,13,"[2, 0, 0, 0, 0, 0, 2, 0, 0, 3, 4, 2, 4]","[""accelerate"", ""turn_left"", ""turn_left"", ""turn_left"", ""turn_left"", ""turn_left"", ""accelerate"", ""turn_left"", ""turn_left"", ""decelerate"", ""cruise"", ""accelerate"", ""cruise""]","[0, 20, 38, 54, 69, 83, 96, 105, 123, 137, 151, 171, 191]","[20, 38, 54, 69, 83, 96, 105, 123, 137, 151, 171, 191, 200]"
182,12,"[0, 3, 2, 1, 1, 1, 1, 1, 1, 2, 3, 4]","[""turn_left"", ""decelerate"", ""accelerate"", ""turn_right"", ""turn_right"", ""turn_right"", ""turn_right"", ""turn_right"", ""turn_right"", ""accelerate"", ""decelerate"", ""cruise""]","[0, 8, 16, 36, 56, 69, 89, 109, 129, 149, 161, 181]","[8, 16, 36, 56, 69, 89, 109, 129, 149, 161, 181, 200]"
183,15,"[1, 1, 2, 0, 0, 0, 0, 0, 0, 2, 0, 4, 3, 4, 2]","[""turn_right"", ""turn_right"", ""accelerate"", ""turn_left"", ""turn_left"", ""turn_left"", ""turn_left"", ""turn_left"", ""turn_left"", ""accelerate"", ""turn_left"", ""cruise"", ""decelerate"", ""cruise"", ""accelerate""]","[0, 3, 5, 22, 42, 59, 74, 88, 101, 115, 125, 143, 163, 176, 196]","[3, 5, 22, 42, 59, 74, 88, 101, 115, 125, 143, 163, 176, 196, 200]"
184,14,"[1, 1, 2, 0, 0, 0, 0, 0, 0, 0, 0, 3, 2, 3]","[""turn_right"", ""turn_right"", ""accelerate"", ""turn_left"", ""turn_left"", ""turn_left"", ""turn_left"", ""turn_left"", ""turn_left"", ""turn_left"", ""turn_left"", ""decelerate"", ""accelerate"", ""decelerate""]","[0, 3, 5, 20, 40, 57, 72, 86, 99, 112, 132, 152, 163, 183]","[3, 5, 20, 40, 57, 72, 86, 99, 112, 132, 152, 163, 183, 200]"
185,16,"[1, 1, 4, 2, 2, 0, 0, 0, 0, 0, 2, 0, 0, 0, 0, 0]","[""turn_right"", ""turn_right"", ""cruise"", ""accelerate"", ""accelerate"", ""turn_left"", ""turn_left"", ""turn_left"", ""turn_left"", ""turn_left"", ""accelerate"", ""turn_left"", ""turn_left"", ""turn_left"", ""turn_left"", ""turn_left""]","[0, 2, 4, 24, 36, 37, 57, 77, 95, 111, 125, 134, 152, 166, 179, 191]","[2, 4, 24, 36, 37, 57, 77, 95, 111, 125, 134, 152, 166, 179, 191, 200]"
186,13,"[2, 0, 0, 0, 0, 0, 0, 0, 4, 0, 3, 2, 4]","[""accelerate"", ""turn_left"", ""turn_left"", ""turn_left"", ""turn_left"", ""turn_left"", ""turn_left"", ""turn_left"", ""cruise"", ""turn_left"", ""decelerate"", ""accelerate"", ""cruise""]","[0, 18, 38, 56, 73, 89, 104, 118, 133, 153, 166, 179, 199]","[18, 38, 56, 73, 89, 104, 118, 133, 153, 166, 179, 199, 200]"
187,13,"[0, 2, 1, 1, 1, 4, 4, 1, 1, 1, 4, 3, 4]","[""turn_left"", ""accelerate"", ""turn_right"", ""turn_right"", ""turn_right"", ""cruise"", ""cruise"", ""turn_right"", ""turn_right"", ""turn_right"", ""cruise"", ""decelerate"", ""cruise""]","[0, 8, 28, 48, 58, 65, 85, 105, 125, 145, 165, 185, 190]","[8, 28, 48, 58, 65, 85, 105, 125, 145, 165, 185, 190, 200]"
188,13,"[2, 1, 2, 1, 1, 1, 1, 4, 4, 4, 4, 4, 4]","[""accelerate"", ""turn_right"", ""accelerate"", ""turn_right"", ""turn_right"", ""turn_right"", ""turn_right"", ""cruise"", ""cruise"", ""cruise"", ""cruise"", ""cruise"", ""cruise""]","[0, 20, 40, 47, 65, 77, 87, 96, 116, 136, 156, 176, 196]","[20, 40, 47, 65, 77, 87, 96, 116, 136, 156, 176, 196, 200]"
189,12,"[2, 1, 1, 1, 1, 1, 1, 3, 2, 3, 4, 2]","[""accelerate"", ""turn_right"", ""turn_right"", ""turn_right"", ""turn_right"", ""turn_right"", ""turn_right"", ""decelerate"", ""accelerate"", ""decelerate"", ""cruise"", ""accelerate""]","[0, 18, 37, 50, 61, 81, 101, 121, 131, 150, 169, 189]","[18, 37, 50, 61, 81, 101, 121, 131, 150, 169, 189, 200]"
190,15,"[0, 1, 4, 2, 3, 2, 1, 1, 1, 1, 4, 1, 2, 4, 4]","[""turn_left"", ""turn_right"", ""cruise"", ""accelerate"", ""decelerate"", ""accelerate"", ""turn_right"", ""turn_right"", ""turn_right"", ""turn_right"", ""cruise"", ""turn_right"", ""accelerate"", ""cruise"", ""cruise""]","[0, 8, 28, 48, 63, 83, 103, 117, 125, 132, 139, 159, 168, 174, 194]","[8, 28, 48, 63, 83, 103, 117, 125, 132, 139, 159, 168, 174, 194, 200]"
191,11,"[2, 1, 1, 1, 1, 4, 4, 1, 3, 4, 2]","[""accelerate"", ""turn_right"", ""turn_right"", ""turn_right"", ""turn_right"", ""cruise"", ""cruise"", ""turn_right"", ""decelerate"", ""cruise"", ""accelerate""]","[0, 20, 38, 58, 78, 98, 118, 138, 155, 168, 188]","[20, 38, 58, 78, 98, 118, 138, 155, 168, 188, 200]"
192,16,"[2, 4, 2, 2, 1, 1, 3, 4, 4, 1, 1, 2, 1, 2, 2, 1]","[""accelerate"", ""cruise"", ""accelerate"", ""accelerate"", ""turn_right"", ""turn_right"", ""decelerate"", ""cruise"", ""cruise"", ""turn_right"", ""turn_right"", ""accelerate"", ""turn_right"", ""accelerate"", ""accelerate"", ""turn_right""]","[0, 20, 40, 46, 47, 67, 81, 89, 109, 129, 145, 165, 172, 192, 198, 199]","[20, 40, 46, 47, 67, 81, 89, 109, 129, 145, 165, 172, 192, 198, 199, 200]"
193,14,"[1, 0, 0, 1, 4, 2, 1, 1, 1, 2, 3, 2, 1, 4]","[""turn_right"", ""turn_left"", ""turn_left"", ""turn_right"", ""cruise"", ""accelerate"", ""turn_right"", ""turn_right"", ""turn_right"", ""accelerate"", ""decelerate"", ""accelerate"", ""turn_right"", ""cruise""]","[0, 4, 10, 16, 25, 45, 63, 83, 103, 123, 131, 151, 168, 188]","[4, 10, 16, 25, 45, 63, 83, 103, 123, 131, 151, 168, 188, 196]"
194,13,"[1, 2, 0, 0, 0, 0, 0, 0, 3, 2, 0, 0, 0]","[""turn_right"", ""accelerate"", ""turn_left"", ""turn_left"", ""turn_left"", ""turn_left"", ""turn_left"", ""turn_left"", ""decelerate"", ""accelerate"", ""turn_left"", ""turn_left"", ""turn_left""]","[0, 3, 23, 39, 53, 65, 80, 100, 120, 135, 155, 175, 193]","[3, 23, 39, 53, 65, 80, 100, 120, 135, 155, 175, 193, 200]"
195,13,"[2, 0, 0, 0, 0, 0, 0, 2, 0, 4, 1, 3, 4]","[""accelerate"", ""turn_left"", ""turn_left"", ""turn_left"", ""turn_left"", ""turn_left"", ""turn_left"", ""accelerate"", ""turn_left"", ""cruise"", ""turn_right"", ""decelerate"", ""cruise""]","[0, 20, 40, 57, 72, 86, 100, 113, 126, 144, 164, 172, 182]","[20, 40, 57, 72, 86, 100, 113, 126, 144, 164, 172, 182, 200]"
196,13,"[2, 1, 0, 0, 0, 0, 0, 0, 0, 0, 0, 3, 2]","[""accelerate"", ""turn_right"", ""turn_left"", ""turn_left"", ""turn_left"", ""turn_left"", ""turn_left"", ""turn_left"", ""turn_left"", ""turn_left"", ""turn_left"", ""decelerate"", ""accelerate""]","[0, 20, 40, 56, 71, 85, 99, 113, 127, 141, 158, 171, 180]","[20, 40, 56, 71, 85, 99, 113, 127, 141, 158, 171, 180, 200]"
197,13,"[1, 2, 0, 0, 0, 0, 0, 0, 0, 0, 1, 3, 2]","[""turn_right"", ""accelerate"", ""turn_left"", ""turn_left"", ""turn_left"", ""turn_left"", ""turn_left"", ""turn_left"", ""turn_left"", ""turn_left"", ""turn_right"", ""decelerate"", ""accelerate""]","[0, 3, 21, 41, 58, 73, 87, 101, 115, 135, 155, 172, 189]","[3, 21, 41, 58, 73, 87, 101, 115, 135, 155, 172, 189, 200]"
198,12,"[0, 1, 2, 1, 1, 1, 4, 4, 4, 3, 4, 4]","[""turn_left"", ""turn_right"", ""accelerate"", ""turn_right"", ""turn_right"", ""turn_right"", ""cruise"", ""cruise"", ""cruise"", ""decelerate"", ""cruise"", ""cruise""]","[0, 8, 28, 48, 62, 76, 94, 114, 134, 154, 169, 189]","[8, 28, 48, 62, 76, 94, 114, 134, 154, 169, 189, 200]"
199,15,"[1, 2, 2, 0, 0, 0, 0, 0, 0, 0, 2, 1, 4, 1, 4]","[""turn_right"", ""accelerate"", ""accelerate"", ""turn_left"", ""turn_left"", ""turn_left"", ""turn_left"", ""turn_left"", ""turn_left"", ""turn_left"", ""accelerate"", ""turn_right"", ""cruise"", ""turn_right"", ""cruise""]","[0, 3, 23, 24, 44, 60, 74, 88, 101, 119, 139, 148, 166, 186, 197]","[3, 23, 24, 44, 60, 74, 88, 101, 119, 139, 148, 166, 186, 197, 200]"
200,14,"[2, 1, 1, 2, 2, 1, 4, 1, 4, 1, 3, 2, 3, 4]","[""accelerate"", ""turn_right"", ""turn_right"", ""accelerate"", ""accelerate"", ""turn_right"", ""cruise"", ""turn_right"", ""cruise"", ""turn_right"", ""decelerate"", ""accelerate"", ""decelerate"", ""cruise""]","[0, 20, 40, 60, 67, 68, 81, 101, 114, 134, 150, 162, 182, 195]","[20, 40, 60, 67, 68, 81, 101, 114, 134, 150, 162, 182, 195, 200]"
201,12,"[2, 0, 0, 0, 0, 0, 0, 0, 0, 0, 4, 3]","[""accelerate"", ""turn_left"", ""turn_left"", ""turn_left"", ""turn_left"", ""turn_left"", ""turn_left"", ""turn_left"", ""turn_left"", ""turn_left"", ""cruise"", ""decelerate""]","[0, 20, 40, 57, 72, 86, 100, 114, 134, 154, 174, 194]","[20, 40, 57, 72, 86, 100, 114, 134, 154, 174, 194, 200]"
202,14,"[2, 2, 1, 0, 0, 0, 0, 0, 0, 0, 0, 0, 0, 0]","[""accelerate"", ""accelerate"", ""turn_right"", ""turn_left"", ""turn_left"", ""turn_left"", ""turn_left"", ""turn_left"", ""turn_left"", ""turn_left"", ""turn_left"", ""turn_left"", ""turn_left"", ""turn_left""]","[0, 19, 20, 40, 58, 74, 90, 105, 120, 134, 148, 162, 176, 188]","[19, 20, 40, 58, 74, 90, 105, 120, 134, 148, 162, 176, 188, 200]"
203,15,"[1, 1, 2, 0, 2, 0, 0, 0, 0, 0, 0, 3, 2, 0, 0]","[""turn_right"", ""turn_right"", ""accelerate"", ""turn_left"", ""accelerate"", ""turn_left"", ""turn_left"", ""turn_left"", ""turn_left"", ""turn_left"", ""turn_left"", ""decelerate"", ""accelerate"", ""turn_left"", ""turn_left""]","[0, 2, 4, 19, 39, 48, 68, 84, 99, 113, 127, 141, 157, 177, 195]","[2, 4, 19, 39, 48, 68, 84, 99, 113, 127, 141, 157, 177, 195, 200]"
204,13,"[2, 1, 0, 0, 0, 0, 0, 0, 2, 3, 2, 4, 4]","[""accelerate"", ""turn_right"", ""turn_left"", ""turn_left"", ""turn_left"", ""turn_left"", ""turn_left"", ""turn_left"", ""accelerate"", ""decelerate"", ""accelerate"", ""cruise"", ""cruise""]","[0, 16, 22, 42, 60, 77, 93, 108, 123, 135, 155, 175, 195]","[16, 22, 42, 60, 77, 93, 108, 123, 135, 155, 175, 195, 200]"
205,9,"[2, 1, 1, 1, 2, 1, 1, 4, 2]","[""accelerate"", ""turn_right"", ""turn_right"", ""turn_right"", ""accelerate"", ""turn_right"", ""turn_right"", ""cruise"", ""accelerate""]","[0, 20, 40, 60, 80, 92, 112, 132, 152]","[20, 40, 60, 80, 92, 112, 132, 152, 158]"
206,13,"[1, 2, 3, 2, 0, 0, 0, 0, 0, 0, 0, 2, 4]","[""turn_right"", ""accelerate"", ""decelerate"", ""accelerate"", ""turn_left"", ""turn_left"", ""turn_left"", ""turn_left"", ""turn_left"", ""turn_left"", ""turn_left"", ""accelerate"", ""cruise""]","[0, 3, 23, 40, 60, 75, 90, 105, 120, 136, 156, 175, 184]","[3, 23, 40, 60, 75, 90, 105, 120, 136, 156, 175, 184, 200]"
207,14,"[0, 1, 2, 1, 2, 1, 1, 4, 4, 1, 4, 4, 4, 3]","[""turn_left"", ""turn_right"", ""accelerate"", ""turn_right"", ""accelerate"", ""turn_right"", ""turn_right"", ""cruise"", ""cruise"", ""turn_right"", ""cruise"", ""cruise"", ""cruise"", ""decelerate""]","[0, 8, 18, 36, 52, 59, 72, 81, 101, 121, 130, 150, 170, 190]","[8, 18, 36, 52, 59, 72, 81, 101, 121, 130, 150, 170, 190, 200]"
208,13,"[0, 2, 1, 1, 1, 1, 4, 3, 2, 4, 4, 2, 3]","[""turn_left"", ""accelerate"", ""turn_right"", ""turn_right"", ""turn_right"", ""turn_right"", ""cruise"", ""decelerate"", ""accelerate"", ""cruise"", ""cruise"", ""accelerate"", ""decelerate""]","[0, 8, 22, 41, 53, 73, 93, 113, 125, 145, 165, 185, 187]","[8, 22, 41, 53, 73, 93, 113, 125, 145, 165, 185, 187, 200]"
209,13,"[0, 1, 2, 2, 1, 1, 2, 4, 4, 4, 4, 3, 4]","[""turn_left"", ""turn_right"", ""accelerate"", ""accelerate"", ""turn_right"", ""turn_right"", ""accelerate"", ""cruise"", ""cruise"", ""cruise"", ""cruise"", ""decelerate"", ""cruise""]","[0, 8, 28, 46, 47, 62, 74, 80, 100, 120, 140, 160, 180]","[8, 28, 46, 47, 62, 74, 80, 100, 120, 140, 160, 180, 200]"
210,13,"[1, 2, 0, 0, 0, 0, 0, 0, 0, 4, 3, 4, 4]","[""turn_right"", ""accelerate"", ""turn_left"", ""turn_left"", ""turn_left"", ""turn_left"", ""turn_left"", ""turn_left"", ""turn_left"", ""cruise"", ""decelerate"", ""cruise"", ""cruise""]","[0, 3, 23, 40, 54, 67, 80, 97, 117, 133, 153, 167, 187]","[3, 23, 40, 54, 67, 80, 97, 117, 133, 153, 167, 187, 200]"
211,12,"[2, 0, 0, 0, 0, 0, 0, 0, 0, 1, 4, 4]","[""accelerate"", ""turn_left"", ""turn_left"", ""turn_left"", ""turn_left"", ""turn_left"", ""turn_left"", ""turn_left"", ""turn_left"", ""turn_right"", ""cruise"", ""cruise""]","[0, 20, 39, 54, 67, 80, 95, 115, 135, 150, 164, 184]","[20, 39, 54, 67, 80, 95, 115, 135, 150, 164, 184, 200]"
212,13,"[1, 2, 0, 0, 0, 0, 0, 0, 0, 0, 3, 4, 4]","[""turn_right"", ""accelerate"", ""turn_left"", ""turn_left"", ""turn_left"", ""turn_left"", ""turn_left"", ""turn_left"", ""turn_left"", ""turn_left"", ""decelerate"", ""cruise"", ""cruise""]","[0, 3, 19, 38, 53, 66, 79, 92, 112, 132, 150, 166, 186]","[3, 19, 38, 53, 66, 79, 92, 112, 132, 150, 166, 186, 200]"
213,12,"[0, 1, 2, 1, 2, 3, 2, 1, 4, 4, 3, 4]","[""turn_left"", ""turn_right"", ""accelerate"", ""turn_right"", ""accelerate"", ""decelerate"", ""accelerate"", ""turn_right"", ""cruise"", ""cruise"", ""decelerate"", ""cruise""]","[0, 8, 28, 48, 65, 74, 94, 112, 128, 148, 168, 184]","[8, 28, 48, 65, 74, 94, 112, 128, 148, 168, 184, 200]"
214,15,"[1, 1, 2, 0, 0, 0, 0, 0, 0, 0, 3, 2, 2, 3, 4]","[""turn_right"", ""turn_right"", ""accelerate"", ""turn_left"", ""turn_left"", ""turn_left"", ""turn_left"", ""turn_left"", ""turn_left"", ""turn_left"", ""decelerate"", ""accelerate"", ""accelerate"", ""decelerate"", ""cruise""]","[0, 3, 5, 23, 43, 57, 70, 82, 94, 114, 134, 145, 165, 168, 188]","[3, 5, 23, 43, 57, 70, 82, 94, 114, 134, 145, 165, 168, 188, 200]"
215,16,"[1, 2, 1, 0, 0, 0, 0, 0, 0, 0, 0, 0, 0, 0, 0, 0]","[""turn_right"", ""accelerate"", ""turn_right"", ""turn_left"", ""turn_left"", ""turn_left"", ""turn_left"", ""turn_left"", ""turn_left"", ""turn_left"", ""turn_left"", ""turn_left"", ""turn_left"", ""turn_left"", ""turn_left"", ""turn_left""]","[0, 3, 23, 40, 56, 70, 83, 95, 107, 119, 132, 147, 155, 161, 175, 193]","[3, 23, 40, 56, 70, 83, 95, 107, 119, 132, 147, 155, 161, 175, 193, 200]"
216,15,"[2, 1, 0, 0, 0, 0, 0, 0, 0, 0, 0, 0, 0, 0, 1]","[""accelerate"", ""turn_right"", ""turn_left"", ""turn_left"", ""turn_left"", ""turn_left"", ""turn_left"", ""turn_left"", ""turn_left"", ""turn_left"", ""turn_left"", ""turn_left"", ""turn_left"", ""turn_left"", ""turn_right""]","[0, 20, 34, 51, 66, 80, 93, 106, 119, 132, 149, 157, 163, 174, 190]","[20, 34, 51, 66, 80, 93, 106, 119, 132, 149, 157, 163, 174, 190, 200]"
217,14,"[1, 2, 0, 2, 0, 0, 0, 0, 0, 0, 3, 2, 0, 0]","[""turn_right"", ""accelerate"", ""turn_left"", ""accelerate"", ""turn_left"", ""turn_left"", ""turn_left"", ""turn_left"", ""turn_left"", ""turn_left"", ""decelerate"", ""accelerate"", ""turn_left"", ""turn_left""]","[0, 3, 17, 37, 45, 64, 79, 93, 107, 121, 136, 150, 170, 188]","[3, 17, 37, 45, 64, 79, 93, 107, 121, 136, 150, 170, 188, 200]"
218,16,"[2, 2, 0, 2, 0, 0, 0, 0, 0, 0, 0, 0, 0, 0, 0, 0]","[""accelerate"", ""accelerate"", ""turn_left"", ""accelerate"", ""turn_left"", ""turn_left"", ""turn_left"", ""turn_left"", ""turn_left"", ""turn_left"", ""turn_left"", ""turn_left"", ""turn_left"", ""turn_left"", ""turn_left"", ""turn_left""]","[0, 16, 17, 37, 44, 64, 81, 96, 111, 125, 139, 154, 169, 176, 181, 190]","[16, 17, 37, 44, 64, 81, 96, 111, 125, 139, 154, 169, 176, 181, 190, 200]"
219,13,"[1, 2, 0, 0, 0, 0, 0, 0, 0, 0, 3, 2, 0]","[""turn_right"", ""accelerate"", ""turn_left"", ""turn_left"", ""turn_left"", ""turn_left"", ""turn_left"", ""turn_left"", ""turn_left"", ""turn_left"", ""decelerate"", ""accelerate"", ""turn_left""]","[0, 2, 16, 36, 53, 69, 85, 100, 115, 134, 154, 167, 187]","[2, 16, 36, 53, 69, 85, 100, 115, 134, 154, 167, 187, 200]"
220,14,"[1, 2, 2, 0, 0, 0, 0, 0, 0, 0, 0, 4, 2, 4]","[""turn_right"", ""accelerate"", ""accelerate"", ""turn_left"", ""turn_left"", ""turn_left"", ""turn_left"", ""turn_left"", ""turn_left"", ""turn_left"", ""turn_left"", ""cruise"", ""accelerate"", ""cruise""]","[0, 2, 15, 16, 36, 54, 71, 88, 105, 121, 137, 157, 177, 193]","[2, 15, 16, 36, 54, 71, 88, 105, 121, 137, 157, 177, 193, 200]"
221,12,"[0, 1, 2, 1, 4, 4, 4, 2, 4, 4, 3, 2]","[""turn_left"", ""turn_right"", ""accelerate"", ""turn_right"", ""cruise"", ""cruise"", ""cruise"", ""accelerate"", ""cruise"", ""cruise"", ""decelerate"", ""accelerate""]","[0, 7, 27, 47, 64, 84, 104, 124, 125, 145, 165, 185]","[7, 27, 47, 64, 84, 104, 124, 125, 145, 165, 185, 200]"
222,13,"[0, 2, 2, 1, 3, 4, 2, 1, 4, 4, 4, 4, 3]","[""turn_left"", ""accelerate"", ""accelerate"", ""turn_right"", ""decelerate"", ""cruise"", ""accelerate"", ""turn_right"", ""cruise"", ""cruise"", ""cruise"", ""cruise"", ""decelerate""]","[0, 8, 24, 25, 43, 58, 78, 94, 111, 131, 151, 171, 191]","[8, 24, 25, 43, 58, 78, 94, 111, 131, 151, 171, 191, 200]"
223,12,"[3, 2, 0, 0, 0, 0, 0, 0, 0, 4, 4, 4]","[""decelerate"", ""accelerate"", ""turn_left"", ""turn_left"", ""turn_left"", ""turn_left"", ""turn_left"", ""turn_left"", ""turn_left"", ""cruise"", ""cruise"", ""cruise""]","[0, 6, 25, 45, 62, 79, 95, 111, 127, 142, 162, 182]","[6, 25, 45, 62, 79, 95, 111, 127, 142, 162, 182, 200]"
224,13,"[0, 0, 1, 2, 2, 4, 1, 4, 4, 4, 4, 3, 2]","[""turn_left"", ""turn_left"", ""turn_right"", ""accelerate"", ""accelerate"", ""cruise"", ""turn_right"", ""cruise"", ""cruise"", ""cruise"", ""cruise"", ""decelerate"", ""accelerate""]","[0, 8, 20, 40, 47, 48, 68, 84, 104, 124, 144, 164, 183]","[8, 20, 40, 47, 48, 68, 84, 104, 124, 144, 164, 183, 200]"
225,13,"[2, 0, 0, 2, 0, 0, 0, 0, 0, 3, 2, 4, 4]","[""accelerate"", ""turn_left"", ""turn_left"", ""accelerate"", ""turn_left"", ""turn_left"", ""turn_left"", ""turn_left"", ""turn_left"", ""decelerate"", ""accelerate"", ""cruise"", ""cruise""]","[0, 20, 33, 47, 54, 74, 91, 107, 123, 139, 151, 171, 191]","[20, 33, 47, 54, 74, 91, 107, 123, 139, 151, 171, 191, 200]"
226,18,"[2, 3, 2, 2, 1, 4, 1, 1, 1, 1, 2, 2, 1, 4, 2, 4, 3, 4]","[""accelerate"", ""decelerate"", ""accelerate"", ""accelerate"", ""turn_right"", ""cruise"", ""turn_right"", ""turn_right"", ""turn_right"", ""turn_right"", ""accelerate"", ""accelerate"", ""turn_right"", ""cruise"", ""accelerate"", ""cruise"", ""decelerate"", ""cruise""]","[0, 17, 35, 55, 56, 76, 96, 105, 111, 115, 119, 131, 132, 142, 162, 165, 185, 199]","[17, 35, 55, 56, 76, 96, 105, 111, 115, 119, 131, 132, 142, 162, 165, 185, 199, 200]"
227,13,"[0, 0, 2, 3, 2, 1, 2, 1, 4, 4, 3, 4, 4]","[""turn_left"", ""turn_left"", ""accelerate"", ""decelerate"", ""accelerate"", ""turn_right"", ""accelerate"", ""turn_right"", ""cruise"", ""cruise"", ""decelerate"", ""cruise"", ""cruise""]","[0, 8, 19, 27, 47, 67, 85, 93, 108, 128, 148, 165, 185]","[8, 19, 27, 47, 67, 85, 93, 108, 128, 148, 165, 185, 200]"
228,13,"[2, 1, 2, 2, 1, 4, 4, 4, 3, 4, 4, 2, 4]","[""accelerate"", ""turn_right"", ""accelerate"", ""accelerate"", ""turn_right"", ""cruise"", ""cruise"", ""cruise"", ""decelerate"", ""cruise"", ""cruise"", ""accelerate"", ""cruise""]","[0, 19, 39, 45, 46, 66, 86, 106, 126, 139, 159, 179, 199]","[19, 39, 45, 46, 66, 86, 106, 126, 139, 159, 179, 199, 200]"
229,12,"[2, 0, 0, 0, 0, 0, 0, 0, 0, 3, 2, 4]","[""accelerate"", ""turn_left"", ""turn_left"", ""turn_left"", ""turn_left"", ""turn_left"", ""turn_left"", ""turn_left"", ""turn_left"", ""decelerate"", ""accelerate"", ""cruise""]","[0, 20, 38, 54, 69, 83, 97, 117, 137, 153, 168, 188]","[20, 38, 54, 69, 83, 97, 117, 137, 153, 168, 188, 200]"
230,13,"[0, 3, 2, 1, 4, 1, 2, 1, 4, 3, 4, 4, 2]","[""turn_left"", ""decelerate"", ""accelerate"", ""turn_right"", ""cruise"", ""turn_right"", ""accelerate"", ""turn_right"", ""cruise"", ""decelerate"", ""cruise"", ""cruise"", ""accelerate""]","[0, 7, 15, 34, 53, 73, 84, 93, 109, 129, 145, 165, 185]","[7, 15, 34, 53, 73, 84, 93, 109, 129, 145, 165, 185, 200]"
231,12,"[0, 0, 0, 2, 4, 4, 4, 3, 4, 4, 4, 4]","[""turn_left"", ""turn_left"", ""turn_left"", ""accelerate"", ""cruise"", ""cruise"", ""cruise"", ""decelerate"", ""cruise"", ""cruise"", ""cruise"", ""cruise""]","[0, 8, 18, 30, 41, 61, 81, 101, 120, 140, 160, 180]","[8, 18, 30, 41, 61, 81, 101, 120, 140, 160, 180, 200]"
232,11,"[2, 3, 2, 1, 2, 1, 2, 2, 2, 1, 1]","[""accelerate"", ""decelerate"", ""accelerate"", ""turn_right"", ""accelerate"", ""turn_right"", ""accelerate"", ""accelerate"", ""accelerate"", ""turn_right"", ""turn_right""]","[0, 20, 37, 57, 77, 85, 105, 114, 115, 116, 136]","[20, 37, 57, 77, 85, 105, 114, 115, 116, 136, 139]"
233,15,"[0, 3, 2, 1, 1, 1, 2, 2, 1, 4, 4, 1, 4, 2, 4]","[""turn_left"", ""decelerate"", ""accelerate"", ""turn_right"", ""turn_right"", ""turn_right"", ""accelerate"", ""accelerate"", ""turn_right"", ""cruise"", ""cruise"", ""turn_right"", ""cruise"", ""accelerate"", ""cruise""]","[0, 7, 15, 35, 55, 71, 85, 94, 95, 112, 132, 152, 167, 187, 194]","[7, 15, 35, 55, 71, 85, 94, 95, 112, 132, 152, 167, 187, 194, 200]"
234,15,"[0, 0, 2, 2, 2, 1, 1, 4, 4, 4, 4, 3, 4, 4, 4]","[""turn_left"", ""turn_left"", ""accelerate"", ""accelerate"", ""accelerate"", ""turn_right"", ""turn_right"", ""cruise"", ""cruise"", ""cruise"", ""cruise"", ""decelerate"", ""cruise"", ""cruise"", ""cruise""]","[0, 7, 17, 24, 25, 26, 45, 58, 78, 98, 118, 138, 152, 172, 192]","[7, 17, 24, 25, 26, 45, 58, 78, 98, 118, 138, 152, 172, 192, 200]"
235,14,"[0, 1, 2, 1, 1, 2, 1, 4, 2, 4, 4, 4, 3, 2]","[""turn_left"", ""turn_right"", ""accelerate"", ""turn_right"", ""turn_right"", ""accelerate"", ""turn_right"", ""cruise"", ""accelerate"", ""cruise"", ""cruise"", ""cruise"", ""decelerate"", ""accelerate""]","[0, 7, 27, 46, 63, 75, 81, 96, 116, 120, 140, 160, 180, 197]","[7, 27, 46, 63, 75, 81, 96, 116, 120, 140, 160, 180, 197, 200]"
236,14,"[0, 0, 1, 2, 1, 1, 4, 4, 4, 4, 0, 3, 2, 0]","[""turn_left"", ""turn_left"", ""turn_right"", ""accelerate"", ""turn_right"", ""turn_right"", ""cruise"", ""cruise"", ""cruise"", ""cruise"", ""turn_left"", ""decelerate"", ""accelerate"", ""turn_left""]","[0, 7, 17, 37, 44, 59, 70, 90, 110, 130, 150, 167, 178, 198]","[7, 17, 37, 44, 59, 70, 90, 110, 130, 150, 167, 178, 198, 200]"
237,12,"[0, 2, 1, 1, 1, 4, 1, 4, 1, 4, 4, 2]","[""turn_left"", ""accelerate"", ""turn_right"", ""turn_right"", ""turn_right"", ""cruise"", ""turn_right"", ""cruise"", ""turn_right"", ""cruise"", ""cruise"", ""accelerate""]","[0, 7, 19, 36, 50, 70, 90, 110, 130, 150, 170, 190]","[7, 19, 36, 50, 70, 90, 110, 130, 150, 170, 190, 200]"
238,15,"[0, 0, 1, 2, 2, 2, 4, 4, 4, 4, 4, 3, 4, 2, 3]","[""turn_left"", ""turn_left"", ""turn_right"", ""accelerate"", ""accelerate"", ""accelerate"", ""cruise"", ""cruise"", ""cruise"", ""cruise"", ""cruise"", ""decelerate"", ""cruise"", ""accelerate"", ""decelerate""]","[0, 7, 16, 36, 42, 43, 44, 64, 84, 104, 124, 144, 159, 179, 199]","[7, 16, 36, 42, 43, 44, 64, 84, 104, 124, 144, 159, 179, 199, 200]"
239,15,"[0, 0, 0, 1, 1, 0, 1, 2, 2, 3, 2, 4, 1, 1, 2]","[""turn_left"", ""turn_left"", ""turn_left"", ""turn_right"", ""turn_right"", ""turn_left"", ""turn_right"", ""accelerate"", ""accelerate"", ""decelerate"", ""accelerate"", ""cruise"", ""turn_right"", ""turn_right"", ""accelerate""]","[0, 7, 16, 27, 44, 61, 73, 84, 95, 96, 116, 136, 156, 176, 196]","[7, 16, 27, 44, 61, 73, 84, 95, 96, 116, 136, 156, 176, 196, 200]"
240,11,"[0, 0, 0, 0, 3, 2, 1, 2, 1, 2, 1]","[""turn_left"", ""turn_left"", ""turn_left"", ""turn_left"", ""decelerate"", ""accelerate"", ""turn_right"", ""accelerate"", ""turn_right"", ""accelerate"", ""turn_right""]","[0, 7, 16, 27, 41, 59, 74, 92, 96, 115, 120]","[7, 16, 27, 41, 59, 74, 92, 96, 115, 120, 139]"
241,15,"[0, 0, 2, 2, 1, 2, 1, 4, 1, 2, 4, 4, 4, 3, 2]","[""turn_left"", ""turn_left"", ""accelerate"", ""accelerate"", ""turn_right"", ""accelerate"", ""turn_right"", ""cruise"", ""turn_right"", ""accelerate"", ""cruise"", ""cruise"", ""cruise"", ""decelerate"", ""accelerate""]","[0, 7, 16, 22, 23, 41, 46, 63, 83, 98, 107, 127, 147, 167, 186]","[7, 16, 22, 23, 41, 46, 63, 83, 98, 107, 127, 147, 167, 186, 200]"
242,15,"[0, 2, 1, 0, 1, 4, 2, 2, 1, 1, 1, 4, 4, 4, 4]","[""turn_left"", ""accelerate"", ""turn_right"", ""turn_left"", ""turn_right"", ""cruise"", ""accelerate"", ""accelerate"", ""turn_right"", ""turn_right"", ""turn_right"", ""cruise"", ""cruise"", ""cruise"", ""cruise""]","[0, 7, 19, 35, 49, 62, 82, 89, 90, 105, 118, 131, 151, 171, 191]","[7, 19, 35, 49, 62, 82, 89, 90, 105, 118, 131, 151, 171, 191, 200]"
243,13,"[1, 2, 0, 0, 0, 0, 0, 2, 0, 0, 3, 4, 4]","[""turn_right"", ""accelerate"", ""turn_left"", ""turn_left"", ""turn_left"", ""turn_left"", ""turn_left"", ""accelerate"", ""turn_left"", ""turn_left"", ""decelerate"", ""cruise"", ""cruise""]","[0, 2, 22, 36, 49, 61, 81, 101, 110, 127, 142, 162, 182]","[2, 22, 36, 49, 61, 81, 101, 110, 127, 142, 162, 182, 200]"
244,13,"[1, 2, 0, 0, 0, 0, 0, 0, 0, 2, 3, 3, 2]","[""turn_right"", ""accelerate"", ""turn_left"", ""turn_left"", ""turn_left"", ""turn_left"", ""turn_left"", ""turn_left"", ""turn_left"", ""accelerate"", ""decelerate"", ""decelerate"", ""accelerate""]","[0, 2, 21, 39, 53, 65, 77, 92, 112, 132, 143, 163, 183]","[2, 21, 39, 53, 65, 77, 92, 112, 132, 143, 163, 183, 200]"
245,15,"[1, 2, 0, 0, 0, 0, 0, 0, 0, 2, 3, 1, 1, 3, 4]","[""turn_right"", ""accelerate"", ""turn_left"", ""turn_left"", ""turn_left"", ""turn_left"", ""turn_left"", ""turn_left"", ""turn_left"", ""accelerate"", ""decelerate"", ""turn_right"", ""turn_right"", ""decelerate"", ""cruise""]","[0, 2, 22, 39, 52, 63, 75, 95, 115, 133, 140, 160, 169, 179, 194]","[2, 22, 39, 52, 63, 75, 95, 115, 133, 140, 160, 169, 179, 194, 200]"
246,13,"[2, 1, 2, 1, 1, 1, 4, 1, 4, 3, 4, 4, 4]","[""accelerate"", ""turn_right"", ""accelerate"", ""turn_right"", ""turn_right"", ""turn_right"", ""cruise"", ""turn_right"", ""cruise"", ""decelerate"", ""cruise"", ""cruise"", ""cruise""]","[0, 20, 35, 41, 55, 66, 86, 106, 121, 141, 150, 170, 190]","[20, 35, 41, 55, 66, 86, 106, 121, 141, 150, 170, 190, 200]"
247,16,"[0, 2, 1, 1, 2, 1, 2, 2, 1, 4, 1, 3, 4, 2, 3, 4]","[""turn_left"", ""accelerate"", ""turn_right"", ""turn_right"", ""accelerate"", ""turn_right"", ""accelerate"", ""accelerate"", ""turn_right"", ""cruise"", ""turn_right"", ""decelerate"", ""cruise"", ""accelerate"", ""decelerate"", ""cruise""]","[0, 6, 15, 31, 47, 54, 67, 73, 74, 90, 110, 123, 132, 152, 172, 192]","[6, 15, 31, 47, 54, 67, 73, 74, 90, 110, 123, 132, 152, 172, 192, 200]"
248,15,"[0, 3, 2, 1, 1, 1, 1, 1, 2, 1, 1, 1, 4, 3, 2]","[""turn_left"", ""decelerate"", ""accelerate"", ""turn_right"", ""turn_right"", ""turn_right"", ""turn_right"", ""turn_right"", ""accelerate"", ""turn_right"", ""turn_right"", ""turn_right"", ""cruise"", ""decelerate"", ""accelerate""]","[0, 6, 15, 35, 54, 65, 74, 82, 102, 113, 128, 141, 153, 173, 183]","[6, 15, 35, 54, 65, 74, 82, 102, 113, 128, 141, 153, 173, 183, 200]"
249,13,"[1, 2, 0, 0, 0, 0, 0, 0, 0, 3, 4, 4, 2]","[""turn_right"", ""accelerate"", ""turn_left"", ""turn_left"", ""turn_left"", ""turn_left"", ""turn_left"", ""turn_left"", ""turn_left"", ""decelerate"", ""cruise"", ""cruise"", ""accelerate""]","[0, 2, 22, 39, 52, 64, 76, 96, 116, 134, 150, 170, 190]","[2, 22, 39, 52, 64, 76, 96, 116, 134, 150, 170, 190, 200]"
250,14,"[2, 1, 0, 1, 0, 0, 0, 4, 3, 2, 3, 2, 4, 3]","[""accelerate"", ""turn_right"", ""turn_left"", ""turn_right"", ""turn_left"", ""turn_left"", ""turn_left"", ""cruise"", ""decelerate"", ""accelerate"", ""decelerate"", ""accelerate"", ""cruise"", ""decelerate""]","[0, 11, 21, 41, 49, 62, 74, 86, 106, 119, 138, 158, 178, 198]","[11, 21, 41, 49, 62, 74, 86, 106, 119, 138, 158, 178, 198, 200]"
251,13,"[1, 2, 0, 0, 0, 0, 0, 0, 3, 2, 4, 1, 4]","[""turn_right"", ""accelerate"", ""turn_left"", ""turn_left"", ""turn_left"", ""turn_left"", ""turn_left"", ""turn_left"", ""decelerate"", ""accelerate"", ""cruise"", ""turn_right"", ""cruise""]","[0, 4, 24, 43, 57, 70, 83, 98, 118, 130, 145, 165, 183]","[4, 24, 43, 57, 70, 83, 98, 118, 130, 145, 165, 183, 200]"
252,14,"[2, 1, 2, 1, 2, 2, 1, 1, 4, 4, 4, 4, 2, 1]","[""accelerate"", ""turn_right"", ""accelerate"", ""turn_right"", ""accelerate"", ""accelerate"", ""turn_right"", ""turn_right"", ""cruise"", ""cruise"", ""cruise"", ""cruise"", ""accelerate"", ""turn_right""]","[0, 20, 38, 44, 60, 65, 66, 82, 95, 115, 135, 155, 175, 189]","[20, 38, 44, 60, 65, 66, 82, 95, 115, 135, 155, 175, 189, 200]"
253,13,"[1, 2, 0, 0, 0, 0, 0, 0, 0, 0, 4, 3, 4]","[""turn_right"", ""accelerate"", ""turn_left"", ""turn_left"", ""turn_left"", ""turn_left"", ""turn_left"", ""turn_left"", ""turn_left"", ""turn_left"", ""cruise"", ""decelerate"", ""cruise""]","[0, 3, 23, 43, 60, 75, 89, 103, 117, 137, 157, 177, 186]","[3, 23, 43, 60, 75, 89, 103, 117, 137, 157, 177, 186, 200]"
254,12,"[2, 0, 0, 0, 0, 0, 0, 0, 0, 2, 4, 4]","[""accelerate"", ""turn_left"", ""turn_left"", ""turn_left"", ""turn_left"", ""turn_left"", ""turn_left"", ""turn_left"", ""turn_left"", ""accelerate"", ""cruise"", ""cruise""]","[0, 20, 40, 58, 74, 90, 105, 119, 139, 159, 176, 196]","[20, 40, 58, 74, 90, 105, 119, 139, 159, 176, 196, 200]"
255,15,"[2, 1, 0, 0, 0, 0, 0, 0, 0, 0, 0, 0, 0, 0, 0]","[""accelerate"", ""turn_right"", ""turn_left"", ""turn_left"", ""turn_left"", ""turn_left"", ""turn_left"", ""turn_left"", ""turn_left"", ""turn_left"", ""turn_left"", ""turn_left"", ""turn_left"", ""turn_left"", ""turn_left""]","[0, 20, 37, 54, 70, 85, 100, 115, 129, 143, 157, 170, 177, 184, 196]","[20, 37, 54, 70, 85, 100, 115, 129, 143, 157, 170, 177, 184, 196, 200]"
256,15,"[1, 1, 2, 0, 0, 0, 0, 0, 0, 0, 4, 2, 2, 4, 4]","[""turn_right"", ""turn_right"", ""accelerate"", ""turn_left"", ""turn_left"", ""turn_left"", ""turn_left"", ""turn_left"", ""turn_left"", ""turn_left"", ""cruise"", ""accelerate"", ""accelerate"", ""cruise"", ""cruise""]","[0, 3, 5, 20, 40, 57, 73, 88, 103, 118, 137, 157, 167, 168, 188]","[3, 5, 20, 40, 57, 73, 88, 103, 118, 137, 157, 167, 168, 188, 200]"
257,14,"[1, 0, 2, 0, 0, 0, 0, 0, 0, 0, 3, 4, 2, 4]","[""turn_right"", ""turn_left"", ""accelerate"", ""turn_left"", ""turn_left"", ""turn_left"", ""turn_left"", ""turn_left"", ""turn_left"", ""turn_left"", ""decelerate"", ""cruise"", ""accelerate"", ""cruise""]","[0, 3, 11, 30, 50, 66, 81, 96, 111, 126, 141, 154, 174, 191]","[3, 11, 30, 50, 66, 81, 96, 111, 126, 141, 154, 174, 191, 200]"
258,13,"[1, 2, 0, 0, 0, 0, 0, 0, 0, 2, 4, 4, 3]","[""turn_right"", ""accelerate"", ""turn_left"", ""turn_left"", ""turn_left"", ""turn_left"", ""turn_left"", ""turn_left"", ""turn_left"", ""accelerate"", ""cruise"", ""cruise"", ""decelerate""]","[0, 3, 20, 40, 57, 73, 89, 105, 120, 136, 149, 169, 189]","[3, 20, 40, 57, 73, 89, 105, 120, 136, 149, 169, 189, 200]"
259,16,"[0, 0, 1, 1, 1, 2, 2, 2, 2, 2, 2, 4, 4, 1, 4, 4]","[""turn_left"", ""turn_left"", ""turn_right"", ""turn_right"", ""turn_right"", ""accelerate"", ""accelerate"", ""accelerate"", ""accelerate"", ""accelerate"", ""accelerate"", ""cruise"", ""cruise"", ""turn_right"", ""cruise"", ""cruise""]","[0, 5, 11, 31, 51, 70, 78, 79, 80, 81, 82, 83, 103, 123, 138, 158]","[5, 11, 31, 51, 70, 78, 79, 80, 81, 82, 83, 103, 123, 138, 158, 170]"
260,17,"[1, 0, 0, 0, 0, 2, 1, 1, 1, 2, 1, 4, 2, 4, 4, 4, 0]","[""turn_right"", ""turn_left"", ""turn_left"", ""turn_left"", ""turn_left"", ""accelerate"", ""turn_right"", ""turn_right"", ""turn_right"", ""accelerate"", ""turn_right"", ""cruise"", ""accelerate"", ""cruise"", ""cruise"", ""cruise"", ""turn_left""]","[0, 3, 6, 10, 15, 22, 29, 46, 59, 76, 83, 102, 122, 127, 147, 167, 187]","[3, 6, 10, 15, 22, 29, 46, 59, 76, 83, 102, 122, 127, 147, 167, 187, 200]"
261,13,"[0, 1, 2, 1, 1, 1, 1, 4, 4, 4, 3, 2, 3]","[""turn_left"", ""turn_right"", ""accelerate"", ""turn_right"", ""turn_right"", ""turn_right"", ""turn_right"", ""cruise"", ""cruise"", ""cruise"", ""decelerate"", ""accelerate"", ""decelerate""]","[0, 6, 26, 43, 58, 72, 91, 108, 128, 148, 168, 182, 199]","[6, 26, 43, 58, 72, 91, 108, 128, 148, 168, 182, 199, 200]"
262,16,"[1, 0, 0, 0, 0, 1, 2, 1, 1, 2, 4, 4, 4, 4, 0, 0]","[""turn_right"", ""turn_left"", ""turn_left"", ""turn_left"", ""turn_left"", ""turn_right"", ""accelerate"", ""turn_right"", ""turn_right"", ""accelerate"", ""cruise"", ""cruise"", ""cruise"", ""cruise"", ""turn_left"", ""turn_left""]","[0, 3, 8, 13, 21, 33, 49, 56, 71, 85, 90, 110, 130, 150, 170, 188]","[3, 8, 13, 21, 33, 49, 56, 71, 85, 90, 110, 130, 150, 170, 188, 200]"
263,15,"[0, 0, 1, 1, 2, 1, 2, 4, 2, 4, 4, 4, 3, 2, 4]","[""turn_left"", ""turn_left"", ""turn_right"", ""turn_right"", ""accelerate"", ""turn_right"", ""accelerate"", ""cruise"", ""accelerate"", ""cruise"", ""cruise"", ""cruise"", ""decelerate"", ""accelerate"", ""cruise""]","[0, 6, 14, 34, 53, 60, 75, 79, 99, 100, 120, 140, 160, 180, 196]","[6, 14, 34, 53, 60, 75, 79, 99, 100, 120, 140, 160, 180, 196, 200]"
264,13,"[0, 1, 2, 1, 2, 1, 4, 1, 4, 3, 2, 3, 4]","[""turn_left"", ""turn_right"", ""accelerate"", ""turn_right"", ""accelerate"", ""turn_right"", ""cruise"", ""turn_right"", ""cruise"", ""decelerate"", ""accelerate"", ""decelerate"", ""cruise""]","[0, 5, 20, 40, 55, 61, 75, 95, 111, 131, 146, 162, 182]","[5, 20, 40, 55, 61, 75, 95, 111, 131, 146, 162, 182, 200]"
265,15,"[0, 0, 0, 2, 1, 1, 1, 1, 1, 3, 2, 4, 4, 4, 4]","[""turn_left"", ""turn_left"", ""turn_left"", ""accelerate"", ""turn_right"", ""turn_right"", ""turn_right"", ""turn_right"", ""turn_right"", ""decelerate"", ""accelerate"", ""cruise"", ""cruise"", ""cruise"", ""cruise""]","[0, 5, 12, 23, 30, 45, 58, 75, 92, 108, 120, 134, 154, 174, 194]","[5, 12, 23, 30, 45, 58, 75, 92, 108, 120, 134, 154, 174, 194, 200]"
266,16,"[0, 0, 0, 2, 1, 1, 2, 1, 2, 3, 2, 4, 3, 4, 4, 4]","[""turn_left"", ""turn_left"", ""turn_left"", ""accelerate"", ""turn_right"", ""turn_right"", ""accelerate"", ""turn_right"", ""accelerate"", ""decelerate"", ""accelerate"", ""cruise"", ""decelerate"", ""cruise"", ""cruise"", ""cruise""]","[0, 4, 9, 16, 23, 38, 55, 61, 75, 79, 99, 115, 135, 155, 175, 195]","[4, 9, 16, 23, 38, 55, 61, 75, 79, 99, 115, 135, 155, 175, 195, 200]"
267,14,"[0, 1, 2, 0, 1, 1, 1, 1, 3, 2, 1, 4, 4, 4]","[""turn_left"", ""turn_right"", ""accelerate"", ""turn_left"", ""turn_right"", ""turn_right"", ""turn_right"", ""turn_right"", ""decelerate"", ""accelerate"", ""turn_right"", ""cruise"", ""cruise"", ""cruise""]","[0, 4, 23, 41, 55, 74, 85, 94, 102, 112, 129, 143, 163, 183]","[4, 23, 41, 55, 74, 85, 94, 102, 112, 129, 143, 163, 183, 200]"
268,16,"[0, 0, 0, 2, 1, 2, 1, 2, 4, 2, 4, 4, 4, 4, 4, 4]","[""turn_left"", ""turn_left"", ""turn_left"", ""accelerate"", ""turn_right"", ""accelerate"", ""turn_right"", ""accelerate"", ""cruise"", ""accelerate"", ""cruise"", ""cruise"", ""cruise"", ""cruise"", ""cruise"", ""cruise""]","[0, 4, 8, 13, 21, 37, 42, 57, 62, 82, 83, 103, 123, 143, 163, 183]","[4, 8, 13, 21, 37, 42, 57, 62, 82, 83, 103, 123, 143, 163, 183, 200]"
269,16,"[1, 1, 0, 0, 2, 0, 1, 1, 2, 1, 4, 1, 4, 4, 4, 4]","[""turn_right"", ""turn_right"", ""turn_left"", ""turn_left"", ""accelerate"", ""turn_left"", ""turn_right"", ""turn_right"", ""accelerate"", ""turn_right"", ""cruise"", ""turn_right"", ""cruise"", ""cruise"", ""cruise"", ""cruise""]","[0, 3, 5, 10, 13, 32, 46, 65, 76, 85, 98, 118, 128, 148, 168, 188]","[3, 5, 10, 13, 32, 46, 65, 76, 85, 98, 118, 128, 148, 168, 188, 200]"
270,15,"[1, 0, 0, 0, 2, 1, 1, 1, 4, 2, 4, 4, 4, 4, 4]","[""turn_right"", ""turn_left"", ""turn_left"", ""turn_left"", ""accelerate"", ""turn_right"", ""turn_right"", ""turn_right"", ""cruise"", ""accelerate"", ""cruise"", ""cruise"", ""cruise"", ""cruise"", ""cruise""]","[0, 3, 9, 14, 22, 31, 50, 64, 78, 98, 106, 126, 146, 166, 186]","[3, 9, 14, 22, 31, 50, 64, 78, 98, 106, 126, 146, 166, 186, 200]"
271,14,"[0, 1, 2, 2, 1, 4, 1, 2, 4, 4, 4, 3, 2, 3]","[""turn_left"", ""turn_right"", ""accelerate"", ""accelerate"", ""turn_right"", ""cruise"", ""turn_right"", ""accelerate"", ""cruise"", ""cruise"", ""cruise"", ""decelerate"", ""accelerate"", ""decelerate""]","[0, 5, 15, 35, 36, 51, 71, 91, 99, 119, 139, 159, 179, 199]","[5, 15, 35, 36, 51, 71, 91, 99, 119, 139, 159, 179, 199, 200]"
272,12,"[2, 0, 0, 0, 0, 0, 0, 0, 4, 3, 4, 2]","[""accelerate"", ""turn_left"", ""turn_left"", ""turn_left"", ""turn_left"", ""turn_left"", ""turn_left"", ""turn_left"", ""cruise"", ""decelerate"", ""cruise"", ""accelerate""]","[0, 20, 34, 45, 59, 79, 99, 118, 132, 152, 172, 192]","[20, 34, 45, 59, 79, 99, 118, 132, 152, 172, 192, 200]"
273,15,"[0, 2, 1, 2, 2, 1, 1, 2, 4, 4, 3, 4, 4, 4, 4]","[""turn_left"", ""accelerate"", ""turn_right"", ""accelerate"", ""accelerate"", ""turn_right"", ""turn_right"", ""accelerate"", ""cruise"", ""cruise"", ""decelerate"", ""cruise"", ""cruise"", ""cruise"", ""cruise""]","[0, 5, 25, 38, 49, 50, 62, 71, 79, 99, 119, 139, 159, 179, 199]","[5, 25, 38, 49, 50, 62, 71, 79, 99, 119, 139, 159, 179, 199, 200]"
274,14,"[0, 0, 0, 2, 1, 1, 1, 4, 4, 4, 4, 4, 4, 3]","[""turn_left"", ""turn_left"", ""turn_left"", ""accelerate"", ""turn_right"", ""turn_right"", ""turn_right"", ""cruise"", ""cruise"", ""cruise"", ""cruise"", ""cruise"", ""cruise"", ""decelerate""]","[0, 4, 9, 16, 24, 39, 54, 73, 93, 113, 133, 153, 173, 193]","[4, 9, 16, 24, 39, 54, 73, 93, 113, 133, 153, 173, 193, 200]"
275,18,"[0, 0, 3, 2, 2, 2, 2, 1, 2, 1, 1, 4, 4, 4, 4, 3, 4, 2]","[""turn_left"", ""turn_left"", ""decelerate"", ""accelerate"", ""accelerate"", ""accelerate"", ""accelerate"", ""turn_right"", ""accelerate"", ""turn_right"", ""turn_right"", ""cruise"", ""cruise"", ""cruise"", ""cruise"", ""decelerate"", ""cruise"", ""accelerate""]","[0, 4, 9, 19, 35, 36, 37, 38, 54, 60, 73, 82, 102, 122, 142, 162, 173, 193]","[4, 9, 19, 35, 36, 37, 38, 54, 60, 73, 82, 102, 122, 142, 162, 173, 193, 200]"
276,13,"[0, 1, 2, 1, 1, 3, 2, 4, 4, 4, 3, 2, 3]","[""turn_left"", ""turn_right"", ""accelerate"", ""turn_right"", ""turn_right"", ""decelerate"", ""accelerate"", ""cruise"", ""cruise"", ""cruise"", ""decelerate"", ""accelerate"", ""decelerate""]","[0, 4, 14, 32, 51, 64, 77, 94, 114, 134, 154, 171, 191]","[4, 14, 32, 51, 64, 77, 94, 114, 134, 154, 171, 191, 200]"
277,11,"[2, 2, 0, 0, 2, 1, 2, 4, 4, 4, 4]","[""accelerate"", ""accelerate"", ""turn_left"", ""turn_left"", ""accelerate"", ""turn_right"", ""accelerate"", ""cruise"", ""cruise"", ""cruise"", ""cruise""]","[0, 11, 12, 25, 37, 41, 59, 64, 84, 104, 124]","[11, 12, 25, 37, 41, 59, 64, 84, 104, 124, 139]"
278,13,"[0, 1, 2, 1, 1, 1, 2, 4, 4, 4, 4, 4, 4]","[""turn_left"", ""turn_right"", ""accelerate"", ""turn_right"", ""turn_right"", ""turn_right"", ""accelerate"", ""cruise"", ""cruise"", ""cruise"", ""cruise"", ""cruise"", ""cruise""]","[0, 4, 13, 29, 46, 59, 79, 86, 106, 126, 146, 166, 186]","[4, 13, 29, 46, 59, 79, 86, 106, 126, 146, 166, 186, 200]"
279,13,"[0, 1, 2, 1, 4, 2, 1, 4, 4, 4, 4, 3, 4]","[""turn_left"", ""turn_right"", ""accelerate"", ""turn_right"", ""cruise"", ""accelerate"", ""turn_right"", ""cruise"", ""cruise"", ""cruise"", ""cruise"", ""decelerate"", ""cruise""]","[0, 5, 22, 39, 54, 74, 80, 95, 115, 135, 155, 175, 190]","[5, 22, 39, 54, 74, 80, 95, 115, 135, 155, 175, 190, 200]"
280,16,"[1, 0, 0, 0, 0, 2, 4, 1, 2, 4, 1, 1, 4, 4, 4, 3]","[""turn_right"", ""turn_left"", ""turn_left"", ""turn_left"", ""turn_left"", ""accelerate"", ""cruise"", ""turn_right"", ""accelerate"", ""cruise"", ""turn_right"", ""turn_right"", ""cruise"", ""cruise"", ""cruise"", ""decelerate""]","[0, 3, 8, 12, 17, 24, 32, 52, 66, 70, 90, 110, 130, 150, 170, 190]","[3, 8, 12, 17, 24, 32, 52, 66, 70, 90, 110, 130, 150, 170, 190, 200]"
281,15,"[0, 1, 2, 1, 1, 2, 1, 2, 4, 2, 4, 4, 3, 4, 4]","[""turn_left"", ""turn_right"", ""accelerate"", ""turn_right"", ""turn_right"", ""accelerate"", ""turn_right"", ""accelerate"", ""cruise"", ""accelerate"", ""cruise"", ""cruise"", ""decelerate"", ""cruise"", ""cruise""]","[0, 3, 11, 29, 46, 61, 67, 82, 87, 107, 108, 128, 148, 168, 188]","[3, 11, 29, 46, 61, 67, 82, 87, 107, 108, 128, 148, 168, 188, 200]"
282,14,"[0, 2, 1, 1, 2, 2, 4, 3, 3, 4, 4, 2, 4, 4]","[""turn_left"", ""accelerate"", ""turn_right"", ""turn_right"", ""accelerate"", ""accelerate"", ""cruise"", ""decelerate"", ""decelerate"", ""cruise"", ""cruise"", ""accelerate"", ""cruise"", ""cruise""]","[0, 4, 19, 34, 52, 58, 59, 79, 99, 103, 123, 143, 161, 181]","[4, 19, 34, 52, 58, 59, 79, 99, 103, 123, 143, 161, 181, 200]"
283,15,"[2, 1, 0, 0, 0, 0, 0, 0, 0, 0, 0, 0, 0, 0, 0]","[""accelerate"", ""turn_right"", ""turn_left"", ""turn_left"", ""turn_left"", ""turn_left"", ""turn_left"", ""turn_left"", ""turn_left"", ""turn_left"", ""turn_left"", ""turn_left"", ""turn_left"", ""turn_left"", ""turn_left""]","[0, 20, 40, 60, 72, 81, 88, 95, 102, 110, 120, 130, 150, 170, 190]","[20, 40, 60, 72, 81, 88, 95, 102, 110, 120, 130, 150, 170, 190, 200]"
284,13,"[0, 1, 2, 0, 0, 0, 0, 0, 0, 0, 3, 4, 2]","[""turn_left"", ""turn_right"", ""accelerate"", ""turn_left"", ""turn_left"", ""turn_left"", ""turn_left"", ""turn_left"", ""turn_left"", ""turn_left"", ""decelerate"", ""cruise"", ""accelerate""]","[0, 8, 19, 39, 57, 74, 90, 106, 121, 136, 151, 162, 182]","[8, 19, 39, 57, 74, 90, 106, 121, 136, 151, 162, 182, 200]"
285,16,"[0, 0, 2, 1, 2, 2, 2, 1, 2, 3, 4, 2, 4, 3, 2, 3]","[""turn_left"", ""turn_left"", ""accelerate"", ""turn_right"", ""accelerate"", ""accelerate"", ""accelerate"", ""turn_right"", ""accelerate"", ""decelerate"", ""cruise"", ""accelerate"", ""cruise"", ""decelerate"", ""accelerate"", ""decelerate""]","[0, 8, 19, 30, 49, 58, 59, 60, 76, 82, 101, 121, 138, 158, 171, 190]","[8, 19, 30, 49, 58, 59, 60, 76, 82, 101, 121, 138, 158, 171, 190, 200]"
286,12,"[0, 2, 1, 1, 1, 4, 4, 4, 4, 4, 3, 2]","[""turn_left"", ""accelerate"", ""turn_right"", ""turn_right"", ""turn_right"", ""cruise"", ""cruise"", ""cruise"", ""cruise"", ""cruise"", ""decelerate"", ""accelerate""]","[0, 8, 26, 43, 61, 81, 101, 121, 141, 161, 181, 191]","[8, 26, 43, 61, 81, 101, 121, 141, 161, 181, 191, 200]"
287,15,"[0, 1, 2, 2, 1, 1, 2, 1, 2, 4, 4, 2, 4, 4, 4]","[""turn_left"", ""turn_right"", ""accelerate"", ""accelerate"", ""turn_right"", ""turn_right"", ""accelerate"", ""turn_right"", ""accelerate"", ""cruise"", ""cruise"", ""accelerate"", ""cruise"", ""cruise"", ""cruise""]","[0, 7, 26, 46, 47, 65, 77, 85, 101, 106, 126, 146, 147, 167, 187]","[7, 26, 46, 47, 65, 77, 85, 101, 106, 126, 146, 147, 167, 187, 200]"
288,12,"[2, 1, 0, 1, 1, 4, 1, 4, 4, 3, 4, 2]","[""accelerate"", ""turn_right"", ""turn_left"", ""turn_right"", ""turn_right"", ""cruise"", ""turn_right"", ""cruise"", ""cruise"", ""decelerate"", ""cruise"", ""accelerate""]","[0, 20, 37, 54, 67, 79, 99, 112, 132, 152, 164, 184]","[20, 37, 54, 67, 79, 99, 112, 132, 152, 164, 184, 200]"
289,13,"[0, 2, 1, 4, 1, 3, 4, 4, 2, 1, 4, 4, 3]","[""turn_left"", ""accelerate"", ""turn_right"", ""cruise"", ""turn_right"", ""decelerate"", ""cruise"", ""cruise"", ""accelerate"", ""turn_right"", ""cruise"", ""cruise"", ""decelerate""]","[0, 8, 22, 40, 60, 72, 84, 104, 124, 142, 158, 178, 198]","[8, 22, 40, 60, 72, 84, 104, 124, 142, 158, 178, 198, 200]"
290,14,"[1, 2, 0, 0, 0, 0, 3, 2, 2, 0, 0, 0, 0, 0]","[""turn_right"", ""accelerate"", ""turn_left"", ""turn_left"", ""turn_left"", ""turn_left"", ""decelerate"", ""accelerate"", ""accelerate"", ""turn_left"", ""turn_left"", ""turn_left"", ""turn_left"", ""turn_left""]","[0, 2, 22, 40, 56, 72, 87, 97, 117, 129, 148, 164, 179, 194]","[2, 22, 40, 56, 72, 87, 97, 117, 129, 148, 164, 179, 194, 200]"
291,13,"[1, 2, 0, 0, 0, 0, 0, 0, 0, 0, 2, 3, 2]","[""turn_right"", ""accelerate"", ""turn_left"", ""turn_left"", ""turn_left"", ""turn_left"", ""turn_left"", ""turn_left"", ""turn_left"", ""turn_left"", ""accelerate"", ""decelerate"", ""accelerate""]","[0, 2, 22, 42, 62, 81, 99, 115, 130, 143, 163, 183, 198]","[2, 22, 42, 62, 81, 99, 115, 130, 143, 163, 183, 198, 200]"
292,13,"[0, 2, 2, 1, 2, 4, 4, 4, 3, 2, 3, 4, 4]","[""turn_left"", ""accelerate"", ""accelerate"", ""turn_right"", ""accelerate"", ""cruise"", ""cruise"", ""cruise"", ""decelerate"", ""accelerate"", ""decelerate"", ""cruise"", ""cruise""]","[0, 9, 28, 29, 49, 62, 82, 102, 122, 134, 151, 167, 187]","[9, 28, 29, 49, 62, 82, 102, 122, 134, 151, 167, 187, 200]"
293,15,"[0, 1, 2, 1, 2, 3, 1, 1, 1, 4, 2, 2, 3, 4, 1]","[""turn_left"", ""turn_right"", ""accelerate"", ""turn_right"", ""accelerate"", ""decelerate"", ""turn_right"", ""turn_right"", ""turn_right"", ""cruise"", ""accelerate"", ""accelerate"", ""decelerate"", ""cruise"", ""turn_right""]","[0, 8, 28, 42, 58, 62, 82, 91, 102, 116, 136, 141, 142, 162, 182]","[8, 28, 42, 58, 62, 82, 91, 102, 116, 136, 141, 142, 162, 182, 200]"
294,13,"[2, 1, 2, 1, 1, 1, 1, 4, 3, 4, 2, 4, 4]","[""accelerate"", ""turn_right"", ""accelerate"", ""turn_right"", ""turn_right"", ""turn_right"", ""turn_right"", ""cruise"", ""decelerate"", ""cruise"", ""accelerate"", ""cruise"", ""cruise""]","[0, 18, 33, 37, 53, 68, 84, 101, 121, 130, 150, 170, 190]","[18, 33, 37, 53, 68, 84, 101, 121, 130, 150, 170, 190, 200]"
295,13,"[2, 2, 1, 2, 1, 4, 4, 1, 4, 4, 4, 3, 4]","[""accelerate"", ""accelerate"", ""turn_right"", ""accelerate"", ""turn_right"", ""cruise"", ""cruise"", ""turn_right"", ""cruise"", ""cruise"", ""cruise"", ""decelerate"", ""cruise""]","[0, 20, 27, 43, 50, 65, 85, 105, 120, 140, 160, 180, 193]","[20, 27, 43, 50, 65, 85, 105, 120, 140, 160, 180, 193, 200]"
296,19,"[0, 2, 2, 2, 2, 2, 1, 2, 2, 1, 2, 2, 4, 4, 4, 1, 3, 4, 2]","[""turn_left"", ""accelerate"", ""accelerate"", ""accelerate"", ""accelerate"", ""accelerate"", ""turn_right"", ""accelerate"", ""accelerate"", ""turn_right"", ""accelerate"", ""accelerate"", ""cruise"", ""cruise"", ""cruise"", ""turn_right"", ""decelerate"", ""cruise"", ""accelerate""]","[0, 9, 22, 23, 24, 25, 26, 46, 52, 53, 69, 75, 76, 96, 116, 136, 152, 168, 188]","[9, 22, 23, 24, 25, 26, 46, 52, 53, 69, 75, 76, 96, 116, 136, 152, 168, 188, 200]"
297,13,"[1, 2, 0, 0, 0, 0, 0, 0, 4, 2, 4, 3, 4]","[""turn_right"", ""accelerate"", ""turn_left"", ""turn_left"", ""turn_left"", ""turn_left"", ""turn_left"", ""turn_left"", ""cruise"", ""accelerate"", ""cruise"", ""decelerate"", ""cruise""]","[0, 3, 23, 41, 59, 77, 94, 110, 125, 145, 152, 172, 192]","[3, 23, 41, 59, 77, 94, 110, 125, 145, 152, 172, 192, 200]"
298,15,"[0, 2, 1, 2, 2, 2, 1, 4, 2, 1, 4, 4, 4, 3, 4]","[""turn_left"", ""accelerate"", ""turn_right"", ""accelerate"", ""accelerate"", ""accelerate"", ""turn_right"", ""cruise"", ""accelerate"", ""turn_right"", ""cruise"", ""cruise"", ""cruise"", ""decelerate"", ""cruise""]","[0, 8, 20, 40, 48, 49, 50, 67, 87, 94, 108, 128, 148, 168, 186]","[8, 20, 40, 48, 49, 50, 67, 87, 94, 108, 128, 148, 168, 186, 200]"
299,13,"[2, 0, 1, 2, 4, 2, 4, 4, 4, 4, 4, 3, 3]","[""accelerate"", ""turn_left"", ""turn_right"", ""accelerate"", ""cruise"", ""accelerate"", ""cruise"", ""cruise"", ""cruise"", ""cruise"", ""cruise"", ""decelerate"", ""decelerate""]","[0, 12, 29, 49, 56, 76, 77, 97, 117, 137, 157, 177, 197]","[12, 29, 49, 56, 76, 77, 97, 117, 137, 157, 177, 197, 200]"
300,12,"[2, 1, 2, 0, 0, 0, 0, 0, 4, 4, 3, 2]","[""accelerate"", ""turn_right"", ""accelerate"", ""turn_left"", ""turn_left"", ""turn_left"", ""turn_left"", ""turn_left"", ""cruise"", ""cruise"", ""decelerate"", ""accelerate""]","[0, 11, 18, 36, 56, 75, 94, 113, 131, 151, 171, 186]","[11, 18, 36, 56, 75, 94, 113, 131, 151, 171, 186, 200]"
301,12,"[0, 1, 2, 1, 1, 1, 1, 4, 2, 1, 4, 3]","[""turn_left"", ""turn_right"", ""accelerate"", ""turn_right"", ""turn_right"", ""turn_right"", ""turn_right"", ""cruise"", ""accelerate"", ""turn_right"", ""cruise"", ""decelerate""]","[0, 8, 28, 47, 61, 75, 95, 115, 135, 142, 162, 182]","[8, 28, 47, 61, 75, 95, 115, 135, 142, 162, 182, 200]"
302,15,"[0, 1, 2, 1, 1, 1, 2, 1, 2, 2, 1, 4, 4, 3, 2]","[""turn_left"", ""turn_right"", ""accelerate"", ""turn_right"", ""turn_right"", ""turn_right"", ""accelerate"", ""turn_right"", ""accelerate"", ""accelerate"", ""turn_right"", ""cruise"", ""cruise"", ""decelerate"", ""accelerate""]","[0, 8, 28, 46, 66, 78, 88, 98, 112, 117, 118, 135, 155, 175, 189]","[8, 28, 46, 66, 78, 88, 98, 112, 117, 118, 135, 155, 175, 189, 200]"
303,16,"[2, 2, 2, 2, 2, 1, 1, 1, 1, 1, 1, 2, 4, 4, 3, 4]","[""accelerate"", ""accelerate"", ""accelerate"", ""accelerate"", ""accelerate"", ""turn_right"", ""turn_right"", ""turn_right"", ""turn_right"", ""turn_right"", ""turn_right"", ""accelerate"", ""cruise"", ""cruise"", ""decelerate"", ""cruise""]","[0, 20, 24, 25, 26, 27, 47, 63, 76, 89, 102, 122, 134, 154, 174, 189]","[20, 24, 25, 26, 27, 47, 63, 76, 89, 102, 122, 134, 154, 174, 189, 200]"
304,16,"[2, 2, 1, 1, 1, 1, 2, 2, 2, 1, 2, 4, 3, 4, 2, 4]","[""accelerate"", ""accelerate"", ""turn_right"", ""turn_right"", ""turn_right"", ""turn_right"", ""accelerate"", ""accelerate"", ""accelerate"", ""turn_right"", ""accelerate"", ""cruise"", ""decelerate"", ""cruise"", ""accelerate"", ""cruise""]","[0, 20, 21, 41, 54, 64, 84, 93, 94, 95, 112, 116, 136, 152, 172, 192]","[20, 21, 41, 54, 64, 84, 93, 94, 95, 112, 116, 136, 152, 172, 192, 200]"
305,18,"[2, 2, 2, 2, 1, 2, 2, 1, 1, 1, 2, 2, 3, 4, 4, 2, 4, 4]","[""accelerate"", ""accelerate"", ""accelerate"", ""accelerate"", ""turn_right"", ""accelerate"", ""accelerate"", ""turn_right"", ""turn_right"", ""turn_right"", ""accelerate"", ""accelerate"", ""decelerate"", ""cruise"", ""cruise"", ""accelerate"", ""cruise"", ""cruise""]","[0, 13, 14, 15, 16, 36, 48, 49, 67, 80, 91, 98, 99, 114, 134, 154, 169, 189]","[13, 14, 15, 16, 36, 48, 49, 67, 80, 91, 98, 99, 114, 134, 154, 169, 189, 200]"
306,15,"[0, 1, 2, 1, 1, 2, 1, 2, 1, 1, 4, 3, 4, 2, 3]","[""turn_left"", ""turn_right"", ""accelerate"", ""turn_right"", ""turn_right"", ""accelerate"", ""turn_right"", ""accelerate"", ""turn_right"", ""turn_right"", ""cruise"", ""decelerate"", ""cruise"", ""accelerate"", ""decelerate""]","[0, 9, 29, 42, 60, 72, 80, 94, 100, 114, 126, 146, 156, 176, 191]","[9, 29, 42, 60, 72, 80, 94, 100, 114, 126, 146, 156, 176, 191, 200]"
307,16,"[1, 2, 2, 1, 0, 0, 0, 0, 0, 0, 0, 0, 0, 0, 0, 0]","[""turn_right"", ""accelerate"", ""accelerate"", ""turn_right"", ""turn_left"", ""turn_left"", ""turn_left"", ""turn_left"", ""turn_left"", ""turn_left"", ""turn_left"", ""turn_left"", ""turn_left"", ""turn_left"", ""turn_left"", ""turn_left""]","[0, 2, 22, 34, 51, 68, 82, 94, 106, 118, 130, 143, 160, 168, 173, 185]","[2, 22, 34, 51, 68, 82, 94, 106, 118, 130, 143, 160, 168, 173, 185, 200]"
308,12,"[2, 2, 0, 0, 0, 0, 0, 0, 0, 0, 4, 3]","[""accelerate"", ""accelerate"", ""turn_left"", ""turn_left"", ""turn_left"", ""turn_left"", ""turn_left"", ""turn_left"", ""turn_left"", ""turn_left"", ""cruise"", ""decelerate""]","[0, 20, 23, 43, 63, 82, 100, 117, 132, 146, 166, 186]","[20, 23, 43, 63, 82, 100, 117, 132, 146, 166, 186, 200]"
309,14,"[2, 4, 0, 2, 0, 2, 2, 1, 2, 0, 4, 3, 2, 0]","[""accelerate"", ""cruise"", ""turn_left"", ""accelerate"", ""turn_left"", ""accelerate"", ""accelerate"", ""turn_right"", ""accelerate"", ""turn_left"", ""cruise"", ""decelerate"", ""accelerate"", ""turn_left""]","[0, 12, 32, 52, 60, 80, 86, 87, 100, 104, 124, 144, 157, 177]","[12, 32, 52, 60, 80, 86, 87, 100, 104, 124, 144, 157, 177, 188]"
310,15,"[2, 1, 2, 2, 1, 2, 1, 1, 2, 4, 4, 3, 4, 4, 4]","[""accelerate"", ""turn_right"", ""accelerate"", ""accelerate"", ""turn_right"", ""accelerate"", ""turn_right"", ""turn_right"", ""accelerate"", ""cruise"", ""cruise"", ""decelerate"", ""cruise"", ""cruise"", ""cruise""]","[0, 20, 40, 49, 50, 65, 71, 84, 93, 100, 120, 140, 157, 177, 197]","[20, 40, 49, 50, 65, 71, 84, 93, 100, 120, 140, 157, 177, 197, 200]"
311,11,"[2, 1, 1, 1, 1, 2, 4, 4, 4, 4, 3]","[""accelerate"", ""turn_right"", ""turn_right"", ""turn_right"", ""turn_right"", ""accelerate"", ""cruise"", ""cruise"", ""cruise"", ""cruise"", ""decelerate""]","[0, 20, 39, 59, 79, 99, 106, 126, 146, 166, 186]","[20, 39, 59, 79, 99, 106, 126, 146, 166, 186, 200]"
312,14,"[2, 1, 2, 1, 4, 1, 2, 2, 4, 4, 3, 2, 3, 2]","[""accelerate"", ""turn_right"", ""accelerate"", ""turn_right"", ""cruise"", ""turn_right"", ""accelerate"", ""accelerate"", ""cruise"", ""cruise"", ""decelerate"", ""accelerate"", ""decelerate"", ""accelerate""]","[0, 20, 37, 43, 59, 79, 93, 99, 100, 120, 140, 158, 176, 194]","[20, 37, 43, 59, 79, 93, 99, 100, 120, 140, 158, 176, 194, 200]"
313,13,"[2, 1, 1, 1, 2, 1, 2, 4, 4, 3, 4, 4, 4]","[""accelerate"", ""turn_right"", ""turn_right"", ""turn_right"", ""accelerate"", ""turn_right"", ""accelerate"", ""cruise"", ""cruise"", ""decelerate"", ""cruise"", ""cruise"", ""cruise""]","[0, 20, 37, 55, 75, 81, 97, 101, 121, 141, 158, 178, 198]","[20, 37, 55, 75, 81, 97, 101, 121, 141, 158, 178, 198, 200]"
314,12,"[2, 1, 2, 1, 1, 1, 1, 1, 4, 4, 4, 2]","[""accelerate"", ""turn_right"", ""accelerate"", ""turn_right"", ""turn_right"", ""turn_right"", ""turn_right"", ""turn_right"", ""cruise"", ""cruise"", ""cruise"", ""accelerate""]","[0, 20, 37, 44, 60, 72, 92, 112, 132, 152, 172, 192]","[20, 37, 44, 60, 72, 92, 112, 132, 152, 172, 192, 200]"
315,13,"[1, 2, 2, 0, 0, 0, 0, 0, 0, 3, 2, 4, 4]","[""turn_right"", ""accelerate"", ""accelerate"", ""turn_left"", ""turn_left"", ""turn_left"", ""turn_left"", ""turn_left"", ""turn_left"", ""decelerate"", ""accelerate"", ""cruise"", ""cruise""]","[0, 2, 22, 26, 42, 53, 73, 93, 113, 133, 143, 161, 181]","[2, 22, 26, 42, 53, 73, 93, 113, 133, 143, 161, 181, 200]"
316,13,"[2, 0, 0, 0, 0, 0, 0, 0, 3, 4, 2, 2, 3]","[""accelerate"", ""turn_left"", ""turn_left"", ""turn_left"", ""turn_left"", ""turn_left"", ""turn_left"", ""turn_left"", ""decelerate"", ""cruise"", ""accelerate"", ""accelerate"", ""decelerate""]","[0, 20, 34, 54, 74, 94, 114, 133, 149, 157, 177, 195, 196]","[20, 34, 54, 74, 94, 114, 133, 149, 157, 177, 195, 196, 200]"
317,15,"[4, 2, 1, 0, 2, 0, 0, 0, 0, 0, 0, 0, 0, 0, 0]","[""cruise"", ""accelerate"", ""turn_right"", ""turn_left"", ""accelerate"", ""turn_left"", ""turn_left"", ""turn_left"", ""turn_left"", ""turn_left"", ""turn_left"", ""turn_left"", ""turn_left"", ""turn_left"", ""turn_left""]","[0, 20, 40, 60, 80, 90, 108, 118, 126, 133, 141, 150, 161, 176, 183]","[20, 40, 60, 80, 90, 108, 118, 126, 133, 141, 150, 161, 176, 183, 200]"
318,11,"[2, 0, 0, 0, 0, 0, 0, 0, 0, 4, 4]","[""accelerate"", ""turn_left"", ""turn_left"", ""turn_left"", ""turn_left"", ""turn_left"", ""turn_left"", ""turn_left"", ""turn_left"", ""cruise"", ""cruise""]","[0, 20, 40, 60, 79, 97, 113, 128, 141, 161, 181]","[20, 40, 60, 79, 97, 113, 128, 141, 161, 181, 200]"
319,16,"[0, 1, 2, 2, 2, 1, 1, 2, 1, 1, 1, 2, 2, 4, 4, 0]","[""turn_left"", ""turn_right"", ""accelerate"", ""accelerate"", ""accelerate"", ""turn_right"", ""turn_right"", ""accelerate"", ""turn_right"", ""turn_right"", ""turn_right"", ""accelerate"", ""accelerate"", ""cruise"", ""cruise"", ""turn_left""]","[0, 7, 27, 41, 42, 43, 58, 75, 84, 97, 117, 137, 147, 148, 168, 188]","[7, 27, 41, 42, 43, 58, 75, 84, 97, 117, 137, 147, 148, 168, 188, 200]"
320,14,"[1, 2, 0, 0, 0, 3, 2, 0, 2, 0, 0, 0, 0, 0]","[""turn_right"", ""accelerate"", ""turn_left"", ""turn_left"", ""turn_left"", ""decelerate"", ""accelerate"", ""turn_left"", ""accelerate"", ""turn_left"", ""turn_left"", ""turn_left"", ""turn_left"", ""turn_left""]","[0, 2, 20, 38, 53, 67, 78, 98, 114, 126, 146, 164, 179, 192]","[2, 20, 38, 53, 67, 78, 98, 114, 126, 146, 164, 179, 192, 200]"
321,13,"[1, 2, 0, 0, 0, 0, 0, 0, 3, 2, 0, 0, 0]","[""turn_right"", ""accelerate"", ""turn_left"", ""turn_left"", ""turn_left"", ""turn_left"", ""turn_left"", ""turn_left"", ""decelerate"", ""accelerate"", ""turn_left"", ""turn_left"", ""turn_left""]","[0, 2, 20, 40, 60, 80, 100, 117, 132, 144, 164, 179, 193]","[2, 20, 40, 60, 80, 100, 117, 132, 144, 164, 179, 193, 200]"
322,14,"[1, 2, 0, 0, 0, 0, 0, 0, 0, 0, 0, 0, 0, 1]","[""turn_right"", ""accelerate"", ""turn_left"", ""turn_left"", ""turn_left"", ""turn_left"", ""turn_left"", ""turn_left"", ""turn_left"", ""turn_left"", ""turn_left"", ""turn_left"", ""turn_left"", ""turn_right""]","[0, 2, 19, 39, 59, 79, 99, 117, 133, 147, 160, 177, 186, 191]","[2, 19, 39, 59, 79, 99, 117, 133, 147, 160, 177, 186, 191, 200]"
323,13,"[2, 2, 0, 1, 0, 0, 0, 0, 0, 0, 0, 0, 0]","[""accelerate"", ""accelerate"", ""turn_left"", ""turn_right"", ""turn_left"", ""turn_left"", ""turn_left"", ""turn_left"", ""turn_left"", ""turn_left"", ""turn_left"", ""turn_left"", ""turn_left""]","[0, 20, 21, 41, 54, 73, 93, 113, 133, 152, 169, 184, 197]","[20, 21, 41, 54, 73, 93, 113, 133, 152, 169, 184, 197, 200]"
324,12,"[2, 0, 0, 0, 0, 0, 0, 2, 2, 0, 4, 4]","[""accelerate"", ""turn_left"", ""turn_left"", ""turn_left"", ""turn_left"", ""turn_left"", ""turn_left"", ""accelerate"", ""accelerate"", ""turn_left"", ""cruise"", ""cruise""]","[0, 18, 38, 58, 78, 98, 117, 134, 144, 145, 165, 185]","[18, 38, 58, 78, 98, 117, 134, 144, 145, 165, 185, 200]"
325,14,"[1, 2, 2, 0, 0, 0, 0, 0, 0, 0, 3, 2, 3, 4]","[""turn_right"", ""accelerate"", ""accelerate"", ""turn_left"", ""turn_left"", ""turn_left"", ""turn_left"", ""turn_left"", ""turn_left"", ""turn_left"", ""decelerate"", ""accelerate"", ""decelerate"", ""cruise""]","[0, 2, 17, 18, 38, 56, 74, 91, 108, 127, 147, 159, 177, 197]","[2, 17, 18, 38, 56, 74, 91, 108, 127, 147, 159, 177, 197, 200]"
326,12,"[1, 0, 0, 0, 0, 0, 0, 0, 0, 0, 4, 4]","[""turn_right"", ""turn_left"", ""turn_left"", ""turn_left"", ""turn_left"", ""turn_left"", ""turn_left"", ""turn_left"", ""turn_left"", ""turn_left"", ""cruise"", ""cruise""]","[0, 20, 40, 60, 80, 100, 117, 130, 140, 155, 169, 189]","[20, 40, 60, 80, 100, 117, 130, 140, 155, 169, 189, 200]"
327,15,"[1, 2, 0, 0, 0, 0, 0, 0, 0, 0, 2, 0, 0, 2, 0]","[""turn_right"", ""accelerate"", ""turn_left"", ""turn_left"", ""turn_left"", ""turn_left"", ""turn_left"", ""turn_left"", ""turn_left"", ""turn_left"", ""accelerate"", ""turn_left"", ""turn_left"", ""accelerate"", ""turn_left""]","[0, 2, 20, 40, 60, 80, 100, 117, 128, 136, 143, 154, 168, 174, 194]","[2, 20, 40, 60, 80, 100, 117, 128, 136, 143, 154, 168, 174, 194, 200]"
328,15,"[2, 0, 0, 0, 0, 0, 0, 0, 0, 0, 0, 0, 0, 0, 0]","[""accelerate"", ""turn_left"", ""turn_left"", ""turn_left"", ""turn_left"", ""turn_left"", ""turn_left"", ""turn_left"", ""turn_left"", ""turn_left"", ""turn_left"", ""turn_left"", ""turn_left"", ""turn_left"", ""turn_left""]","[0, 20, 40, 60, 80, 100, 119, 131, 139, 146, 152, 159, 167, 177, 191]","[20, 40, 60, 80, 100, 119, 131, 139, 146, 152, 159, 167, 177, 191, 200]"
329,15,"[2, 0, 0, 0, 0, 0, 0, 0, 0, 0, 0, 0, 0, 0, 0]","[""accelerate"", ""turn_left"", ""turn_left"", ""turn_left"", ""turn_left"", ""turn_left"", ""turn_left"", ""turn_left"", ""turn_left"", ""turn_left"", ""turn_left"", ""turn_left"", ""turn_left"", ""turn_left"", ""turn_left""]","[0, 17, 37, 57, 77, 97, 117, 137, 157, 171, 179, 184, 188, 192, 197]","[17, 37, 57, 77, 97, 117, 137, 157, 171, 179, 184, 188, 192, 197, 200]"
330,15,"[2, 0, 0, 0, 0, 0, 0, 0, 0, 0, 0, 0, 0, 0, 0]","[""accelerate"", ""turn_left"", ""turn_left"", ""turn_left"", ""turn_left"", ""turn_left"", ""turn_left"", ""turn_left"", ""turn_left"", ""turn_left"", ""turn_left"", ""turn_left"", ""turn_left"", ""turn_left"", ""turn_left""]","[0, 17, 37, 57, 77, 97, 117, 134, 144, 152, 158, 164, 171, 179, 190]","[17, 37, 57, 77, 97, 117, 134, 144, 152, 158, 164, 171, 179, 190, 200]"
331,16,"[2, 0, 0, 0, 0, 0, 0, 0, 0, 0, 0, 0, 0, 0, 0, 0]","[""accelerate"", ""turn_left"", ""turn_left"", ""turn_left"", ""turn_left"", ""turn_left"", ""turn_left"", ""turn_left"", ""turn_left"", ""turn_left"", ""turn_left"", ""turn_left"", ""turn_left"", ""turn_left"", ""turn_left"", ""turn_left""]","[0, 16, 36, 56, 76, 96, 116, 136, 156, 172, 178, 182, 185, 188, 191, 196]","[16, 36, 56, 76, 96, 116, 136, 156, 172, 178, 182, 185, 188, 191, 196, 200]"
332,15,"[4, 2, 0, 0, 0, 0, 0, 0, 0, 0, 0, 0, 0, 0, 0]","[""cruise"", ""accelerate"", ""turn_left"", ""turn_left"", ""turn_left"", ""turn_left"", ""turn_left"", ""turn_left"", ""turn_left"", ""turn_left"", ""turn_left"", ""turn_left"", ""turn_left"", ""turn_left"", ""turn_left""]","[0, 20, 36, 56, 76, 96, 116, 136, 155, 165, 171, 176, 181, 186, 193]","[20, 36, 56, 76, 96, 116, 136, 155, 165, 171, 176, 181, 186, 193, 200]"
333,13,"[2, 0, 0, 0, 0, 0, 0, 0, 0, 0, 2, 0, 0]","[""accelerate"", ""turn_left"", ""turn_left"", ""turn_left"", ""turn_left"", ""turn_left"", ""turn_left"", ""turn_left"", ""turn_left"", ""turn_left"", ""accelerate"", ""turn_left"", ""turn_left""]","[0, 16, 36, 56, 76, 96, 116, 136, 147, 154, 159, 179, 189]","[16, 36, 56, 76, 96, 116, 136, 147, 154, 159, 179, 189, 200]"
334,12,"[2, 0, 2, 0, 0, 0, 0, 4, 3, 2, 4, 4]","[""accelerate"", ""turn_left"", ""accelerate"", ""turn_left"", ""turn_left"", ""turn_left"", ""turn_left"", ""cruise"", ""decelerate"", ""accelerate"", ""cruise"", ""cruise""]","[0, 18, 38, 52, 72, 92, 112, 128, 148, 154, 170, 190]","[18, 38, 52, 72, 92, 112, 128, 148, 154, 170, 190, 200]"
335,12,"[1, 0, 0, 0, 0, 0, 0, 0, 1, 4, 2, 3]","[""turn_right"", ""turn_left"", ""turn_left"", ""turn_left"", ""turn_left"", ""turn_left"", ""turn_left"", ""turn_left"", ""turn_right"", ""cruise"", ""accelerate"", ""decelerate""]","[0, 20, 32, 46, 66, 86, 105, 120, 134, 154, 174, 187]","[20, 32, 46, 66, 86, 105, 120, 134, 154, 174, 187, 200]"
336,16,"[1, 1, 0, 0, 0, 3, 2, 0, 0, 0, 0, 0, 0, 0, 0, 0]","[""turn_right"", ""turn_right"", ""turn_left"", ""turn_left"", ""turn_left"", ""decelerate"", ""accelerate"", ""turn_left"", ""turn_left"", ""turn_left"", ""turn_left"", ""turn_left"", ""turn_left"", ""turn_left"", ""turn_left"", ""turn_left""]","[0, 20, 26, 46, 61, 74, 84, 104, 121, 137, 150, 161, 170, 178, 185, 193]","[20, 26, 46, 61, 74, 84, 104, 121, 137, 150, 161, 170, 178, 185, 193, 200]"
337,14,"[1, 0, 2, 0, 0, 0, 0, 0, 0, 0, 3, 2, 4, 3]","[""turn_right"", ""turn_left"", ""accelerate"", ""turn_left"", ""turn_left"", ""turn_left"", ""turn_left"", ""turn_left"", ""turn_left"", ""turn_left"", ""decelerate"", ""accelerate"", ""cruise"", ""decelerate""]","[0, 7, 11, 31, 44, 55, 71, 91, 110, 126, 143, 156, 176, 196]","[7, 11, 31, 44, 55, 71, 91, 110, 126, 143, 156, 176, 196, 200]"
338,12,"[2, 0, 0, 0, 0, 0, 0, 0, 0, 2, 4, 4]","[""accelerate"", ""turn_left"", ""turn_left"", ""turn_left"", ""turn_left"", ""turn_left"", ""turn_left"", ""turn_left"", ""turn_left"", ""accelerate"", ""cruise"", ""cruise""]","[0, 20, 39, 51, 71, 91, 111, 131, 148, 162, 170, 190]","[20, 39, 51, 71, 91, 111, 131, 148, 162, 170, 190, 200]"
339,11,"[2, 0, 0, 0, 0, 0, 0, 0, 4, 2, 3]","[""accelerate"", ""turn_left"", ""turn_left"", ""turn_left"", ""turn_left"", ""turn_left"", ""turn_left"", ""turn_left"", ""cruise"", ""accelerate"", ""decelerate""]","[0, 20, 38, 58, 78, 98, 118, 138, 157, 177, 185]","[20, 38, 58, 78, 98, 118, 138, 157, 177, 185, 200]"
340,14,"[1, 1, 0, 0, 0, 0, 0, 0, 2, 2, 4, 4, 4, 4]","[""turn_right"", ""turn_right"", ""turn_left"", ""turn_left"", ""turn_left"", ""turn_left"", ""turn_left"", ""turn_left"", ""accelerate"", ""accelerate"", ""cruise"", ""cruise"", ""cruise"", ""cruise""]","[0, 7, 15, 35, 55, 75, 95, 110, 123, 131, 132, 152, 172, 192]","[7, 15, 35, 55, 75, 95, 110, 123, 131, 132, 152, 172, 192, 200]"
341,11,"[2, 1, 4, 1, 4, 1, 4, 4, 4, 3, 2]","[""accelerate"", ""turn_right"", ""cruise"", ""turn_right"", ""cruise"", ""turn_right"", ""cruise"", ""cruise"", ""cruise"", ""decelerate"", ""accelerate""]","[0, 20, 36, 56, 75, 95, 115, 135, 155, 175, 195]","[20, 36, 56, 75, 95, 115, 135, 155, 175, 195, 200]"
342,15,"[1, 0, 2, 0, 0, 0, 0, 0, 0, 2, 2, 2, 1, 4, 4]","[""turn_right"", ""turn_left"", ""accelerate"", ""turn_left"", ""turn_left"", ""turn_left"", ""turn_left"", ""turn_left"", ""turn_left"", ""accelerate"", ""accelerate"", ""accelerate"", ""turn_right"", ""cruise"", ""cruise""]","[0, 6, 14, 34, 54, 69, 83, 96, 116, 136, 145, 146, 147, 167, 187]","[6, 14, 34, 54, 69, 83, 96, 116, 136, 145, 146, 147, 167, 187, 200]"
343,14,"[1, 1, 3, 2, 0, 0, 0, 0, 0, 0, 4, 2, 1, 3]","[""turn_right"", ""turn_right"", ""decelerate"", ""accelerate"", ""turn_left"", ""turn_left"", ""turn_left"", ""turn_left"", ""turn_left"", ""turn_left"", ""cruise"", ""accelerate"", ""turn_right"", ""decelerate""]","[0, 6, 13, 22, 42, 62, 76, 88, 102, 122, 142, 162, 170, 189]","[6, 13, 22, 42, 62, 76, 88, 102, 122, 142, 162, 170, 189, 200]"
344,13,"[1, 2, 0, 0, 0, 0, 0, 0, 1, 0, 4, 4, 4]","[""turn_right"", ""accelerate"", ""turn_left"", ""turn_left"", ""turn_left"", ""turn_left"", ""turn_left"", ""turn_left"", ""turn_right"", ""turn_left"", ""cruise"", ""cruise"", ""cruise""]","[0, 5, 22, 42, 56, 68, 88, 108, 128, 140, 152, 172, 192]","[5, 22, 42, 56, 68, 88, 108, 128, 140, 152, 172, 192, 200]"
345,14,"[0, 1, 1, 2, 0, 0, 0, 0, 0, 0, 0, 0, 4, 4]","[""turn_left"", ""turn_right"", ""turn_right"", ""accelerate"", ""turn_left"", ""turn_left"", ""turn_left"", ""turn_left"", ""turn_left"", ""turn_left"", ""turn_left"", ""turn_left"", ""cruise"", ""cruise""]","[0, 3, 9, 12, 30, 50, 66, 78, 88, 108, 128, 148, 167, 187]","[3, 9, 12, 30, 50, 66, 78, 88, 108, 128, 148, 167, 187, 200]"
346,11,"[2, 0, 0, 0, 0, 0, 0, 0, 4, 4, 4]","[""accelerate"", ""turn_left"", ""turn_left"", ""turn_left"", ""turn_left"", ""turn_left"", ""turn_left"", ""turn_left"", ""cruise"", ""cruise"", ""cruise""]","[0, 18, 38, 54, 67, 87, 107, 127, 145, 165, 185]","[18, 38, 54, 67, 87, 107, 127, 145, 165, 185, 200]"
347,12,"[2, 0, 0, 0, 0, 0, 0, 0, 0, 4, 4, 4]","[""accelerate"", ""turn_left"", ""turn_left"", ""turn_left"", ""turn_left"", ""turn_left"", ""turn_left"", ""turn_left"", ""turn_left"", ""cruise"", ""cruise"", ""cruise""]","[0, 18, 38, 54, 67, 78, 98, 118, 138, 157, 177, 197]","[18, 38, 54, 67, 78, 98, 118, 138, 157, 177, 197, 200]"
348,15,"[1, 1, 2, 2, 2, 0, 0, 0, 0, 0, 0, 0, 4, 4, 4]","[""turn_right"", ""turn_right"", ""accelerate"", ""accelerate"", ""accelerate"", ""turn_left"", ""turn_left"", ""turn_left"", ""turn_left"", ""turn_left"", ""turn_left"", ""turn_left"", ""cruise"", ""cruise"", ""cruise""]","[0, 5, 11, 20, 21, 22, 42, 59, 72, 84, 104, 124, 144, 164, 184]","[5, 11, 20, 21, 22, 42, 59, 72, 84, 104, 124, 144, 164, 184, 200]"
349,13,"[2, 0, 0, 0, 0, 0, 0, 0, 2, 2, 0, 4, 4]","[""accelerate"", ""turn_left"", ""turn_left"", ""turn_left"", ""turn_left"", ""turn_left"", ""turn_left"", ""turn_left"", ""accelerate"", ""accelerate"", ""turn_left"", ""cruise"", ""cruise""]","[0, 17, 37, 54, 68, 80, 100, 120, 140, 149, 150, 163, 183]","[17, 37, 54, 68, 80, 100, 120, 140, 149, 150, 163, 183, 200]"
350,12,"[1, 2, 0, 0, 0, 0, 0, 0, 0, 4, 4, 4]","[""turn_right"", ""accelerate"", ""turn_left"", ""turn_left"", ""turn_left"", ""turn_left"", ""turn_left"", ""turn_left"", ""turn_left"", ""cruise"", ""cruise"", ""cruise""]","[0, 5, 23, 39, 53, 72, 92, 112, 132, 152, 172, 192]","[5, 23, 39, 53, 72, 92, 112, 132, 152, 172, 192, 200]"
351,12,"[2, 0, 0, 0, 0, 0, 0, 0, 2, 4, 4, 4]","[""accelerate"", ""turn_left"", ""turn_left"", ""turn_left"", ""turn_left"", ""turn_left"", ""turn_left"", ""turn_left"", ""accelerate"", ""cruise"", ""cruise"", ""cruise""]","[0, 18, 36, 50, 63, 83, 103, 123, 143, 151, 171, 191]","[18, 36, 50, 63, 83, 103, 123, 143, 151, 171, 191, 200]"
352,13,"[1, 2, 2, 0, 0, 0, 0, 0, 0, 0, 4, 4, 4]","[""turn_right"", ""accelerate"", ""accelerate"", ""turn_left"", ""turn_left"", ""turn_left"", ""turn_left"", ""turn_left"", ""turn_left"", ""turn_left"", ""cruise"", ""cruise"", ""cruise""]","[0, 5, 22, 23, 41, 55, 68, 88, 108, 128, 148, 168, 188]","[5, 22, 23, 41, 55, 68, 88, 108, 128, 148, 168, 188, 200]"
353,11,"[2, 0, 0, 0, 0, 0, 0, 0, 3, 4, 4]","[""accelerate"", ""turn_left"", ""turn_left"", ""turn_left"", ""turn_left"", ""turn_left"", ""turn_left"", ""turn_left"", ""decelerate"", ""cruise"", ""cruise""]","[0, 17, 33, 47, 67, 87, 107, 127, 147, 160, 180]","[17, 33, 47, 67, 87, 107, 127, 147, 160, 180, 200]"
354,16,"[1, 2, 0, 0, 0, 0, 0, 0, 0, 0, 0, 0, 0, 2, 0, 0]","[""turn_right"", ""accelerate"", ""turn_left"", ""turn_left"", ""turn_left"", ""turn_left"", ""turn_left"", ""turn_left"", ""turn_left"", ""turn_left"", ""turn_left"", ""turn_left"", ""turn_left"", ""accelerate"", ""turn_left"", ""turn_left""]","[0, 5, 18, 38, 58, 78, 98, 117, 128, 134, 139, 145, 152, 159, 179, 190]","[5, 18, 38, 58, 78, 98, 117, 128, 134, 139, 145, 152, 159, 179, 190, 200]"
355,16,"[1, 2, 3, 0, 0, 0, 0, 0, 0, 0, 0, 0, 0, 2, 0, 0]","[""turn_right"", ""accelerate"", ""decelerate"", ""turn_left"", ""turn_left"", ""turn_left"", ""turn_left"", ""turn_left"", ""turn_left"", ""turn_left"", ""turn_left"", ""turn_left"", ""turn_left"", ""accelerate"", ""turn_left"", ""turn_left""]","[0, 4, 17, 37, 48, 61, 80, 100, 118, 130, 138, 145, 153, 165, 182, 196]","[4, 17, 37, 48, 61, 80, 100, 118, 130, 138, 145, 153, 165, 182, 196, 200]"
356,15,"[1, 2, 0, 0, 0, 0, 0, 0, 0, 0, 0, 2, 0, 1, 0]","[""turn_right"", ""accelerate"", ""turn_left"", ""turn_left"", ""turn_left"", ""turn_left"", ""turn_left"", ""turn_left"", ""turn_left"", ""turn_left"", ""turn_left"", ""accelerate"", ""turn_left"", ""turn_right"", ""turn_left""]","[0, 4, 15, 35, 55, 74, 90, 103, 113, 122, 130, 150, 170, 183, 192]","[4, 15, 35, 55, 74, 90, 103, 113, 122, 130, 150, 170, 183, 192, 200]"
357,12,"[2, 0, 0, 0, 0, 0, 0, 0, 0, 3, 4, 4]","[""accelerate"", ""turn_left"", ""turn_left"", ""turn_left"", ""turn_left"", ""turn_left"", ""turn_left"", ""turn_left"", ""turn_left"", ""decelerate"", ""cruise"", ""cruise""]","[0, 20, 40, 59, 75, 90, 103, 123, 143, 163, 175, 195]","[20, 40, 59, 75, 90, 103, 123, 143, 163, 175, 195, 200]"
358,14,"[1, 1, 1, 1, 0, 0, 0, 0, 0, 0, 0, 0, 0, 0]","[""turn_right"", ""turn_right"", ""turn_right"", ""turn_right"", ""turn_left"", ""turn_left"", ""turn_left"", ""turn_left"", ""turn_left"", ""turn_left"", ""turn_left"", ""turn_left"", ""turn_left"", ""turn_left""]","[0, 4, 9, 19, 35, 54, 72, 88, 103, 117, 130, 143, 163, 183]","[4, 9, 19, 35, 54, 72, 88, 103, 117, 130, 143, 163, 183, 200]"
359,15,"[2, 1, 0, 0, 0, 0, 0, 0, 0, 0, 0, 0, 0, 0, 0]","[""accelerate"", ""turn_right"", ""turn_left"", ""turn_left"", ""turn_left"", ""turn_left"", ""turn_left"", ""turn_left"", ""turn_left"", ""turn_left"", ""turn_left"", ""turn_left"", ""turn_left"", ""turn_left"", ""turn_left""]","[0, 18, 35, 55, 73, 89, 103, 116, 128, 140, 152, 164, 174, 177, 188]","[18, 35, 55, 73, 89, 103, 116, 128, 140, 152, 164, 174, 177, 188, 200]"
360,17,"[1, 1, 2, 2, 0, 0, 0, 0, 0, 0, 0, 0, 2, 0, 0, 0, 3]","[""turn_right"", ""turn_right"", ""accelerate"", ""accelerate"", ""turn_left"", ""turn_left"", ""turn_left"", ""turn_left"", ""turn_left"", ""turn_left"", ""turn_left"", ""turn_left"", ""accelerate"", ""turn_left"", ""turn_left"", ""turn_left"", ""decelerate""]","[0, 5, 11, 21, 22, 42, 62, 79, 93, 104, 113, 121, 141, 161, 175, 185, 194]","[5, 11, 21, 22, 42, 62, 79, 93, 104, 113, 121, 141, 161, 175, 185, 194, 200]"
361,13,"[1, 1, 0, 2, 0, 0, 0, 0, 0, 0, 4, 4, 4]","[""turn_right"", ""turn_right"", ""turn_left"", ""accelerate"", ""turn_left"", ""turn_left"", ""turn_left"", ""turn_left"", ""turn_left"", ""turn_left"", ""cruise"", ""cruise"", ""cruise""]","[0, 5, 11, 31, 42, 62, 77, 94, 114, 134, 154, 174, 194]","[5, 11, 31, 42, 62, 77, 94, 114, 134, 154, 174, 194, 200]"
362,11,"[2, 0, 0, 0, 0, 0, 0, 0, 0, 4, 4]","[""accelerate"", ""turn_left"", ""turn_left"", ""turn_left"", ""turn_left"", ""turn_left"", ""turn_left"", ""turn_left"", ""turn_left"", ""cruise"", ""cruise""]","[0, 18, 38, 53, 67, 80, 100, 120, 140, 160, 180]","[18, 38, 53, 67, 80, 100, 120, 140, 160, 180, 200]"
363,16,"[0, 4, 1, 2, 1, 0, 0, 0, 0, 0, 0, 0, 0, 0, 0, 0]","[""turn_left"", ""cruise"", ""turn_right"", ""accelerate"", ""turn_right"", ""turn_left"", ""turn_left"", ""turn_left"", ""turn_left"", ""turn_left"", ""turn_left"", ""turn_left"", ""turn_left"", ""turn_left"", ""turn_left"", ""turn_left""]","[0, 2, 22, 25, 42, 60, 80, 97, 112, 126, 139, 151, 163, 175, 188, 198]","[2, 22, 25, 42, 60, 80, 97, 112, 126, 139, 151, 163, 175, 188, 198, 200]"
364,13,"[2, 1, 1, 0, 0, 0, 0, 0, 0, 0, 3, 2, 1]","[""accelerate"", ""turn_right"", ""turn_right"", ""turn_left"", ""turn_left"", ""turn_left"", ""turn_left"", ""turn_left"", ""turn_left"", ""turn_left"", ""decelerate"", ""accelerate"", ""turn_right""]","[0, 14, 28, 38, 58, 75, 89, 101, 112, 132, 152, 162, 182]","[14, 28, 38, 58, 75, 89, 101, 112, 132, 152, 162, 182, 200]"
365,14,"[0, 1, 2, 2, 1, 1, 4, 4, 4, 1, 4, 4, 3, 4]","[""turn_left"", ""turn_right"", ""accelerate"", ""accelerate"", ""turn_right"", ""turn_right"", ""cruise"", ""cruise"", ""cruise"", ""turn_right"", ""cruise"", ""cruise"", ""decelerate"", ""cruise""]","[0, 3, 10, 30, 32, 52, 65, 85, 105, 125, 138, 158, 178, 190]","[3, 10, 30, 32, 52, 65, 85, 105, 125, 138, 158, 178, 190, 193]"
366,13,"[1, 4, 2, 0, 0, 0, 0, 0, 2, 3, 2, 4, 1]","[""turn_right"", ""cruise"", ""accelerate"", ""turn_left"", ""turn_left"", ""turn_left"", ""turn_left"", ""turn_left"", ""accelerate"", ""decelerate"", ""accelerate"", ""cruise"", ""turn_right""]","[0, 5, 25, 45, 60, 73, 89, 107, 123, 130, 150, 164, 184]","[5, 25, 45, 60, 73, 89, 107, 123, 130, 150, 164, 184, 200]"
367,13,"[1, 2, 0, 0, 0, 0, 0, 0, 0, 3, 2, 4, 3]","[""turn_right"", ""accelerate"", ""turn_left"", ""turn_left"", ""turn_left"", ""turn_left"", ""turn_left"", ""turn_left"", ""turn_left"", ""decelerate"", ""accelerate"", ""cruise"", ""decelerate""]","[0, 5, 25, 43, 57, 70, 89, 109, 129, 148, 159, 174, 194]","[5, 25, 43, 57, 70, 89, 109, 129, 148, 159, 174, 194, 200]"
368,14,"[1, 1, 1, 4, 0, 0, 0, 0, 0, 3, 4, 4, 4, 4]","[""turn_right"", ""turn_right"", ""turn_right"", ""cruise"", ""turn_left"", ""turn_left"", ""turn_left"", ""turn_left"", ""turn_left"", ""decelerate"", ""cruise"", ""cruise"", ""cruise"", ""cruise""]","[0, 5, 10, 21, 41, 61, 79, 96, 111, 126, 134, 154, 174, 194]","[5, 10, 21, 41, 61, 79, 96, 111, 126, 134, 154, 174, 194, 200]"
369,13,"[0, 2, 1, 1, 4, 1, 4, 4, 4, 3, 4, 4, 4]","[""turn_left"", ""accelerate"", ""turn_right"", ""turn_right"", ""cruise"", ""turn_right"", ""cruise"", ""cruise"", ""cruise"", ""decelerate"", ""cruise"", ""cruise"", ""cruise""]","[0, 3, 22, 35, 52, 72, 84, 104, 124, 144, 159, 179, 199]","[3, 22, 35, 52, 72, 84, 104, 124, 144, 159, 179, 199, 200]"
370,14,"[1, 1, 4, 2, 0, 0, 0, 0, 0, 0, 4, 1, 4, 4]","[""turn_right"", ""turn_right"", ""cruise"", ""accelerate"", ""turn_left"", ""turn_left"", ""turn_left"", ""turn_left"", ""turn_left"", ""turn_left"", ""cruise"", ""turn_right"", ""cruise"", ""cruise""]","[0, 5, 11, 31, 51, 67, 80, 91, 108, 127, 144, 164, 176, 196]","[5, 11, 31, 51, 67, 80, 91, 108, 127, 144, 164, 176, 196, 200]"
371,12,"[2, 0, 0, 0, 0, 0, 0, 0, 4, 4, 1, 4]","[""accelerate"", ""turn_left"", ""turn_left"", ""turn_left"", ""turn_left"", ""turn_left"", ""turn_left"", ""turn_left"", ""cruise"", ""cruise"", ""turn_right"", ""cruise""]","[0, 18, 38, 53, 66, 86, 106, 126, 146, 166, 186, 198]","[18, 38, 53, 66, 86, 106, 126, 146, 166, 186, 198, 200]"
372,13,"[1, 2, 2, 0, 0, 0, 0, 0, 0, 0, 0, 4, 4]","[""turn_right"", ""accelerate"", ""accelerate"", ""turn_left"", ""turn_left"", ""turn_left"", ""turn_left"", ""turn_left"", ""turn_left"", ""turn_left"", ""turn_left"", ""cruise"", ""cruise""]","[0, 5, 21, 22, 42, 58, 72, 85, 105, 125, 145, 165, 185]","[5, 21, 22, 42, 58, 72, 85, 105, 125, 145, 165, 185, 200]"
373,12,"[1, 2, 0, 0, 0, 0, 0, 0, 0, 0, 4, 4]","[""turn_right"", ""accelerate"", ""turn_left"", ""turn_left"", ""turn_left"", ""turn_left"", ""turn_left"", ""turn_left"", ""turn_left"", ""turn_left"", ""cruise"", ""cruise""]","[0, 4, 19, 39, 56, 70, 83, 103, 123, 143, 163, 183]","[4, 19, 39, 56, 70, 83, 103, 123, 143, 163, 183, 200]"
374,13,"[1, 0, 2, 0, 0, 0, 0, 0, 0, 0, 0, 0, 4]","[""turn_right"", ""turn_left"", ""accelerate"", ""turn_left"", ""turn_left"", ""turn_left"", ""turn_left"", ""turn_left"", ""turn_left"", ""turn_left"", ""turn_left"", ""turn_left"", ""cruise""]","[0, 4, 13, 30, 50, 67, 81, 94, 106, 126, 146, 166, 186]","[4, 13, 30, 50, 67, 81, 94, 106, 126, 146, 166, 186, 200]"
375,11,"[2, 0, 0, 0, 0, 0, 0, 0, 0, 4, 4]","[""accelerate"", ""turn_left"", ""turn_left"", ""turn_left"", ""turn_left"", ""turn_left"", ""turn_left"", ""turn_left"", ""turn_left"", ""cruise"", ""cruise""]","[0, 18, 38, 55, 69, 81, 101, 121, 141, 161, 181]","[18, 38, 55, 69, 81, 101, 121, 141, 161, 181, 200]"
376,13,"[4, 1, 1, 2, 0, 0, 0, 0, 0, 0, 0, 4, 4]","[""cruise"", ""turn_right"", ""turn_right"", ""accelerate"", ""turn_left"", ""turn_left"", ""turn_left"", ""turn_left"", ""turn_left"", ""turn_left"", ""turn_left"", ""cruise"", ""cruise""]","[0, 20, 23, 28, 37, 57, 73, 87, 100, 120, 140, 160, 180]","[20, 23, 28, 37, 57, 73, 87, 100, 120, 140, 160, 180, 200]"
377,13,"[1, 2, 0, 0, 0, 0, 0, 0, 0, 0, 4, 3, 2]","[""turn_right"", ""accelerate"", ""turn_left"", ""turn_left"", ""turn_left"", ""turn_left"", ""turn_left"", ""turn_left"", ""turn_left"", ""turn_left"", ""cruise"", ""decelerate"", ""accelerate""]","[0, 4, 17, 37, 54, 68, 81, 101, 121, 141, 161, 181, 195]","[4, 17, 37, 54, 68, 81, 101, 121, 141, 161, 181, 195, 200]"
378,13,"[1, 2, 0, 0, 0, 0, 0, 0, 0, 0, 4, 3, 4]","[""turn_right"", ""accelerate"", ""turn_left"", ""turn_left"", ""turn_left"", ""turn_left"", ""turn_left"", ""turn_left"", ""turn_left"", ""turn_left"", ""cruise"", ""decelerate"", ""cruise""]","[0, 4, 17, 37, 54, 68, 80, 100, 120, 140, 160, 180, 194]","[4, 17, 37, 54, 68, 80, 100, 120, 140, 160, 180, 194, 200]"
379,12,"[1, 2, 0, 0, 0, 0, 0, 0, 0, 0, 4, 4]","[""turn_right"", ""accelerate"", ""turn_left"", ""turn_left"", ""turn_left"", ""turn_left"", ""turn_left"", ""turn_left"", ""turn_left"", ""turn_left"", ""cruise"", ""cruise""]","[0, 4, 17, 37, 54, 68, 81, 101, 121, 141, 161, 181]","[4, 17, 37, 54, 68, 81, 101, 121, 141, 161, 181, 200]"
380,13,"[1, 2, 0, 0, 0, 0, 0, 0, 0, 0, 4, 1, 3]","[""turn_right"", ""accelerate"", ""turn_left"", ""turn_left"", ""turn_left"", ""turn_left"", ""turn_left"", ""turn_left"", ""turn_left"", ""turn_left"", ""cruise"", ""turn_right"", ""decelerate""]","[0, 4, 17, 37, 54, 68, 81, 101, 121, 141, 161, 181, 191]","[4, 17, 37, 54, 68, 81, 101, 121, 141, 161, 181, 191, 200]"
381,15,"[2, 2, 1, 2, 0, 0, 0, 0, 0, 4, 4, 3, 4, 4, 2]","[""accelerate"", ""accelerate"", ""turn_right"", ""accelerate"", ""turn_left"", ""turn_left"", ""turn_left"", ""turn_left"", ""turn_left"", ""cruise"", ""cruise"", ""decelerate"", ""cruise"", ""cruise"", ""accelerate""]","[0, 13, 14, 29, 33, 52, 66, 78, 90, 102, 122, 142, 150, 170, 190]","[13, 14, 29, 33, 52, 66, 78, 90, 102, 122, 142, 150, 170, 190, 200]"
382,13,"[1, 1, 2, 0, 0, 0, 0, 0, 0, 0, 0, 3, 4]","[""turn_right"", ""turn_right"", ""accelerate"", ""turn_left"", ""turn_left"", ""turn_left"", ""turn_left"", ""turn_left"", ""turn_left"", ""turn_left"", ""turn_left"", ""decelerate"", ""cruise""]","[0, 3, 6, 17, 37, 52, 65, 85, 105, 125, 145, 163, 183]","[3, 6, 17, 37, 52, 65, 85, 105, 125, 145, 163, 183, 200]"
383,14,"[2, 4, 1, 1, 0, 0, 0, 0, 0, 0, 0, 0, 0, 0]","[""accelerate"", ""cruise"", ""turn_right"", ""turn_right"", ""turn_left"", ""turn_left"", ""turn_left"", ""turn_left"", ""turn_left"", ""turn_left"", ""turn_left"", ""turn_left"", ""turn_left"", ""turn_left""]","[0, 14, 34, 45, 61, 81, 97, 110, 121, 131, 140, 150, 161, 181]","[14, 34, 45, 61, 81, 97, 110, 121, 131, 140, 150, 161, 181, 200]"
384,5,"[2, 2, 2, 2, 1]","[""accelerate"", ""accelerate"", ""accelerate"", ""accelerate"", ""turn_right""]","[0, 12, 13, 14, 15]","[12, 13, 14, 15, 31]"
385,15,"[2, 1, 2, 2, 0, 0, 1, 4, 4, 3, 2, 4, 0, 0, 0]","[""accelerate"", ""turn_right"", ""accelerate"", ""accelerate"", ""turn_left"", ""turn_left"", ""turn_right"", ""cruise"", ""cruise"", ""decelerate"", ""accelerate"", ""cruise"", ""turn_left"", ""turn_left"", ""turn_left""]","[0, 11, 19, 27, 28, 48, 60, 71, 91, 111, 121, 141, 161, 176, 191]","[11, 19, 27, 28, 48, 60, 71, 91, 111, 121, 141, 161, 176, 191, 200]"
386,14,"[2, 2, 2, 0, 2, 0, 0, 0, 0, 0, 0, 4, 4, 4]","[""accelerate"", ""accelerate"", ""accelerate"", ""turn_left"", ""accelerate"", ""turn_left"", ""turn_left"", ""turn_left"", ""turn_left"", ""turn_left"", ""turn_left"", ""cruise"", ""cruise"", ""cruise""]","[0, 12, 13, 14, 34, 48, 68, 86, 104, 122, 139, 155, 175, 195]","[12, 13, 14, 34, 48, 68, 86, 104, 122, 139, 155, 175, 195, 200]"
387,13,"[0, 4, 2, 2, 1, 4, 3, 2, 1, 4, 4, 4, 0]","[""turn_left"", ""cruise"", ""accelerate"", ""accelerate"", ""turn_right"", ""cruise"", ""decelerate"", ""accelerate"", ""turn_right"", ""cruise"", ""cruise"", ""cruise"", ""turn_left""]","[0, 3, 23, 43, 49, 63, 83, 93, 111, 123, 143, 163, 183]","[3, 23, 43, 49, 63, 83, 93, 111, 123, 143, 163, 183, 200]"
388,4,"[2, 2, 2, 1]","[""accelerate"", ""accelerate"", ""accelerate"", ""turn_right""]","[0, 11, 12, 13]","[11, 12, 13, 32]"
389,16,"[1, 2, 2, 2, 1, 0, 0, 0, 0, 3, 2, 0, 0, 0, 0, 0]","[""turn_right"", ""accelerate"", ""accelerate"", ""accelerate"", ""turn_right"", ""turn_left"", ""turn_left"", ""turn_left"", ""turn_left"", ""decelerate"", ""accelerate"", ""turn_left"", ""turn_left"", ""turn_left"", ""turn_left"", ""turn_left""]","[0, 4, 16, 17, 18, 36, 50, 63, 77, 92, 112, 130, 147, 160, 173, 186]","[4, 16, 17, 18, 36, 50, 63, 77, 92, 112, 130, 147, 160, 173, 186, 200]"
390,14,"[1, 2, 0, 0, 0, 0, 0, 0, 0, 4, 3, 2, 2, 3]","[""turn_right"", ""accelerate"", ""turn_left"", ""turn_left"", ""turn_left"", ""turn_left"", ""turn_left"", ""turn_left"", ""turn_left"", ""cruise"", ""decelerate"", ""accelerate"", ""accelerate"", ""decelerate""]","[0, 3, 17, 33, 46, 66, 86, 106, 126, 144, 164, 176, 196, 198]","[3, 17, 33, 46, 66, 86, 106, 126, 144, 164, 176, 196, 198, 200]"
391,15,"[2, 2, 1, 0, 0, 0, 0, 0, 0, 4, 4, 1, 4, 4, 0]","[""accelerate"", ""accelerate"", ""turn_right"", ""turn_left"", ""turn_left"", ""turn_left"", ""turn_left"", ""turn_left"", ""turn_left"", ""cruise"", ""cruise"", ""turn_right"", ""cruise"", ""cruise"", ""turn_left""]","[0, 13, 14, 19, 39, 57, 71, 85, 98, 111, 131, 151, 158, 178, 198]","[13, 14, 19, 39, 57, 71, 85, 98, 111, 131, 151, 158, 178, 198, 200]"
392,19,"[2, 2, 2, 2, 1, 2, 0, 0, 0, 0, 2, 3, 4, 2, 2, 3, 2, 0, 4]","[""accelerate"", ""accelerate"", ""accelerate"", ""accelerate"", ""turn_right"", ""accelerate"", ""turn_left"", ""turn_left"", ""turn_left"", ""turn_left"", ""accelerate"", ""decelerate"", ""cruise"", ""accelerate"", ""accelerate"", ""decelerate"", ""accelerate"", ""turn_left"", ""cruise""]","[0, 12, 13, 14, 15, 19, 23, 43, 55, 66, 77, 86, 106, 126, 143, 144, 164, 181, 199]","[12, 13, 14, 15, 19, 23, 43, 55, 66, 77, 86, 106, 126, 143, 144, 164, 181, 199, 200]"
393,4,"[2, 2, 2, 0]","[""accelerate"", ""accelerate"", ""accelerate"", ""turn_left""]","[0, 11, 12, 13]","[11, 12, 13, 32]"
394,5,"[2, 2, 2, 2, 0]","[""accelerate"", ""accelerate"", ""accelerate"", ""accelerate"", ""turn_left""]","[0, 11, 12, 13, 14]","[11, 12, 13, 14, 27]"
395,4,"[2, 0, 2, 2]","[""accelerate"", ""turn_left"", ""accelerate"", ""accelerate""]","[0, 11, 24, 29]","[11, 24, 29, 30]"
396,14,"[0, 2, 2, 1, 2, 1, 4, 4, 3, 2, 1, 4, 4, 4]","[""turn_left"", ""accelerate"", ""accelerate"", ""turn_right"", ""accelerate"", ""turn_right"", ""cruise"", ""cruise"", ""decelerate"", ""accelerate"", ""turn_right"", ""cruise"", ""cruise"", ""cruise""]","[0, 2, 21, 22, 40, 45, 64, 84, 104, 116, 136, 156, 176, 196]","[2, 21, 22, 40, 45, 64, 84, 104, 116, 136, 156, 176, 196, 200]"
397,13,"[2, 2, 2, 1, 2, 4, 3, 4, 4, 4, 4, 2, 4]","[""accelerate"", ""accelerate"", ""accelerate"", ""turn_right"", ""accelerate"", ""cruise"", ""decelerate"", ""cruise"", ""cruise"", ""cruise"", ""cruise"", ""accelerate"", ""cruise""]","[0, 12, 13, 14, 32, 47, 67, 87, 107, 127, 147, 167, 184]","[12, 13, 14, 32, 47, 67, 87, 107, 127, 147, 167, 184, 200]"
398,14,"[0, 2, 4, 1, 2, 1, 4, 4, 4, 4, 4, 0, 0, 0]","[""turn_left"", ""accelerate"", ""cruise"", ""turn_right"", ""accelerate"", ""turn_right"", ""cruise"", ""cruise"", ""cruise"", ""cruise"", ""cruise"", ""turn_left"", ""turn_left"", ""turn_left""]","[0, 2, 19, 39, 51, 55, 68, 88, 108, 128, 148, 168, 188, 199]","[2, 19, 39, 51, 55, 68, 88, 108, 128, 148, 168, 188, 199, 200]"
399,17,"[0, 2, 2, 2, 2, 1, 3, 2, 2, 1, 1, 4, 4, 3, 4, 4, 4]","[""turn_left"", ""accelerate"", ""accelerate"", ""accelerate"", ""accelerate"", ""turn_right"", ""decelerate"", ""accelerate"", ""accelerate"", ""turn_right"", ""turn_right"", ""cruise"", ""cruise"", ""decelerate"", ""cruise"", ""cruise"", ""cruise""]","[0, 3, 20, 21, 22, 23, 39, 53, 69, 70, 84, 94, 114, 134, 147, 167, 187]","[3, 20, 21, 22, 23, 39, 53, 69, 70, 84, 94, 114, 134, 147, 167, 187, 200]"
400,12,"[1, 2, 0, 0, 0, 0, 0, 0, 0, 4, 4, 4]","[""turn_right"", ""accelerate"", ""turn_left"", ""turn_left"", ""turn_left"", ""turn_left"", ""turn_left"", ""turn_left"", ""turn_left"", ""cruise"", ""cruise"", ""cruise""]","[0, 3, 23, 39, 54, 74, 94, 114, 132, 149, 169, 189]","[3, 23, 39, 54, 74, 94, 114, 132, 149, 169, 189, 200]"
401,7,"[2, 2, 2, 2, 2, 2, 0]","[""accelerate"", ""accelerate"", ""accelerate"", ""accelerate"", ""accelerate"", ""accelerate"", ""turn_left""]","[0, 12, 13, 14, 15, 16, 17]","[12, 13, 14, 15, 16, 17, 28]"
402,12,"[0, 2, 1, 1, 1, 1, 4, 4, 4, 4, 0, 4]","[""turn_left"", ""accelerate"", ""turn_right"", ""turn_right"", ""turn_right"", ""turn_right"", ""cruise"", ""cruise"", ""cruise"", ""cruise"", ""turn_left"", ""cruise""]","[0, 3, 21, 36, 54, 73, 93, 113, 133, 153, 173, 189]","[3, 21, 36, 54, 73, 93, 113, 133, 153, 173, 189, 200]"
403,13,"[1, 1, 2, 0, 0, 0, 0, 0, 0, 0, 4, 4, 4]","[""turn_right"", ""turn_right"", ""accelerate"", ""turn_left"", ""turn_left"", ""turn_left"", ""turn_left"", ""turn_left"", ""turn_left"", ""turn_left"", ""cruise"", ""cruise"", ""cruise""]","[0, 3, 6, 24, 43, 57, 74, 94, 114, 134, 153, 173, 193]","[3, 6, 24, 43, 57, 74, 94, 114, 134, 153, 173, 193, 200]"
404,14,"[2, 0, 2, 0, 0, 0, 0, 0, 2, 0, 4, 4, 4, 4]","[""accelerate"", ""turn_left"", ""accelerate"", ""turn_left"", ""turn_left"", ""turn_left"", ""turn_left"", ""turn_left"", ""accelerate"", ""turn_left"", ""cruise"", ""cruise"", ""cruise"", ""cruise""]","[0, 11, 21, 41, 60, 75, 88, 100, 112, 120, 137, 157, 177, 197]","[11, 21, 41, 60, 75, 88, 100, 112, 120, 137, 157, 177, 197, 200]"
405,15,"[2, 2, 0, 2, 1, 2, 1, 1, 1, 3, 4, 4, 2, 4, 4]","[""accelerate"", ""accelerate"", ""turn_left"", ""accelerate"", ""turn_right"", ""accelerate"", ""turn_right"", ""turn_right"", ""turn_right"", ""decelerate"", ""cruise"", ""cruise"", ""accelerate"", ""cruise"", ""cruise""]","[0, 12, 13, 20, 33, 49, 56, 70, 81, 91, 102, 122, 142, 161, 181]","[12, 13, 20, 33, 49, 56, 70, 81, 91, 102, 122, 142, 161, 181, 200]"
406,12,"[0, 2, 1, 1, 1, 1, 4, 1, 4, 4, 4, 4]","[""turn_left"", ""accelerate"", ""turn_right"", ""turn_right"", ""turn_right"", ""turn_right"", ""cruise"", ""turn_right"", ""cruise"", ""cruise"", ""cruise"", ""cruise""]","[0, 3, 23, 38, 54, 74, 94, 114, 132, 152, 172, 192]","[3, 23, 38, 54, 74, 94, 114, 132, 152, 172, 192, 200]"
407,14,"[0, 0, 1, 1, 1, 2, 2, 4, 1, 4, 4, 4, 4, 4]","[""turn_left"", ""turn_left"", ""turn_right"", ""turn_right"", ""turn_right"", ""accelerate"", ""accelerate"", ""cruise"", ""turn_right"", ""cruise"", ""cruise"", ""cruise"", ""cruise"", ""cruise""]","[0, 3, 5, 25, 45, 65, 74, 75, 95, 111, 131, 151, 171, 191]","[3, 5, 25, 45, 65, 74, 75, 95, 111, 131, 151, 171, 191, 200]"
408,14,"[0, 0, 1, 2, 4, 4, 2, 4, 1, 4, 4, 4, 4, 4]","[""turn_left"", ""turn_left"", ""turn_right"", ""accelerate"", ""cruise"", ""cruise"", ""accelerate"", ""cruise"", ""turn_right"", ""cruise"", ""cruise"", ""cruise"", ""cruise"", ""cruise""]","[0, 3, 5, 25, 37, 57, 77, 78, 98, 118, 138, 158, 178, 198]","[3, 5, 25, 37, 57, 77, 78, 98, 118, 138, 158, 178, 198, 200]"
409,13,"[0, 2, 1, 2, 2, 1, 2, 2, 4, 4, 4, 4, 4]","[""turn_left"", ""accelerate"", ""turn_right"", ""accelerate"", ""accelerate"", ""turn_right"", ""accelerate"", ""accelerate"", ""cruise"", ""cruise"", ""cruise"", ""cruise"", ""cruise""]","[0, 3, 21, 37, 41, 42, 60, 64, 65, 85, 105, 125, 145]","[3, 21, 37, 41, 42, 60, 64, 65, 85, 105, 125, 145, 157]"
410,12,"[4, 2, 0, 0, 0, 0, 0, 0, 0, 4, 4, 4]","[""cruise"", ""accelerate"", ""turn_left"", ""turn_left"", ""turn_left"", ""turn_left"", ""turn_left"", ""turn_left"", ""turn_left"", ""cruise"", ""cruise"", ""cruise""]","[0, 20, 40, 54, 72, 92, 111, 127, 142, 157, 177, 197]","[20, 40, 54, 72, 92, 111, 127, 142, 157, 177, 197, 200]"
411,13,"[2, 0, 1, 0, 0, 0, 0, 0, 0, 0, 0, 0, 0]","[""accelerate"", ""turn_left"", ""turn_right"", ""turn_left"", ""turn_left"", ""turn_left"", ""turn_left"", ""turn_left"", ""turn_left"", ""turn_left"", ""turn_left"", ""turn_left"", ""turn_left""]","[0, 20, 39, 57, 75, 89, 101, 112, 123, 134, 154, 174, 194]","[20, 39, 57, 75, 89, 101, 112, 123, 134, 154, 174, 194, 200]"
412,13,"[0, 0, 2, 1, 2, 1, 4, 4, 4, 4, 4, 4, 0]","[""turn_left"", ""turn_left"", ""accelerate"", ""turn_right"", ""accelerate"", ""turn_right"", ""cruise"", ""cruise"", ""cruise"", ""cruise"", ""cruise"", ""cruise"", ""turn_left""]","[0, 3, 5, 22, 41, 48, 65, 85, 105, 125, 145, 165, 185]","[3, 5, 22, 41, 48, 65, 85, 105, 125, 145, 165, 185, 200]"
413,11,"[2, 0, 0, 0, 0, 0, 0, 0, 4, 4, 4]","[""accelerate"", ""turn_left"", ""turn_left"", ""turn_left"", ""turn_left"", ""turn_left"", ""turn_left"", ""turn_left"", ""cruise"", ""cruise"", ""cruise""]","[0, 20, 37, 57, 77, 97, 117, 137, 155, 175, 195]","[20, 37, 57, 77, 97, 117, 137, 155, 175, 195, 200]"
414,13,"[1, 0, 2, 0, 0, 0, 0, 0, 0, 3, 2, 0, 0]","[""turn_right"", ""turn_left"", ""accelerate"", ""turn_left"", ""turn_left"", ""turn_left"", ""turn_left"", ""turn_left"", ""turn_left"", ""decelerate"", ""accelerate"", ""turn_left"", ""turn_left""]","[0, 3, 10, 29, 49, 64, 83, 103, 123, 143, 153, 173, 193]","[3, 10, 29, 49, 64, 83, 103, 123, 143, 153, 173, 193, 200]"
415,14,"[1, 0, 2, 0, 4, 0, 0, 0, 0, 0, 0, 3, 2, 0]","[""turn_right"", ""turn_left"", ""accelerate"", ""turn_left"", ""cruise"", ""turn_left"", ""turn_left"", ""turn_left"", ""turn_left"", ""turn_left"", ""turn_left"", ""decelerate"", ""accelerate"", ""turn_left""]","[0, 3, 15, 32, 51, 71, 86, 100, 113, 126, 146, 166, 172, 189]","[3, 15, 32, 51, 71, 86, 100, 113, 126, 146, 166, 172, 189, 200]"
416,16,"[0, 0, 0, 2, 2, 1, 2, 2, 1, 2, 4, 4, 4, 4, 3, 4]","[""turn_left"", ""turn_left"", ""turn_left"", ""accelerate"", ""accelerate"", ""turn_right"", ""accelerate"", ""accelerate"", ""turn_right"", ""accelerate"", ""cruise"", ""cruise"", ""cruise"", ""cruise"", ""decelerate"", ""cruise""]","[0, 3, 5, 9, 29, 32, 51, 64, 65, 77, 84, 104, 124, 144, 164, 184]","[3, 5, 9, 29, 32, 51, 64, 65, 77, 84, 104, 124, 144, 164, 184, 200]"
417,12,"[1, 2, 0, 0, 0, 0, 0, 0, 0, 4, 4, 4]","[""turn_right"", ""accelerate"", ""turn_left"", ""turn_left"", ""turn_left"", ""turn_left"", ""turn_left"", ""turn_left"", ""turn_left"", ""cruise"", ""cruise"", ""cruise""]","[0, 4, 21, 35, 54, 74, 94, 114, 132, 150, 170, 190]","[4, 21, 35, 54, 74, 94, 114, 132, 150, 170, 190, 200]"
418,11,"[2, 0, 0, 0, 0, 0, 0, 0, 4, 4, 4]","[""accelerate"", ""turn_left"", ""turn_left"", ""turn_left"", ""turn_left"", ""turn_left"", ""turn_left"", ""turn_left"", ""cruise"", ""cruise"", ""cruise""]","[0, 20, 39, 54, 74, 94, 114, 134, 154, 174, 194]","[20, 39, 54, 74, 94, 114, 134, 154, 174, 194, 200]"
419,13,"[4, 0, 2, 1, 1, 1, 2, 4, 4, 4, 4, 3, 4]","[""cruise"", ""turn_left"", ""accelerate"", ""turn_right"", ""turn_right"", ""turn_right"", ""accelerate"", ""cruise"", ""cruise"", ""cruise"", ""cruise"", ""decelerate"", ""cruise""]","[0, 20, 24, 44, 57, 74, 91, 98, 118, 138, 158, 178, 193]","[20, 24, 44, 57, 74, 91, 98, 118, 138, 158, 178, 193, 200]"
420,13,"[2, 2, 1, 1, 1, 2, 1, 4, 4, 4, 4, 0, 0]","[""accelerate"", ""accelerate"", ""turn_right"", ""turn_right"", ""turn_right"", ""accelerate"", ""turn_right"", ""cruise"", ""cruise"", ""cruise"", ""cruise"", ""turn_left"", ""turn_left""]","[0, 20, 26, 42, 56, 76, 82, 97, 117, 137, 157, 177, 195]","[20, 26, 42, 56, 76, 82, 97, 117, 137, 157, 177, 195, 200]"
421,11,"[2, 1, 1, 1, 1, 1, 2, 1, 4, 4, 4]","[""accelerate"", ""turn_right"", ""turn_right"", ""turn_right"", ""turn_right"", ""turn_right"", ""accelerate"", ""turn_right"", ""cruise"", ""cruise"", ""cruise""]","[0, 20, 38, 58, 78, 98, 118, 127, 141, 161, 181]","[20, 38, 58, 78, 98, 118, 127, 141, 161, 181, 200]"
422,15,"[1, 1, 1, 1, 2, 0, 0, 0, 0, 0, 0, 0, 0, 0, 0]","[""turn_right"", ""turn_right"", ""turn_right"", ""turn_right"", ""accelerate"", ""turn_left"", ""turn_left"", ""turn_left"", ""turn_left"", ""turn_left"", ""turn_left"", ""turn_left"", ""turn_left"", ""turn_left"", ""turn_left""]","[0, 3, 6, 12, 21, 33, 52, 68, 83, 98, 114, 130, 146, 166, 186]","[3, 6, 12, 21, 33, 52, 68, 83, 98, 114, 130, 146, 166, 186, 200]"
423,13,"[1, 0, 2, 0, 0, 0, 0, 0, 0, 0, 0, 4, 4]","[""turn_right"", ""turn_left"", ""accelerate"", ""turn_left"", ""turn_left"", ""turn_left"", ""turn_left"", ""turn_left"", ""turn_left"", ""turn_left"", ""turn_left"", ""cruise"", ""cruise""]","[0, 4, 17, 36, 56, 72, 86, 99, 111, 131, 151, 171, 191]","[4, 17, 36, 56, 72, 86, 99, 111, 131, 151, 171, 191, 200]"
424,13,"[1, 0, 2, 0, 0, 0, 0, 0, 0, 0, 0, 4, 4]","[""turn_right"", ""turn_left"", ""accelerate"", ""turn_left"", ""turn_left"", ""turn_left"", ""turn_left"", ""turn_left"", ""turn_left"", ""turn_left"", ""turn_left"", ""cruise"", ""cruise""]","[0, 4, 17, 34, 54, 69, 82, 94, 114, 134, 154, 174, 194]","[4, 17, 34, 54, 69, 82, 94, 114, 134, 154, 174, 194, 200]"
425,15,"[0, 1, 1, 0, 2, 0, 0, 0, 0, 0, 0, 0, 0, 4, 4]","[""turn_left"", ""turn_right"", ""turn_right"", ""turn_left"", ""accelerate"", ""turn_left"", ""turn_left"", ""turn_left"", ""turn_left"", ""turn_left"", ""turn_left"", ""turn_left"", ""turn_left"", ""cruise"", ""cruise""]","[0, 3, 6, 8, 13, 32, 52, 68, 82, 95, 115, 135, 155, 175, 195]","[3, 6, 8, 13, 32, 52, 68, 82, 95, 115, 135, 155, 175, 195, 200]"
426,14,"[0, 1, 0, 2, 1, 1, 1, 4, 4, 4, 4, 4, 4, 4]","[""turn_left"", ""turn_right"", ""turn_left"", ""accelerate"", ""turn_right"", ""turn_right"", ""turn_right"", ""cruise"", ""cruise"", ""cruise"", ""cruise"", ""cruise"", ""cruise"", ""cruise""]","[0, 3, 7, 10, 30, 43, 57, 77, 97, 117, 137, 157, 177, 197]","[3, 7, 10, 30, 43, 57, 77, 97, 117, 137, 157, 177, 197, 200]"
427,13,"[1, 0, 2, 0, 0, 0, 0, 0, 0, 4, 4, 4, 4]","[""turn_right"", ""turn_left"", ""accelerate"", ""turn_left"", ""turn_left"", ""turn_left"", ""turn_left"", ""turn_left"", ""turn_left"", ""cruise"", ""cruise"", ""cruise"", ""cruise""]","[0, 5, 12, 29, 46, 59, 79, 99, 119, 139, 159, 179, 199]","[5, 12, 29, 46, 59, 79, 99, 119, 139, 159, 179, 199, 200]"
428,12,"[1, 2, 0, 0, 0, 0, 0, 0, 0, 4, 4, 4]","[""turn_right"", ""accelerate"", ""turn_left"", ""turn_left"", ""turn_left"", ""turn_left"", ""turn_left"", ""turn_left"", ""turn_left"", ""cruise"", ""cruise"", ""cruise""]","[0, 5, 18, 38, 53, 66, 86, 106, 126, 146, 166, 186]","[5, 18, 38, 53, 66, 86, 106, 126, 146, 166, 186, 200]"
429,12,"[1, 2, 0, 0, 0, 0, 0, 0, 0, 4, 4, 4]","[""turn_right"", ""accelerate"", ""turn_left"", ""turn_left"", ""turn_left"", ""turn_left"", ""turn_left"", ""turn_left"", ""turn_left"", ""cruise"", ""cruise"", ""cruise""]","[0, 4, 17, 37, 52, 66, 86, 106, 126, 146, 166, 186]","[4, 17, 37, 52, 66, 86, 106, 126, 146, 166, 186, 200]"
430,11,"[2, 0, 0, 0, 0, 0, 0, 0, 0, 4, 4]","[""accelerate"", ""turn_left"", ""turn_left"", ""turn_left"", ""turn_left"", ""turn_left"", ""turn_left"", ""turn_left"", ""turn_left"", ""cruise"", ""cruise""]","[0, 20, 40, 55, 69, 82, 102, 122, 142, 162, 182]","[20, 40, 55, 69, 82, 102, 122, 142, 162, 182, 200]"
431,14,"[1, 1, 1, 2, 0, 0, 0, 0, 0, 0, 0, 4, 4, 4]","[""turn_right"", ""turn_right"", ""turn_right"", ""accelerate"", ""turn_left"", ""turn_left"", ""turn_left"", ""turn_left"", ""turn_left"", ""turn_left"", ""turn_left"", ""cruise"", ""cruise"", ""cruise""]","[0, 4, 9, 18, 25, 45, 60, 73, 93, 113, 133, 153, 173, 193]","[4, 9, 18, 25, 45, 60, 73, 93, 113, 133, 153, 173, 193, 200]"
432,11,"[2, 0, 0, 0, 0, 0, 0, 0, 0, 0, 4]","[""accelerate"", ""turn_left"", ""turn_left"", ""turn_left"", ""turn_left"", ""turn_left"", ""turn_left"", ""turn_left"", ""turn_left"", ""turn_left"", ""cruise""]","[0, 19, 39, 55, 69, 82, 102, 122, 142, 162, 182]","[19, 39, 55, 69, 82, 102, 122, 142, 162, 182, 200]"
433,11,"[2, 0, 0, 0, 0, 0, 0, 0, 0, 0, 4]","[""accelerate"", ""turn_left"", ""turn_left"", ""turn_left"", ""turn_left"", ""turn_left"", ""turn_left"", ""turn_left"", ""turn_left"", ""turn_left"", ""cruise""]","[0, 18, 38, 54, 68, 80, 100, 120, 140, 160, 180]","[18, 38, 54, 68, 80, 100, 120, 140, 160, 180, 200]"
434,15,"[1, 1, 1, 1, 0, 0, 0, 0, 0, 0, 0, 0, 0, 0, 4]","[""turn_right"", ""turn_right"", ""turn_right"", ""turn_right"", ""turn_left"", ""turn_left"", ""turn_left"", ""turn_left"", ""turn_left"", ""turn_left"", ""turn_left"", ""turn_left"", ""turn_left"", ""turn_left"", ""cruise""]","[0, 4, 9, 17, 30, 49, 66, 81, 94, 106, 118, 138, 158, 178, 198]","[4, 9, 17, 30, 49, 66, 81, 94, 106, 118, 138, 158, 178, 198, 200]"
435,12,"[2, 0, 0, 0, 0, 0, 0, 0, 0, 1, 4, 4]","[""accelerate"", ""turn_left"", ""turn_left"", ""turn_left"", ""turn_left"", ""turn_left"", ""turn_left"", ""turn_left"", ""turn_left"", ""turn_right"", ""cruise"", ""cruise""]","[0, 19, 39, 55, 68, 80, 100, 120, 140, 160, 173, 193]","[19, 39, 55, 68, 80, 100, 120, 140, 160, 173, 193, 200]"
436,15,"[1, 1, 1, 1, 0, 2, 0, 0, 0, 0, 0, 0, 0, 0, 0]","[""turn_right"", ""turn_right"", ""turn_right"", ""turn_right"", ""turn_left"", ""accelerate"", ""turn_left"", ""turn_left"", ""turn_left"", ""turn_left"", ""turn_left"", ""turn_left"", ""turn_left"", ""turn_left"", ""turn_left""]","[0, 5, 11, 21, 35, 51, 58, 77, 91, 104, 116, 128, 141, 161, 181]","[5, 11, 21, 35, 51, 58, 77, 91, 104, 116, 128, 141, 161, 181, 200]"
437,14,"[1, 1, 1, 2, 0, 0, 0, 0, 0, 0, 0, 3, 4, 4]","[""turn_right"", ""turn_right"", ""turn_right"", ""accelerate"", ""turn_left"", ""turn_left"", ""turn_left"", ""turn_left"", ""turn_left"", ""turn_left"", ""turn_left"", ""decelerate"", ""cruise"", ""cruise""]","[0, 4, 9, 16, 23, 43, 57, 74, 94, 114, 134, 154, 174, 194]","[4, 9, 16, 23, 43, 57, 74, 94, 114, 134, 154, 174, 194, 200]"
438,14,"[2, 1, 0, 0, 0, 0, 0, 0, 0, 0, 0, 0, 0, 2]","[""accelerate"", ""turn_right"", ""turn_left"", ""turn_left"", ""turn_left"", ""turn_left"", ""turn_left"", ""turn_left"", ""turn_left"", ""turn_left"", ""turn_left"", ""turn_left"", ""turn_left"", ""accelerate""]","[0, 17, 35, 55, 75, 93, 109, 123, 135, 147, 158, 169, 181, 194]","[17, 35, 55, 75, 93, 109, 123, 135, 147, 158, 169, 181, 194, 200]"
439,19,"[1, 1, 1, 1, 2, 0, 0, 0, 0, 0, 0, 0, 0, 0, 0, 0, 0, 0, 0]","[""turn_right"", ""turn_right"", ""turn_right"", ""turn_right"", ""accelerate"", ""turn_left"", ""turn_left"", ""turn_left"", ""turn_left"", ""turn_left"", ""turn_left"", ""turn_left"", ""turn_left"", ""turn_left"", ""turn_left"", ""turn_left"", ""turn_left"", ""turn_left"", ""turn_left""]","[0, 4, 9, 15, 23, 30, 50, 70, 90, 105, 117, 127, 136, 144, 153, 163, 167, 179, 196]","[4, 9, 15, 23, 30, 50, 70, 90, 105, 117, 127, 136, 144, 153, 163, 167, 179, 196, 200]"
440,16,"[1, 1, 1, 2, 0, 0, 0, 0, 0, 0, 0, 0, 0, 2, 0, 0]","[""turn_right"", ""turn_right"", ""turn_right"", ""accelerate"", ""turn_left"", ""turn_left"", ""turn_left"", ""turn_left"", ""turn_left"", ""turn_left"", ""turn_left"", ""turn_left"", ""turn_left"", ""accelerate"", ""turn_left"", ""turn_left""]","[0, 4, 9, 15, 23, 43, 63, 83, 100, 113, 124, 133, 142, 152, 169, 189]","[4, 9, 15, 23, 43, 63, 83, 100, 113, 124, 133, 142, 152, 169, 189, 200]"
441,15,"[1, 1, 1, 2, 1, 0, 0, 0, 0, 0, 0, 0, 0, 0, 0]","[""turn_right"", ""turn_right"", ""turn_right"", ""accelerate"", ""turn_right"", ""turn_left"", ""turn_left"", ""turn_left"", ""turn_left"", ""turn_left"", ""turn_left"", ""turn_left"", ""turn_left"", ""turn_left"", ""turn_left""]","[0, 4, 9, 15, 23, 38, 58, 78, 98, 118, 138, 155, 169, 181, 192]","[4, 9, 15, 23, 38, 58, 78, 98, 118, 138, 155, 169, 181, 192, 200]"
442,16,"[1, 1, 2, 2, 0, 0, 0, 0, 0, 0, 0, 0, 3, 2, 0, 0]","[""turn_right"", ""turn_right"", ""accelerate"", ""accelerate"", ""turn_left"", ""turn_left"", ""turn_left"", ""turn_left"", ""turn_left"", ""turn_left"", ""turn_left"", ""turn_left"", ""decelerate"", ""accelerate"", ""turn_left"", ""turn_left""]","[0, 4, 9, 17, 18, 38, 57, 74, 90, 104, 117, 137, 157, 163, 178, 198]","[4, 9, 17, 18, 38, 57, 74, 90, 104, 117, 137, 157, 163, 178, 198, 200]"
443,14,"[1, 1, 1, 2, 0, 0, 0, 0, 0, 0, 0, 0, 4, 4]","[""turn_right"", ""turn_right"", ""turn_right"", ""accelerate"", ""turn_left"", ""turn_left"", ""turn_left"", ""turn_left"", ""turn_left"", ""turn_left"", ""turn_left"", ""turn_left"", ""cruise"", ""cruise""]","[0, 4, 9, 16, 23, 43, 62, 80, 97, 112, 126, 146, 166, 186]","[4, 9, 16, 23, 43, 62, 80, 97, 112, 126, 146, 166, 186, 200]"
444,15,"[1, 1, 2, 2, 0, 0, 0, 0, 0, 0, 0, 0, 4, 4, 4]","[""turn_right"", ""turn_right"", ""accelerate"", ""accelerate"", ""turn_left"", ""turn_left"", ""turn_left"", ""turn_left"", ""turn_left"", ""turn_left"", ""turn_left"", ""turn_left"", ""cruise"", ""cruise"", ""cruise""]","[0, 4, 9, 16, 17, 37, 54, 69, 83, 96, 116, 136, 156, 176, 196]","[4, 9, 16, 17, 37, 54, 69, 83, 96, 116, 136, 156, 176, 196, 200]"
445,14,"[1, 2, 2, 0, 0, 0, 0, 0, 0, 0, 0, 4, 4, 4]","[""turn_right"", ""accelerate"", ""accelerate"", ""turn_left"", ""turn_left"", ""turn_left"", ""turn_left"", ""turn_left"", ""turn_left"", ""turn_left"", ""turn_left"", ""cruise"", ""cruise"", ""cruise""]","[0, 4, 13, 14, 34, 50, 64, 77, 97, 117, 137, 157, 177, 197]","[4, 13, 14, 34, 50, 64, 77, 97, 117, 137, 157, 177, 197, 200]"
446,17,"[1, 2, 1, 0, 0, 0, 0, 0, 0, 0, 0, 0, 0, 0, 0, 0, 0]","[""turn_right"", ""accelerate"", ""turn_right"", ""turn_left"", ""turn_left"", ""turn_left"", ""turn_left"", ""turn_left"", ""turn_left"", ""turn_left"", ""turn_left"", ""turn_left"", ""turn_left"", ""turn_left"", ""turn_left"", ""turn_left"", ""turn_left""]","[0, 4, 13, 33, 53, 70, 85, 99, 112, 124, 136, 149, 162, 168, 171, 182, 198]","[4, 13, 33, 53, 70, 85, 99, 112, 124, 136, 149, 162, 168, 171, 182, 198, 200]"
447,16,"[1, 2, 2, 2, 0, 0, 0, 0, 0, 0, 0, 0, 2, 0, 0, 0]","[""turn_right"", ""accelerate"", ""accelerate"", ""accelerate"", ""turn_left"", ""turn_left"", ""turn_left"", ""turn_left"", ""turn_left"", ""turn_left"", ""turn_left"", ""turn_left"", ""accelerate"", ""turn_left"", ""turn_left"", ""turn_left""]","[0, 4, 12, 13, 14, 34, 54, 73, 87, 99, 109, 118, 138, 158, 178, 193]","[4, 12, 13, 14, 34, 54, 73, 87, 99, 109, 118, 138, 158, 178, 193, 200]"
448,13,"[1, 0, 2, 0, 0, 0, 0, 0, 0, 0, 0, 4, 4]","[""turn_right"", ""turn_left"", ""accelerate"", ""turn_left"", ""turn_left"", ""turn_left"", ""turn_left"", ""turn_left"", ""turn_left"", ""turn_left"", ""turn_left"", ""cruise"", ""cruise""]","[0, 4, 13, 27, 47, 63, 78, 98, 118, 138, 158, 178, 198]","[4, 13, 27, 47, 63, 78, 98, 118, 138, 158, 178, 198, 200]"
449,11,"[2, 0, 0, 0, 0, 0, 0, 0, 0, 0, 4]","[""accelerate"", ""turn_left"", ""turn_left"", ""turn_left"", ""turn_left"", ""turn_left"", ""turn_left"", ""turn_left"", ""turn_left"", ""turn_left"", ""cruise""]","[0, 20, 40, 57, 72, 86, 106, 126, 146, 166, 186]","[20, 40, 57, 72, 86, 106, 126, 146, 166, 186, 200]"
450,12,"[2, 0, 0, 0, 0, 0, 0, 0, 0, 0, 4, 4]","[""accelerate"", ""turn_left"", ""turn_left"", ""turn_left"", ""turn_left"", ""turn_left"", ""turn_left"", ""turn_left"", ""turn_left"", ""turn_left"", ""cruise"", ""cruise""]","[0, 19, 39, 57, 72, 86, 99, 119, 139, 159, 179, 199]","[19, 39, 57, 72, 86, 99, 119, 139, 159, 179, 199, 200]"
451,14,"[1, 1, 1, 2, 0, 0, 0, 0, 0, 0, 0, 2, 4, 4]","[""turn_right"", ""turn_right"", ""turn_right"", ""accelerate"", ""turn_left"", ""turn_left"", ""turn_left"", ""turn_left"", ""turn_left"", ""turn_left"", ""turn_left"", ""accelerate"", ""cruise"", ""cruise""]","[0, 4, 8, 15, 21, 41, 57, 74, 94, 114, 134, 154, 166, 186]","[4, 8, 15, 21, 41, 57, 74, 94, 114, 134, 154, 166, 186, 200]"
452,12,"[1, 0, 2, 0, 0, 0, 0, 0, 0, 0, 0, 4]","[""turn_right"", ""turn_left"", ""accelerate"", ""turn_left"", ""turn_left"", ""turn_left"", ""turn_left"", ""turn_left"", ""turn_left"", ""turn_left"", ""turn_left"", ""cruise""]","[0, 4, 12, 32, 50, 63, 83, 103, 123, 143, 163, 183]","[4, 12, 32, 50, 63, 83, 103, 123, 143, 163, 183, 200]"
453,12,"[1, 2, 0, 0, 0, 0, 0, 0, 0, 0, 4, 4]","[""turn_right"", ""accelerate"", ""turn_left"", ""turn_left"", ""turn_left"", ""turn_left"", ""turn_left"", ""turn_left"", ""turn_left"", ""turn_left"", ""cruise"", ""cruise""]","[0, 4, 16, 36, 51, 64, 84, 104, 124, 144, 164, 184]","[4, 16, 36, 51, 64, 84, 104, 124, 144, 164, 184, 200]"
454,11,"[2, 0, 0, 0, 0, 0, 0, 0, 0, 0, 4]","[""accelerate"", ""turn_left"", ""turn_left"", ""turn_left"", ""turn_left"", ""turn_left"", ""turn_left"", ""turn_left"", ""turn_left"", ""turn_left"", ""cruise""]","[0, 19, 39, 56, 71, 85, 105, 125, 145, 165, 185]","[19, 39, 56, 71, 85, 105, 125, 145, 165, 185, 200]"
455,12,"[2, 0, 0, 0, 0, 0, 0, 0, 0, 0, 4, 4]","[""accelerate"", ""turn_left"", ""turn_left"", ""turn_left"", ""turn_left"", ""turn_left"", ""turn_left"", ""turn_left"", ""turn_left"", ""turn_left"", ""cruise"", ""cruise""]","[0, 20, 40, 54, 66, 77, 97, 117, 137, 157, 177, 197]","[20, 40, 54, 66, 77, 97, 117, 137, 157, 177, 197, 200]"
456,13,"[1, 2, 0, 0, 0, 0, 0, 0, 0, 3, 2, 0, 0]","[""turn_right"", ""accelerate"", ""turn_left"", ""turn_left"", ""turn_left"", ""turn_left"", ""turn_left"", ""turn_left"", ""turn_left"", ""decelerate"", ""accelerate"", ""turn_left"", ""turn_left""]","[0, 4, 15, 35, 50, 63, 83, 103, 123, 143, 155, 172, 192]","[4, 15, 35, 50, 63, 83, 103, 123, 143, 155, 172, 192, 200]"
457,14,"[0, 1, 2, 1, 2, 1, 2, 1, 1, 4, 4, 4, 4, 4]","[""turn_left"", ""turn_right"", ""accelerate"", ""turn_right"", ""accelerate"", ""turn_right"", ""accelerate"", ""turn_right"", ""turn_right"", ""cruise"", ""cruise"", ""cruise"", ""cruise"", ""cruise""]","[0, 3, 6, 26, 42, 56, 68, 77, 89, 106, 126, 146, 166, 186]","[3, 6, 26, 42, 56, 68, 77, 89, 106, 126, 146, 166, 186, 200]"
458,12,"[2, 3, 2, 1, 1, 1, 1, 1, 1, 1, 2, 4]","[""accelerate"", ""decelerate"", ""accelerate"", ""turn_right"", ""turn_right"", ""turn_right"", ""turn_right"", ""turn_right"", ""turn_right"", ""turn_right"", ""accelerate"", ""cruise""]","[0, 20, 31, 51, 68, 83, 98, 113, 130, 150, 170, 180]","[20, 31, 51, 68, 83, 98, 113, 130, 150, 170, 180, 200]"
459,12,"[1, 2, 0, 0, 0, 0, 0, 0, 0, 4, 4, 4]","[""turn_right"", ""accelerate"", ""turn_left"", ""turn_left"", ""turn_left"", ""turn_left"", ""turn_left"", ""turn_left"", ""turn_left"", ""cruise"", ""cruise"", ""cruise""]","[0, 6, 24, 39, 52, 72, 92, 112, 132, 152, 172, 192]","[6, 24, 39, 52, 72, 92, 112, 132, 152, 172, 192, 200]"
460,18,"[2, 2, 1, 0, 0, 0, 0, 0, 0, 0, 0, 0, 0, 0, 0, 0, 0, 0]","[""accelerate"", ""accelerate"", ""turn_right"", ""turn_left"", ""turn_left"", ""turn_left"", ""turn_left"", ""turn_left"", ""turn_left"", ""turn_left"", ""turn_left"", ""turn_left"", ""turn_left"", ""turn_left"", ""turn_left"", ""turn_left"", ""turn_left"", ""turn_left""]","[0, 20, 23, 43, 57, 70, 82, 94, 106, 118, 130, 142, 149, 151, 153, 161, 173, 187]","[20, 23, 43, 57, 70, 82, 94, 106, 118, 130, 142, 149, 151, 153, 161, 173, 187, 200]"
461,12,"[1, 2, 0, 0, 0, 0, 0, 0, 0, 0, 0, 4]","[""turn_right"", ""accelerate"", ""turn_left"", ""turn_left"", ""turn_left"", ""turn_left"", ""turn_left"", ""turn_left"", ""turn_left"", ""turn_left"", ""turn_left"", ""cruise""]","[0, 6, 19, 39, 59, 79, 96, 110, 122, 142, 162, 182]","[6, 19, 39, 59, 79, 96, 110, 122, 142, 162, 182, 200]"
462,13,"[1, 0, 2, 0, 0, 0, 0, 0, 0, 0, 0, 0, 4]","[""turn_right"", ""turn_left"", ""accelerate"", ""turn_left"", ""turn_left"", ""turn_left"", ""turn_left"", ""turn_left"", ""turn_left"", ""turn_left"", ""turn_left"", ""turn_left"", ""cruise""]","[0, 6, 17, 33, 53, 73, 91, 108, 124, 139, 153, 173, 193]","[6, 17, 33, 53, 73, 91, 108, 124, 139, 153, 173, 193, 200]"
463,12,"[2, 0, 0, 0, 0, 0, 0, 0, 0, 2, 4, 4]","[""accelerate"", ""turn_left"", ""turn_left"", ""turn_left"", ""turn_left"", ""turn_left"", ""turn_left"", ""turn_left"", ""turn_left"", ""accelerate"", ""cruise"", ""cruise""]","[0, 18, 38, 58, 76, 93, 108, 122, 142, 162, 176, 196]","[18, 38, 58, 76, 93, 108, 122, 142, 162, 176, 196, 200]"
464,13,"[1, 0, 2, 0, 0, 0, 0, 0, 0, 0, 0, 4, 4]","[""turn_right"", ""turn_left"", ""accelerate"", ""turn_left"", ""turn_left"", ""turn_left"", ""turn_left"", ""turn_left"", ""turn_left"", ""turn_left"", ""turn_left"", ""cruise"", ""cruise""]","[0, 6, 13, 32, 52, 68, 82, 95, 115, 135, 155, 175, 195]","[6, 13, 32, 52, 68, 82, 95, 115, 135, 155, 175, 195, 200]"
465,13,"[1, 2, 0, 0, 0, 0, 0, 0, 0, 0, 2, 4, 4]","[""turn_right"", ""accelerate"", ""turn_left"", ""turn_left"", ""turn_left"", ""turn_left"", ""turn_left"", ""turn_left"", ""turn_left"", ""turn_left"", ""accelerate"", ""cruise"", ""cruise""]","[0, 6, 18, 38, 55, 70, 84, 104, 124, 144, 164, 175, 195]","[6, 18, 38, 55, 70, 84, 104, 124, 144, 164, 175, 195, 200]"
466,14,"[1, 1, 2, 2, 0, 0, 0, 0, 0, 0, 0, 0, 4, 4]","[""turn_right"", ""turn_right"", ""accelerate"", ""accelerate"", ""turn_left"", ""turn_left"", ""turn_left"", ""turn_left"", ""turn_left"", ""turn_left"", ""turn_left"", ""turn_left"", ""cruise"", ""cruise""]","[0, 6, 13, 21, 22, 42, 57, 70, 90, 110, 130, 150, 170, 190]","[6, 13, 21, 22, 42, 57, 70, 90, 110, 130, 150, 170, 190, 200]"
467,12,"[1, 2, 0, 0, 0, 0, 0, 0, 0, 4, 4, 4]","[""turn_right"", ""accelerate"", ""turn_left"", ""turn_left"", ""turn_left"", ""turn_left"", ""turn_left"", ""turn_left"", ""turn_left"", ""cruise"", ""cruise"", ""cruise""]","[0, 6, 16, 36, 54, 70, 84, 104, 124, 144, 164, 184]","[6, 16, 36, 54, 70, 84, 104, 124, 144, 164, 184, 200]"
468,15,"[1, 1, 2, 0, 2, 0, 0, 0, 0, 0, 0, 0, 0, 4, 4]","[""turn_right"", ""turn_right"", ""accelerate"", ""turn_left"", ""accelerate"", ""turn_left"", ""turn_left"", ""turn_left"", ""turn_left"", ""turn_left"", ""turn_left"", ""turn_left"", ""turn_left"", ""cruise"", ""cruise""]","[0, 6, 13, 20, 40, 46, 66, 82, 96, 110, 123, 136, 156, 176, 196]","[6, 13, 20, 40, 46, 66, 82, 96, 110, 123, 136, 156, 176, 196, 200]"
469,12,"[2, 0, 0, 0, 0, 0, 0, 0, 0, 2, 4, 4]","[""accelerate"", ""turn_left"", ""turn_left"", ""turn_left"", ""turn_left"", ""turn_left"", ""turn_left"", ""turn_left"", ""turn_left"", ""accelerate"", ""cruise"", ""cruise""]","[0, 20, 40, 58, 74, 88, 101, 121, 141, 161, 172, 192]","[20, 40, 58, 74, 88, 101, 121, 141, 161, 172, 192, 200]"
470,13,"[1, 2, 2, 0, 0, 0, 0, 0, 0, 0, 0, 4, 4]","[""turn_right"", ""accelerate"", ""accelerate"", ""turn_left"", ""turn_left"", ""turn_left"", ""turn_left"", ""turn_left"", ""turn_left"", ""turn_left"", ""turn_left"", ""cruise"", ""cruise""]","[0, 6, 20, 21, 41, 55, 68, 80, 100, 120, 140, 160, 180]","[6, 20, 21, 41, 55, 68, 80, 100, 120, 140, 160, 180, 200]"
471,12,"[2, 1, 1, 4, 1, 4, 1, 1, 3, 4, 2, 4]","[""accelerate"", ""turn_right"", ""turn_right"", ""cruise"", ""turn_right"", ""cruise"", ""turn_right"", ""turn_right"", ""decelerate"", ""cruise"", ""accelerate"", ""cruise""]","[0, 18, 36, 51, 71, 86, 106, 121, 136, 148, 168, 185]","[18, 36, 51, 71, 86, 106, 121, 136, 148, 168, 185, 200]"
472,11,"[2, 0, 0, 0, 0, 0, 0, 0, 0, 4, 4]","[""accelerate"", ""turn_left"", ""turn_left"", ""turn_left"", ""turn_left"", ""turn_left"", ""turn_left"", ""turn_left"", ""turn_left"", ""cruise"", ""cruise""]","[0, 20, 38, 58, 78, 98, 118, 138, 158, 178, 198]","[20, 38, 58, 78, 98, 118, 138, 158, 178, 198, 200]"
473,13,"[1, 1, 1, 0, 0, 0, 0, 0, 0, 0, 1, 4, 4]","[""turn_right"", ""turn_right"", ""turn_right"", ""turn_left"", ""turn_left"", ""turn_left"", ""turn_left"", ""turn_left"", ""turn_left"", ""turn_left"", ""turn_right"", ""cruise"", ""cruise""]","[0, 6, 13, 24, 44, 64, 84, 104, 124, 143, 162, 176, 196]","[6, 13, 24, 44, 64, 84, 104, 124, 143, 162, 176, 196, 200]"
474,17,"[1, 1, 1, 1, 0, 2, 0, 0, 0, 0, 0, 0, 0, 0, 2, 0, 2]","[""turn_right"", ""turn_right"", ""turn_right"", ""turn_right"", ""turn_left"", ""accelerate"", ""turn_left"", ""turn_left"", ""turn_left"", ""turn_left"", ""turn_left"", ""turn_left"", ""turn_left"", ""turn_left"", ""accelerate"", ""turn_left"", ""accelerate""]","[0, 6, 13, 25, 39, 54, 62, 82, 95, 107, 118, 129, 140, 151, 159, 179, 199]","[6, 13, 25, 39, 54, 62, 82, 95, 107, 118, 129, 140, 151, 159, 179, 199, 200]"
475,12,"[2, 0, 0, 0, 0, 0, 0, 0, 0, 0, 3, 2]","[""accelerate"", ""turn_left"", ""turn_left"", ""turn_left"", ""turn_left"", ""turn_left"", ""turn_left"", ""turn_left"", ""turn_left"", ""turn_left"", ""decelerate"", ""accelerate""]","[0, 20, 40, 60, 78, 93, 107, 119, 139, 159, 179, 185]","[20, 40, 60, 78, 93, 107, 119, 139, 159, 179, 185, 200]"
476,17,"[1, 2, 2, 2, 2, 0, 0, 2, 0, 0, 0, 0, 0, 0, 0, 2, 4]","[""turn_right"", ""accelerate"", ""accelerate"", ""accelerate"", ""accelerate"", ""turn_left"", ""turn_left"", ""accelerate"", ""turn_left"", ""turn_left"", ""turn_left"", ""turn_left"", ""turn_left"", ""turn_left"", ""turn_left"", ""accelerate"", ""cruise""]","[0, 6, 19, 20, 21, 22, 42, 59, 66, 85, 100, 114, 128, 142, 156, 176, 196]","[6, 19, 20, 21, 22, 42, 59, 66, 85, 100, 114, 128, 142, 156, 176, 196, 200]"
477,12,"[1, 1, 1, 0, 0, 0, 0, 0, 0, 0, 4, 4]","[""turn_right"", ""turn_right"", ""turn_right"", ""turn_left"", ""turn_left"", ""turn_left"", ""turn_left"", ""turn_left"", ""turn_left"", ""turn_left"", ""cruise"", ""cruise""]","[0, 6, 13, 23, 43, 63, 82, 102, 122, 142, 162, 182]","[6, 13, 23, 43, 63, 82, 102, 122, 142, 162, 182, 200]"
478,12,"[1, 2, 0, 0, 0, 0, 0, 0, 0, 4, 4, 4]","[""turn_right"", ""accelerate"", ""turn_left"", ""turn_left"", ""turn_left"", ""turn_left"", ""turn_left"", ""turn_left"", ""turn_left"", ""cruise"", ""cruise"", ""cruise""]","[0, 6, 19, 39, 56, 71, 85, 105, 125, 145, 165, 185]","[6, 19, 39, 56, 71, 85, 105, 125, 145, 165, 185, 200]"
479,12,"[1, 2, 0, 0, 0, 0, 0, 0, 0, 0, 4, 4]","[""turn_right"", ""accelerate"", ""turn_left"", ""turn_left"", ""turn_left"", ""turn_left"", ""turn_left"", ""turn_left"", ""turn_left"", ""turn_left"", ""cruise"", ""cruise""]","[0, 6, 18, 38, 55, 71, 85, 105, 125, 145, 165, 185]","[6, 18, 38, 55, 71, 85, 105, 125, 145, 165, 185, 200]"
480,12,"[1, 2, 0, 0, 0, 0, 0, 0, 0, 0, 4, 4]","[""turn_right"", ""accelerate"", ""turn_left"", ""turn_left"", ""turn_left"", ""turn_left"", ""turn_left"", ""turn_left"", ""turn_left"", ""turn_left"", ""cruise"", ""cruise""]","[0, 6, 17, 37, 54, 69, 83, 103, 123, 143, 163, 183]","[6, 17, 37, 54, 69, 83, 103, 123, 143, 163, 183, 200]"
481,12,"[2, 0, 2, 0, 0, 0, 0, 0, 0, 0, 0, 4]","[""accelerate"", ""turn_left"", ""accelerate"", ""turn_left"", ""turn_left"", ""turn_left"", ""turn_left"", ""turn_left"", ""turn_left"", ""turn_left"", ""turn_left"", ""cruise""]","[0, 20, 40, 46, 66, 82, 96, 109, 122, 142, 162, 182]","[20, 40, 46, 66, 82, 96, 109, 122, 142, 162, 182, 200]"
482,12,"[1, 1, 0, 0, 0, 0, 0, 0, 0, 0, 1, 4]","[""turn_right"", ""turn_right"", ""turn_left"", ""turn_left"", ""turn_left"", ""turn_left"", ""turn_left"", ""turn_left"", ""turn_left"", ""turn_left"", ""turn_right"", ""cruise""]","[0, 6, 13, 33, 53, 73, 93, 113, 133, 153, 172, 185]","[6, 13, 33, 53, 73, 93, 113, 133, 153, 172, 185, 200]"
483,11,"[2, 0, 0, 0, 0, 0, 0, 0, 0, 0, 4]","[""accelerate"", ""turn_left"", ""turn_left"", ""turn_left"", ""turn_left"", ""turn_left"", ""turn_left"", ""turn_left"", ""turn_left"", ""turn_left"", ""cruise""]","[0, 20, 40, 56, 70, 82, 102, 122, 142, 162, 182]","[20, 40, 56, 70, 82, 102, 122, 142, 162, 182, 200]"
484,14,"[0, 2, 2, 1, 2, 1, 1, 4, 4, 4, 1, 4, 3, 2]","[""turn_left"", ""accelerate"", ""accelerate"", ""turn_right"", ""accelerate"", ""turn_right"", ""turn_right"", ""cruise"", ""cruise"", ""cruise"", ""turn_right"", ""cruise"", ""decelerate"", ""accelerate""]","[0, 3, 23, 25, 43, 50, 67, 81, 101, 121, 141, 158, 178, 190]","[3, 23, 25, 43, 50, 67, 81, 101, 121, 141, 158, 178, 190, 200]"
485,12,"[2, 1, 1, 1, 4, 4, 4, 4, 4, 0, 0, 0]","[""accelerate"", ""turn_right"", ""turn_right"", ""turn_right"", ""cruise"", ""cruise"", ""cruise"", ""cruise"", ""cruise"", ""turn_left"", ""turn_left"", ""turn_left""]","[0, 20, 38, 53, 68, 88, 108, 128, 148, 168, 183, 196]","[20, 38, 53, 68, 88, 108, 128, 148, 168, 183, 196, 200]"
486,14,"[1, 1, 1, 1, 0, 0, 0, 0, 0, 0, 0, 0, 4, 0]","[""turn_right"", ""turn_right"", ""turn_right"", ""turn_right"", ""turn_left"", ""turn_left"", ""turn_left"", ""turn_left"", ""turn_left"", ""turn_left"", ""turn_left"", ""turn_left"", ""cruise"", ""turn_left""]","[0, 6, 13, 25, 40, 52, 65, 79, 93, 107, 127, 147, 167, 187]","[6, 13, 25, 40, 52, 65, 79, 93, 107, 127, 147, 167, 187, 200]"
487,13,"[1, 2, 0, 0, 0, 0, 0, 0, 0, 0, 4, 4, 4]","[""turn_right"", ""accelerate"", ""turn_left"", ""turn_left"", ""turn_left"", ""turn_left"", ""turn_left"", ""turn_left"", ""turn_left"", ""turn_left"", ""cruise"", ""cruise"", ""cruise""]","[0, 6, 20, 40, 54, 67, 79, 99, 119, 139, 159, 179, 199]","[6, 20, 40, 54, 67, 79, 99, 119, 139, 159, 179, 199, 200]"
488,12,"[1, 2, 0, 0, 0, 0, 0, 0, 0, 0, 4, 4]","[""turn_right"", ""accelerate"", ""turn_left"", ""turn_left"", ""turn_left"", ""turn_left"", ""turn_left"", ""turn_left"", ""turn_left"", ""turn_left"", ""cruise"", ""cruise""]","[0, 5, 15, 33, 48, 68, 88, 108, 128, 148, 168, 188]","[5, 15, 33, 48, 68, 88, 108, 128, 148, 168, 188, 200]"
489,13,"[1, 1, 2, 0, 0, 0, 0, 0, 0, 0, 0, 4, 4]","[""turn_right"", ""turn_right"", ""accelerate"", ""turn_left"", ""turn_left"", ""turn_left"", ""turn_left"", ""turn_left"", ""turn_left"", ""turn_left"", ""turn_left"", ""cruise"", ""cruise""]","[0, 5, 11, 19, 39, 56, 71, 84, 104, 124, 144, 164, 184]","[5, 11, 19, 39, 56, 71, 84, 104, 124, 144, 164, 184, 200]"
490,13,"[1, 1, 2, 0, 0, 0, 0, 0, 0, 0, 0, 3, 4]","[""turn_right"", ""turn_right"", ""accelerate"", ""turn_left"", ""turn_left"", ""turn_left"", ""turn_left"", ""turn_left"", ""turn_left"", ""turn_left"", ""turn_left"", ""decelerate"", ""cruise""]","[0, 5, 11, 18, 38, 54, 71, 91, 111, 131, 151, 171, 184]","[5, 11, 18, 38, 54, 71, 91, 111, 131, 151, 171, 184, 200]"
491,13,"[0, 2, 1, 4, 1, 2, 4, 4, 4, 4, 3, 2, 0]","[""turn_left"", ""accelerate"", ""turn_right"", ""cruise"", ""turn_right"", ""accelerate"", ""cruise"", ""cruise"", ""cruise"", ""cruise"", ""decelerate"", ""accelerate"", ""turn_left""]","[0, 3, 22, 40, 60, 72, 79, 99, 119, 139, 159, 177, 196]","[3, 22, 40, 60, 72, 79, 99, 119, 139, 159, 177, 196, 200]"
492,13,"[1, 1, 2, 0, 0, 0, 0, 0, 0, 0, 4, 4, 4]","[""turn_right"", ""turn_right"", ""accelerate"", ""turn_left"", ""turn_left"", ""turn_left"", ""turn_left"", ""turn_left"", ""turn_left"", ""turn_left"", ""cruise"", ""cruise"", ""cruise""]","[0, 5, 11, 18, 38, 53, 71, 91, 111, 131, 151, 171, 191]","[5, 11, 18, 38, 53, 71, 91, 111, 131, 151, 171, 191, 200]"
493,15,"[1, 2, 2, 0, 0, 2, 0, 0, 0, 0, 0, 0, 0, 4, 4]","[""turn_right"", ""accelerate"", ""accelerate"", ""turn_left"", ""turn_left"", ""accelerate"", ""turn_left"", ""turn_left"", ""turn_left"", ""turn_left"", ""turn_left"", ""turn_left"", ""turn_left"", ""cruise"", ""cruise""]","[0, 5, 14, 15, 35, 51, 58, 77, 91, 104, 117, 130, 150, 170, 190]","[5, 14, 15, 35, 51, 58, 77, 91, 104, 117, 130, 150, 170, 190, 200]"
494,12,"[1, 2, 0, 0, 0, 0, 0, 0, 0, 0, 4, 4]","[""turn_right"", ""accelerate"", ""turn_left"", ""turn_left"", ""turn_left"", ""turn_left"", ""turn_left"", ""turn_left"", ""turn_left"", ""turn_left"", ""cruise"", ""cruise""]","[0, 5, 14, 34, 50, 64, 84, 104, 124, 144, 164, 184]","[5, 14, 34, 50, 64, 84, 104, 124, 144, 164, 184, 200]"
495,11,"[2, 0, 0, 0, 0, 0, 0, 0, 0, 4, 4]","[""accelerate"", ""turn_left"", ""turn_left"", ""turn_left"", ""turn_left"", ""turn_left"", ""turn_left"", ""turn_left"", ""turn_left"", ""cruise"", ""cruise""]","[0, 18, 38, 54, 68, 81, 101, 121, 141, 161, 181]","[18, 38, 54, 68, 81, 101, 121, 141, 161, 181, 200]"
496,13,"[2, 2, 0, 0, 0, 0, 0, 0, 0, 0, 4, 4, 4]","[""accelerate"", ""accelerate"", ""turn_left"", ""turn_left"", ""turn_left"", ""turn_left"", ""turn_left"", ""turn_left"", ""turn_left"", ""turn_left"", ""cruise"", ""cruise"", ""cruise""]","[0, 18, 19, 39, 55, 69, 82, 95, 115, 135, 155, 175, 195]","[18, 19, 39, 55, 69, 82, 95, 115, 135, 155, 175, 195, 200]"
497,12,"[2, 0, 0, 0, 0, 0, 0, 0, 2, 0, 4, 4]","[""accelerate"", ""turn_left"", ""turn_left"", ""turn_left"", ""turn_left"", ""turn_left"", ""turn_left"", ""turn_left"", ""accelerate"", ""turn_left"", ""cruise"", ""cruise""]","[0, 18, 38, 53, 66, 78, 98, 118, 138, 149, 165, 185]","[18, 38, 53, 66, 78, 98, 118, 138, 149, 165, 185, 200]"
498,15,"[2, 2, 2, 2, 0, 0, 0, 0, 0, 0, 0, 0, 2, 4, 4]","[""accelerate"", ""accelerate"", ""accelerate"", ""accelerate"", ""turn_left"", ""turn_left"", ""turn_left"", ""turn_left"", ""turn_left"", ""turn_left"", ""turn_left"", ""turn_left"", ""accelerate"", ""cruise"", ""cruise""]","[0, 20, 21, 22, 23, 43, 60, 74, 86, 98, 118, 138, 158, 168, 188]","[20, 21, 22, 23, 43, 60, 74, 86, 98, 118, 138, 158, 168, 188, 200]"
499,13,"[2, 2, 0, 0, 0, 0, 0, 3, 4, 2, 0, 0, 4]","[""accelerate"", ""accelerate"", ""turn_left"", ""turn_left"", ""turn_left"", ""turn_left"", ""turn_left"", ""decelerate"", ""cruise"", ""accelerate"", ""turn_left"", ""turn_left"", ""cruise""]","[0, 20, 23, 42, 56, 68, 88, 108, 120, 140, 159, 175, 188]","[20, 23, 42, 56, 68, 88, 108, 120, 140, 159, 175, 188, 200]"
500,12,"[2, 0, 2, 0, 0, 0, 0, 0, 0, 0, 4, 4]","[""accelerate"", ""turn_left"", ""accelerate"", ""turn_left"", ""turn_left"", ""turn_left"", ""turn_left"", ""turn_left"", ""turn_left"", ""turn_left"", ""cruise"", ""cruise""]","[0, 20, 40, 46, 65, 79, 92, 104, 124, 144, 164, 184]","[20, 40, 46, 65, 79, 92, 104, 124, 144, 164, 184, 200]"
