iteration,steps_collected,episode_return_mean,safe_reach_ratio,skill_entropy_norm,top1_skill_ratio,high_div_bonus_mean,conv_eval_success_delta_w5,high_entropy_coef,low_entropy_coef,high_samples,low_samples,loss_high_total,loss_low_mean,loss_low_actor,loss_low_value,low_entropy,eval_n_episodes,eval_success_rate,eval_reach_rate,eval_collision_rate,eval_safe_reach_ratio,eval_min_h_agent,eval_min_h_obstacle,eval_avg_traj_length,eval_avg_skill_switches,eval_qp_feasible_rate,eval_avg_steps,eval_avg_episode_return
1.0,16.0,-0.9200168585777282,0.0,0.767438498640384,0.4,0.0,nan,0.05,0.002,15.0,64.0,0.21279921382665634,0.5702434622799046,0.2394930004754059,0.6500327443769756,4.594120226800442,1.0,0.0,0.0,0.25,0.0,2.418926477432251,1.2412011623382568,13.915554649895057,78.0,1.0,156.0,-2.7498579716682423
2.0,46.0,-0.7613753116130829,0.0,0.9461403764555878,0.35714285714285715,0.0,nan,0.049942775393419174,0.0019933110367892975,28.0,184.0,0.3883651942014694,0.4952898442178317,0.16605146889947303,0.6490016739495151,4.594692707061768,,,,,,,,,,,,
3.0,72.0,-0.47342099368572266,0.0,0.9627989156067871,0.2682926829268293,0.0,nan,0.049885550786838345,0.0019866220735785954,41.0,288.0,0.06321191973984241,0.2995259517474551,0.09574588643454263,0.379002269164457,4.594583734869957,,,,,,,,,,,,
4.0,12.0,-0.6092309546470643,0.0,0.9426312884329151,0.3333333333333333,0.0,nan,0.049828326180257516,0.001979933110367893,12.0,48.0,0.25017300248146057,0.28453878379271674,0.029006211222925533,0.5006450357127482,4.594692707061768,,,,,,,,,,,,
5.0,26.0,-0.9278147941827775,0.0,0.9248128303684463,0.3888888888888889,0.0,nan,0.04977110157367668,0.001973244147157191,18.0,104.0,0.6444250494241714,0.5019050667178817,0.1239870716817677,0.7401821924833161,4.594692707061768,,,,,,,,,,,,
6.0,28.0,-0.4866935248672963,0.0,0.858898030882785,0.3888888888888889,0.0,nan,0.04971387696709585,0.0019665551839464883,18.0,112.0,0.5178413614630699,0.405017526109337,0.1057327695775062,0.5484076505259898,4.594692707061768,,,,,,,,,,,,
7.0,43.0,-1.1737622517347335,0.0,0.8986547330829208,0.32142857142857145,0.0,nan,0.04965665236051502,0.001959866220735786,28.0,172.0,0.6041971445083618,0.467698851491996,0.08114536215015146,0.7307507699267137,4.594692707061768,,,,,,,,,,,,
8.0,19.0,-0.9147594594955445,0.0,0.8339095555359209,0.375,0.0,nan,0.049599427753934194,0.0019531772575250837,16.0,76.0,0.4892614558339119,0.3137277312037584,0.04396947525674477,0.4715143670090535,4.584077537059784,,,,,,,,,,,,
9.0,49.0,-1.6572704219818113,0.0,0.9701542532672794,0.2903225806451613,0.0,nan,0.049542203147353366,0.0019464882943143814,31.0,196.0,0.5035887509584427,0.4730274881169732,0.08697930155577356,0.7520000697048378,4.551976138231706,,,,,,,,,,,,
10.0,135.0,0.1535741478204723,0.0,0.9263684993936953,0.323943661971831,0.0,nan,0.04948497854077254,0.001939799331103679,71.0,540.0,0.07146890368312597,0.348927547393032,0.11603699988849153,0.39570794032972145,4.429394099861383,1.0,0.0,0.0,0.25,0.0,31.855388641357422,3.6927709579467773,1.3201490812934935,14.0,1.0,14.0,-0.9132101261615753
11.0,12.0,-0.8527785849571228,0.0,0.9138647068326634,0.4,0.0,nan,0.04942775393419171,0.0019331103678929765,10.0,48.0,0.19154488667845726,0.3076231276014975,-0.0047453750533653265,0.5043401328143441,4.513072530428569,,,,,,,,,,,,
12.0,134.0,-1.2474766099452967,0.0,0.9630951171223787,0.2898550724637681,0.0,nan,0.04937052932761087,0.0019264214046822742,69.0,536.0,0.4251679955050349,0.31745225110171305,0.08017726484496279,0.4199533914862794,4.530044045299292,,,,,,,,,,,,
13.0,181.0,-2.292652637362479,0.0,0.9879121970436167,0.2808988764044944,0.0,nan,0.049313304721030043,0.001919732441471572,89.0,724.0,0.5140732806175947,0.40383800052404695,0.13837015965509636,0.48154943561755204,4.44408424012363,,,,,,,,,,,,
14.0,45.0,-0.981641533970833,0.0,0.9200274611966965,0.3548387096774194,0.0,nan,0.049256080114449215,0.0019130434782608696,31.0,180.0,0.13169931061565876,0.3089068181153076,0.07694368132635848,0.4031251034979762,4.477520777119531,,,,,,,,,,,,
15.0,19.0,-1.1014824414253235,0.0,0.8593985884827771,0.45,0.0,nan,0.049198855507868386,0.0019063545150501673,20.0,76.0,0.2118029184639454,0.26633327069545265,0.06307726576434154,0.34470478702974705,4.471944476428785,,,,,,,,,,,,
16.0,200.0,0.4544831529259684,0.0,0.9823902126999343,0.26,0.0,nan,0.04914163090128756,0.001899665551839465,100.0,800.0,0.19165174383670092,0.2122191746275348,0.04644388115707443,0.3220286193453742,4.54001690633595,,,,,,,,,,,,
17.0,160.0,0.10305081158876477,0.0,0.9762350874322018,0.27848101265822783,0.0,nan,0.04908440629470673,0.0018929765886287627,79.0,640.0,0.31453962251544,0.2890203155002382,0.05299557812880096,0.43674187874169945,4.594537181779742,,,,,,,,,,,,
18.0,50.0,-0.2663565158843996,0.0,0.9891604801499596,0.25806451612903225,0.0,nan,0.0490271816881259,0.0018862876254180602,31.0,200.0,0.4770445451140404,0.3931479984824546,0.05832575461667147,0.6163620975656255,4.594692707061768,,,,,,,,,,,,
19.0,80.0,0.2027429565787311,0.0,0.9384822451477489,0.3,0.0,nan,0.048969957081545064,0.0018795986622073579,50.0,320.0,0.40891772508621216,0.3349906757593999,0.14851446473287133,0.31563665780370265,4.5946765979751945,,,,,,,,,,,,
20.0,200.0,0.750167480111122,0.0,0.9710547088374338,0.32673267326732675,0.0,nan,0.048912732474964235,0.0018729096989966556,101.0,800.0,0.06184200197458267,0.32620696224967105,0.09350667307444382,0.4011213811240566,4.594692707061768,1.0,0.0,0.0,0.25,0.0,0.045932307839393616,0.6628601551055908,11.234631565748714,47.0,1.0,86.0,0.6470310860872268
21.0,200.0,-0.4346745684742913,0.0,0.9823971751761699,0.2765957446808511,0.0,nan,0.048855507868383406,0.0018662207357859532,94.0,800.0,0.38171657733619213,0.2846718460359625,0.06992846405228192,0.4007122574810743,4.594692707061768,,,,,,,,,,,,
22.0,111.0,0.6774564275145532,0.0,0.8905215238753558,0.4339622641509434,0.0,nan,0.04879828326180258,0.001859531772575251,53.0,444.0,0.7231096625328064,0.3081400714290794,0.05351477628937573,0.42198525860462066,4.594692707061768,,,,,,,,,,,,
23.0,61.0,-1.1281977182626726,0.0,0.9625604137612744,0.2727272727272727,0.0,nan,0.04874105865522175,0.0018528428093645484,33.0,244.0,0.3130682036280632,0.3187106420385239,0.05299166388061569,0.4993090009512552,4.594692707061768,,,,,,,,,,,,
24.0,11.0,-0.5510648092627526,0.0,0.7258947361835145,0.5,0.0,nan,0.04868383404864092,0.0018461538461538461,10.0,44.0,0.33366280794143677,0.25606006315105,0.0006719066137024624,0.4527795032779316,4.594692707061768,,,,,,,,,,,,
25.0,73.0,-0.729846589565277,0.0,0.9154600767862338,0.358974358974359,0.0,nan,0.04862660944206009,0.0018394648829431438,39.0,292.0,0.7646333277225494,0.40743243784527294,0.06471739501237295,0.6167078114777489,4.594692707061768,,,,,,,,,,,,
26.0,36.0,-0.8211948072910309,0.0,0.9687108726885514,0.2962962962962963,0.0,nan,0.048569384835479255,0.0018327759197324415,27.0,144.0,0.424143023788929,0.38111371060303,0.06339576289610704,0.5498353758844606,4.594692707061768,,,,,,,,,,,,
27.0,29.0,-0.7192596220970155,0.0,0.7965801651305972,0.4375,0.0,nan,0.04851216022889843,0.0018260869565217392,16.0,116.0,0.32726863771677017,0.31175676871348046,0.04760816078111208,0.4289507600773963,4.594692707061768,,,,,,,,,,,,
28.0,152.0,-0.4331861679255956,0.0,0.9756964584196031,0.2608695652173913,0.0,nan,0.0484549356223176,0.0018193979933110369,92.0,608.0,0.2542752930894494,0.2734175574278197,0.05454335299327795,0.39156404006644063,4.594692707061768,,,,,,,,,,,,
29.0,59.0,0.2894176518917079,0.0,0.9447158093764746,0.24324324324324326,0.0,nan,0.04839771101573677,0.0018127090301003346,37.0,236.0,0.2804909944534302,0.24632900094828505,0.043040739078374614,0.3779645478461581,4.594692707061768,,,,,,,,,,,,
30.0,200.0,0.13269406855106503,0.0,0.9758528178593164,0.2980769230769231,0.0,nan,0.04834048640915594,0.001806020066889632,104.0,800.0,0.1566167213022709,0.25160527033131075,0.041063191787088726,0.3348799928277335,4.594692707061768,1.0,0.0,0.0,0.25,0.0,1.5315974950790405,0.4431159496307373,11.933219600468874,50.0,1.0,88.0,0.5700724434852604
31.0,47.0,0.545753585100174,0.0,0.8940283157622487,0.38461538461538464,0.0,nan,0.04828326180257511,0.0017993311036789297,26.0,188.0,0.22855443134903908,0.2374652642156047,0.03031078903896219,0.2992091708584468,4.594692707061768,,,,,,,,,,,,
32.0,28.0,-0.5495173621177676,0.0,0.824044467399233,0.3333333333333333,0.0,nan,0.04822603719599428,0.0017926421404682274,21.0,112.0,0.33923812210559845,0.3115758866687039,0.03300645673464585,0.48579616785120955,4.594465724059513,,,,,,,,,,,,
33.0,123.0,-1.9171303439140317,0.0,0.9379180623659882,0.3220338983050847,0.0,nan,0.048168812589413454,0.0017859531772575251,59.0,492.0,0.34900689870119095,0.42908024952521373,0.04422552132064084,0.6797737533210793,4.594692707061768,,,,,,,,,,,,
34.0,87.0,-1.203749133348465,0.0,0.8805905884900155,0.45652173913043476,0.0,nan,0.04811158798283262,0.0017792642140468228,46.0,348.0,0.35139960050582886,0.3389704832516145,0.028429819855830374,0.5022825591988314,4.594692707061768,,,,,,,,,,,,
35.0,180.0,-1.171974967420102,0.0,0.9070219259333349,0.34523809523809523,0.0,nan,0.04805436337625179,0.0017725752508361205,84.0,720.0,0.35820623487234116,0.5198155849229806,0.08463895435215818,0.8010577912058161,4.594692707061768,,,,,,,,,,,,
36.0,159.0,0.2697623318433755,0.0,0.9153079392735993,0.375,0.0,nan,0.04799713876967096,0.0017658862876254182,80.0,636.0,0.48860130086541176,0.4104574171560671,0.06527416129711128,0.5483685056151657,4.594692707061768,,,,,,,,,,,,
37.0,11.0,-0.6541525638103485,0.0,0.7952181862687071,0.4,0.0,nan,0.04793991416309013,0.0017591973244147157,10.0,44.0,0.43887777626514435,0.36045396493070503,0.013007076414809986,0.5541302714196429,4.594692707061768,,,,,,,,,,,,
38.0,181.0,-3.240158625543117,0.0,0.9780922909335631,0.2808988764044944,0.0,nan,0.0478826895565093,0.0017525083612040134,89.0,724.0,0.5633417069911957,0.3748610069942515,0.05893066804105729,0.49409777715100844,4.594692707061768,,,,,,,,,,,,
39.0,82.0,0.059266989231109346,0.0,0.9231510946839507,0.36585365853658536,0.0,nan,0.047825464949928474,0.001745819397993311,41.0,328.0,0.6115697920322418,0.3309779596302178,0.06378737825207281,0.36651029378625044,4.594692707061768,,,,,,,,,,,,
40.0,37.0,-0.5805993330478667,0.0,0.8395885659393818,0.36363636363636365,0.0,nan,0.047768240343347645,0.0017391304347826088,22.0,148.0,0.04757712874561548,0.2963160159620079,0.06544238526525127,0.3247309309230995,4.594692707061768,1.0,0.0,0.0,0.5,0.0,-0.008517324924468994,2.7532429695129395,10.52726659574546,44.0,1.0,76.0,0.008203943967819094
41.0,16.0,-0.7189795365929603,0.0,0.7648208297825388,0.46153846153846156,0.0,nan,0.04771101573676681,0.0017324414715719065,13.0,64.0,0.27150004357099533,0.3019884133973392,0.02190008790421416,0.44914496715350527,4.594692707061768,,,,,,,,,,,,
42.0,38.0,-1.0703294742107394,0.0,0.929445099131912,0.2727272727272727,0.0,nan,0.04765379113018598,0.0017257525083612041,22.0,152.0,0.1857287362217903,0.3333972409585074,0.04182983655942065,0.36162694525029093,4.594692707061768,,,,,,,,,,,,
43.0,43.0,-0.9090031880140305,0.0,0.9362386242153194,0.34615384615384615,0.0,nan,0.04759656652360515,0.0017190635451505018,26.0,172.0,0.2359086498618126,0.3630600089835393,0.0805449091564041,0.40560206574141183,4.594692707061768,,,,,,,,,,,,
44.0,45.0,-0.811991184949875,0.0,0.9430792571166605,0.3333333333333333,0.0,nan,0.04753934191702432,0.0017123745819397993,27.0,180.0,0.25614169239997864,0.25162706145137137,0.03958623075676668,0.3124969333321398,4.594692707061768,,,,,,,,,,,,
45.0,103.0,-0.95388356924057,0.0,0.9718841323362072,0.2833333333333333,0.0,nan,0.047482117310443495,0.001705685618729097,60.0,412.0,0.29047349095344543,0.30604431978099456,0.050180542735688505,0.32817639487761097,4.594692707061768,,,,,,,,,,,,
46.0,62.0,-0.10690889626741418,0.0,0.9019093203785185,0.42857142857142855,0.0,nan,0.047424892703862666,0.0016989966555183947,35.0,248.0,0.5817194581031799,0.22220310276644606,0.04070479539768712,0.28142156502568333,4.594692707061768,,,,,,,,,,,,
47.0,124.0,-0.36777718901634104,0.0,0.9127995220375339,0.375,0.0,nan,0.04736766809728184,0.0016923076923076924,64.0,496.0,0.3350806161761284,0.23057490191604302,0.037317090526812535,0.2564417219299282,4.594692707061768,,,,,,,,,,,,
48.0,15.0,-0.6146606951951982,0.0,0.8887263160400485,0.4117647058823529,0.0,nan,0.047310443490701,0.00168561872909699,17.0,60.0,0.37683992087841034,0.1823984671345291,-0.008045148927097519,0.2735810918813343,4.594692707061768,,,,,,,,,,,,
49.0,44.0,-0.1408746057748793,0.0,0.9889836776949166,0.25925925925925924,0.0,nan,0.04725321888412017,0.0016789297658862876,27.0,176.0,0.22800755873322487,0.2528400887994477,0.07404739512143847,0.23796748951120475,4.594692707061768,,,,,,,,,,,,
50.0,75.0,1.2470696195960054,0.0,0.9015526786436914,0.42105263157894735,0.0,nan,0.047195994277539344,0.0016722408026755853,38.0,300.0,0.6022354662418365,0.29408256791793974,0.047492766512846174,0.24720082008728506,4.594692707061768,1.0,0.0,0.0,0.25,0.0,2.041083574295044,2.1235523223876953,15.74394567660056,52.0,1.0,100.0,0.19179037213325545
51.0,11.0,-0.6153775191307067,0.0,0.7536839786994374,0.5,0.0,nan,0.047138769670958515,0.001665551839464883,8.0,44.0,0.3521789535880089,0.20325173594226892,-0.0032400161408903923,0.2882086746055641,4.594692707061768,,,,,,,,,,,,
52.0,16.0,-0.38921515703201304,0.0,0.7648208297825388,0.46153846153846156,0.0,nan,0.047081545064377686,0.0016588628762541806,13.0,64.0,0.606679230928421,0.46503487913287245,0.04234378623368684,0.7932737147954185,4.594692707061768,,,,,,,,,,,,
53.0,29.0,0.12121601462364184,0.0,0.9248128303684463,0.3888888888888889,0.0,nan,0.04702432045779686,0.0016521739130434783,18.0,116.0,0.3248608857393265,0.25187208568516734,0.026853072790204192,0.24380015907949287,4.594692707061768,,,,,,,,,,,,
54.0,63.0,-1.2273164349794392,0.0,0.9868140515897129,0.24324324324324326,0.0,nan,0.04696709585121603,0.001645484949832776,37.0,252.0,0.19165130332112312,0.38907707324306967,0.08208203138201497,0.4764812338863875,4.594692707061768,,,,,,,,,,,,
55.0,8.0,-0.6293708074092866,0.0,0.6765715916358547,0.6,0.0,nan,0.04690987124463519,0.0016387959866220737,10.0,32.0,0.1891520507633686,0.05053462440264411,-0.05417318056242948,0.14427298285977486,4.594692707061768,,,,,,,,,,,,
56.0,24.0,-1.1491607719659804,0.0,0.9479530645503799,0.3333333333333333,0.0,nan,0.046852646638054364,0.0016321070234113712,21.0,96.0,0.12494275346398354,0.3531711577040066,0.01889409819341381,0.44785942910883375,4.594692707061768,,,,,,,,,,,,
57.0,58.0,-1.4699066597223283,0.0,0.9125183565078551,0.37142857142857144,0.0,nan,0.046795422031473535,0.0016254180602006689,35.0,232.0,0.19472438842058182,0.30951408513496503,0.03358550554900109,0.44545625707314684,4.594692707061768,,,,,,,,,,,,
58.0,10.0,-0.7877227514982224,0.0,0.6053757909600438,0.5,0.0,nan,0.046738197424892707,0.0016187290969899666,8.0,40.0,0.4035676196217537,0.335655655246228,0.05784145039506257,0.35010288351209057,4.594692707061768,,,,,,,,,,,,
59.0,110.0,0.17991346716880768,0.0,0.9420241456914036,0.3,0.0,nan,0.04668097281831188,0.0016120401337792643,60.0,440.0,0.177182175219059,0.3458054416732921,0.06026279177649485,0.3079704185289138,4.594692707061768,,,,,,,,,,,,
60.0,184.0,-1.0061463916301705,0.0,0.9210571669905837,0.30434782608695654,0.0,nan,0.04662374821173105,0.001605351170568562,92.0,736.0,0.2584828115068376,0.32378544917082763,0.044930591742740944,0.47675982785307713,4.594692707061768,1.0,0.0,0.0,0.25,0.0,1.4510434865951538,1.2333853244781494,16.970410058507696,67.0,1.0,115.0,0.6065964505076415
61.0,110.0,-0.8723551467061041,0.0,0.9179710864336633,0.3333333333333333,0.0,nan,0.04656652360515022,0.0015986622073578594,54.0,440.0,0.2130310982465744,0.365712645451822,0.035458373566825685,0.5529315639733726,4.594692707061768,,,,,,,,,,,,
62.0,115.0,0.85933298021555,0.0,0.9679831457841535,0.2698412698412698,0.0,nan,0.046509298998569384,0.0015919732441471574,63.0,460.0,0.09020874090492725,0.2148536325967143,0.02101262092401157,0.3160786582801052,4.594692707061768,,,,,,,,,,,,
63.0,25.0,-0.264654192328453,0.0,0.8850560540994146,0.375,0.0,nan,0.046452074391988556,0.0015852842809364548,16.0,100.0,0.13500839099287987,0.27238697044551374,0.008534820172935725,0.35949509505360766,4.594692707061768,,,,,,,,,,,,
64.0,134.0,-0.40888331770896863,0.0,0.8865453573937382,0.410958904109589,0.0,nan,0.04639484978540773,0.0015785953177257525,73.0,536.0,0.07194423768669367,0.27668989338053507,0.047197349072007455,0.36337715828824857,4.594692707061768,,,,,,,,,,,,
65.0,200.0,-0.16359863579273198,0.0,0.8765746470111804,0.46296296296296297,0.0,nan,0.0463376251788269,0.0015719063545150502,108.0,800.0,0.11957785999402404,0.3308022543278639,0.16102246105583617,0.3015160631572693,4.594692707061768,,,,,,,,,,,,
66.0,142.0,0.20501426041126447,0.0,0.881584148662595,0.3888888888888889,0.0,nan,0.04628040057224607,0.001565217391304348,72.0,568.0,0.12796834809705615,0.2280037223108593,0.06894434419336903,0.22236525224243386,4.594692707061768,,,,,,,,,,,,
67.0,105.0,1.0748700611293316,0.0,0.9130649108923388,0.3870967741935484,0.0,nan,0.04622317596566524,0.0015585284280936456,62.0,420.0,0.25433678179979324,0.19186749293476169,0.0347155973347526,0.2038177727623971,4.594692707061768,,,,,,,,,,,,
68.0,123.0,-0.07262926131486963,0.0,0.8694548484403558,0.46774193548387094,0.0,nan,0.04616595135908441,0.001551839464882943,62.0,492.0,0.3125982731580734,0.30428491752172704,0.06223426993801695,0.4706202863895875,4.594594112597406,,,,,,,,,,,,
69.0,44.0,-0.39330812036991125,0.0,0.8900266695803651,0.38461538461538464,0.0,nan,0.046108726752503576,0.001545150501672241,26.0,176.0,0.3160848766565323,0.3268223952691187,0.039217085593422366,0.5545427352742174,4.594692707061768,,,,,,,,,,,,
70.0,35.0,-0.4372707158327104,0.0,0.9478441092041845,0.3333333333333333,0.0,nan,0.04605150214592275,0.0015384615384615385,24.0,140.0,0.26443588733673096,0.3458017918514088,0.03494433459875706,0.47010159107215777,4.594692707061768,1.0,0.0,0.0,0.25,0.0,0.2590872347354889,1.5611257553100586,16.33543352119159,55.0,1.0,108.0,-0.16944310694932926
71.0,36.0,-0.29937234580516847,0.0,0.9596391364982254,0.3,0.0,nan,0.04599427753934192,0.0015317725752508362,20.0,144.0,0.5174962729215622,0.31194733104510103,0.005476019116435459,0.5591664729485173,4.594692707061768,,,,,,,,,,,,
72.0,71.0,-0.1939245676994319,0.0,0.9899105758609864,0.23684210526315788,0.0,nan,0.04593705293276109,0.0015250836120401338,38.0,284.0,0.7131780534982681,0.33983609849747154,0.0344910390572295,0.47887239432104867,4.594692707061768,,,,,,,,,,,,
73.0,10.0,-0.6315975785255433,0.0,0.5861353211933781,0.5,0.0,nan,0.04587982832618026,0.0015183946488294315,10.0,40.0,0.23656188696622849,0.24521159160649403,0.08749982822919264,0.2812397855508664,4.594692707061768,,,,,,,,,,,,
74.0,75.0,0.4332126140594482,0.0,0.934946936735849,0.2978723404255319,0.0,nan,0.04582260371959943,0.0015117056856187292,47.0,300.0,0.19860628619790077,0.28522283648180746,0.05389825551537797,0.3603552535868868,4.594692707061768,,,,,,,,,,,,
75.0,80.0,0.1037223532795905,0.0,0.8041148235886008,0.5106382978723404,0.0,nan,0.0457653791130186,0.0015050167224080267,47.0,320.0,0.17176486924290657,0.23075478392911464,0.03274863619571988,0.3391969256877452,4.594692707061768,,,,,,,,,,,,
76.0,38.0,-0.339769654273987,0.0,0.7834121967780401,0.42857142857142855,0.0,nan,0.04570815450643777,0.0014983277591973244,21.0,152.0,0.5899558961391449,0.23794660056745143,0.01344859605753874,0.2938783027279074,4.594692707061768,,,,,,,,,,,,
77.0,200.0,-0.06134056895971218,0.0,0.727720460404024,0.5742574257425742,0.0,nan,0.04565092989985694,0.001491638795986622,101.0,800.0,0.08661081874743104,0.18516733364140237,0.037836790244909935,0.258169327663909,4.594692707061768,,,,,,,,,,,,
78.0,82.0,-1.1084875364601616,0.0,0.9180499698080332,0.38636363636363635,0.0,nan,0.04559370529327611,0.0014849498327759198,44.0,328.0,0.24115483462810516,0.472589511777187,0.21121153662102188,0.44091847302465226,4.594550450332463,,,,,,,,,,,,
79.0,17.0,-0.7073541459441184,0.0,0.9285249412353892,0.35714285714285715,0.0,nan,0.04553648068669528,0.0014782608695652175,14.0,68.0,0.2180810086429119,0.19716472872395946,0.03879123817280154,0.15060038955772037,4.594692707061768,,,,,,,,,,,,
80.0,159.0,0.40691938459873217,0.0,0.878865746106024,0.41304347826086957,0.0,nan,0.04547925608011445,0.001471571906354515,92.0,636.0,0.23698501475155354,0.24326230769474932,0.03260487651641597,0.3485204019696786,4.594692707061768,1.0,0.0,0.0,0.0,0.0,0.3056906759738922,0.4073476791381836,24.39975738339126,111.0,1.0,200.0,0.923880010098221
81.0,142.0,-0.7481972050666802,0.0,0.9518204978924903,0.2987012987012987,0.0,nan,0.045422031473533624,0.0014648829431438129,77.0,568.0,0.45649890042841434,0.325685443734983,0.04462595250015511,0.4996649088841537,4.594692707061768,,,,,,,,,,,,
82.0,97.0,0.6971459406614304,0.0,0.8126677071615925,0.5,0.0,nan,0.045364806866952795,0.0014581939799331103,50.0,388.0,0.3655807748436928,0.27638463204948494,0.0651521653695113,0.295738715589696,4.594692707061768,,,,,,,,,,,,
83.0,29.0,-0.44251163244247443,0.0,0.4888049401065605,0.6666666666666666,0.0,nan,0.04530758226037196,0.0014515050167224082,18.0,116.0,0.2633226364850998,0.23459175176886393,0.031013516999243214,0.34651653984864705,4.594692707061768,,,,,,,,,,,,
84.0,35.0,-0.29401662349700936,0.0,0.8914546438286999,0.3333333333333333,0.0,nan,0.04525035765379113,0.0014448160535117057,21.0,140.0,0.26022903621196747,0.2049790267300393,0.03884224282976772,0.26808543414279357,4.594692707061768,,,,,,,,,,,,
85.0,25.0,-0.6375851452350617,0.0,0.7956405271143944,0.42105263157894735,0.0,nan,0.0451931330472103,0.0014381270903010034,19.0,100.0,0.1108952984213829,0.24828580832807348,0.03162273750669556,0.27126091189008295,4.594692707061768,,,,,,,,,,,,
86.0,38.0,-0.730749570131302,0.0,0.9434038270194668,0.3181818181818182,0.0,nan,0.04513590844062947,0.0014314381270903011,22.0,152.0,0.24344314634799957,0.323286725293943,0.06789567214314286,0.39927861263337033,4.594692707061768,,,,,,,,,,,,
87.0,69.0,0.2091066455841062,0.0,0.763643652816473,0.5428571428571428,0.0,nan,0.045078683834048644,0.0014247491638795986,35.0,276.0,0.7819340974092484,0.21262318338722253,-0.0037490513908551293,0.374884188890109,4.594692707061768,,,,,,,,,,,,
88.0,154.0,1.3928183293342604,0.0,0.8665569769484812,0.4125,0.0,nan,0.045021459227467815,0.0014180602006688965,80.0,616.0,0.37494394555687904,0.25947717225790257,0.06076424201182817,0.3522194239110332,4.594692707061768,,,,,,,,,,,,
89.0,69.0,0.5787729775905612,0.0,0.8307521466320352,0.35135135135135137,0.0,nan,0.044964234620886986,0.001411371237458194,37.0,276.0,0.544739305973053,0.3870576893186808,0.07462867537219608,0.3793821200010754,4.594692707061768,,,,,,,,,,,,
90.0,170.0,0.05969416722655396,0.0,0.9141589825569558,0.39361702127659576,0.0,0.0,0.04490701001430615,0.0014046822742474917,94.0,680.0,0.09196348395198584,0.2547730324768054,0.05881050122661691,0.2714345006122416,4.594692707061768,1.0,0.0,0.0,0.0,0.0,1.520015001296997,1.2079905271530151,26.41483272239566,108.0,1.0,200.0,0.20316968858242013
91.0,58.0,-0.7337693649530412,0.0,0.8727860229745436,0.3793103448275862,0.0,nan,0.04484978540772532,0.0013979933110367894,29.0,232.0,0.23894119635224342,0.2896988560618223,0.057418284853438625,0.40901497258169794,4.594692707061768,,,,,,,,,,,,
92.0,72.0,0.5095606218278409,0.0,0.8996659216527774,0.4186046511627907,0.0,nan,0.04479256080114449,0.0013913043478260868,43.0,288.0,0.2704942300915718,0.27860767835773004,0.04978059067001439,0.34789543963344816,4.594692707061768,,,,,,,,,,,,
93.0,68.0,0.20573007732629733,0.0,0.8390217907462567,0.4864864864864865,0.0,nan,0.044735336194563664,0.0013846153846153847,37.0,272.0,0.328290119767189,0.2806647981287824,0.04896601589598504,0.38626061812920476,4.594692707061768,,,,,,,,,,,,
94.0,77.0,0.9694865587353709,0.0,0.9001712937310172,0.35555555555555557,0.0,nan,0.044678111587982836,0.0013779264214046822,45.0,308.0,0.28036142885684967,0.2968018023584591,0.06166238083461195,0.20774992660800756,4.594692707061768,,,,,,,,,,,,
95.0,115.0,1.0544840797781951,0.0,0.8856562343646905,0.3684210526315789,0.0,nan,0.04462088698140201,0.00137123745819398,57.0,460.0,0.7995841205120087,0.3577284458833674,0.055214287972916054,0.46111529744744795,4.594692707061768,,,,,,,,,,,,
96.0,67.0,1.4003569173812864,0.0,0.7834788587845498,0.5277777777777778,0.0,nan,0.04456366237482118,0.0013645484949832776,36.0,268.0,0.47702841460704803,0.22627518931949453,0.026233057724311948,0.25914463629335405,4.594692707061768,,,,,,,,,,,,
97.0,21.0,-0.417980640232563,0.0,0.8777875992540731,0.38461538461538464,0.0,nan,0.04450643776824034,0.0013578595317725753,13.0,84.0,0.21014085784554482,0.2559622500391145,0.05155457150457161,0.3263032693379828,4.594692707061768,,,,,,,,,,,,
98.0,27.0,-0.3485991847515107,0.0,0.973666896596966,0.2777777777777778,0.0,nan,0.044449213161659513,0.001351170568561873,18.0,108.0,0.43889521807432175,0.5855839197627373,0.3727642199093545,0.29839576903220777,4.594692707061768,,,,,,,,,,,,
99.0,14.0,-0.3491607093811036,0.0,0.8777875992540731,0.38461538461538464,0.0,nan,0.044391988555078685,0.0013444816053511705,13.0,56.0,0.40275419503450394,0.16916220254331296,-0.0075482371695605776,0.33240101267860417,4.594692707061768,,,,,,,,,,,,
100.0,94.0,-1.2308878594636916,0.0,0.7827889810860701,0.42,0.0,0.0,0.044334763948497856,0.0013377926421404684,50.0,376.0,0.4383184462785721,0.2916315990205476,0.06320340096982802,0.4344262813402824,4.594692707061768,1.0,0.0,0.0,0.5,0.0,-0.01247936487197876,1.5368293523788452,3.4769355587195605,24.0,1.0,33.0,-0.9446648019552232
101.0,169.0,-0.9328862050175666,0.0,0.8691362781181353,0.3804347826086957,0.0,nan,0.04427753934191703,0.0013311036789297659,92.0,676.0,0.30802722508087754,0.29951411180445575,0.06666303476595203,0.3155550685408628,4.594692707061768,,,,,,,,,,,,
102.0,113.0,0.4269974333047869,0.0,0.90637263798993,0.375,0.0,nan,0.0442203147353362,0.0013244147157190635,56.0,452.0,0.40636302530765533,0.2949803745432291,0.05244954665431578,0.4069856817897657,4.594048453494906,,,,,,,,,,,,
103.0,132.0,-0.7401050370931613,0.0,0.9127367856825186,0.4266666666666667,0.0,nan,0.04416309012875537,0.0013177257525083612,75.0,528.0,0.35248596873134375,0.33436433163115,0.08004234908821672,0.43211485666007016,4.594692707061768,,,,,,,,,,,,
104.0,44.0,-0.2281210118532181,0.0,0.751886919141727,0.5357142857142857,0.0,nan,0.04410586552217454,0.001311036789297659,28.0,176.0,0.23932016640901566,0.19853068584713832,0.038311143459312996,0.17628649689652579,4.594692707061768,,,,,,,,,,,,
105.0,82.0,0.5104760336875921,0.0,0.8160330274568925,0.38636363636363635,0.0,nan,0.044048640915593705,0.0013043478260869566,44.0,328.0,0.325691893696785,0.31580727189430036,0.04387328337043073,0.27065525315087924,4.594692707061768,,,,,,,,,,,,
106.0,191.0,-0.8248279935121533,0.0,0.8074093340192082,0.46153846153846156,0.0,nan,0.043991416309012876,0.001297658862876254,104.0,764.0,0.2982718339189887,0.3474136493077822,0.09437513078046322,0.40733431381497387,4.594692707061768,,,,,,,,,,,,
107.0,30.0,0.332663297653198,0.0,0.8490078333903118,0.29411764705882354,0.0,nan,0.04393419170243205,0.001290969899665552,17.0,120.0,0.2512038052082062,0.37376135953430395,0.09195784753343711,0.24989485112162507,4.594692707061768,,,,,,,,,,,,
108.0,200.0,0.02442027553915821,0.0,0.7810778414478612,0.5486725663716814,0.0,nan,0.04387696709585122,0.0012842809364548495,113.0,800.0,0.15437193121761084,0.13022649096456007,0.0708489794066054,0.11215589129789255,4.594692707061768,,,,,,,,,,,,
109.0,21.0,-0.33497566342353824,0.0,0.7485801873432595,0.46153846153846156,0.0,nan,0.04381974248927039,0.0012775919732441472,13.0,84.0,0.32839619368314743,0.2699425955458234,0.04993993148118967,0.31690825766920944,4.594692707061768,,,,,,,,,,,,
110.0,59.0,0.39530659079551655,0.0,0.6874138707190792,0.5,0.0,0.0,0.04376251788268956,0.0012709030100334449,38.0,236.0,0.6596792787313461,0.2539735900068466,0.07490162353201027,0.25217089214531807,4.594692707061768,1.0,0.0,0.0,0.25,0.0,2.1294798851013184,0.16799306869506836,21.18620923254639,77.0,1.0,147.0,-0.05688859939575197
111.0,82.0,0.3987318474054334,0.0,0.9189570175099424,0.3333333333333333,0.0,nan,0.043705293276108725,0.0012642140468227426,39.0,328.0,0.3618251010775566,0.42114974087689916,0.12712991876281876,0.3670361587874077,4.594692707061768,,,,,,,,,,,,
112.0,110.0,0.8266450792551044,0.0,0.8490598297553894,0.45614035087719296,0.0,nan,0.043648068669527904,0.0012575250836120403,57.0,440.0,0.3341066911816597,0.3218642029987677,0.05940445486319845,0.3476585263565859,4.594692707061768,,,,,,,,,,,,
113.0,19.0,-0.31686575800180444,0.0,0.846536228395619,0.4,0.0,nan,0.04359084406294707,0.0012508361204013377,15.0,76.0,0.5951204597949982,0.26033993849322495,0.035047567189107405,0.2806545137767731,4.594692707061768,,,,,,,,,,,,
114.0,45.0,-0.36455616950988756,0.0,0.8753448070599719,0.36,0.0,nan,0.04353361945636624,0.0012441471571906354,25.0,180.0,0.15648159384727478,0.23968706405721604,0.053095263823504664,0.2456779084376761,4.594692707061768,,,,,,,,,,,,
115.0,60.0,0.8683636665344238,0.0,0.853017182737392,0.46875,0.0,nan,0.04347639484978541,0.0012374581939799331,32.0,240.0,0.629462867975235,0.33584880353470603,0.09150346228610336,0.32227539549227285,4.594692707061768,,,,,,,,,,,,
116.0,27.0,0.2636100876331328,0.0,0.7687326303934264,0.38095238095238093,0.0,nan,0.04341917024320458,0.0012307692307692306,21.0,108.0,0.1172289289534092,0.25486100538357814,0.03496034517593216,0.26419007176038917,4.594692707061768,,,,,,,,,,,,
117.0,74.0,-1.0016677001118655,0.0,0.8465583749955595,0.5,0.0,nan,0.04336194563662375,0.0012240802675585285,38.0,296.0,0.5499400496482849,0.31834754688043176,0.05381410043833057,0.4335443010234706,4.594692707061768,,,,,,,,,,,,
118.0,200.0,-0.6724991247057922,0.0,0.8115480076589173,0.5471698113207547,0.0,nan,0.043304721030042924,0.001217391304347826,106.0,800.0,0.07500888267531991,0.3047992733118008,0.13908395099861082,0.20196092620759706,4.594692707061768,,,,,,,,,,,,
119.0,32.0,0.20483648061752313,0.0,0.9538676881124045,0.3157894736842105,0.0,nan,0.04324749642346209,0.0012107023411371239,19.0,128.0,0.3656020686030388,0.2977582075945975,0.0589084396308408,0.23742320214004176,4.594692707061768,,,,,,,,,,,,
120.0,57.0,0.27078193157911273,0.0,0.6843251236818986,0.45161290322580644,0.0,0.0,0.04319027181688126,0.0012040133779264214,31.0,228.0,0.858880415558815,0.3463542386368652,0.02052901420169643,0.5260319208868327,4.594692707061768,1.0,0.0,0.0,0.5,0.0,-0.038900598883628845,2.2579851150512695,4.175613616593182,22.0,1.0,30.0,-0.6756826549768448
121.0,60.0,1.3384995311498638,0.0,0.9419263747485227,0.3125,0.0,nan,0.04313304721030043,0.001197324414715719,32.0,240.0,0.4590003937482834,0.3836758664653947,0.14802438762696207,0.28973837834795063,4.594692707061768,,,,,,,,,,,,
122.0,25.0,-0.07402793765068044,0.0,0.8156009095169172,0.5263157894736842,0.0,nan,0.0430758226037196,0.0011906354515050168,19.0,100.0,0.3637291118502617,0.30748159386217594,0.07083674417808652,0.20867638173399086,4.594692707061768,,,,,,,,,,,,
123.0,70.0,0.5182355642318723,0.0,0.9122025267347912,0.34210526315789475,0.0,nan,0.04301859799713877,0.0011839464882943144,38.0,280.0,0.3898068517446518,0.3121253713306942,0.06017447929025366,0.2962451143767335,4.594692707061768,,,,,,,,,,,,
124.0,122.0,1.319598798006773,0.0,0.9489863997201768,0.2878787878787879,0.0,nan,0.042961373390557944,0.0011772575250836121,66.0,488.0,0.6718854308128357,0.33621647033214686,0.023385607383566764,0.42493497804760083,4.594692707061768,,,,,,,,,,,,
125.0,28.0,-0.8436686563491821,0.0,0.6350559753595115,0.5238095238095238,0.0,nan,0.04290414878397711,0.0011705685618729096,21.0,112.0,0.48948128521442413,0.38014081331285915,0.037251420675602276,0.39104668539298715,4.594692707061768,,,,,,,,,,,,
126.0,44.0,-0.09308929979801223,0.0,0.9147754579793788,0.41379310344827586,0.0,nan,0.04284692417739629,0.0011638795986622075,29.0,176.0,0.4387846738100052,0.27973253751935606,0.04868952753465485,0.32137688896019206,4.594692707061768,,,,,,,,,,,,
127.0,200.0,-0.5263651162385946,0.0,0.8637679126650099,0.3883495145631068,0.0,nan,0.04278969957081545,0.001157190635451505,103.0,800.0,0.053604365326464176,0.22787281648925273,0.10124330389226088,0.15678070947332667,4.594692707061768,,,,,,,,,,,,
128.0,200.0,0.40949101652950165,0.0,0.9293636233461778,0.3125,0.0,nan,0.04273247496423462,0.0011505016722408027,96.0,800.0,0.13511325884610415,0.22811926121744364,0.07358833948143229,0.164493405877848,4.594692707061768,,,,,,,,,,,,
129.0,200.0,1.2633141651749638,0.0,0.93077426547282,0.37142857142857144,0.0,nan,0.04267525035765379,0.0011438127090301004,105.0,800.0,0.2017300371080637,0.27013752847051364,0.09626310008525252,0.1947638738706008,4.594692707061768,,,,,,,,,,,,
130.0,41.0,0.6976802976429459,0.0,0.7047988035345464,0.6206896551724138,0.0,0.0,0.042618025751072965,0.001137123745819398,29.0,164.0,2.037969708442688,0.3306146945986079,0.08075010071852154,0.29607885704744186,4.594692707061768,1.0,0.0,0.0,0.25,0.0,0.0005526691675186157,1.1294690370559692,19.125074116745964,73.0,1.0,137.0,-0.21030386209487872
131.0,33.0,0.8433737289905547,0.0,0.6783648736798628,0.38095238095238093,0.0,nan,0.042560801144492136,0.0011304347826086958,21.0,132.0,0.5761504620313644,0.35610847011787083,0.061207569860429925,0.1947602744137212,4.594692707061768,,,,,,,,,,,,
132.0,200.0,-0.703771682083607,0.0,0.8954307362414213,0.43636363636363634,0.0,nan,0.04250357653791131,0.0011237458193979932,110.0,800.0,0.08631615899503231,0.29120884162512084,0.10928894259518529,0.2343049625945548,4.589960687793791,,,,,,,,,,,,
133.0,200.0,0.5514999501407155,0.0,0.924390489522759,0.39622641509433965,0.0,nan,0.04244635193133047,0.0011170568561872912,106.0,800.0,0.18440601136535406,0.2401192891447863,0.06317140177824854,0.23598456561562675,4.594692707061768,,,,,,,,,,,,
134.0,28.0,0.28332113146781895,0.0,0.5236488005647206,0.6818181818181818,0.0,nan,0.04238912732474964,0.0011103678929765886,22.0,112.0,0.29578548669815063,0.3158753324189872,0.04811755913864805,0.254954159697206,4.594692707061768,,,,,,,,,,,,
135.0,200.0,1.2259006212465475,0.0,0.9616779569328778,0.336734693877551,0.0,nan,0.042331902718168814,0.0011036789297658863,98.0,800.0,0.1528208600357175,0.2147683500365929,0.09030616531572377,0.14631635913805097,4.594692707061768,,,,,,,,,,,,
136.0,107.0,0.7228798556327819,0.0,0.8634791180390304,0.43859649122807015,0.0,nan,0.042274678111587985,0.001096989966555184,57.0,428.0,0.3045394495129585,0.2886775892757214,0.1215110356047262,0.15334148686009907,4.594692707061768,,,,,,,,,,,,
137.0,63.0,0.6554707896709442,0.0,0.7488433541311806,0.5142857142857142,0.0,nan,0.042217453505007156,0.0010903010033444817,35.0,252.0,0.2985634356737137,0.3919784840721164,0.1853740284060468,0.1635452688006963,4.594692707061768,,,,,,,,,,,,
138.0,35.0,-0.8528314888477329,0.0,0.8187258021754055,0.4782608695652174,0.0,nan,0.04216022889842633,0.0010836120401337794,23.0,140.0,0.5305596739053726,0.3880169232010043,0.09002986571951103,0.4010857589442602,4.594692707061768,,,,,,,,,,,,
139.0,46.0,0.8590834850072859,0.0,0.3454992174734501,0.8181818181818182,0.0,nan,0.0421030042918455,0.0010769230769230769,33.0,184.0,0.2740572467446327,0.49213646596763283,0.14184940139682073,0.10482070520138334,4.594692707061768,,,,,,,,,,,,
140.0,34.0,-1.0784499490261081,0.0,0.6391199134830335,0.68,0.0,0.0,0.04204577968526467,0.0010702341137123746,25.0,136.0,0.2408260852098465,0.35096113077666174,0.1005904033595203,0.30859487326734036,4.5923817718730255,1.0,0.0,0.0,0.25,0.0,7.860471725463867,0.7478816509246826,6.063066314440221,27.0,1.0,44.0,-0.00036210656166080213
141.0,117.0,0.19404549777507785,0.0,0.8585601285786768,0.4166666666666667,0.0,nan,0.041988555078683834,0.0010635451505016723,60.0,468.0,0.3315410315990448,0.42703056787036076,0.11058264193025025,0.42593273032186696,4.594692707061768,,,,,,,,,,,,
142.0,78.0,1.3017040562629696,0.0,0.9156019187223072,0.375,0.0,nan,0.041931330472103005,0.0010568561872909697,40.0,312.0,0.3888360410928726,0.29471377355184813,0.09588625041760679,0.16737211425398957,4.594692707061768,,,,,,,,,,,,
143.0,200.0,0.7439917974174032,0.0,0.9321455770156215,0.39805825242718446,0.0,nan,0.041874105865522177,0.0010501672240802677,103.0,800.0,0.08423772966489196,0.2937535501359889,0.11605231673012639,0.2052929539594781,4.594692707061768,,,,,,,,,,,,
144.0,52.0,0.1553908589482303,0.0,0.9668212270106886,0.32,0.0,nan,0.04181688125894135,0.0010434782608695651,25.0,208.0,0.8564817905426025,0.43183525233493686,0.06856796132398393,0.4833227977663721,4.592931172022452,,,,,,,,,,,,
145.0,25.0,-0.2103978604078293,0.0,0.8273536434712726,0.29411764705882354,0.0,nan,0.04175965665236052,0.001036789297658863,17.0,100.0,0.32675281912088394,0.39883725460618735,0.09704436674015597,0.44831794066336783,4.594692707061768,,,,,,,,,,,,
146.0,25.0,-0.4868321537971496,0.0,0.8109019787469418,0.375,0.0,nan,0.04170243204577968,0.0010301003344481605,16.0,100.0,0.3953818455338478,0.29451575681334363,0.08619955015201412,0.32637797626242215,4.594692707061768,,,,,,,,,,,,
147.0,200.0,0.2718190819025047,0.0,0.9344891909578156,0.3235294117647059,0.0,nan,0.04164520743919886,0.0010234113712374582,102.0,800.0,0.12959756422787905,0.2625813926470073,0.11069017141960558,0.14760866117318028,4.594692707061768,,,,,,,,,,,,
148.0,30.0,-0.5660963833332062,0.0,0.46877404411492957,0.7777777777777778,0.0,nan,0.041587982832618026,0.001016722408026756,27.0,120.0,0.492024764418602,0.3485501916506716,0.06291765375435716,0.32262505540123243,4.594687273104985,,,,,,,,,,,,
149.0,200.0,-0.8011400654911989,0.0,0.9611785103663276,0.30612244897959184,0.0,nan,0.0415307582260372,0.0010100334448160536,98.0,800.0,0.13713620649650693,0.2544641719991887,0.05388339276680654,0.23749321853859795,4.594692707061768,,,,,,,,,,,,
150.0,26.0,-0.3178130841255188,0.0,0.9256951390590508,0.3125,0.0,0.0,0.04147353361945637,0.0010033444816053513,16.0,104.0,0.4499242454767227,0.35425406384568375,0.04436844396807898,0.32624877953961334,4.594692707061768,1.0,0.0,0.0,0.5,0.0,-0.012749508023262024,0.5468252897262573,10.413576108636335,47.0,1.0,74.0,0.4701502813398837
151.0,52.0,-0.2785755988955499,0.0,0.7984973644378173,0.5185185185185185,0.0,nan,0.04141630901287554,0.0009966555183946488,27.0,208.0,0.105914993211627,0.3231847930762272,0.09394036755055332,0.27003568655334004,4.594692707061768,,,,,,,,,,,,
152.0,80.0,1.3503603443503378,0.0,0.978218578401451,0.2682926829268293,0.0,nan,0.04135908440629471,0.0009899665551839465,41.0,320.0,0.5251530110836029,0.36091637600202375,0.06613109612226253,0.3452548238962896,4.594692707061768,,,,,,,,,,,,
153.0,200.0,1.508614234626295,0.0,0.9773689340940364,0.28865979381443296,0.0,nan,0.04130185979971388,0.0009832775919732441,97.0,800.0,0.23623124277219176,0.2538375068706955,0.08262273826039745,0.20622939599949675,4.594692707061768,,,,,,,,,,,,
154.0,200.0,1.6770291268825535,0.0,0.9791831776356469,0.26804123711340205,0.0,nan,0.04124463519313305,0.0009765886287625418,97.0,800.0,0.1640395736321807,0.2845274233973214,0.1032375976383264,0.26010140213925803,4.594692707061768,,,,,,,,,,,,
155.0,176.0,1.356599874198439,0.0,0.9353551304223771,0.3368421052631579,0.0,nan,0.04118741058655222,0.0009698996655518395,95.0,704.0,0.48538941890001297,0.4279295242668013,0.0918361597741324,0.4845994368374189,4.594692707061768,,,,,,,,,,,,
156.0,167.0,0.4538564312458063,0.0,0.9555186097380662,0.3048780487804878,0.0,nan,0.04113018597997139,0.0009632107023411372,82.0,668.0,0.2501728059723973,0.30641433761138614,0.10031939413070745,0.33746089752778813,4.594692707061768,,,,,,,,,,,,
157.0,200.0,-0.6080020397901522,0.0,0.9766223936900233,0.2717391304347826,0.0,nan,0.04107296137339056,0.0009565217391304349,92.0,800.0,0.07183062238618731,0.2525302770354756,0.09555200940758368,0.2142998862554617,4.594692707061768,,,,,,,,,,,,
158.0,35.0,0.019948729872703574,0.0,0.738342384521286,0.5357142857142857,0.0,nan,0.04101573676680973,0.0009498327759197324,28.0,140.0,0.31435683369636536,0.3345428692742384,0.05858076322225055,0.24049033928704375,4.594692707061768,,,,,,,,,,,,
159.0,44.0,0.20190589487552615,0.0,0.509484383352635,0.7333333333333333,0.0,nan,0.0409585121602289,0.0009431438127090301,30.0,176.0,0.21117271855473518,0.36229890360713896,0.08127710234041595,0.12526222701913525,4.594692707061768,,,,,,,,,,,,
160.0,200.0,0.9534660432487729,0.0,0.9365466026853945,0.32,0.0,0.0,0.04090128755364807,0.0009364548494983278,100.0,800.0,0.18003618391230702,0.3140673575198889,0.10580064132045663,0.16345547344602895,4.594692707061768,1.0,0.0,0.0,0.25,0.0,0.34303513169288635,0.7162657976150513,21.727380980271846,76.0,1.0,155.0,0.14614662528038103
161.0,15.0,-0.7939526200294496,0.0,0.8401749693899792,0.4166666666666667,0.0,nan,0.040844062947067244,0.0009297658862876255,12.0,60.0,0.43351297080516815,0.31154367012592654,0.05971616466931664,0.44594517411463436,4.594692707061768,,,,,,,,,,,,
162.0,26.0,-0.1526301419734955,0.0,0.8504146239343556,0.4375,0.0,nan,0.04078683834048641,0.0009230769230769232,16.0,104.0,0.3166138455271721,0.32250544790608376,0.11710321710807665,0.18924770654152404,4.594692707061768,,,,,,,,,,,,
163.0,104.0,0.9173740556836139,0.0,0.854547297993479,0.4074074074074074,0.0,nan,0.04072961373390558,0.0009163879598662209,54.0,416.0,0.23817319050431252,0.30408315598560876,0.09154244936598843,0.2509211758469938,4.594692707061768,,,,,,,,,,,,
164.0,49.0,0.5867526030540469,0.0,0.7613247038166875,0.46875,0.0,nan,0.04067238912732475,0.0009096989966555185,32.0,196.0,0.33831696957349777,0.33581451346209196,0.10129928374954034,0.20721251939448673,4.594692707061768,,,,,,,,,,,,
165.0,11.0,-0.602262826859951,0.0,0.5200500891777403,0.75,0.0,nan,0.04061516452074392,0.0009030100334448162,12.0,44.0,0.13289829157292843,0.34350851914760744,0.08192156996069984,0.42147572265596495,4.594692707061768,,,,,,,,,,,,
166.0,35.0,-0.27331598699092885,0.0,0.851548915009567,0.45,0.0,nan,0.040557939914163094,0.0008963210702341137,20.0,140.0,0.2797093465924263,0.20361051677027717,0.04755299503473387,0.2109487511512517,4.594692707061768,,,,,,,,,,,,
167.0,200.0,1.6854380048811475,0.0,0.9416625413405363,0.37,0.0,nan,0.040500715307582265,0.0008896321070234114,100.0,800.0,0.27461305260658264,0.3379369165735966,0.1254534284626061,0.1534928812674563,4.594692707061768,,,,,,,,,,,,
168.0,120.0,-0.9523497492074972,0.0,0.9170070056817403,0.36363636363636365,0.0,nan,0.040443490701001436,0.0008829431438127091,66.0,480.0,0.364381967112422,0.37705850924430706,0.13769217008211854,0.3564104109740377,4.594692707061768,,,,,,,,,,,,
169.0,70.0,1.1599011659622194,0.0,0.8189785993178695,0.4,0.0,nan,0.0403862660944206,0.0008762541806020068,40.0,280.0,0.258747898042202,0.2882310201348446,0.09803551417462586,0.15315576559867317,4.594692707061768,,,,,,,,,,,,
170.0,83.0,0.2602476340532302,0.0,0.9056359487491012,0.37777777777777777,0.0,0.0,0.04032904148783977,0.0008695652173913045,45.0,332.0,0.5395967960357666,0.4721243867402336,0.17176969319381197,0.29849585564755965,4.594692707061768,1.0,0.0,0.0,0.0,0.0,1.5188766717910767,0.9171429872512817,26.125812938669696,97.0,1.0,200.0,0.7268154665827773
171.0,26.0,-0.37752213835716264,0.0,0.8504146239343556,0.4375,0.0,nan,0.04027181688125894,0.0008628762541806022,16.0,104.0,0.7490286231040955,0.4340718831741609,0.07727705860564199,0.42033864056795,4.594692707061768,,,,,,,,,,,,
172.0,163.0,1.582133300304415,0.0,0.7456164686027326,0.4588235294117647,0.0,nan,0.040214592274678114,0.0008561872909698999,85.0,652.0,0.245391596108675,0.3007845786469261,0.13194983865579446,0.22557077301518724,4.594692707061768,,,,,,,,,,,,
173.0,200.0,-0.9359588533639898,0.0,0.93253466092695,0.3404255319148936,0.0,nan,0.040157367668097285,0.0008494983277591974,94.0,800.0,0.16464768629521132,0.2863427686124851,0.11830567426989091,0.20514398655343652,4.594692707061768,,,,,,,,,,,,
174.0,200.0,0.2778863623738298,0.0,0.814483654287814,0.4563106796116505,0.0,nan,0.040100143061516456,0.000842809364548495,103.0,800.0,0.8257523635402322,0.14237813342379013,0.003729585462055842,0.15414057220969313,4.594692707061768,,,,,,,,,,,,
175.0,78.0,-0.4010970163345339,0.0,0.8435552516022957,0.38095238095238093,0.0,nan,0.04004291845493563,0.0008361204013377927,42.0,312.0,0.514988586306572,0.3991262478803037,0.08959926023763387,0.43906818739803405,4.594692707061768,,,,,,,,,,,,
176.0,78.0,0.11911282062530465,0.0,0.8652871397933669,0.41025641025641024,0.0,nan,0.03998569384835479,0.0008294314381270902,39.0,312.0,0.7505315095186234,0.3154599379031424,0.10535830658275813,0.24756098996046638,4.594692707061768,,,,,,,,,,,,
177.0,75.0,1.0037994019687173,0.0,0.903390624232061,0.35714285714285715,0.0,nan,0.03992846924177396,0.0008227424749163879,42.0,300.0,0.270323783159256,0.4491836447641617,0.2441926246393067,0.19566024383848424,4.594692707061768,,,,,,,,,,,,
178.0,25.0,-0.2706856012344361,0.0,0.7491421480581365,0.4117647058823529,0.0,nan,0.039871244635193134,0.0008160535117056856,17.0,100.0,0.24334101378917694,0.22566964428289793,0.05459024345735088,0.13053469689930808,4.594692707061768,,,,,,,,,,,,
179.0,56.0,0.8065169179439544,0.0,0.5914050268768691,0.6206896551724138,0.0,nan,0.039814020028612306,0.0008093645484949833,29.0,224.0,0.6389087736606598,0.3049138834727013,0.11600166909296863,0.26157763671420164,4.594692707061768,,,,,,,,,,,,
180.0,45.0,0.175866037607193,0.0,0.7782337439745712,0.5,0.0,0.0,0.03975679542203148,0.0008026755852842808,24.0,180.0,0.2837931737303734,0.3483858666719041,0.12625779623308012,0.2563698527818278,4.594692707061768,1.0,0.0,0.0,0.5,0.0,-0.13026919960975647,3.7299914360046387,6.31789368391037,26.0,1.0,45.0,-0.3175505101680761
181.0,64.0,-0.025466748476028922,0.0,0.6626996724945546,0.5609756097560976,0.0,nan,0.03969957081545065,0.0007959866220735785,41.0,256.0,0.2631297595798969,0.36384738583547005,0.10987269722681958,0.21535744342641128,4.594692707061768,,,,,,,,,,,,
182.0,16.0,-0.5692556595802307,0.0,0.7002003101877123,0.5,0.0,nan,0.03964234620886982,0.0007892976588628762,12.0,64.0,0.4866267815232277,0.2860779957518389,0.07843290371238254,0.33122568190185575,4.594692707061768,,,,,,,,,,,,
183.0,15.0,-0.4794889912009238,0.0,0.7002002361188162,0.5,0.0,nan,0.03958512160228898,0.0007826086956521738,12.0,60.0,0.285957932472229,0.1492356070356133,0.026892339538123148,0.13044628122183893,4.594692707061768,,,,,,,,,,,,
184.0,81.0,0.08038350731134443,0.0,0.6332135856373745,0.5116279069767442,0.0,nan,0.039527896995708155,0.0007759197324414715,43.0,324.0,0.18747378885746002,0.4220616951588454,0.16736023157633007,0.23638454968789668,4.594692707061768,,,,,,,,,,,,
185.0,27.0,-0.24059890329837808,0.0,0.8707342404830699,0.4375,0.0,nan,0.039470672389127326,0.0007692307692307692,16.0,108.0,0.1271209642291069,0.43420566820229095,0.08820130472273983,0.4405348828814342,4.594692707061768,,,,,,,,,,,,
186.0,43.0,-0.11901347815990451,0.0,0.8358906763004943,0.38461538461538464,0.0,nan,0.0394134477825465,0.0007625418060200669,26.0,172.0,0.17878511548042297,0.26100540405808037,0.10020231508560544,0.1599515845170736,4.594692707061768,,,,,,,,,,,,
187.0,125.0,1.8386660009622586,0.0,0.799691503181095,0.4827586206896552,0.0,nan,0.03935622317596567,0.0007558528428093644,58.0,500.0,0.5816042721271515,0.3716118761631151,0.09188458427820478,0.46289677502091914,4.594692707061768,,,,,,,,,,,,
188.0,38.0,-0.09757430583238588,0.0,0.7448869640448277,0.5,0.0,nan,0.03929899856938484,0.0007491638795986621,24.0,152.0,0.7408153116703033,0.40326048129569053,0.09265705630624373,0.3997279823619934,4.594692707061768,,,,,,,,,,,,
189.0,130.0,-0.36763606369495494,0.0,0.8236743451253117,0.3880597014925373,0.0,nan,0.03924177396280401,0.0007424749163879598,67.0,520.0,0.13560996484011412,0.17209765001643973,-0.002492602256097598,0.2175615787919969,4.594692707061768,,,,,,,,,,,,
190.0,79.0,0.276565105319023,0.0,0.7004850310244051,0.5238095238095238,0.0,0.0,0.039184549356223175,0.0007357859531772575,42.0,316.0,0.25979476794600487,0.3207741566243385,0.15564663329371342,0.22290850615255653,4.594692707061768,1.0,0.0,0.0,0.0,0.0,0.047544002532958984,0.201119065284729,21.87124029896222,106.0,1.0,200.0,-1.3719095647335036
191.0,24.0,0.2101439750194548,0.0,0.8274070471453765,0.4375,0.0,nan,0.03912732474964235,0.0007290969899665552,16.0,96.0,0.2837585061788559,0.47970060649095103,0.20403523917048005,0.21763708660724745,4.594692707061768,,,,,,,,,,,,
192.0,102.0,-0.7511279892921442,0.0,0.583840259412592,0.5573770491803278,0.0,nan,0.03907010014306152,0.0007224080267558529,61.0,408.0,0.09161140397191048,0.20883058492836426,0.01841124804569868,0.17708307877758167,4.594692707061768,,,,,,,,,,,,
193.0,57.0,1.3957625257968904,0.0,0.6642072708062204,0.6428571428571429,0.0,nan,0.03901287553648069,0.0007157190635451506,28.0,228.0,0.5689711570739746,0.3362944568282712,0.07616793352261945,0.14750614769533224,4.594692707061768,,,,,,,,,,,,
194.0,53.0,0.20673051595687836,0.0,0.8830011607143038,0.41935483870967744,0.0,nan,0.03895565092989986,0.0007090301003344482,31.0,212.0,0.3446013331413269,0.3613333691220142,0.12714360809268072,0.2461398750009188,4.594692707061768,,,,,,,,,,,,
195.0,115.0,0.8029473960399627,0.0,0.6518664298166569,0.5263157894736842,0.0,nan,0.03889842632331903,0.0007023411371237457,57.0,460.0,0.39791402220726013,0.3806695085818319,0.09671821503561752,0.3270460613905155,4.594692707061768,,,,,,,,,,,,
196.0,113.0,-0.5547942507266987,0.0,0.8307240004515088,0.41935483870967744,0.0,nan,0.0388412017167382,0.0006956521739130434,62.0,452.0,0.16880614310503006,0.32002305904734385,0.12965644596263814,0.22551569946686284,4.594692707061768,,,,,,,,,,,,
197.0,113.0,0.16708088487386735,0.0,0.8878347487374288,0.3559322033898305,0.0,nan,0.03878397711015737,0.0006889632107023411,59.0,452.0,0.12269644066691399,0.32081805947473185,0.12961219973680005,0.19757099378837806,4.594692707061768,,,,,,,,,,,,
198.0,51.0,-0.3329682773351673,0.0,0.866047160736474,0.4230769230769231,0.0,nan,0.038726752503576545,0.0006822742474916388,26.0,204.0,0.5509019643068314,0.33503439959695597,0.07314479885366043,0.36161981905118357,4.594692707061768,,,,,,,,,,,,
199.0,30.0,-0.04324252307415016,0.0,0.7630650265999684,0.4375,0.0,nan,0.03866952789699571,0.0006755852842809365,16.0,120.0,0.22032638266682625,0.3061657297114531,0.0581194939596268,0.30204480621326707,4.594692707061768,,,,,,,,,,,,
200.0,17.0,-0.3960565400123597,0.0,0.7582039590163822,0.38461538461538464,0.0,0.0,0.03861230329041488,0.0006688963210702342,13.0,68.0,0.18391888588666916,0.22037768716622583,0.04746499511084574,0.15873671045231466,4.594692707061768,1.0,0.0,0.0,0.25,0.0,1.2812881469726562,0.3044891357421875,19.72436899418244,97.0,1.0,179.0,-1.549543108940123
201.0,18.0,-0.3720169174671174,0.0,0.5706512925279843,0.5,0.0,nan,0.03855507868383405,0.0006622073578595319,12.0,72.0,0.909565269947052,0.22052737907344838,0.008322074488710819,0.13436787634052885,4.594692707061768,,,,,,,,,,,,
202.0,53.0,0.1370971572399141,0.0,0.7257584494146502,0.4074074074074074,0.0,nan,0.03849785407725322,0.0006555183946488294,27.0,212.0,0.786382868885994,0.4849464147585611,0.23341647593934198,0.21151843725178418,4.594692707061768,,,,,,,,,,,,
203.0,114.0,0.3516051864624025,0.0,0.8023867962420761,0.4603174603174603,0.0,nan,0.038440629470672394,0.000648829431438127,63.0,456.0,0.1869986429810524,0.4430582062933581,0.22209062957682868,0.23625200228749965,4.594692707061768,,,,,,,,,,,,
204.0,157.0,-2.1305191767215725,0.0,0.6597370647874696,0.4943820224719101,0.0,nan,0.03838340486409156,0.0006421404682274247,89.0,628.0,0.30767996795475483,0.6017466947817525,0.3061739923221445,0.3012946209170515,4.594692707061768,,,,,,,,,,,,
205.0,36.0,-0.5535019373893738,0.0,0.8763014809222827,0.38095238095238093,0.0,nan,0.03832618025751073,0.0006354515050167224,21.0,144.0,0.6408311575651169,0.4587412145087405,0.1391412892533107,0.49061779833092584,4.594692707061768,,,,,,,,,,,,
206.0,170.0,-0.6400858990848068,0.0,0.8704378167607899,0.3626373626373626,0.0,nan,0.0382689556509299,0.0006287625418060201,91.0,680.0,0.13371223770081997,0.4148543441237962,0.1919548159509052,0.3462031293017054,4.594692707061768,,,,,,,,,,,,
207.0,200.0,-0.14050612002611299,0.0,0.7404257203625075,0.49504950495049505,0.0,nan,0.03821173104434907,0.0006220735785953178,101.0,800.0,0.0773634840734303,0.18110966565745912,0.07636317234298849,0.06596289183243187,4.594692707061768,,,,,,,,,,,,
208.0,200.0,-0.48276655077934294,0.0,0.6914764756024712,0.5045871559633027,0.0,nan,0.03815450643776824,0.0006153846153846155,109.0,800.0,0.06885423115454614,0.2243555039963212,0.09461230728720597,0.09143680836953966,4.594692707061768,,,,,,,,,,,,
209.0,161.0,-2.2333421474695188,0.0,0.8058175934415479,0.38823529411764707,0.0,nan,0.038097281831187414,0.000608695652173913,85.0,644.0,0.2209119270555675,0.396432291666315,0.12126051842801644,0.31255531488794325,4.594692707061768,,,,,,,,,,,,
210.0,200.0,1.0013756193220633,0.0,0.5546431153191835,0.5221238938053098,0.0,0.0,0.038040057224606585,0.0006020066889632107,113.0,800.0,0.1417253261897713,0.3756296076348917,0.17756122932743496,0.06781856646098783,4.594692707061768,1.0,0.0,0.0,0.0,0.0,1.9397445917129517,0.37053656578063965,25.261456152773462,104.0,1.0,200.0,-0.6789317131042466
211.0,200.0,-1.2659855157136914,0.0,0.6789521659572135,0.5229357798165137,0.0,nan,0.03798283261802575,0.0005953177257525084,109.0,800.0,0.14154359069652855,0.2943669553660584,0.17599991790666536,0.10122671170071336,4.594692707061768,,,,,,,,,,,,
212.0,72.0,-0.275435837060213,0.0,0.6281603092683518,0.5454545454545454,0.0,nan,0.03792560801144493,0.0005886287625418061,44.0,288.0,0.7147136926651001,0.5636908243420748,0.06652505405559063,0.43420694457538134,4.594692707061768,,,,,,,,,,,,
213.0,83.0,-0.014144890308380481,0.0,0.7781046418886307,0.4782608695652174,0.0,nan,0.03786838340486409,0.0005819397993311038,46.0,332.0,0.0922365840524435,0.46797794363101275,0.1753639284212427,0.24029432867438294,4.594692707061768,,,,,,,,,,,,
214.0,200.0,-0.6903379738330847,0.0,0.5846946811638065,0.5663716814159292,0.0,nan,0.03781115879828326,0.0005752508361204015,113.0,800.0,0.05507028731517494,0.16752750357977675,0.024514254323930534,0.05926066642393085,4.594692707061768,,,,,,,,,,,,
215.0,89.0,2.084673008918762,0.0,0.7321364479908137,0.55,0.0,nan,0.037753934191702435,0.0005685618729096991,40.0,356.0,0.5413660556077957,0.5200780962932186,0.14260320238414415,0.24776536482721268,4.594692707061768,,,,,,,,,,,,
216.0,68.0,-0.036498946994542814,0.0,0.560018739524129,0.5428571428571428,0.0,nan,0.037696709585121606,0.0005618729096989968,35.0,272.0,0.6769939213991165,0.5031673939884058,0.13404712239996847,0.42997973150402435,4.594692707061768,,,,,,,,,,,,
217.0,56.0,-0.1805936521291734,0.0,0.48211807423356856,0.6,0.0,nan,0.03763948497854078,0.0005551839464882943,35.0,224.0,0.2730511799454689,0.4699390740736687,0.13173932663526752,0.22203141159750725,4.594692707061768,,,,,,,,,,,,
218.0,49.0,-0.14284463465213776,0.0,0.7371541712896978,0.5384615384615384,0.0,nan,0.03758226037195995,0.000548494983277592,26.0,196.0,0.24436333030462265,0.3660068059820036,0.12364256652416566,0.24786781618955264,4.594692707061768,,,,,,,,,,,,
219.0,24.0,-0.023586153388023418,0.0,0.7972799680611572,0.4117647058823529,0.0,nan,0.03752503576537912,0.0005418060200668897,17.0,96.0,0.3502475395798683,0.29301669438670314,0.07782123213162133,0.21786906694548683,4.594692707061768,,,,,,,,,,,,
220.0,200.0,1.3516137808561344,0.0,0.7644611512229708,0.48695652173913045,0.0,0.0,0.037467811158798284,0.0005351170568561874,115.0,800.0,0.3290464896708727,0.42252863839303245,0.22738843261992425,0.2589379121414723,4.594692707061768,1.0,0.0,0.0,0.0,0.0,0.9427353143692017,0.6084223985671997,22.257694026164245,113.0,1.0,200.0,-0.19665779322385635
221.0,55.0,-0.2674656748771668,0.0,0.5495830616461657,0.6904761904761905,0.0,nan,0.037410586552217455,0.0005284280936454851,42.0,220.0,0.24131078645586967,0.48384580065189353,0.21581076856290235,0.20616735953169238,4.594692707061768,,,,,,,,,,,,
222.0,82.0,2.5799352872371677,0.0,0.8493658083652691,0.4318181818181818,0.0,nan,0.037353361945636626,0.0005217391304347828,44.0,328.0,0.8913975358009338,0.935880751685545,0.6754579309840452,0.14922772658963968,4.594692707061768,,,,,,,,,,,,
223.0,147.0,-0.922567958831787,0.0,0.8314715037511714,0.4246575342465753,0.0,nan,0.0372961373390558,0.0005150501672240805,73.0,588.0,0.16388164833188057,0.3958689445489654,0.12307746416990994,0.23325020200430502,4.594692707061768,,,,,,,,,,,,
224.0,117.0,0.04921116411685944,0.0,0.6911716820949294,0.6056338028169014,0.0,nan,0.03723891273247497,0.000508361204013378,71.0,468.0,0.19633509265258908,0.4203988191297867,0.1250543777263573,0.3146282980136623,4.594692707061768,,,,,,,,,,,,
225.0,48.0,-0.010964925885200372,0.0,0.666744352705085,0.5806451612903226,0.0,nan,0.03718168812589413,0.0005016722408026756,31.0,192.0,0.32765089720487595,0.3553730503093296,0.140897184506914,0.1776563867311669,4.594692707061768,,,,,,,,,,,,
226.0,116.0,-0.910607062876225,0.0,0.709120649554365,0.4576271186440678,0.0,nan,0.03712446351931331,0.0004949832775919731,59.0,464.0,0.22273514419794083,0.6365570973694048,0.37905307915071873,0.22761302494380165,4.594692707061768,,,,,,,,,,,,
227.0,10.0,-0.633853304386139,0.0,0.7139509785460607,0.5555555555555556,0.0,nan,0.037067238912732475,0.0004882943143812708,9.0,40.0,0.20317243039608002,0.20571864695521072,0.08780434120716438,0.20137106493000373,4.594692707061768,,,,,,,,,,,,
228.0,142.0,-0.4072002273797991,0.0,0.6887696277936951,0.5070422535211268,0.0,nan,0.037010014306151647,0.0004816053511705685,71.0,568.0,0.36246552504599094,0.32849021128549794,0.10558459097722306,0.26794657091299945,4.594692707061768,,,,,,,,,,,,
229.0,38.0,-0.5508943963050843,0.0,0.7372226109497145,0.5217391304347826,0.0,nan,0.03695278969957082,0.0004749163879598662,23.0,152.0,0.24961765110492706,0.2925909248986404,0.06184166594022444,0.18688939896293352,4.594692707061768,,,,,,,,,,,,
230.0,106.0,0.9799824738502504,0.0,0.9198593988713959,0.3584905660377358,0.0,0.0,0.03689556509298999,0.0004682274247491639,53.0,424.0,0.4253091514110565,0.385096646193233,0.14112155183612707,0.2677554496647352,4.594692707061768,1.0,0.0,0.0,0.25,0.0,2.216782569885254,0.5787907838821411,24.85435849428177,101.0,1.0,189.0,-1.4746849679946872
231.0,95.0,0.8384373098611835,0.0,0.7913303099112668,0.44642857142857145,0.0,nan,0.03683834048640916,0.00046153846153846136,56.0,380.0,0.4771738648414612,0.4721668896800111,0.15008260854405053,0.2700769274066017,4.594692707061768,,,,,,,,,,,,
232.0,95.0,0.05790315270423872,0.0,0.6528547310976118,0.5862068965517241,0.0,nan,0.036781115879828324,0.00045484949832775906,58.0,380.0,0.15378429368138313,0.41470947860398155,0.19513985792264066,0.21326386426669153,4.594692707061768,,,,,,,,,,,,
233.0,48.0,-0.32946111738681777,0.0,0.6801256394784733,0.59375,0.0,nan,0.036723891273247496,0.00044816053511705675,32.0,192.0,0.3556428849697113,0.27159505332322925,0.0821153761376577,0.1466862004584287,4.594692707061768,,,,,,,,,,,,
234.0,39.0,-0.9117938564717771,0.0,0.6394187074099894,0.6153846153846154,0.0,nan,0.03666666666666667,0.00044147157190635444,26.0,156.0,0.4047276899218559,0.6300945456023328,0.39417345845140517,0.22092380013156926,4.594692707061768,,,,,,,,,,,,
235.0,200.0,0.0767611816525467,0.0,0.844467854471414,0.3867924528301887,0.0,nan,0.03660944206008584,0.00043478260869565214,106.0,800.0,0.21316788718104362,0.28663963946382864,0.11637826407604734,0.18852358840253036,4.594692707061768,,,,,,,,,,,,
236.0,109.0,0.19264362215995795,0.0,0.8161683513301073,0.45454545454545453,0.0,nan,0.03655221745350501,0.00042809364548494983,55.0,436.0,0.13431551307439804,0.3364558305765968,0.09417808546760398,0.28052100835079496,4.594692707061768,,,,,,,,,,,,
237.0,65.0,0.144945805519819,0.0,0.9238599340198376,0.35294117647058826,0.0,nan,0.03649499284692418,0.0004214046822742475,34.0,260.0,0.2854001373052597,0.28547831582818617,0.06484670696845618,0.28655683768002294,4.594692707061768,,,,,,,,,,,,
238.0,39.0,-0.38688836932182324,0.0,0.7605564612261109,0.4,0.0,nan,0.03643776824034335,0.000414715719063545,20.0,156.0,0.24823948368430138,0.31252677081740843,0.09183438230123518,0.28426473212337694,4.594692707061768,,,,,,,,,,,,
239.0,94.0,2.2382234631478806,0.0,0.8590849807765969,0.41304347826086957,0.0,nan,0.03638054363376252,0.0004080267558528427,46.0,376.0,0.6438671499490738,0.32918297081141645,0.05709975633214981,0.1365835748496132,4.594692707061768,,,,,,,,,,,,
240.0,101.0,-0.5327069243788721,0.0,0.7433358872911383,0.4915254237288136,0.0,0.0,0.036323319027181694,0.0004013377926421404,59.0,404.0,0.2560139372944832,0.5120091431783749,0.333856578793981,0.270982082224573,4.594692707061768,1.0,0.0,0.0,0.0,0.0,0.17188480496406555,1.526259183883667,22.644053902709857,107.0,1.0,200.0,1.1486475303769126
241.0,54.0,0.4411686769127844,0.0,0.4770967956276705,0.6428571428571429,0.0,nan,0.03626609442060086,0.0003946488294314381,28.0,216.0,0.33115333318710327,0.37551485754320985,0.16400799145982867,0.13055213957486964,4.594692707061768,,,,,,,,,,,,
242.0,143.0,-0.6133021692931645,0.0,0.8554856027695515,0.4246575342465753,0.0,nan,0.03620886981402003,0.00038795986622073577,73.0,572.0,0.13718359917402267,0.3385890402192899,0.11507083081399477,0.3811564990559664,4.594692707061768,,,,,,,,,,,,
243.0,47.0,-0.028694511651992882,0.0,0.7257584494146502,0.4074074074074074,0.0,nan,0.0361516452074392,0.00038127090301003346,27.0,188.0,0.6492668837308884,0.3709735792846062,0.07679771073913363,0.31776139455614466,4.594692707061768,,,,,,,,,,,,
244.0,110.0,0.4929016966372731,0.0,0.8080125511092252,0.4107142857142857,0.0,nan,0.03609442060085837,0.00037458193979933115,56.0,440.0,0.32851679623126984,0.41100770188961633,0.2077926015115819,0.13315865168930913,4.594692707061768,,,,,,,,,,,,
245.0,54.0,0.1523870384693147,0.0,0.3999303382699188,0.7837837837837838,0.0,nan,0.03603719599427754,0.00036789297658862885,37.0,216.0,0.4091663137078285,0.513754014003401,0.2421962455424278,0.23953810563372233,4.594692707061768,,,,,,,,,,,,
246.0,200.0,0.25140332914888913,0.0,0.7104423349367648,0.49107142857142855,0.0,nan,0.035979971387696714,0.0003612040133779263,112.0,800.0,0.029741397593170404,0.28646093784163895,0.18556410416504476,0.11442105141626424,4.594692707061768,,,,,,,,,,,,
247.0,164.0,-0.15459002792835197,0.0,0.7784784676073581,0.43820224719101125,0.0,nan,0.035922746781115886,0.000354515050167224,89.0,656.0,0.23292644158937037,0.2903776474895494,0.0862679328579361,0.27964486250898624,4.594692707061768,,,,,,,,,,,,
248.0,48.0,-0.4177603113651278,0.0,0.8786108750344684,0.35714285714285715,0.0,nan,0.03586552217453505,0.0003478260869565217,28.0,192.0,0.4374680668115616,0.5182237397245141,0.13347680627719397,0.3622065400915477,4.594692707061768,,,,,,,,,,,,
249.0,200.0,0.3144884288310996,0.0,0.6902393028305465,0.5478260869565217,0.0,nan,0.03580829756795422,0.0003411371237458194,115.0,800.0,0.09308231552131474,0.24230109842847014,0.07662308559345088,0.11279400007688128,4.594692707061768,,,,,,,,,,,,
250.0,200.0,0.529749921709299,0.0,0.7537081251595731,0.42452830188679247,0.0,0.0,0.03575107296137339,0.0003344481605351171,106.0,800.0,0.09124647476710379,0.29070516190154194,0.14776673065927814,0.15134268805494933,4.594692707061768,1.0,0.0,0.0,0.0,0.0,0.0072361379861831665,0.5978221893310547,23.054296521790093,104.0,1.0,200.0,0.5483753949403782
251.0,200.0,0.21121221557259556,0.0,0.7449835498853706,0.4778761061946903,0.0,nan,0.035693848354792564,0.0003277591973244148,113.0,800.0,0.11412275629118085,0.355373051974766,0.22127831182961724,0.09022714638943712,4.594692707061768,,,,,,,,,,,,
252.0,77.0,0.7809078048169612,0.0,0.7212079527125032,0.4594594594594595,0.0,nan,0.035636623748211735,0.0003210702341137125,37.0,308.0,0.7445028275251389,0.41331190222081204,0.22888356687736233,0.1580616619463573,4.594692707061768,,,,,,,,,,,,
253.0,137.0,1.1274936336278927,0.0,0.8685792059504023,0.36764705882352944,0.0,nan,0.0355793991416309,0.00031438127090300996,68.0,548.0,0.178309453651309,0.3260693349241137,0.14738669093971168,0.21882124433710004,4.594692707061768,,,,,,,,,,,,
254.0,119.0,1.0672371542453778,0.0,0.7673237659202912,0.5172413793103449,0.0,nan,0.03552217453505008,0.00030769230769230765,58.0,476.0,0.39761606603860855,0.32899847527005477,0.1058025938011724,0.18871227725115514,4.594692707061768,,,,,,,,,,,,
255.0,200.0,-1.2001368999481214,0.0,0.8289484208736739,0.3786407766990291,0.0,nan,0.03546494992846924,0.00030100334448160534,103.0,800.0,0.0656170342117548,0.30306722512091255,0.17000541467268704,0.15532925745121362,4.594692707061768,,,,,,,,,,,,
256.0,128.0,1.560790198743344,0.0,0.7052571418637489,0.48484848484848486,0.0,nan,0.03540772532188841,0.00029431438127090303,66.0,512.0,0.5508315302431583,0.36181380870880275,0.10360801537030828,0.3229657670365058,4.594692707061768,,,,,,,,,,,,
257.0,200.0,2.1452461183071145,0.0,0.63944581662597,0.5490196078431373,0.0,nan,0.035350500715307584,0.0002876254180602007,102.0,800.0,0.2844776399433613,0.27104618560008475,0.1396988551990107,0.10176617546915301,4.594692707061768,,,,,,,,,,,,
258.0,200.0,0.3830917179584507,0.0,0.8560931158555436,0.3761467889908257,0.0,nan,0.035293276108726755,0.0002809364548494984,109.0,800.0,0.3058839589357376,0.2551091718639782,0.13183303771451443,0.07158773973862487,4.594692707061768,,,,,,,,,,,,
259.0,107.0,2.8267094033956544,0.0,0.7286763935773738,0.62,0.0,nan,0.035236051502145926,0.0002742474916387961,50.0,428.0,0.586743101477623,0.5270669958322287,0.32344485448302507,0.14316990123084916,4.594681479968131,,,,,,,,,,,,
260.0,186.0,0.6750376650691051,0.0,0.8843477332458005,0.4175824175824176,0.0,0.0,0.0351788268955651,0.0002675585284280936,91.0,744.0,0.22530072461813688,0.25550942928225595,0.06587264024158572,0.2447314207186686,4.594692707061768,1.0,0.0,0.0,0.0,0.0,0.014223858714103699,1.1567943096160889,25.405852261581458,105.0,1.0,200.0,0.5651432916522039
261.0,27.0,-0.027582116127014167,0.0,0.7630650265999684,0.4375,0.0,nan,0.03512160228898427,0.0002608695652173913,16.0,108.0,0.26918064057826996,0.4148328916872507,0.12462504771563679,0.3138822459266561,4.594692707061768,,,,,,,,,,,,
262.0,54.0,0.26019911229610415,0.0,0.5033080373461636,0.5,0.0,nan,0.03506437768240343,0.000254180602006689,32.0,216.0,0.18080106005072594,0.35217325898971735,0.06899788616563225,0.18876013218780546,4.594692707061768,,,,,,,,,,,,
263.0,46.0,0.7102925920486447,0.0,0.8474702371757166,0.2916666666666667,0.0,nan,0.035007153075822604,0.00024749163879598667,24.0,184.0,0.2996781915426254,0.35845913047887734,0.07959577425194149,0.20424051493393158,4.594692707061768,,,,,,,,,,,,
264.0,199.0,-0.6701118612289418,0.0,0.6318659761413321,0.5462962962962963,0.0,nan,0.034949928469241776,0.00024080267558528436,108.0,796.0,0.29305243864655495,0.8129797098292784,0.6814463765529606,0.14211154315431074,4.594692707061768,,,,,,,,,,,,
265.0,25.0,-0.4338114976882935,0.0,0.5354603081881487,0.7272727272727273,0.0,nan,0.03489270386266095,0.00023411371237458205,22.0,100.0,0.28061412274837494,0.5352676176885143,0.09149741380725289,0.40999855266469143,4.594692707061768,,,,,,,,,,,,
266.0,33.0,-0.9254058915376665,0.0,0.8888583068129378,0.35,0.0,nan,0.03483547925608012,0.00022742474916387975,20.0,132.0,0.44190535694360733,0.46235273852697434,0.0965990232799055,0.46359858300414913,4.594692707061768,,,,,,,,,,,,
267.0,173.0,-1.3014034713804734,0.0,0.9330902517167606,0.3176470588235294,0.0,nan,0.03477825464949929,0.00022073578595317744,85.0,692.0,0.5783714987337589,0.38590079029950175,0.11109452832158695,0.4495634306429759,4.594692707061768,,,,,,,,,,,,
268.0,53.0,-0.33661158859729795,0.0,0.9093618364307228,0.3103448275862069,0.0,nan,0.03472103004291846,0.00021404682274247491,29.0,212.0,0.16823376342654228,0.3427059924260731,0.10998908208634844,0.3083365227926386,4.594692707061768,,,,,,,,,,,,
269.0,200.0,-0.07467401623725749,0.0,0.8568852826995677,0.37373737373737376,0.0,nan,0.034663805436337625,0.0002073578595317726,99.0,800.0,0.09832679061219096,0.33601617823774177,0.15399877916592253,0.15087802284538576,4.594692707061768,,,,,,,,,,,,
270.0,116.0,0.3265529388189312,0.0,0.9205579426307219,0.3333333333333333,0.0,0.0,0.034606580829756796,0.0002006688963210703,57.0,464.0,0.2212538793683052,0.4071807476424283,0.13564594715131761,0.29993486796715785,4.594692707061768,1.0,0.0,0.0,0.25,0.0,37.5907096862793,3.620028495788574,0.6373912818380632,9.0,1.0,9.0,-0.7240109288692474
271.0,48.0,0.4152108308672906,0.0,0.7958834730936742,0.39285714285714285,0.0,nan,0.03454935622317597,0.000193979933110368,28.0,192.0,0.3334770053625107,0.2686973784722492,0.06485307220548157,0.18168832419481715,4.594692707061768,,,,,,,,,,,,
272.0,8.0,-0.6032910215854645,0.0,0.7536839786994374,0.5,0.0,nan,0.03449213161659514,0.00018729096989966569,8.0,32.0,0.16188481822609901,0.12762491776084062,0.04333443606446963,0.10878997955009595,4.594692707061768,,,,,,,,,,,,
273.0,30.0,-0.42860471010208134,0.0,0.6635895362125636,0.6521739130434783,0.0,nan,0.03443490701001431,0.00018060200668896338,23.0,120.0,0.15257741883397102,0.8320692721337157,0.6154526502305674,0.18629954863899675,4.594692707061768,,,,,,,,,,,,
274.0,84.0,-0.19867096036672585,0.0,0.8114484590625294,0.4090909090909091,0.0,nan,0.03437768240343348,0.00017391304347826107,44.0,336.0,0.2954661473631859,0.3754757249054137,0.1159383898992326,0.21962976195034556,4.594692707061768,,,,,,,,,,,,
275.0,48.0,1.0050278854370114,0.0,0.9137464928744529,0.3333333333333333,0.0,nan,0.03432045779685265,0.00016722408026755855,24.0,192.0,0.470045730471611,0.5019873642789511,0.2544971208571572,0.15513720111739948,4.594692707061768,,,,,,,,,,,,
276.0,43.0,0.6210758489370346,0.0,0.7816545418730666,0.4166666666666667,0.0,nan,0.034263233190271816,0.00016053511705685602,24.0,172.0,0.37307585775852203,0.41954663868378955,0.2609657927434328,0.15552556691783181,4.594692707061768,,,,,,,,,,,,
277.0,200.0,-0.37879525423049953,0.0,0.90551736444641,0.3617021276595745,0.0,nan,0.034206008583690994,0.00015384615384615372,94.0,800.0,0.09853770351037383,0.37453554286446433,0.20385112901594504,0.17606849187913465,4.594692707061768,,,,,,,,,,,,
278.0,74.0,-0.40457132995128653,0.0,0.8970441049367492,0.3783783783783784,0.0,nan,0.03414878397711016,0.0001471571906354514,37.0,296.0,0.38239636272192,0.6378666374257591,0.34971291689270084,0.3121974911172347,4.594605773687363,,,,,,,,,,,,
279.0,200.0,-0.22565686106681876,0.0,0.7298834203085768,0.5,0.0,nan,0.03409155937052933,0.0001404682274247491,104.0,800.0,0.037878200644627213,0.1698647095540764,0.02750672288220023,0.0934074398261895,4.594692707061768,,,,,,,,,,,,
280.0,40.0,-0.09951393827795996,0.0,0.5579250710718983,0.6,0.0,0.0,0.0340343347639485,0.0001337792642140468,20.0,160.0,0.2240348570048809,0.4035445570560114,0.10004743185223412,0.1973591896772632,4.594692707061768,1.0,0.0,0.0,0.5,0.0,-0.030077427625656128,1.4278186559677124,7.763749755802564,35.0,1.0,63.0,-0.32100453853607175
281.0,92.0,0.47331769645214095,0.0,0.7352571927911191,0.4375,0.0,nan,0.033977110157367665,0.0001270903010033445,48.0,368.0,0.2595207542181015,0.5492217142600566,0.2569095771001218,0.1750457641233501,4.594692707061768,,,,,,,,,,,,
282.0,71.0,1.8147043699026106,0.0,0.8386233000851208,0.35294117647058826,0.0,nan,0.033919885550786844,0.00012040133779264196,34.0,284.0,0.659172996878624,0.491594446590625,0.19394662303227506,0.2091775295144056,4.594692707061768,,,,,,,,,,,,
283.0,146.0,0.5072832965850835,0.0,0.7638725257054898,0.44871794871794873,0.0,nan,0.03386266094420601,0.00011371237458193966,78.0,584.0,0.1713458050508052,0.360127319650303,0.1359753360371186,0.1359504319694916,4.594692707061768,,,,,,,,,,,,
284.0,200.0,-0.4373064868152128,0.0,0.7676974435012264,0.46601941747572817,0.0,nan,0.033805436337625186,0.00010702341137123735,103.0,800.0,0.1350231091491878,0.23031178289448917,0.10238362058742079,0.12355766611913754,4.594692707061768,,,,,,,,,,,,
285.0,200.0,0.9221831319853668,0.0,0.8727914300039604,0.4020618556701031,0.0,nan,0.03374821173104435,0.00010033444816053504,97.0,800.0,0.1416887417435646,0.35701986036860944,0.196613215642774,0.17377413493529625,4.594692707061768,,,,,,,,,,,,
286.0,88.0,-0.7990080925822264,0.0,0.875973651988047,0.34782608695652173,0.0,nan,0.03369098712446352,9.364548494983273e-05,46.0,352.0,0.21170860156416893,0.31452918230678506,0.109633508636648,0.2334890774047309,4.594692707061768,,,,,,,,,,,,
287.0,166.0,-0.02893889307975772,0.0,0.8435552516022957,0.38095238095238093,0.0,nan,0.03363376251788269,8.695652173913043e-05,84.0,664.0,0.21945420722477138,0.27532410330150014,0.08248131004246552,0.23448844364118704,4.594692707061768,,,,,,,,,,,,
288.0,200.0,0.45557809621095824,0.0,0.8610460288703211,0.3942307692307692,0.0,nan,0.033576537911301864,8.026755852842812e-05,104.0,800.0,0.1592716332525015,0.25372311637215716,0.11418741238145191,0.10803625385550183,4.594692707061768,,,,,,,,,,,,
289.0,200.0,-0.40610821247100826,0.0,0.8991735857002549,0.3434343434343434,0.0,nan,0.033519313304721035,7.357859531772581e-05,99.0,800.0,0.047920883633196354,0.4815431133392849,0.2904189230265575,0.14872210421468335,4.594692707061768,,,,,,,,,,,,
290.0,56.0,-0.5608078306913377,0.0,0.7276039500304243,0.5172413793103449,0.0,0.0,0.0334620886981402,6.688963210702329e-05,29.0,224.0,0.16701847314834595,0.3719900037290894,0.08432442256253125,0.22385390496374624,4.594692707061768,1.0,0.0,0.0,0.0,0.0,0.5071723461151123,3.3072915077209473,25.066606015781872,99.0,1.0,200.0,0.27088325023651316
291.0,96.0,0.2787237310409545,0.0,0.9701160337168806,0.28888888888888886,0.0,nan,0.03340486409155937,6.020066889632098e-05,45.0,384.0,0.4202021062374115,0.6443351309723084,0.36560488338992003,0.2605563465530703,4.594692707061768,,,,,,,,,,,,
292.0,50.0,0.6609149992465972,0.0,0.7888335955607888,0.5172413793103449,0.0,nan,0.03334763948497854,5.3511705685618674e-05,29.0,200.0,0.3857842832803726,0.38039762673106453,0.18117295396153849,0.17355615128925536,4.594692707061768,,,,,,,,,,,,
293.0,129.0,0.23207212001085323,0.0,0.9410008838914791,0.32786885245901637,0.0,nan,0.03329041487839771,4.682274247491637e-05,61.0,516.0,0.1376763992011547,0.31161927070004936,0.12195241076580032,0.1683782221109068,4.594692707061768,,,,,,,,,,,,
294.0,33.0,-0.8313165175914765,0.0,0.8997886538136514,0.38095238095238093,0.0,nan,0.033233190271816884,4.013377926421384e-05,21.0,132.0,0.5823201835155487,0.708122729477261,0.30324361425697466,0.45737554240905226,4.594692707061768,,,,,,,,,,,,
295.0,53.0,0.5948551342636347,0.0,0.669231882512444,0.6071428571428571,0.0,nan,0.03317596566523605,3.344481605351175e-05,28.0,212.0,0.4776027351617813,0.6292978695512503,0.21380323495567316,0.3399950099200486,4.594692707061768,,,,,,,,,,,,
296.0,200.0,-1.6876764297485347,0.0,0.8588467752066687,0.3711340206185567,0.0,nan,0.03311874105865523,2.675585284280923e-05,97.0,800.0,0.04638451850041747,0.27827767984399543,0.09320365471927516,0.14012345242092072,4.594692707061768,,,,,,,,,,,,
297.0,32.0,-0.02095248222351087,0.0,0.6246823301820503,0.5882352941176471,0.0,nan,0.03306151645207439,2.006688963210714e-05,17.0,128.0,0.13480474799871445,0.3365700522581392,0.11169133152588984,0.11520692593273729,4.594692707061768,,,,,,,,,,,,
298.0,39.0,-0.16343974709510795,0.0,0.8870666542846444,0.4090909090909091,0.0,nan,0.03300429184549357,1.3377926421404614e-05,22.0,156.0,0.10504353791475296,0.32301517585018213,0.07532752768176947,0.18760091220958977,4.594692707061768,,,,,,,,,,,,
299.0,65.0,-1.2581712871789934,0.0,0.9342575775196422,0.34375,0.0,nan,0.03294706723891273,6.688963210702524e-06,32.0,260.0,0.4598366469144821,0.3105118270668754,0.06652426526989225,0.2917734275321173,4.594692707061768,,,,,,,,,,,,
300.0,89.0,-0.4252762728929512,0.0,0.8555311551406666,0.37777777777777777,0.0,0.0,0.032889842632331905,0.0,45.0,356.0,0.31927112489938736,0.3861858874894466,0.14054417604237732,0.23639058705203256,4.594692707061768,1.0,0.0,0.0,0.5,0.0,-0.006790414452552795,3.520750045776367,2.7703202911652625,14.0,1.0,22.0,-0.8322949421405793
301.0,200.0,0.6976764276623735,0.0,0.8496786013135921,0.3723404255319149,0.0,nan,0.032832618025751076,0.0,94.0,800.0,0.2092486636247486,0.3167832513609592,0.18552792726600986,0.0658307713200792,4.594692707061768,,,,,,,,,,,,
302.0,54.0,0.6177497214078906,0.0,0.7842119927183646,0.4838709677419355,0.0,nan,0.03277539341917024,0.0,31.0,216.0,0.33083418011665344,0.428059340696631,0.10809719914236118,0.2553273928773376,4.594692707061768,,,,,,,,,,,,
303.0,184.0,-2.0106855565309534,0.0,0.8092560197373202,0.38202247191011235,0.0,nan,0.03271816881258942,0.0,89.0,736.0,0.22562219388782978,0.37210917157915446,0.10359307572161924,0.2776862302335381,4.594692707061768,,,,,,,,,,,,
304.0,36.0,-1.1902586257457732,0.0,0.610710566168778,0.5238095238095238,0.0,nan,0.03266094420600858,0.0,21.0,144.0,0.47585247457027435,0.4173689860860274,0.0787920916893275,0.2797151323871958,4.594692707061768,,,,,,,,,,,,
305.0,76.0,0.2594480597972866,0.0,0.9768653396693033,0.3023255813953488,0.0,nan,0.03260371959942776,0.0,43.0,304.0,0.2954659163951874,0.2747284862352899,0.06737235436219159,0.2485941617634112,4.594692707061768,,,,,,,,,,,,
306.0,200.0,-0.42978801429271735,0.0,0.9066138803845991,0.3673469387755102,0.0,nan,0.032546494992846925,0.0,98.0,800.0,0.08142232429236174,0.37385561395831246,0.13826262423935987,0.11826532626882187,4.594692707061768,,,,,,,,,,,,
307.0,35.0,-0.8830244094133377,0.0,0.6971958535543183,0.4782608695652174,0.0,nan,0.032489270386266096,0.0,23.0,140.0,0.13166582398116589,0.3748921889129893,0.08395648856447743,0.17362051280155133,4.594692707061768,,,,,,,,,,,,
308.0,195.0,0.32941264510154694,0.0,0.8752395551585825,0.35714285714285715,0.0,nan,0.03243204577968527,0.0,98.0,780.0,0.13321607280522585,0.3764328887114061,0.13903938197358912,0.2007043271885796,4.594692707061768,,,,,,,,,,,,
309.0,200.0,-0.19259741157293392,0.0,0.9103291762140753,0.38317757009345793,0.0,nan,0.03237482117310444,0.0,107.0,800.0,0.10612537991255522,0.2945249741792395,0.12522009644121124,0.11285043839277271,4.594692707061768,,,,,,,,,,,,
310.0,200.0,-0.6683484330773357,0.0,0.9943065648458231,0.2268041237113402,0.0,0.0,0.03231759656652361,0.0,97.0,800.0,-0.0024583223275840282,0.2895957788924761,0.13735040506897178,0.12980720724882833,4.594692707061768,1.0,0.0,0.0,0.0,0.0,0.2560254633426666,2.0544114112854004,23.862254067324102,98.0,1.0,200.0,-0.09064150452613717
311.0,200.0,0.738625618815424,0.0,0.928894174682557,0.30612244897959184,0.0,nan,0.032260371959942774,0.0,98.0,800.0,0.10605905624106526,0.25633966321009893,0.12394608327764184,0.0816671049503532,4.594692707061768,,,,,,,,,,,,
312.0,200.0,-0.18790601789951278,0.0,0.9651287527343025,0.3191489361702128,0.0,nan,0.03220314735336195,0.0,94.0,800.0,0.08967818319797516,0.22327899021820485,0.10136941170026148,0.14312440350633093,4.594692707061768,,,,,,,,,,,,
313.0,147.0,0.33663966238498694,0.0,0.8960141028672777,0.345679012345679,0.0,nan,0.032145922746781116,0.0,81.0,588.0,0.3167235292494297,0.38357978601789,0.15600403502057647,0.2925966539590542,4.594692707061768,,,,,,,,,,,,
314.0,155.0,0.19012428820133132,0.0,0.9011311525558614,0.3625,0.0,nan,0.03208869814020029,0.0,80.0,620.0,0.21536810230463743,0.3169333712219782,0.11187529366100647,0.26818678786073846,4.594692707061768,,,,,,,,,,,,
315.0,99.0,0.07096964180469578,0.0,0.968185205732774,0.32727272727272727,0.0,nan,0.03203147353361946,0.0,55.0,396.0,0.41575462371110916,0.3506963974741666,0.08400320237070957,0.24796861353851923,4.594692707061768,,,,,,,,,,,,
316.0,78.0,0.28741265058517396,0.0,0.6978404010883714,0.5,0.0,nan,0.03197424892703863,0.0,44.0,312.0,0.24345072731375694,0.439645153625861,0.10287102048681263,0.2358258624423728,4.594688106328249,,,,,,,,,,,,
317.0,160.0,-0.7516458250582221,0.0,0.861242163307252,0.38271604938271603,0.0,nan,0.0319170243204578,0.0,81.0,640.0,0.23267366737127304,0.20576082674301688,0.05072272302376715,0.21048466009997086,4.594692707061768,,,,,,,,,,,,
318.0,184.0,-0.5304820084571835,0.0,0.8174497432330168,0.4470588235294118,0.0,nan,0.031859799713876966,0.0,85.0,736.0,0.23177535505965352,0.2807823392213322,0.10353489117551362,0.17383243286357863,4.594692707061768,,,,,,,,,,,,
319.0,200.0,0.6818880468606954,0.0,0.7368958930489207,0.4215686274509804,0.0,nan,0.031802575107296144,0.0,102.0,800.0,1.0623496305197477,0.31443924214954677,0.13964687766861061,0.11482256292881432,4.594692707061768,,,,,,,,,,,,
320.0,14.0,-0.7473881149291991,0.0,0.7087692667111626,0.47058823529411764,0.0,0.0,0.03174535050071531,0.0,17.0,56.0,0.29722248017787933,0.11817949327814858,0.038746003528230086,0.07623634044863195,4.594692707061768,1.0,0.0,0.0,0.25,0.0,3.519207715988159,3.1398348808288574,12.2609609978972,43.0,1.0,77.0,0.4924575644731519
321.0,40.0,0.463735654950142,0.0,0.8411770474856127,0.34782608695652173,0.0,nan,0.03168812589413448,0.0,23.0,160.0,0.9075813442468643,0.33276638176757845,0.027898506369120925,0.32558621129215337,4.594692707061768,,,,,,,,,,,,
322.0,108.0,-0.2105854201316837,0.0,0.9092564363915413,0.3090909090909091,0.0,nan,0.03163090128755365,0.0,55.0,432.0,0.28287821263074875,0.38853271726111416,0.12436675802689012,0.26879871827467783,4.594692707061768,,,,,,,,,,,,
323.0,150.0,-0.025571744143963626,0.0,0.9311564609768092,0.32,0.0,nan,0.031573676680972815,0.0,75.0,600.0,0.21000834926962852,0.3054231775613516,0.13673475705718374,0.18832005248492903,4.594692707061768,,,,,,,,,,,,
324.0,200.0,-0.4038511723279958,0.0,0.9201845613253712,0.38144329896907214,0.0,nan,0.03151645207439199,0.0,97.0,800.0,0.03712879307568073,0.2273017006164082,0.08496272587673914,0.08223993981075672,4.594692707061768,,,,,,,,,,,,
325.0,195.0,0.04459600448608436,0.0,0.9065228497112653,0.37894736842105264,0.0,nan,0.03145922746781116,0.0,95.0,780.0,0.10357137816026807,0.29594655911296286,0.1126076689454294,0.18017362272484627,4.594692707061768,,,,,,,,,,,,
326.0,35.0,-0.4899476557970049,0.0,0.8430751370176334,0.4230769230769231,0.0,nan,0.031402002861230335,0.0,26.0,140.0,0.3617682233452797,0.5275842975276256,0.12244803543066414,0.34695363270470625,4.594692707061768,,,,,,,,,,,,
327.0,35.0,-0.35829336792230615,0.0,0.8965421400277309,0.44,0.0,nan,0.0313447782546495,0.0,25.0,140.0,0.19624970853328705,0.3251528460765257,0.03801534314656497,0.2640259500049524,4.594692707061768,,,,,,,,,,,,
328.0,61.0,-0.506761015057564,0.0,0.8300118280152965,0.42424242424242425,0.0,nan,0.03128755364806867,0.0,33.0,244.0,0.17470933869481087,0.21051530123756984,0.038040634253150685,0.13447596122480274,4.594692707061768,,,,,,,,,,,,
329.0,97.0,1.261514091789723,0.0,0.7699330649928746,0.45652173913043476,0.0,nan,0.031230329041487842,0.0,46.0,388.0,0.9670598655939102,0.3777404379993641,0.12497767210743405,0.26892176223306447,4.594692707061768,,,,,,,,,,,,
330.0,60.0,1.143698792159557,0.0,0.6411520677170349,0.5,0.0,0.0,0.031173104434907013,0.0,34.0,240.0,0.17777149751782417,0.5152735686957991,0.18500376346989214,0.163120888877672,4.594692707061768,1.0,0.0,0.0,0.0,0.0,1.0098059177398682,0.776068925857544,29.184881707536988,105.0,1.0,200.0,1.1811511427164072
331.0,14.0,-1.2807941460609436,0.0,0.6337845827575785,0.6,0.0,nan,0.031115879828326184,0.0,15.0,56.0,0.9980068653821945,0.4612393489514943,0.12081624304458469,0.4963114172263496,4.594692707061768,,,,,,,,,,,,
332.0,111.0,-2.4287998677041678e-05,0.0,0.8272222452495523,0.41379310344827586,0.0,nan,0.031058655221745352,0.0,58.0,444.0,0.4674384593963623,0.334859074680935,0.12610156123257354,0.2500815162062544,4.594692707061768,,,,,,,,,,,,
333.0,171.0,-0.8858273340761665,0.0,0.9575419497734291,0.27710843373493976,0.0,nan,0.031001430615164523,0.0,83.0,684.0,0.23257974162697792,0.4137498248341842,0.2529293458430688,0.22157036296343602,4.594692707061768,,,,,,,,,,,,
334.0,109.0,1.1951185813546181,0.0,0.7781244182838952,0.42857142857142855,0.0,nan,0.03094420600858369,0.0,56.0,436.0,0.34950874000787735,0.3777037155423386,0.16643266380779104,0.13096330953532287,4.594692707061768,,,,,,,,,,,,
335.0,200.0,0.6695992976427088,0.0,0.9351470708931705,0.2765957446808511,0.0,nan,0.030886981402002866,0.0,94.0,800.0,0.07748881145380437,0.24965973157964072,0.11279102519063317,0.08766621743934966,4.594692707061768,,,,,,,,,,,,
336.0,98.0,0.5649623093008993,0.0,0.8575156090055653,0.2765957446808511,0.0,nan,0.030829756795422034,0.0,47.0,392.0,0.41331083327531815,0.37587760042045826,0.1355750237051083,0.2572652153732671,4.594692707061768,,,,,,,,,,,,
337.0,200.0,1.695636528730394,0.0,0.8727472849418718,0.40425531914893614,0.0,nan,0.030772532188841205,0.0,94.0,800.0,0.23093308694660664,0.2859406481156128,0.14924343897768214,0.12891617643624698,4.594692707061768,,,,,,,,,,,,
338.0,137.0,0.8977520915865898,0.0,0.8729010519702209,0.38028169014084506,0.0,nan,0.030715307582260373,0.0,71.0,548.0,0.30513242818415165,0.42445536252080274,0.11547329218278031,0.30543214526421836,4.594692707061768,,,,,,,,,,,,
339.0,47.0,-0.12039113610982888,0.0,0.9033470717211413,0.3793103448275862,0.0,nan,0.030658082975679544,0.0,29.0,188.0,0.344635508954525,0.41723731589414415,0.07200017821449962,0.39294265802303313,4.594692707061768,,,,,,,,,,,,
340.0,32.0,-0.5802390706539157,0.0,0.791742281111497,0.5,0.0,0.0,0.030600858369098715,0.0,22.0,128.0,0.7599857151508331,0.4072474919448723,0.11066202088494492,0.2480937614445864,4.594692707061768,1.0,0.0,0.0,0.0,0.0,2.9077651500701904,0.8484976291656494,27.05442127864808,103.0,1.0,200.0,0.9777151197195064
341.0,200.0,0.5332857534289384,0.0,0.8351914659211033,0.4375,0.0,nan,0.030543633762517886,0.0,96.0,800.0,0.1900020893663168,0.26911844094706794,0.1442815704148701,0.12814156834084,4.594692707061768,,,,,,,,,,,,
342.0,82.0,0.5273669052124026,0.0,0.81809199463129,0.5128205128205128,0.0,nan,0.030486409155937054,0.0,39.0,328.0,0.405789814889431,0.4353375230502934,0.12080489174623832,0.2993864195522494,4.594692707061768,,,,,,,,,,,,
343.0,192.0,-0.35319313824176657,0.0,0.9468558819921257,0.30851063829787234,0.0,nan,0.030429184549356225,0.0,94.0,768.0,0.11670941673219204,1.2593664626991767,1.0183554349430182,0.20474102544073958,4.594692707061768,,,,,,,,,,,,
344.0,200.0,-0.9982843577861782,0.0,0.8769186970336668,0.40217391304347827,0.0,nan,0.030371959942775396,0.0,92.0,800.0,0.044892465928569436,0.34575886784296017,0.16820391140326596,0.17184816893042154,4.594692707061768,,,,,,,,,,,,
345.0,171.0,1.5323634596169007,0.0,0.8893835293553384,0.3780487804878049,0.0,nan,0.030314735336194564,0.0,82.0,684.0,0.274484702385962,0.3406900783195397,0.13375674582065472,0.231372696991893,4.594692707061768,,,,,,,,,,,,
346.0,84.0,0.04000839054584493,0.0,0.7907294630259257,0.391304347826087,0.0,nan,0.030257510729613735,0.0,46.0,336.0,0.36456073820590973,0.36936737386076857,0.127329222147182,0.2714227549039827,4.594692707061768,,,,,,,,,,,,
347.0,200.0,1.2114790022373207,0.0,0.9842813397557195,0.24468085106382978,0.0,nan,0.030200286123032907,0.0,94.0,800.0,0.21374380309134722,0.30801433597480354,0.15283514191959036,0.2040068457024553,4.594692707061768,,,,,,,,,,,,
348.0,20.0,-0.3856656789779662,0.0,0.45347689127445134,0.7222222222222222,0.0,nan,0.030143061516452078,0.0,18.0,80.0,0.41185080260038376,0.25551201663911344,0.0998174335632939,0.10835631292509547,4.594692707061768,,,,,,,,,,,,
349.0,119.0,0.12170600894838646,0.0,0.9361871463325148,0.3508771929824561,0.0,nan,0.030085836909871246,0.0,57.0,476.0,0.4198668748140335,0.4756223412548479,0.23570026866946137,0.2721508857415831,4.594692707061768,,,,,,,,,,,,
350.0,83.0,-0.21582873940467895,0.0,0.7992459047020255,0.38636363636363635,0.0,0.0,0.030028612303290417,0.0,44.0,332.0,0.12970907054841518,0.4667442181739716,0.13459785466010832,0.29831593801246825,4.594692707061768,1.0,0.0,0.0,0.5,0.0,-0.016583174467086792,3.3250231742858887,3.0264937677420676,20.0,1.0,25.0,-0.6760074466466905
351.0,23.0,-1.0963199484348296,0.0,0.7532529717929038,0.4375,0.0,nan,0.029971387696709588,0.0,16.0,92.0,0.49665386229753494,0.3981388724490028,0.10260729934595039,0.31532935733810064,4.594692707061768,,,,,,,,,,,,
352.0,23.0,-0.3085158634185792,0.0,0.7491421480581365,0.4117647058823529,0.0,nan,0.029914163090128756,0.0,17.0,92.0,0.13714681565761566,0.7203093595630692,0.3335800354056237,0.25152602614988334,4.594692707061768,,,,,,,,,,,,
353.0,63.0,0.7865290877223016,0.0,0.7399576790079131,0.35135135135135137,0.0,nan,0.029856938483547927,0.0,37.0,252.0,0.157657902687788,0.4094748930443847,0.07154267056299317,0.2084028179483507,4.594692707061768,,,,,,,,,,,,
354.0,49.0,0.4014924442768095,0.0,0.7877250804614279,0.52,0.0,nan,0.0297997138769671,0.0,25.0,196.0,0.38387036323547363,0.4341001197534176,0.118660410614731,0.20084639735413812,4.594692707061768,,,,,,,,,,,,
355.0,200.0,0.9050424888730042,0.0,0.8598861099570516,0.4077669902912621,0.0,nan,0.02974248927038627,0.0,103.0,800.0,0.07058552769012749,0.3099676188239755,0.12671458267251978,0.09939833451880956,4.594692707061768,,,,,,,,,,,,
356.0,200.0,1.248515209555627,0.0,0.8818562777869471,0.37894736842105264,0.0,nan,0.02968526466380544,0.0,95.0,800.0,0.09302675514481962,0.27248293636814935,0.10517891295813121,0.08004592700976115,4.594691541045904,,,,,,,,,,,,
357.0,200.0,0.7054275803267964,0.0,0.9299193622737807,0.3402061855670103,0.0,nan,0.02962804005722461,0.0,97.0,800.0,0.1025670925155282,0.2477730883008462,0.11341069817950697,0.13980946183603726,4.594692707061768,,,,,,,,,,,,
358.0,27.0,0.34550100147724133,0.0,0.7773869142852092,0.375,0.0,nan,0.02957081545064378,0.0,16.0,108.0,0.20368367806077003,0.34078286502605165,0.08358717098843516,0.1649868645382092,4.594692707061768,,,,,,,,,,,,
359.0,200.0,-0.5127484723925588,0.0,0.9420934001092776,0.3225806451612903,0.0,nan,0.02951359084406295,0.0,93.0,800.0,0.009603273589164019,0.26579765970245717,0.10033599920328129,0.13394180627835794,4.594692707061768,,,,,,,,,,,,
360.0,133.0,-0.8365224595367906,0.0,0.9517025061409682,0.2916666666666667,0.0,0.0,0.02945636623748212,0.0,72.0,532.0,0.2269007656723261,0.3780033369030207,0.1631328971326127,0.2337024886643292,4.594692707061768,1.0,0.0,0.0,0.5,0.0,-0.021666452288627625,3.451508045196533,2.7794438838027418,15.0,1.0,21.0,-0.689715931415558
361.0,200.0,0.7453365078195948,0.0,0.9485745766577389,0.3125,0.0,nan,0.02939914163090129,0.0,96.0,800.0,0.16248314501717687,0.18078409637610093,0.08329007356172724,0.12921457173976725,4.594692707061768,,,,,,,,,,,,
362.0,34.0,-0.3128673547506334,0.0,0.7237442198535103,0.5,0.0,nan,0.029341917024320457,0.0,20.0,136.0,0.4064289256930351,0.281533412530039,0.11299854682361268,0.2135458489939745,4.594692707061768,,,,,,,,,,,,
363.0,18.0,-1.0808531361818312,0.0,0.7005447305546793,0.625,0.0,nan,0.029284692417739632,0.0,16.0,72.0,0.7351587414741516,0.3081735019546209,0.09002600905660074,0.24473278955830186,4.594692707061768,,,,,,,,,,,,
364.0,29.0,0.02309419274330135,0.0,0.7946920008306568,0.42105263157894735,0.0,nan,0.029227467811158803,0.0,19.0,116.0,0.18972782045602798,0.33108479025320087,0.12445656847532895,0.1412891141473365,4.594692707061768,,,,,,,,,,,,
365.0,50.0,-0.020652942918241046,0.0,0.7318418759909368,0.46875,0.0,nan,0.02917024320457797,0.0,32.0,200.0,0.3456205576658249,0.44870374344522135,0.09965765701586556,0.317038991788541,4.594692707061768,,,,,,,,,,,,
366.0,33.0,-0.0378184187412262,0.0,0.9224178126123436,0.3333333333333333,0.0,nan,0.029113018597997142,0.0,21.0,132.0,0.3319351375102997,0.4285782711114293,0.14692781426007664,0.16258663965674136,4.594692707061768,,,,,,,,,,,,
367.0,50.0,0.05065025985240926,0.0,0.8491933019062011,0.36666666666666664,0.0,nan,0.02905579399141631,0.0,30.0,200.0,0.15177339687943459,0.3722414826952445,0.15166741713973353,0.19513026440878548,4.594692707061768,,,,,,,,,,,,
368.0,44.0,-0.23551135301589965,0.0,0.877787525185177,0.38461538461538464,0.0,nan,0.02899856938483548,0.0,26.0,176.0,0.24283790588378906,0.5143930037639538,0.11475520429102785,0.2882182807705569,4.594692707061768,,,,,,,,,,,,
369.0,41.0,-0.31498577952384965,0.0,0.6974299112660637,0.4230769230769231,0.0,nan,0.02894134477825465,0.0,26.0,164.0,0.17313872277736664,0.4752364650101787,0.11428573352665208,0.2090470958670144,4.594692707061768,,,,,,,,,,,,
370.0,14.0,-0.5189569854736329,0.0,0.679013791278787,0.38461538461538464,0.0,0.0,0.02888412017167382,0.0,13.0,56.0,0.535373866558075,0.35520164616173133,0.09325414293146293,0.4367902563258862,4.594692707061768,1.0,0.0,0.0,0.0,0.0,0.03351864218711853,1.0988295078277588,26.11508230306208,95.0,1.0,200.0,0.5598483607172962
371.0,124.0,-0.9800979597121475,0.0,0.9279771276796713,0.3448275862068966,0.0,nan,0.028826895565092995,0.0,58.0,496.0,0.18686285614967346,0.3945804237482662,0.16962626510849077,0.19390894220275504,4.594692707061768,,,,,,,,,,,,
372.0,47.0,0.022867629230022057,0.0,0.5769868125922218,0.6,0.0,nan,0.028769670958512163,0.0,25.0,188.0,0.31603527069091797,0.32909825620578326,0.13354943250710385,0.1325573454731642,4.594692707061768,,,,,,,,,,,,
373.0,23.0,-0.3488380688428879,0.0,0.8285333387798066,0.3125,0.0,nan,0.028712446351931334,0.0,16.0,92.0,0.3543175756931305,0.38951426920602505,0.22034984937479987,0.09664769881947391,4.594692707061768,,,,,,,,,,,,
374.0,200.0,1.517838896065952,0.0,0.9113679924821854,0.3829787234042553,0.0,nan,0.0286552217453505,0.0,94.0,800.0,0.1664909024257213,0.24924026566895918,0.06599410114991083,0.1011294188476145,4.594692707061768,,,,,,,,,,,,
375.0,174.0,0.04623333126306639,0.0,0.7742555035638623,0.47058823529411764,0.0,nan,0.028597997138769673,0.0,85.0,696.0,0.38401007279753685,0.4387135193819631,0.1937220161947559,0.2734391163816241,4.594692707061768,,,,,,,,,,,,
376.0,43.0,-0.13253909230232253,0.0,0.8902220633283349,0.35714285714285715,0.0,nan,0.028540772532188844,0.0,28.0,172.0,0.33326589316129684,0.3396650712088029,0.1279919004970674,0.3199967409161735,4.594692707061768,,,,,,,,,,,,
377.0,35.0,-0.39974999725818633,0.0,0.8179083037689077,0.4583333333333333,0.0,nan,0.028483547925608012,0.0,24.0,140.0,0.6982055604457855,0.37731267731038054,0.03131100852333475,0.5455202386745895,4.594692707061768,,,,,,,,,,,,
378.0,36.0,-0.5772560274600984,0.0,0.5106171189810278,0.5,0.0,nan,0.028426323319027186,0.0,28.0,144.0,0.43752847611904144,0.4690834349393198,0.12554861196743636,0.25542700264922913,4.594692707061768,,,,,,,,,,,,
379.0,142.0,0.06383067846298207,0.0,0.9047714906624621,0.39705882352941174,0.0,nan,0.02836909871244635,0.0,68.0,568.0,0.37965530436486006,0.3597712280961787,0.1040760200380646,0.2623317532390619,4.594692707061768,,,,,,,,,,,,
380.0,123.0,-0.9183455157279967,0.0,0.8699856261499656,0.3968253968253968,0.0,0.0,0.028311874105865525,0.0,63.0,492.0,0.3268498107790947,0.4070981424902129,0.09788994113679905,0.41855942252505773,4.594692707061768,1.0,0.0,0.0,0.5,0.0,-0.10623610019683838,3.325078010559082,3.4123031976632774,18.0,1.0,24.0,-0.5748936706781388
381.0,200.0,0.3963532369583864,0.0,0.8187642439324927,0.4631578947368421,0.0,nan,0.028254649499284697,0.0,95.0,800.0,0.10931654903106391,0.34100898730912377,0.18731776727418037,0.08050806977795799,4.594692707061768,,,,,,,,,,,,
382.0,32.0,-0.29744735777378095,0.0,0.8481698919684844,0.4444444444444444,0.0,nan,0.028197424892703864,0.0,18.0,128.0,0.4228166341781616,0.24008255287117208,0.0625582908924116,0.19645432902039373,4.594692707061768,,,,,,,,,,,,
383.0,144.0,0.4240793636441242,0.0,0.7646298060994404,0.43373493975903615,0.0,nan,0.028140200286123036,0.0,83.0,576.0,0.2650637775659561,0.3101659374005976,0.1372855819517369,0.18062283358024533,4.594692707061768,,,,,,,,,,,,
384.0,77.0,1.2014375764131546,0.0,0.8040323849072171,0.43902439024390244,0.0,nan,0.028082975679542203,0.0,41.0,308.0,0.4973001927137375,0.7292198912455206,0.529307160250255,0.19611078196965193,4.594692707061768,,,,,,,,,,,,
385.0,200.0,0.08818094506859753,0.0,0.8180243697291307,0.42727272727272725,0.0,nan,0.028025751072961375,0.0,110.0,800.0,0.05802320642396808,0.19741354087818763,0.08030714419805918,0.05636312338749727,4.594692707061768,,,,,,,,,,,,
386.0,32.0,0.1827780443429946,0.0,0.8323784033152883,0.38095238095238093,0.0,nan,0.02796852646638055,0.0,21.0,128.0,0.24639470502734184,0.39113549763374067,0.10819929693326458,0.161130357579796,4.594692707061768,,,,,,,,,,,,
387.0,200.0,-0.3407755568623548,0.0,0.9125640570167622,0.3655913978494624,0.0,nan,0.027911301859799717,0.0,93.0,800.0,0.07596623757854104,0.3819633507666822,0.1979085976378876,0.10657405352916474,4.594692707061768,,,,,,,,,,,,
388.0,49.0,-0.10422185897827177,0.0,0.9010779710884459,0.36,0.0,nan,0.027854077253218888,0.0,25.0,196.0,0.47992437332868576,0.5668118405274629,0.1861720201279463,0.18513230148616186,4.594692707061768,,,,,,,,,,,,
389.0,200.0,1.3232878342270866,0.0,0.8714203406678473,0.43956043956043955,0.0,nan,0.027796852646638056,0.0,91.0,800.0,0.26179032027721405,0.22812824803077092,0.0947730987315083,0.10431643969552101,4.594692707061768,,,,,,,,,,,,
390.0,25.0,-0.2694776922464371,0.0,0.525876644822276,0.5882352941176471,0.0,0.0,0.027739628040057227,0.0,17.0,100.0,1.093453124165535,0.27709601579234006,0.1092151906574145,0.15037873530520812,4.594692707061768,1.0,0.0,0.0,0.5,0.0,-0.0239323228597641,3.459115982055664,2.7172697666101158,13.0,1.0,21.0,-0.6713123893737795
391.0,143.0,-0.28488847494125363,0.0,0.8551671065162272,0.3974358974358974,0.0,nan,0.0276824034334764,0.0,78.0,572.0,0.0035517197102308273,0.27033089718361225,0.07719265268644904,0.19215002910969198,4.594692707061768,,,,,,,,,,,,
392.0,200.0,0.36048991978168543,0.0,0.8516814983336252,0.4174757281553398,0.0,nan,0.027625178826895566,0.0,103.0,800.0,0.030478909611701965,0.3293406017455709,0.14345086358097503,0.11534538115044146,4.594692707061768,,,,,,,,,,,,
393.0,200.0,-0.34433213025331505,0.0,0.9245444046889004,0.4065934065934066,0.0,nan,0.027567954220314737,0.0,91.0,800.0,0.06352690095081925,0.2186668799963627,0.09891200601683181,0.13887643645162978,4.594692707061768,,,,,,,,,,,,
394.0,200.0,-0.21706234067678395,0.0,0.9231776854176585,0.35051546391752575,0.0,nan,0.027510729613733905,0.0,97.0,800.0,0.12782701337710023,0.25750390192479244,0.1276881264484473,0.09679591941361787,4.594692707061768,,,,,,,,,,,,
395.0,22.0,-0.922663952112198,0.0,0.7865210164860698,0.38461538461538464,0.0,nan,0.02745350500715308,0.0,13.0,88.0,0.2944907248020172,0.37069332667372445,0.12714097432035487,0.3245174730941626,4.594692707061768,,,,,,,,,,,,
396.0,200.0,1.7362046718597421,0.0,0.9569015500975588,0.30526315789473685,0.0,nan,0.02739628040057225,0.0,95.0,800.0,0.2524817520752549,0.4647937634451864,0.26930019340157874,0.15330243905522245,4.594692707061768,,,,,,,,,,,,
397.0,30.0,-0.41852518171072023,0.0,0.6659033744585166,0.4375,0.0,nan,0.02733905579399142,0.0,16.0,120.0,0.2896219417452812,0.4869355042280707,0.14524492026888172,0.26710419997555923,4.594692707061768,,,,,,,,,,,,
398.0,165.0,0.052995189279317734,0.0,0.8909868246807938,0.3411764705882353,0.0,nan,0.02728183118741059,0.0,85.0,660.0,0.5193883366882801,0.39642778659163014,0.10292201324546113,0.3406632051262939,4.594692707061768,,,,,,,,,,,,
399.0,16.0,-1.1251638537645339,0.0,0.6289964730366723,0.46153846153846156,0.0,nan,0.027224606580829758,0.0,13.0,64.0,0.5379864275455475,0.2854344160150504,0.005303138532326557,0.3664275239525523,4.594692707061768,,,,,,,,,,,,
400.0,96.0,2.108554194271565,0.0,0.6180099447782502,0.5102040816326531,0.0,0.0,0.02716738197424893,0.0,49.0,384.0,0.7582895904779434,0.7059859388875793,0.2012074491381668,0.292358033237303,4.594692707061768,1.0,0.0,0.0,0.25,0.0,0.04552850127220154,0.7234768867492676,13.374788789020386,56.0,1.0,94.0,0.961799592375755
401.0,31.0,-0.30681606888771074,0.0,0.7591544851603149,0.42105263157894735,0.0,nan,0.027110157367668097,0.0,19.0,124.0,0.31504571437835693,0.67816371208192,0.3450521239907586,0.2865122698581103,4.594692707061768,,,,,,,,,,,,
402.0,15.0,-1.0969496309757234,0.0,0.6388465992563436,0.4166666666666667,0.0,nan,0.027052932761087268,0.0,12.0,60.0,0.6496047377586365,0.5195093265996548,0.20556533792842704,0.4260920847225255,4.594692707061768,,,,,,,,,,,,
403.0,58.0,0.5039489668607705,0.0,0.8285763728084534,0.3939393939393939,0.0,nan,0.026995708154506443,0.0,33.0,232.0,0.3812234029173851,0.47086238123703317,0.18526883430629446,0.31726698205474463,4.594692707061768,,,,,,,,,,,,
404.0,102.0,0.8219141367077822,0.0,0.8811706220155463,0.3389830508474576,0.0,nan,0.02693848354792561,0.0,59.0,408.0,0.1699954867362976,0.39286517074458516,0.1870337364025545,0.11206697453214054,4.594692707061768,,,,,,,,,,,,
405.0,73.0,1.3902619731426238,0.0,0.8408362564945557,0.3888888888888889,0.0,nan,0.02688125894134478,0.0,36.0,292.0,0.33179764449596405,0.41654673977654966,0.10367153248425609,0.1519240614293448,4.594692707061768,,,,,,,,,,,,
406.0,200.0,-0.06814948022365425,0.0,0.9251998403506834,0.33653846153846156,0.0,nan,0.02682403433476395,0.0,104.0,800.0,0.07505048671737313,0.2962783032610332,0.13422582821510787,0.10262693937934618,4.594692707061768,,,,,,,,,,,,
407.0,154.0,0.6631098201870929,0.0,0.9368757648597603,0.32098765432098764,0.0,nan,0.02676680972818312,0.0,81.0,616.0,0.15033342596143484,0.3412754307914838,0.09735030161382419,0.22710846766489556,4.594692707061768,,,,,,,,,,,,
408.0,31.0,-1.3364447540044786,0.0,0.9429842267229361,0.35294117647058826,0.0,nan,0.02670958512160229,0.0,17.0,124.0,0.43399740010499954,0.20946138038960915,0.05953692992578351,0.1747542167013247,4.594692707061768,,,,,,,,,,,,
409.0,111.0,-0.8037478363513951,0.0,0.9725429010983156,0.3090909090909091,0.0,nan,0.02665236051502146,0.0,55.0,444.0,0.10694789700210094,0.3288375881563752,0.13791271012757633,0.19838251404042306,4.594692707061768,,,,,,,,,,,,
410.0,73.0,-0.6581287223100665,0.0,0.891161331000057,0.4444444444444444,0.0,0.0,0.026595135908440634,0.0,36.0,292.0,0.24147279560565948,0.4254191019144855,0.12823149253563315,0.2218897055579232,4.594692707061768,1.0,0.0,0.0,0.5,0.0,-0.10387294739484787,2.473684310913086,3.358059734106064,20.0,1.0,21.0,-0.5083723700046541
411.0,105.0,1.0526077128946785,0.0,0.8960668399213165,0.38181818181818183,0.0,nan,0.0265379113018598,0.0,55.0,420.0,0.2816483601927757,0.3709567471016797,0.06540304052357415,0.30640651072512615,4.594692707061768,,,,,,,,,,,,
412.0,47.0,0.6915727454423903,0.0,0.7156314536612751,0.4642857142857143,0.0,nan,0.026480686695278973,0.0,28.0,188.0,0.25502364709973335,0.5870188874061878,0.22314805647904992,0.1074203905279515,4.594692707061768,,,,,,,,,,,,
413.0,163.0,-0.7835383448004728,0.0,0.8468761305599226,0.4117647058823529,0.0,nan,0.026423462088698144,0.0,85.0,652.0,0.20911068841814995,0.3197116272335734,0.0847083915928124,0.23009746792074667,4.594692707061768,,,,,,,,,,,,
414.0,101.0,0.6315834397077562,0.0,0.9494179251089833,0.3018867924528302,0.0,nan,0.026366237482117312,0.0,53.0,404.0,0.775133341550827,0.45377691835938094,0.15739430040923708,0.3696466790900259,4.594692707061768,,,,,,,,,,,,
415.0,200.0,1.6455854102969183,0.0,0.9772623489525168,0.27835051546391754,0.0,nan,0.026309012875536483,0.0,97.0,800.0,0.349634169600904,0.2817746295386314,0.13211077608789878,0.07724922613271962,4.594692707061768,,,,,,,,,,,,
416.0,106.0,1.6832410597801224,0.0,0.7996001762321767,0.5,0.0,nan,0.02625178826895565,0.0,52.0,424.0,0.2909291386604309,0.41612311091716947,0.11393748112213159,0.21710901042636976,4.594692707061768,,,,,,,,,,,,
417.0,27.0,-0.5421563786268234,0.0,0.8731921427319801,0.35294117647058826,0.0,nan,0.026194563662374822,0.0,17.0,108.0,0.4397742226719856,0.44182337410920475,0.06259546278872424,0.338718949101802,4.594692707061768,,,,,,,,,,,,
418.0,200.0,0.4970829784870157,0.0,0.9332363896488092,0.3177570093457944,0.0,nan,0.026137339055793997,0.0,107.0,800.0,0.053606545785441995,0.31240026876756133,0.12780089061368471,0.11621256125207524,4.594692707061768,,,,,,,,,,,,
419.0,80.0,1.337754487991333,0.0,0.8236351626792632,0.44,0.0,nan,0.026080114449213165,0.0,50.0,320.0,0.3812733292579651,0.30894569008660255,0.08801453159852571,0.281159167616592,4.594692707061768,,,,,,,,,,,,
420.0,63.0,0.8382903379201888,0.0,0.9021635988989051,0.3333333333333333,0.0,0.0,0.026022889842632336,0.0,33.0,252.0,0.37108808010816574,0.4335768284749181,0.08842237147300261,0.17524472309311015,4.594692707061768,1.0,0.0,0.0,0.5,0.0,-0.08213337510824203,3.4894328117370605,2.792596498504281,14.0,1.0,20.0,-0.6729918748140336
421.0,84.0,1.255220637321472,0.0,0.9580078431300361,0.29545454545454547,0.0,nan,0.025965665236051504,0.0,44.0,336.0,0.35004691779613495,0.4756607616616293,0.07062045737508527,0.23452168133514673,4.594692707061768,,,,,,,,,,,,
422.0,29.0,0.22197512149810783,0.0,0.7389422685109774,0.5416666666666666,0.0,nan,0.025908440629470675,0.0,24.0,116.0,0.33434974402189255,0.3431238916201782,0.061518894176121997,0.22511345712219502,4.594692707061768,,,,,,,,,,,,
423.0,192.0,-1.7931392562389377,0.0,0.8916519633679687,0.36,0.0,nan,0.025851216022889846,0.0,100.0,768.0,0.32157709542661905,0.46174309883735987,0.16262766600601086,0.3669457691940904,4.594692707061768,,,,,,,,,,,,
424.0,65.0,0.14190811216831195,0.0,0.78263580660889,0.47619047619047616,0.0,nan,0.025793991416309014,0.0,42.0,260.0,0.3163197264075279,0.49125372695471015,0.13742561351051563,0.24483916403135808,4.594692707061768,,,,,,,,,,,,
425.0,160.0,0.2281159967184067,0.0,0.8812732074366751,0.3670886075949367,0.0,nan,0.025736766809728185,0.0,79.0,640.0,0.19884871877729893,0.6424149801919157,0.374984295135107,0.2794859684833198,4.594692707061768,,,,,,,,,,,,
426.0,72.0,0.43571944713592514,0.0,0.9417126859832109,0.2777777777777778,0.0,nan,0.025679542203147353,0.0,36.0,288.0,0.38951509445905685,0.4904746521897323,0.12060208901154368,0.26807928274393666,4.594692707061768,,,,,,,,,,,,
427.0,36.0,0.4540548616647721,0.0,0.7451747957751574,0.5,0.0,nan,0.025622317596566527,0.0,26.0,144.0,0.258024200797081,0.46875812711207093,0.13174185699123578,0.19005571590768028,4.594692707061768,,,,,,,,,,,,
428.0,80.0,1.3487786576151852,0.0,0.8368233518404616,0.5,0.0,nan,0.0255650929899857,0.0,52.0,320.0,0.3614939898252487,0.5373286015574195,0.2731484164117182,0.16761384938789026,4.594692707061768,,,,,,,,,,,,
429.0,60.0,1.1739771366119387,0.0,0.9810626018058448,0.3,0.0,nan,0.025507868383404866,0.0,30.0,240.0,0.5059680566191673,0.49343105133933324,0.16107972909885576,0.31142850802414385,4.594692707061768,,,,,,,,,,,,
430.0,125.0,-0.20904187262058185,0.0,0.9121288281831498,0.3484848484848485,0.0,0.0,0.025450643776824038,0.0,66.0,500.0,0.6592667046934366,0.5464796059059154,0.13611911126784548,0.43373860437516853,4.594692707061768,1.0,0.0,0.0,0.0,0.0,0.570949912071228,0.28950464725494385,25.571907247882336,100.0,1.0,200.0,1.7445807449519657
431.0,149.0,-0.05963344812393068,0.0,0.8009166027229518,0.3924050632911392,0.0,nan,0.025393419170243205,0.0,79.0,596.0,0.1789840292185545,0.42086314452899387,0.11505113102476194,0.3059150193514384,4.594692707061768,,,,,,,,,,,,
432.0,70.0,-0.6781692638993264,0.0,0.8830013829209921,0.35,0.0,nan,0.025336194563662377,0.0,40.0,280.0,0.3645460829138756,0.30658943695198104,0.03827511870559874,0.28708773890501826,4.594692707061768,,,,,,,,,,,,
433.0,67.0,0.8400501284003257,0.0,0.8460545583641381,0.46511627906976744,0.0,nan,0.025278969957081544,0.0,43.0,268.0,0.30014920979738235,0.4316381305352479,0.16346577042190802,0.1584045113854178,4.594692707061768,,,,,,,,,,,,
434.0,87.0,1.059002599418163,0.0,0.9723743943596382,0.30612244897959184,0.0,nan,0.025221745350500716,0.0,49.0,348.0,0.3152546063065529,0.41959452634864647,0.1955916457956901,0.1369981990382967,4.594692707061768,,,,,,,,,,,,
435.0,51.0,1.0154488974809648,0.0,0.9039761388559049,0.41935483870967744,0.0,nan,0.02516452074391989,0.0,31.0,204.0,0.6301803290843964,0.48297689720878706,0.1825870292905165,0.17251091924407994,4.594692707061768,,,,,,,,,,,,
436.0,102.0,2.024874340295793,0.0,0.961578482405386,0.2830188679245283,0.0,nan,0.025107296137339058,0.0,53.0,408.0,0.4395793527364731,0.3767867389597086,0.10955603677030012,0.16786994925690785,4.594692707061768,,,,,,,,,,,,
437.0,141.0,-0.28241565734147983,0.0,0.9415459568980404,0.3787878787878788,0.0,nan,0.02505007153075823,0.0,66.0,564.0,0.44730554707348347,0.40200902658307314,0.11317898003562732,0.41138189967219935,4.594692707061768,,,,,,,,,,,,
438.0,200.0,1.3843792170286187,0.0,0.9090948180602032,0.3055555555555556,0.0,nan,0.024992846924177397,0.0,108.0,800.0,0.16865484043955803,0.35758545892167604,0.15198132924069796,0.10144324769678636,4.594692707061768,,,,,,,,,,,,
439.0,144.0,0.7220037078857431,0.0,0.8732405837900439,0.3972602739726027,0.0,nan,0.024935622317596568,0.0,73.0,576.0,0.30691961478441954,0.3706378106953707,0.11204437982453896,0.24582293123032828,4.594692707061768,,,,,,,,,,,,
440.0,147.0,1.4396931546926521,0.0,0.9191647066946683,0.3875,0.0,0.0,0.02487839771101574,0.0,80.0,588.0,0.3773857466876507,0.429583196859312,0.11850461425467529,0.39697270713649147,4.594692707061768,1.0,0.0,0.0,0.25,0.0,0.04703618586063385,0.36163628101348877,24.154120981460437,98.0,1.0,184.0,0.8135470426082628
441.0,121.0,1.7781410554051411,0.0,0.8847445203223256,0.3181818181818182,0.0,nan,0.024821173104434907,0.0,66.0,484.0,0.3216770044527948,0.3969581825276691,0.10136110186522274,0.2510708481987174,4.594692707061768,,,,,,,,,,,,
442.0,129.0,1.0236290177702905,0.0,0.897146023737813,0.34285714285714286,0.0,nan,0.024763948497854082,0.0,70.0,516.0,0.20364458672702312,0.3764564232678822,0.09087007995572094,0.37686297717233086,4.594692707061768,,,,,,,,,,,,
443.0,168.0,-1.2886983680725095,0.0,0.939772525318193,0.2857142857142857,0.0,nan,0.02470672389127325,0.0,84.0,672.0,0.25433876644819975,0.4676914042320277,0.11460254676148907,0.30334338436171815,4.594692707061768,,,,,,,,,,,,
444.0,200.0,-0.413539227843285,0.0,0.9708578337115418,0.2641509433962264,0.0,nan,0.02464949928469242,0.0,106.0,800.0,0.03217423497699201,0.3169880267350891,0.14152517724539848,0.17589474854000997,4.594692707061768,,,,,,,,,,,,
445.0,14.0,-0.5636485123634338,0.0,0.811529638572679,0.38461538461538464,0.0,nan,0.024592274678111592,0.0,13.0,56.0,0.43458906561136246,0.4051878058193584,0.15992867970531474,0.41595560032089907,4.594692707061768,,,,,,,,,,,,
446.0,70.0,0.9459048107266419,0.0,0.8964471096340065,0.36585365853658536,0.0,nan,0.02453505007153076,0.0,41.0,280.0,0.5240528583526611,0.31790436561095703,0.0803059971635065,0.1908993318062575,4.594692707061768,,,,,,,,,,,,
447.0,43.0,1.003823698759079,0.0,0.7909770012767653,0.4444444444444444,0.0,nan,0.02447782546494993,0.0,27.0,172.0,0.28047696501016617,0.5108136575734026,0.1618794707372767,0.1950986288003773,4.594692707061768,,,,,,,,,,,,
448.0,48.0,-0.6493484846502546,0.0,0.7308109110258156,0.41935483870967744,0.0,nan,0.0244206008583691,0.0,31.0,192.0,0.45887890458106995,0.3654413713593385,0.07764472248284922,0.33104401141757256,4.594692707061768,,,,,,,,,,,,
449.0,53.0,-0.7236134576797488,0.0,0.881917606832936,0.34375,0.0,nan,0.02436337625178827,0.0,32.0,212.0,0.0641438215970993,0.4100454804374406,0.1617628927863844,0.24073012126676796,4.594692707061768,,,,,,,,,,,,
450.0,85.0,0.7866249650716786,0.0,0.9450566003675316,0.375,0.0,0.0,0.024306151645207445,0.0,48.0,340.0,0.13330277800559998,0.42394540663917724,0.0643047756152555,0.21786067226869488,4.594692707061768,1.0,0.0,0.0,0.25,0.0,0.24008271098136902,0.5542359352111816,13.650013007223606,45.0,1.0,88.0,0.9363388997316363
451.0,183.0,-2.846274752467869,0.0,0.9292996278199285,0.29545454545454547,0.0,nan,0.024248927038626612,0.0,88.0,732.0,0.528104392811656,0.3800484488492657,0.11340063150964852,0.3824767341110853,4.594692707061768,,,,,,,,,,,,
452.0,34.0,0.20037707746028882,0.0,0.743885478500363,0.5384615384615384,0.0,nan,0.024191702432045784,0.0,26.0,136.0,0.13410063832998276,0.4009797533148872,0.146269998022035,0.1652444701753599,4.594692707061768,,,,,,,,,,,,
453.0,200.0,0.004528209567069563,0.0,0.8627949436455522,0.41,0.0,nan,0.02413447782546495,0.0,100.0,800.0,0.3961659874767065,0.15452813626461648,0.052712569318373426,0.1092005452239343,4.594692707061768,,,,,,,,,,,,
454.0,85.0,-0.8584340482950211,0.0,0.9868853058677822,0.2391304347826087,0.0,nan,0.024077253218884122,0.0,46.0,340.0,0.1479596346616745,0.29666614649568146,0.09644465251994916,0.20579938973798173,4.594692707061768,,,,,,,,,,,,
455.0,80.0,-1.831307592988015,0.0,0.9025109820217169,0.425,0.0,nan,0.024020028612303294,0.0,40.0,320.0,0.31264303624629974,0.3619522236913326,0.0995335714628709,0.32831865768794366,4.594692707061768,,,,,,,,,,,,
456.0,21.0,-1.323076278567314,0.0,0.77024370994321,0.42857142857142855,0.0,nan,0.02396280400572246,0.0,14.0,84.0,0.19650885835289955,0.3172429822540532,0.12485354874903958,0.31545442534081214,4.594692707061768,,,,,,,,,,,,
457.0,113.0,0.17495437532663366,0.0,0.9223418919938186,0.3793103448275862,0.0,nan,0.023905579399141633,0.0,58.0,452.0,0.06553760543465614,0.3060347759083015,0.0861342566638541,0.15950916459613784,4.594692707061768,,,,,,,,,,,,
458.0,25.0,-0.9206682011485101,0.0,0.8408362564945557,0.3888888888888889,0.0,nan,0.0238483547925608,0.0,18.0,100.0,1.10906183719635,0.4156720396876335,0.06939623417332769,0.41428798005434603,4.594692707061768,,,,,,,,,,,,
459.0,120.0,0.06609264016151495,0.0,0.9432254691176052,0.3508771929824561,0.0,nan,0.023791130185979975,0.0,57.0,480.0,0.5625807046890259,0.387607571652552,0.08917533649794507,0.4717906567820207,4.594692707061768,,,,,,,,,,,,
460.0,65.0,-0.016755763441324567,0.0,0.9019386516613828,0.3333333333333333,0.0,0.0,0.023733905579399146,0.0,36.0,260.0,0.5073589310050011,0.3510542900785367,0.1693729296184756,0.11203202306803073,4.594692707061768,1.0,0.0,0.0,0.25,0.0,0.17041340470314026,0.4114953279495239,14.893414332764223,53.0,1.0,106.0,1.1596076527237908
461.0,20.0,-0.4738061934709549,0.0,0.8506319420755775,0.5,0.0,nan,0.023676680972818314,0.0,14.0,80.0,0.026891224551945925,0.24838343640440144,0.09036330907838419,0.19280168740809245,4.594692707061768,,,,,,,,,,,,
462.0,155.0,-0.761144730448723,0.0,0.9232042020824701,0.3411764705882353,0.0,nan,0.023619456366237485,0.0,85.0,620.0,0.13704003323800862,0.32275423898931876,0.1410181365479275,0.19455509591217934,4.594692707061768,,,,,,,,,,,,
463.0,55.0,0.2610258996486665,0.0,0.9025261661454219,0.3333333333333333,0.0,nan,0.023562231759656653,0.0,30.0,220.0,0.5262977480888367,0.3583569734865292,0.08416374265269207,0.26908640202171824,4.594692707061768,,,,,,,,,,,,
464.0,155.0,1.0153176367282875,0.0,0.8736706278009277,0.37349397590361444,0.0,nan,0.023505007153075824,0.0,83.0,620.0,0.23760868795216084,0.38455857515782554,0.09924055439643098,0.2895826134712599,4.594692707061768,,,,,,,,,,,,
465.0,200.0,0.04840836524963321,0.0,0.8699074834645569,0.40594059405940597,0.0,nan,0.023447782546494992,0.0,101.0,800.0,0.052561454474925995,0.28002991261814714,0.1022962443338713,0.12570040514578343,4.594692707061768,,,,,,,,,,,,
466.0,30.0,-0.6168143808841706,0.0,0.9404920305751214,0.2631578947368421,0.0,nan,0.023390557939914167,0.0,19.0,120.0,0.4553065598011017,0.4709573165824016,0.09003533655013599,0.36746910352995127,4.594692707061768,,,,,,,,,,,,
467.0,197.0,-0.13729494631290462,0.0,0.8617093899039892,0.422680412371134,0.0,nan,0.023333333333333338,0.0,97.0,788.0,0.0631255004554987,0.41228343010607205,0.15849354732307575,0.2643392668245248,4.594692707061768,,,,,,,,,,,,
468.0,49.0,-0.5561454148590566,0.0,0.8262432766495087,0.4074074074074074,0.0,nan,0.023276108726752506,0.0,27.0,196.0,0.617485836148262,0.46960579039591255,0.14499884312621894,0.45034048471366334,4.594692707061768,,,,,,,,,,,,
469.0,70.0,-0.4413326621055602,0.0,0.9844279221011448,0.25,0.0,nan,0.023218884120171677,0.0,36.0,280.0,0.46909625828266144,0.3708548545712347,0.09465850284504995,0.32131822411805944,4.594692707061768,,,,,,,,,,,,
470.0,29.0,-0.8185614818334579,0.0,0.8706620973782472,0.35294117647058826,0.0,0.0,0.023161659513590845,0.0,17.0,116.0,0.27634093910455704,0.49767900900995554,0.07991865575550115,0.2897525488708569,4.594692707061768,1.0,0.0,0.0,0.0,0.0,0.1415034830570221,0.30441784858703613,24.769281315500848,93.0,1.0,200.0,0.6553518399596229
471.0,98.0,0.5083586794137953,0.0,0.9775852893396085,0.2826086956521739,0.0,nan,0.023104434907010016,0.0,46.0,392.0,0.48677707463502884,0.3092496032368217,0.04670654768663784,0.25910968435781334,4.594692707061768,,,,,,,,,,,,
472.0,56.0,0.1340340071916577,0.0,0.9697953153966726,0.25806451612903225,0.0,nan,0.023047210300429187,0.0,31.0,224.0,0.5609345436096191,0.47733478807016844,0.1558813568241959,0.29984791742112243,4.594692707061768,,,,,,,,,,,,
473.0,20.0,-0.5371703773736954,0.0,0.8848616973159905,0.4166666666666667,0.0,nan,0.022989985693848355,0.0,12.0,80.0,0.22712119668722153,0.4491075500904117,0.3008295174004161,0.19850143755544422,4.594692707061768,,,,,,,,,,,,
474.0,200.0,-0.24467169046401882,0.0,0.8731828100510688,0.45652173913043476,0.0,nan,0.02293276108726753,0.0,92.0,800.0,0.1661698380485177,0.3468370962918925,0.16120800261760682,0.1786904921832706,4.594692707061768,,,,,,,,,,,,
475.0,32.0,-0.238600869178772,0.0,0.8631989894738974,0.3157894736842105,0.0,nan,0.022875536480686697,0.0,19.0,128.0,0.3037881702184677,0.4154505947808502,0.1508718995507934,0.23090334716579441,4.594692707061768,,,,,,,,,,,,
476.0,38.0,-0.2610407996177674,0.0,0.6419098665932583,0.6,0.0,nan,0.02281831187410587,0.0,20.0,152.0,0.6037835478782654,0.3928735426222709,0.11347458836405024,0.24233565053324307,4.594692707061768,,,,,,,,,,,,
477.0,200.0,-1.4585900261998184,0.0,0.9000901142208676,0.38,0.0,nan,0.02276108726752504,0.0,100.0,800.0,0.0848237369209528,0.33560683910764055,0.2080188841192694,0.13710762483791136,4.594692707061768,,,,,,,,,,,,
478.0,87.0,0.23390852615237281,0.0,0.8628375332608224,0.3673469387755102,0.0,nan,0.022703862660944207,0.0,49.0,348.0,0.2189459539949894,0.40513877798775866,0.09764939596996136,0.19479669125103594,4.594692707061768,,,,,,,,,,,,
479.0,200.0,0.05384955704212108,0.0,0.9323640802591812,0.3838383838383838,0.0,nan,0.02264663805436338,0.0,99.0,800.0,0.1013776536565274,0.2670855583728553,0.13801248331947136,0.15014375381523848,4.594692707061768,,,,,,,,,,,,
480.0,28.0,-0.30555804252624513,0.0,0.7517707050437117,0.5,0.0,0.0,0.022589413447782546,0.0,22.0,112.0,0.18781720474362373,0.7412858623262893,0.4834164095071693,0.16035558610971232,4.594692707061768,1.0,0.0,0.0,0.5,0.0,-0.004584699869155884,3.499626636505127,3.2049209903925657,13.0,1.0,21.0,-0.724353969693184
481.0,105.0,-0.5627920776605606,0.0,0.8777954505570621,0.3333333333333333,0.0,nan,0.022532188841201718,0.0,57.0,420.0,0.3579031527042389,0.41047117790913035,0.1387836088088079,0.30346987476290055,4.594692707061768,,,,,,,,,,,,
482.0,200.0,-0.027867850661275582,0.0,0.904650536155095,0.4,0.0,nan,0.022474964234620892,0.0,95.0,800.0,0.3345806207507849,0.37781267106902305,0.2007017401888902,0.2086896889394556,4.594692707061768,,,,,,,,,,,,
483.0,171.0,-1.068085989952087,0.0,0.8886116573888517,0.45569620253164556,0.0,nan,0.02241773962804006,0.0,79.0,684.0,0.28004493564367294,0.37977550225377854,0.1133424685076534,0.3835836275101274,4.594692707061768,,,,,,,,,,,,
484.0,43.0,-0.47297792315483106,0.0,0.8408906230643092,0.48,0.0,nan,0.02236051502145923,0.0,25.0,172.0,0.5368296056985855,0.4981589256846725,0.14215505686399071,0.3809804599628494,4.594692707061768,,,,,,,,,,,,
485.0,33.0,0.18855704784393298,0.0,0.8822591385129542,0.38095238095238093,0.0,nan,0.0223032904148784,0.0,21.0,132.0,0.5405131429433823,0.44470442354213446,0.08978590364991264,0.3022708364010274,4.594692707061768,,,,,,,,,,,,
486.0,151.0,0.7266370812058448,0.0,0.7545247347393174,0.5285714285714286,0.0,nan,0.02224606580829757,0.0,70.0,604.0,0.291222465923056,0.441182383989144,0.19860839076136472,0.20171192778506827,4.594692707061768,,,,,,,,,,,,
487.0,200.0,-0.72605672776699,0.0,0.8273978626022573,0.48936170212765956,0.0,nan,0.02218884120171674,0.0,94.0,800.0,0.08283138880506158,0.2439211064902338,0.1141188552528547,0.14075240291078916,4.594692707061768,,,,,,,,,,,,
488.0,78.0,-0.7588772344589236,0.0,0.8883975242101633,0.37209302325581395,0.0,nan,0.02213161659513591,0.0,43.0,312.0,0.18382352590560913,0.2910241021472757,0.08570230882730812,0.165823819424531,4.594692707061768,,,,,,,,,,,,
489.0,29.0,-0.29923658460378655,0.0,0.6669307100477277,0.4117647058823529,0.0,nan,0.022074391988555084,0.0,17.0,116.0,0.5132520422339439,0.3313924285848143,0.05628414174686346,0.22240350090309943,4.594692707061768,,,,,,,,,,,,
490.0,192.0,-0.765814867317677,0.0,0.8805525911463049,0.43617021276595747,0.0,0.0,0.022017167381974248,0.0,94.0,768.0,0.18528082221746445,0.3078553084774285,0.10464914759293155,0.17531578514048562,4.594692707061768,1.0,0.0,0.0,0.5,0.0,-0.04094592481851578,3.494690418243408,2.98265545303002,12.0,1.0,21.0,-0.7644552505016328
491.0,52.0,0.5771229434013366,0.0,0.9894065370228766,0.25,0.0,nan,0.021959942775393423,0.0,28.0,208.0,0.3220556974411011,0.6360285925329663,0.22890432294203633,0.1487922205613057,4.594692707061768,,,,,,,,,,,,
492.0,90.0,1.4581139937043193,0.0,0.8713653074780288,0.38636363636363635,0.0,nan,0.021902718168812594,0.0,44.0,360.0,0.48414505273103714,0.30748022950047016,0.07849208815537168,0.18984468226909224,4.594692707061768,,,,,,,,,,,,
493.0,158.0,-0.7014488208293912,0.0,0.8679337695895958,0.4125,0.0,nan,0.02184549356223176,0.0,80.0,632.0,0.31555732525885105,0.5141739960836276,0.17897581029362186,0.3004015281918546,4.594692707061768,,,,,,,,,,,,
494.0,99.0,1.4877987465262417,0.0,0.7411941110908765,0.42857142857142855,0.0,nan,0.021788268955650933,0.0,56.0,396.0,0.21808649599552155,0.37161219140489266,0.1585985969620083,0.15778762598325957,4.594692707061768,,,,,,,,,,,,
495.0,200.0,-0.79426711164415,0.0,0.8823286892064127,0.3942307692307692,0.0,nan,0.0217310443490701,0.0,104.0,800.0,0.15481802634894848,0.38407443441974465,0.1745143653811283,0.15272325369230932,4.594692707061768,,,,,,,,,,,,
496.0,143.0,0.38188931316137326,0.0,0.7789648039792947,0.5428571428571428,0.0,nan,0.021673819742489272,0.0,70.0,572.0,0.20825492404401302,0.30493772735758284,0.10687356451762753,0.1301501632995491,4.594692707061768,,,,,,,,,,,,
497.0,102.0,-0.1307578217983249,0.0,0.824197493738621,0.4528301886792453,0.0,nan,0.02161659513590844,0.0,53.0,408.0,0.3339577093720436,0.388747896799714,0.0801544163887229,0.27560580075466845,4.594692707061768,,,,,,,,,,,,
498.0,200.0,0.08063982725143432,0.0,0.8662297405654146,0.4444444444444444,0.0,nan,0.021559370529327614,0.0,90.0,800.0,0.08583835186436772,0.3557190731698938,0.12522043100329938,0.09855515276639265,4.594692707061768,,,,,,,,,,,,
499.0,36.0,-0.3478872454166412,0.0,0.8105527439017269,0.34782608695652173,0.0,nan,0.021502145922746786,0.0,23.0,144.0,0.16569465026259422,0.4363315596937254,0.0659389824448024,0.2994706267174199,4.594692707061768,,,,,,,,,,,,
500.0,200.0,0.19451853930950125,0.0,0.8637855410622869,0.4673913043478261,0.0,0.0,0.021444921316165953,0.0,92.0,800.0,0.10928456601686776,0.2574754173801921,0.105951628803723,0.0729828236753125,4.594692707061768,1.0,0.0,0.0,0.5,0.0,-0.04651976376771927,3.4930477142333984,3.914848878979683,18.0,1.0,28.0,-0.8869099932909014
501.0,108.0,-0.010241574347019777,0.0,0.9103119181612788,0.38181818181818183,0.0,nan,0.021387696709585124,0.0,55.0,432.0,0.1406187154352665,0.3165360992479691,0.11183765270516233,0.1884783468743879,4.594692707061768,,,,,,,,,,,,
502.0,7.0,-0.6038017344474791,0.0,0.7139509044771646,0.5555555555555556,0.0,nan,0.021330472103004292,0.0,9.0,28.0,0.537258192896843,0.1955155974387058,0.05917920262020614,0.1261350980355311,4.594692707061768,,,,,,,,,,,,
503.0,32.0,-0.9288297367095948,0.0,0.9135198420523197,0.35,0.0,nan,0.021273247496423463,0.0,20.0,128.0,0.18655089661478996,0.453794146378641,0.1458428619116603,0.34251922497103426,4.594692707061768,,,,,,,,,,,,
504.0,17.0,-0.5533323568105698,0.0,0.8401749693899792,0.4166666666666667,0.0,nan,0.021216022889842635,0.0,12.0,68.0,0.32712092995643616,0.2518416101195137,0.03133834679337109,0.24119437759092013,4.594692707061768,,,,,,,,,,,,
505.0,45.0,0.38007619380950913,0.0,0.5684912583448284,0.68,0.0,nan,0.021158798283261802,0.0,25.0,180.0,0.4437114745378494,0.3503286750789913,0.06066621745671404,0.23403363150801954,4.594692707061768,,,,,,,,,,,,
506.0,10.0,-0.5997687458992005,0.0,0.6053757909600438,0.5,0.0,nan,0.021101573676680977,0.0,8.0,40.0,0.22212763130664825,0.21797202208545058,0.06334111344767734,0.19164010786983568,4.594692707061768,,,,,,,,,,,,
507.0,195.0,-0.21880448758602045,0.0,0.8492923320203162,0.46236559139784944,0.0,nan,0.021044349070100145,0.0,93.0,780.0,0.1531254358123988,0.29331389481876613,0.08755637718468279,0.20200538528845896,4.594692707061768,,,,,,,,,,,,
508.0,72.0,-0.07452988147735612,0.0,0.8794379283285659,0.32608695652173914,0.0,nan,0.020987124463519316,0.0,46.0,288.0,0.16022354364395142,0.42397100328525994,0.08171868434457252,0.2461612344288291,4.594692707061768,,,,,,,,,,,,
509.0,9.0,-0.6110166037082672,0.0,0.7708804802431702,0.45454545454545453,0.0,nan,0.020929899856938487,0.0,11.0,36.0,0.2089666947722435,0.14005661345759612,0.039359011557987995,0.09418575714516919,4.594692707061768,,,,,,,,,,,,
510.0,42.0,-0.6496276807785035,0.0,0.8295110482086161,0.375,0.0,0.0,0.020872675250357655,0.0,24.0,168.0,0.26808135211467743,0.3891619206378458,0.05196860792819366,0.28526180114435346,4.594692707061768,1.0,0.0,0.0,0.0,0.0,0.26194995641708374,0.9526864290237427,25.960248327581212,101.0,1.0,200.0,0.36642133891582584
511.0,33.0,-0.39800832152366644,0.0,0.6804693191564791,0.42857142857142855,0.0,nan,0.020815450643776826,0.0,21.0,132.0,0.15229562297463417,0.2691282527239034,0.08696221489221864,0.1794485671658798,4.594692707061768,,,,,,,,,,,,
512.0,104.0,-0.27334635570645405,0.0,0.8362557618894793,0.4807692307692308,0.0,nan,0.020758226037195994,0.0,52.0,416.0,0.544898584485054,0.3853662269452798,0.10764041520155843,0.23677022842330642,4.594692707061768,,,,,,,,,,,,
513.0,187.0,-0.06809991121291964,0.0,0.9332222424896499,0.3409090909090909,0.0,nan,0.020701001430615165,0.0,88.0,748.0,0.18397475220263004,0.38719508155145377,0.10080502610480835,0.21946496271368554,4.594692707061768,,,,,,,,,,,,
514.0,52.0,1.2360502201318737,0.0,0.8097061364190532,0.42424242424242425,0.0,nan,0.02064377682403434,0.0,33.0,208.0,0.4555969014763832,0.25572150359445145,0.05548285489357323,0.14926724945298028,4.594692707061768,,,,,,,,,,,,
515.0,200.0,-1.5081752836704259,0.0,0.8305377912466584,0.46938775510204084,0.0,nan,0.020586552217453508,0.0,98.0,800.0,0.154873913154006,0.3215074075433222,0.17553987250418857,0.10662296643464941,4.594692707061768,,,,,,,,,,,,
516.0,200.0,-0.6580488085746756,0.0,0.875827810331583,0.44329896907216493,0.0,nan,0.02052932761087268,0.0,97.0,800.0,0.09253667388111353,0.33444008649121315,0.19214794392587464,0.08665612401841452,4.594692707061768,,,,,,,,,,,,
517.0,61.0,-0.5115365593135359,0.0,0.8112117348705238,0.4166666666666667,0.0,nan,0.020472103004291847,0.0,36.0,244.0,0.07056292332708836,0.21884703589698729,0.0831501536151036,0.14271444766132274,4.594692707061768,,,,,,,,,,,,
518.0,200.0,-0.8804340615868566,0.0,0.8852396708929008,0.4536082474226804,0.0,nan,0.020414878397711018,0.0,97.0,800.0,0.10951823880895972,0.24721379061168136,0.10772769180982777,0.07925275922300967,4.594692707061768,,,,,,,,,,,,
519.0,32.0,-0.1054084581136705,0.0,0.8436402086261476,0.35,0.0,nan,0.02035765379113019,0.0,20.0,128.0,0.26832666993141174,0.33561170404573204,0.08991209914074716,0.19403205922571107,4.594692707061768,,,,,,,,,,,,
520.0,200.0,0.20476748049259152,0.0,0.8742397731987287,0.4020618556701031,0.0,0.0,0.020300429184549357,0.0,97.0,800.0,0.10291918087750673,0.19940107715478916,0.07061538245030939,0.08445068456337997,4.594692707061768,1.0,0.0,0.0,0.5,0.0,-0.0835791677236557,3.4939284324645996,3.3727120026014745,17.0,1.0,24.0,-0.6686942571401597
521.0,44.0,-0.500976040363312,0.0,0.7475689247045068,0.5,0.0,nan,0.02024320457796853,0.0,30.0,176.0,0.44597382843494415,0.4364497136663307,0.08495519342779351,0.3698083122772401,4.594692707061768,,,,,,,,,,,,
522.0,181.0,0.09268274247646341,0.0,0.860977367003616,0.43529411764705883,0.0,nan,0.0201859799713877,0.0,85.0,724.0,0.4074515085667372,0.40247498720054864,0.11071565530340877,0.3612319129939229,4.594692707061768,,,,,,,,,,,,
523.0,200.0,-0.10266541540622837,0.0,0.8367138780119935,0.4536082474226804,0.0,nan,0.02012875536480687,0.0,97.0,800.0,0.07772993436083198,0.3047563612790327,0.13417982069506706,0.11006736685426066,4.594692707061768,,,,,,,,,,,,
524.0,75.0,-0.709647123515606,0.0,0.7482601356431166,0.4634146341463415,0.0,nan,0.02007153075822604,0.0,41.0,300.0,0.1419989876449108,0.27155082018998655,0.09187861561959634,0.2046664838947927,4.594692707061768,,,,,,,,,,,,
525.0,200.0,0.38813086450100165,0.0,0.8580791992361572,0.4174757281553398,0.0,nan,0.02001430615164521,0.0,103.0,800.0,0.08804042404517531,0.30620213826023246,0.16123566826354363,0.07216570350207863,4.594692707061768,,,,,,,,,,,,
526.0,116.0,0.34878613740205733,0.0,0.8341978316796276,0.49056603773584906,0.0,nan,0.01995708154506438,0.0,53.0,464.0,0.1575787402689457,0.314264950578945,0.1212913885812057,0.15366864300394134,4.594692707061768,,,,,,,,,,,,
527.0,192.0,-0.7435760509967804,0.0,0.9098386919839558,0.4044943820224719,0.0,nan,0.01989985693848355,0.0,89.0,768.0,0.29785359650850296,0.29984216077264136,0.07857096595353141,0.22053281791867763,4.594692707061768,,,,,,,,,,,,
528.0,82.0,0.3305423843860628,0.0,0.7806030598237196,0.5116279069767442,0.0,nan,0.01984263233190272,0.0,43.0,328.0,0.4627189114689827,0.32906790272681974,0.07656896037614369,0.26011702510166745,4.594692707061768,,,,,,,,,,,,
529.0,106.0,0.4035133907198905,0.0,0.815839485431326,0.41509433962264153,0.0,nan,0.019785407725321887,0.0,53.0,424.0,0.2314361147582531,0.3419430544854549,0.08129952595572831,0.230653863781896,4.594692707061768,,,,,,,,,,,,
530.0,98.0,1.4648211163282385,0.0,0.7729800371726425,0.4807692307692308,0.0,0.0,0.019728183118741062,0.0,52.0,392.0,0.6084597557783127,0.47842756820318755,0.07359201507923202,0.4343518945737599,4.594692707061768,1.0,0.0,0.0,0.25,0.0,0.09065693616867065,1.3922884464263916,23.19455878995359,78.0,1.0,159.0,1.074981654286385
531.0,88.0,0.7540149044990538,0.0,0.8511933102392856,0.3469387755102041,0.0,nan,0.019670958512160233,0.0,49.0,352.0,0.21993135660886765,0.3487072569209886,0.07859831200676126,0.1829662516184669,4.594692707061768,,,,,,,,,,,,
532.0,200.0,0.807263183593752,0.0,0.8052367451581597,0.4946236559139785,0.0,nan,0.0196137339055794,0.0,93.0,800.0,0.13995361607521772,0.27832529045690535,0.14184070870771848,0.08571155819882059,4.594692707061768,,,,,,,,,,,,
533.0,98.0,0.45156108856201177,0.0,0.9419445956969686,0.3018867924528302,0.0,nan,0.019556509298998572,0.0,53.0,392.0,0.17179332673549652,0.39124563450059213,0.07343709111741017,0.19975848521305728,4.594692707061768,,,,,,,,,,,,
534.0,74.0,-0.1421789506077768,0.0,0.7403440964389811,0.4523809523809524,0.0,nan,0.01949928469241774,0.0,42.0,296.0,0.31457992643117905,0.3456138190949787,0.09994193768566895,0.22681937122921747,4.594692707061768,,,,,,,,,,,,
535.0,107.0,2.5872646707296383,0.0,0.7926982883537428,0.40350877192982454,0.0,nan,0.01944206008583691,0.0,57.0,428.0,0.428773894906044,0.2450766478746118,0.050604428488917386,0.1335962845514962,4.594692707061768,,,,,,,,,,,,
536.0,53.0,0.12161109864711772,0.0,0.9199859085459722,0.32142857142857145,0.0,nan,0.019384835479256082,0.0,28.0,212.0,0.11030819825828075,0.4235631952326929,0.21249477622507773,0.14320316953956566,4.594692707061768,,,,,,,,,,,,
537.0,112.0,-0.6117715638875962,0.0,0.7938385049406439,0.5272727272727272,0.0,nan,0.01932761087267525,0.0,55.0,448.0,0.14441580697894096,0.4702614833786356,0.21454652635497629,0.24862925949285697,4.594692707061768,,,,,,,,,,,,
538.0,137.0,-0.556528836190701,0.0,0.8624499307274163,0.46153846153846156,0.0,nan,0.019270386266094425,0.0,65.0,548.0,0.2906145602464676,0.28974634429005164,0.10828851699125153,0.27660527059028617,4.594692707061768,,,,,,,,,,,,
539.0,158.0,-0.09151237040758109,0.0,0.8138949547014369,0.4805194805194805,0.0,nan,0.019213161659513592,0.0,77.0,632.0,0.30221898667514324,0.44827188905037474,0.12326960615109783,0.3526103529642981,4.594692707061768,,,,,,,,,,,,
540.0,163.0,0.6355899301171318,0.0,0.7808534126926118,0.5194805194805194,0.0,0.0,0.019155937052932764,0.0,77.0,652.0,0.1533340527676046,0.28413292249382494,0.11054292632172746,0.15734215370456622,4.594692707061768,1.0,0.0,0.0,0.5,0.0,-0.05224612355232239,3.378932476043701,3.3680406166240573,19.0,1.0,24.0,-0.6032903903722764
541.0,21.0,-0.1516456371545793,0.0,0.7972800421300533,0.4117647058823529,0.0,nan,0.019098712446351935,0.0,17.0,84.0,0.13389210775494576,0.4436806004183988,0.12288523881718338,0.17231909238308654,4.594692707061768,,,,,,,,,,,,
542.0,112.0,-0.045374671816825474,0.0,0.8059503989722945,0.4666666666666667,0.0,nan,0.019041487839771103,0.0,60.0,448.0,0.32292886078357697,0.35736774688939477,0.0930914138011758,0.22798793749170276,4.594692707061768,,,,,,,,,,,,
543.0,200.0,0.008999189734458568,0.0,0.8916618145311529,0.40594059405940597,0.0,nan,0.018984263233190274,0.0,101.0,800.0,0.10594902513548732,0.2772943467350615,0.15757381313170526,0.11314041935250962,4.594692707061768,,,,,,,,,,,,
544.0,108.0,1.2809056234359744,0.0,0.7928761277733316,0.5,0.0,nan,0.01892703862660944,0.0,54.0,432.0,0.17533142864704132,0.33015172017053374,0.07114618022251307,0.17808565807960175,4.594692707061768,,,,,,,,,,,,
545.0,82.0,-0.6902078789472579,0.0,0.860065504823459,0.4883720930232558,0.0,nan,0.018869814020028613,0.0,43.0,328.0,0.25693631172180176,0.43079545200907887,0.17537350201797608,0.21562149771453143,4.594692707061768,,,,,,,,,,,,
546.0,26.0,-0.2297324156761171,0.0,0.7333644362196192,0.5,0.0,nan,0.018812589413447788,0.0,16.0,104.0,0.14633795246481895,0.43106904707957044,0.18379000011597013,0.1493578559884554,4.594692707061768,,,,,,,,,,,,
547.0,146.0,1.7947473952174207,0.0,0.8094940771694561,0.44155844155844154,0.0,nan,0.018755364806866955,0.0,77.0,584.0,0.19087739381939173,0.4096478652290898,0.1652037791760108,0.2196111321525372,4.594692707061768,,,,,,,,,,,,
548.0,78.0,-0.7840321782231332,0.0,0.8217217408857453,0.3488372093023256,0.0,nan,0.018698140200286123,0.0,43.0,312.0,0.09365549497306347,0.3565574236718021,0.10789595137856622,0.20125459453596406,4.594692707061768,,,,,,,,,,,,
549.0,200.0,0.1517116568982596,0.0,0.8790231425102831,0.42696629213483145,0.0,nan,0.018640915593705294,0.0,89.0,800.0,0.0687206657603383,0.2549898933289114,0.1409241237047354,0.10293559396094931,4.594692707061768,,,,,,,,,,,,
550.0,168.0,-0.6075633588433267,0.0,0.826839383125498,0.42168674698795183,0.0,0.0,0.018583690987124465,0.0,83.0,672.0,0.17301390320062637,0.39260480067969183,0.1212800866257453,0.24297387950504046,4.594692707061768,1.0,0.0,0.0,0.25,0.0,0.08572424948215485,0.9159328937530518,9.851649653632194,39.0,1.0,59.0,0.7606741195917126
551.0,141.0,0.2367096209526065,0.0,0.880046626516896,0.43661971830985913,0.0,nan,0.018526466380543637,0.0,71.0,564.0,-0.029757902259007096,0.35113778368486237,0.09677614441488913,0.2811238103648783,4.594692707061768,,,,,,,,,,,,
552.0,200.0,-0.6009542576968672,0.0,0.8297446615069847,0.46875,0.0,nan,0.018469241773962808,0.0,96.0,800.0,0.14524172223173082,0.2574551609965283,0.12379718230010894,0.12580259594394594,4.594692707061768,,,,,,,,,,,,
553.0,174.0,0.4173100194334992,0.0,0.8339699957551565,0.5061728395061729,0.0,nan,0.01841201716738198,0.0,81.0,696.0,0.3128672568127513,0.342525020220819,0.16594266835340932,0.19423923268133336,4.594692707061768,,,,,,,,,,,,
554.0,21.0,-0.2731315618753434,0.0,0.6958891300889353,0.5555555555555556,0.0,nan,0.018354792560801143,0.0,18.0,84.0,0.021951032569631934,0.30722150286393507,0.062118213864215205,0.12308222056138957,4.594692707061768,,,,,,,,,,,,
555.0,126.0,0.537818323969842,0.0,0.8337509740293239,0.38461538461538464,0.0,nan,0.018297567954220315,0.0,65.0,504.0,-0.23098403587937355,0.28647269422685895,0.06900566243780304,0.1751442887185135,4.594692707061768,,,,,,,,,,,,
556.0,200.0,0.3474304743111149,0.0,0.6818529261360368,0.4943820224719101,0.0,nan,0.018240343347639493,0.0,89.0,800.0,0.2809814941138029,0.2444052250580171,0.1149051283694007,0.12889746764326487,4.594692707061768,,,,,,,,,,,,
557.0,200.0,1.501323554106059,0.0,0.7663769432211646,0.44329896907216493,0.0,nan,0.018183118741058657,0.0,97.0,800.0,0.3130312729626894,0.3114476220371216,0.16020590990774508,0.07549990542343876,4.594692707061768,,,,,,,,,,,,
558.0,59.0,0.4484398162364957,0.0,0.7475847754482768,0.41935483870967744,0.0,nan,0.018125894134477828,0.0,31.0,236.0,0.2081044241786003,0.37838102843300675,0.12297794516163807,0.10375955684499413,4.594692707061768,,,,,,,,,,,,
559.0,200.0,-0.3335945263504988,0.0,0.8364695247236872,0.42857142857142855,0.0,nan,0.018068669527897,0.0,91.0,800.0,0.12554946169257164,0.25866595107709145,0.1124542300798339,0.1020078203244319,4.594692707061768,,,,,,,,,,,,
560.0,200.0,0.18721995353698984,0.0,0.8902499132332766,0.4166666666666667,0.0,0.0,0.01801144492131617,0.0,96.0,800.0,0.24665390700101852,0.2881640006826274,0.1010299275134443,0.1395546926724638,4.594692707061768,1.0,0.0,0.0,0.5,0.0,-0.03883953392505646,2.371556282043457,3.361677306704223,21.0,1.0,21.0,-0.48991362810134886
561.0,200.0,0.501492328196763,0.0,0.761063240613377,0.42342342342342343,0.0,nan,0.017954220314735335,0.0,111.0,800.0,0.08814458618871868,0.25350341991361347,0.07971861509156497,0.1275089030536236,4.594692707061768,,,,,,,,,,,,
562.0,200.0,1.1000927329063401,0.0,0.8705061082830143,0.44329896907216493,0.0,nan,0.017896995708154506,0.0,97.0,800.0,0.18503249995410442,0.25209831762890644,0.12637879571477484,0.0737483970641839,4.594692707061768,,,,,,,,,,,,
563.0,159.0,1.6559567546844505,0.0,0.8407123392313437,0.4666666666666667,0.0,nan,0.017839771101573677,0.0,75.0,636.0,0.13082094490528107,0.24323875013442375,0.08550774414266016,0.15545320495510007,4.594692707061768,,,,,,,,,,,,
564.0,70.0,0.23292733579874,0.0,0.6877956218096917,0.425,0.0,nan,0.01778254649499285,0.0,40.0,280.0,0.18770413473248482,0.3913510026213771,0.15128688716356464,0.14369903586410127,4.594692707061768,,,,,,,,,,,,
565.0,200.0,0.5017517268657695,0.0,0.8659193918906637,0.36,0.0,nan,0.01772532188841202,0.0,100.0,800.0,0.1431023171171546,0.2802207975364581,0.14575011785154857,0.11038809202309935,4.594692707061768,,,,,,,,,,,,
566.0,115.0,1.1600320510566244,0.0,0.8318124428800207,0.48214285714285715,0.0,nan,0.01766809728183119,0.0,56.0,460.0,0.18725690245628357,0.42658137397730655,0.18477320567819788,0.16161590433381445,4.594692707061768,,,,,,,,,,,,
567.0,199.0,0.12688810586929494,0.0,0.8639553069721984,0.43617021276595747,0.0,nan,0.017610872675250362,0.0,94.0,796.0,0.1268406060989946,0.39361863194164926,0.18341198265079584,0.25195899103503194,4.594692707061768,,,,,,,,,,,,
568.0,200.0,-0.9614841371774663,0.0,0.8361890998829695,0.42105263157894735,0.0,nan,0.017553648068669533,0.0,95.0,800.0,0.13961085444316268,0.31085278225680213,0.12119308784113425,0.16301773209630493,4.594692707061768,,,,,,,,,,,,
569.0,84.0,0.39272388577461204,0.0,0.9308649258016732,0.3333333333333333,0.0,nan,0.017496423462088698,0.0,45.0,336.0,0.18374821543693542,0.38717002680232326,0.1855561928322791,0.22956074972643525,4.594692707061768,,,,,,,,,,,,
570.0,151.0,-1.6511468088626864,0.0,0.8854813577009466,0.38461538461538464,0.0,0.0,0.01743919885550787,0.0,78.0,604.0,0.1914177816361189,0.4576333108689141,0.14548051694691821,0.371373866968824,4.594692707061768,1.0,0.0,0.0,0.5,0.0,-0.08260726183652878,3.511824131011963,6.245233434718102,22.0,1.0,41.0,-0.4066988265514375
571.0,200.0,0.7663375478237877,0.0,0.8605810243404677,0.41836734693877553,0.0,nan,0.01738197424892704,0.0,98.0,800.0,0.051735589979216456,0.34894619033548224,0.20721863994720024,0.12567990081469116,4.594692707061768,,,,,,,,,,,,
572.0,91.0,0.5829833399131902,0.0,0.8580780882027153,0.27906976744186046,0.0,nan,0.01732474964234621,0.0,43.0,364.0,0.41482946276664734,0.3945034675552961,0.10397290868605324,0.314212465474478,4.594692707061768,,,,,,,,,,,,
573.0,200.0,-1.0446739584207527,0.0,0.9132173446805577,0.3655913978494624,0.0,nan,0.017267525035765383,0.0,93.0,800.0,0.09448357578366995,0.3250002459458301,0.15531692754848336,0.1479513891136282,4.594692707061768,,,,,,,,,,,,
574.0,200.0,0.05149215161800565,0.0,0.8131478217462549,0.4946236559139785,0.0,nan,0.017210300429184554,0.0,93.0,800.0,0.1841471812222153,0.3686498743343236,0.1268017261979537,0.1393158498922934,4.594692707061768,,,,,,,,,,,,
575.0,135.0,1.226379545032979,0.0,0.7948233990523772,0.44776119402985076,0.0,nan,0.017153075822603725,0.0,67.0,540.0,0.45747000724077225,0.2976627747048042,0.10935278570534912,0.20887183747088756,4.594692707061768,,,,,,,,,,,,
576.0,61.0,0.2885810935497281,0.0,0.82090572385717,0.4411764705882353,0.0,nan,0.01709585121602289,0.0,34.0,244.0,0.19335167482495308,0.4284423778317134,0.11985311882953745,0.2716324821814707,4.594692707061768,,,,,,,,,,,,
577.0,98.0,0.7346635260432959,0.0,0.8101061825270077,0.32075471698113206,0.0,nan,0.01703862660944206,0.0,53.0,392.0,0.34762679040431976,0.4163915400378073,0.1631137496374322,0.2610557179568672,4.594692707061768,,,,,,,,,,,,
578.0,35.0,0.18703559786081309,0.0,0.8483661745432075,0.3181818181818182,0.0,nan,0.01698140200286123,0.0,22.0,140.0,0.13285189867019653,0.4336175839948867,0.09706859236882467,0.13961133933684663,4.594692707061768,,,,,,,,,,,,
579.0,195.0,0.4063978798687463,0.0,0.8120911548741795,0.4536082474226804,0.0,nan,0.016924177396280403,0.0,97.0,780.0,0.18541642278432846,0.32265932033624267,0.09648783105365055,0.2876861454579194,4.594692707061768,,,,,,,,,,,,
580.0,59.0,0.7320104858279228,0.0,0.8777349362689305,0.34375,0.0,0.0,0.016866952789699574,0.0,32.0,236.0,0.18818596377968788,0.4666466814760805,0.14519227383259747,0.16515045814755214,4.594692707061768,1.0,0.0,0.0,0.25,0.0,0.03229705989360809,1.0621473789215088,21.605362411704846,80.0,1.0,160.0,0.5367515236139309
581.0,57.0,-0.8664520364999773,0.0,0.7602774436944195,0.5,0.0,nan,0.01680972818311874,0.0,28.0,228.0,0.7374323606491089,0.615274636328155,0.23862108874993537,0.49022509781877543,4.594692707061768,,,,,,,,,,,,
582.0,200.0,0.8882502153515849,0.0,0.8501947133817697,0.46808510638297873,0.0,nan,0.016752503576537917,0.0,94.0,800.0,0.2697680154815316,0.3395470843961448,0.09446354811598212,0.2263819492515236,4.594692707061768,,,,,,,,,,,,
583.0,200.0,0.5298747628927245,0.0,0.7955150544043638,0.44329896907216493,0.0,nan,0.016695278969957088,0.0,97.0,800.0,0.06853344233240932,0.29982726737853227,0.10530387595599677,0.12287746504794828,4.594692707061768,,,,,,,,,,,,
584.0,60.0,0.4105162173509599,0.0,0.7367068692260176,0.37142857142857144,0.0,nan,0.016638054363376252,0.0,35.0,240.0,0.8309376537799835,0.35448860030907475,0.1378617145075623,0.11693872128865304,4.594692707061768,,,,,,,,,,,,
585.0,196.0,-0.4732087856531135,0.0,0.83039661593065,0.3956043956043956,0.0,nan,0.016580829756795423,0.0,91.0,784.0,0.4238687679171562,0.44869014007781516,0.10568545273304153,0.29993538868740743,4.594692707061768,,,,,,,,,,,,
586.0,200.0,1.6637831419706377,0.0,0.8534904089147151,0.45918367346938777,0.0,nan,0.016523605150214594,0.0,98.0,800.0,0.18666634149849415,0.3600122963872536,0.1408795324290395,0.18077036810544111,4.594692707061768,,,,,,,,,,,,
587.0,47.0,-0.7595564138889317,0.0,0.7737131711064574,0.42857142857142855,0.0,nan,0.016466380543633766,0.0,28.0,188.0,0.3782810568809509,0.570470736520563,0.11349677044994136,0.3926856723043102,4.594692707061768,,,,,,,,,,,,
588.0,32.0,-0.0035571780800821295,0.0,0.646014838885232,0.5,0.0,nan,0.016409155937052937,0.0,20.0,128.0,0.5409610718488693,0.3926236414081359,0.0920659303735647,0.3099770105162296,4.594692707061768,,,,,,,,,,,,
589.0,200.0,-0.5759720176458364,0.0,0.7694197675427497,0.42718446601941745,0.0,nan,0.0163519313304721,0.0,103.0,800.0,0.055320322047919035,0.27249964701104545,0.05912590385923977,0.16598374572781077,4.594692707061768,,,,,,,,,,,,
590.0,200.0,0.3244486138224618,0.0,0.8078233050796337,0.4444444444444444,0.0,0.0,0.01629470672389128,0.0,90.0,800.0,0.1115989217069,0.20617033705229915,0.08456423279755398,0.11530828869637585,4.594692707061768,1.0,0.0,0.0,0.5,0.0,-0.1203993558883667,2.776240348815918,3.2117092283442616,19.0,1.0,20.0,-0.5846355468034745
591.0,21.0,-0.5382193213701248,0.0,0.8777876733229693,0.38461538461538464,0.0,nan,0.016237482117310444,0.0,13.0,84.0,0.305025190114975,0.471987926118475,0.142663254092137,0.3157695034099891,4.594692707061768,,,,,,,,,,,,
592.0,76.0,-0.005114180445670913,0.0,0.6429004640099931,0.5833333333333334,0.0,nan,0.016180257510729615,0.0,36.0,304.0,0.2856205776333809,0.6194101615392356,0.2717671244226949,0.30329363193664527,4.594692707061768,,,,,,,,,,,,
593.0,200.0,0.6861617282032971,0.0,0.8260592895115418,0.5,0.0,nan,0.016123032904148786,0.0,92.0,800.0,0.14960435032844543,0.340936954036124,0.1673375001691869,0.10173444430640785,4.594692707061768,,,,,,,,,,,,
594.0,30.0,-1.1019840717315672,0.0,0.6555715041384682,0.47058823529411764,0.0,nan,0.016065808297567957,0.0,17.0,120.0,0.5200709700584412,0.3997062079278597,0.10619471032763007,0.34795460918133386,4.594692707061768,,,,,,,,,,,,
595.0,111.0,1.6186705903708933,0.0,0.7273407091736069,0.6122448979591837,0.0,nan,0.01600858369098713,0.0,49.0,444.0,0.3398840129375458,0.2718583947098523,0.0691260786645885,0.2738542479630722,4.594692707061768,,,,,,,,,,,,
596.0,125.0,1.4231901746243256,0.0,0.841157122952556,0.3548387096774194,0.0,nan,0.015951359084406293,0.0,62.0,500.0,0.4085424393415451,0.3616506161229154,0.09981835512644466,0.3435091970015938,4.594692707061768,,,,,,,,,,,,
597.0,13.0,-1.1925481963157654,0.0,0.8560874125505422,0.46153846153846156,0.0,nan,0.01589413447782547,0.0,13.0,52.0,1.264452576637268,0.47606667618338877,0.04107344523072243,0.5640706237073275,4.594692707061768,,,,,,,,,,,,
598.0,93.0,0.6484607291221629,0.0,0.6368708855211872,0.45454545454545453,0.0,nan,0.015836909871244635,0.0,44.0,372.0,0.49684733897447586,0.38231242220172135,0.1399273311790239,0.20671862158997129,4.594692707061768,,,,,,,,,,,,
599.0,56.0,1.2993897432088848,0.0,0.8585089469714565,0.36363636363636365,0.0,nan,0.015779685264663806,0.0,33.0,224.0,0.46415242552757263,0.6578045275943752,0.28486529599963845,0.2153803902722911,4.594692707061768,,,,,,,,,,,,
600.0,143.0,-1.73552014708519,0.0,0.824212751931222,0.4507042253521127,0.0,0.0,0.015722460658082978,0.0,71.0,572.0,0.46338803693652153,0.3489687038685645,0.07719751337893044,0.43156176517724454,4.594692707061768,1.0,0.0,0.0,0.5,0.0,-0.14507897198200226,2.4275107383728027,3.3928035218268633,21.0,1.0,21.0,-0.5391626065969468
601.0,28.0,-0.8683481949567795,0.0,0.6804101381084776,0.35294117647058826,0.0,nan,0.01566523605150215,0.0,17.0,112.0,0.48807137459516525,0.3414326010720937,0.043431942542416176,0.35084608539969914,4.594692707061768,,,,,,,,,,,,
602.0,43.0,1.2297352627664804,0.0,0.7969929510886847,0.4166666666666667,0.0,nan,0.01560801144492132,0.0,24.0,172.0,0.4971102327108383,0.47297206571627526,0.212363900018106,0.23641158368562287,4.594692707061768,,,,,,,,,,,,
603.0,35.0,0.4446431398391722,0.0,0.689276851594338,0.5714285714285714,0.0,nan,0.015550786838340484,0.0,21.0,140.0,0.1810600869357586,0.3831881303839119,0.1266328420523288,0.13066077931812878,4.594692707061768,,,,,,,,,,,,
604.0,200.0,0.6781169977039085,0.0,0.7659713419460008,0.5,0.0,nan,0.015493562231759656,0.0,92.0,800.0,0.05563429568428546,0.34259970135644835,0.1369476447707143,0.15065910417047246,4.594692707061768,,,,,,,,,,,,
605.0,200.0,-1.3152540415525442,0.0,0.7794350674007728,0.5,0.0,nan,0.015436337625178834,0.0,90.0,800.0,0.08674320951104164,0.30449488535305136,0.1395887499465971,0.1506215533707503,4.594692707061768,,,,,,,,,,,,
606.0,21.0,-0.6401806688308715,0.0,0.5500608800950483,0.7058823529411765,0.0,nan,0.015379113018597998,0.0,17.0,84.0,0.6286259293556213,0.6537323856069374,0.2253407470981897,0.3658417394428805,4.594692707061768,,,,,,,,,,,,
607.0,200.0,-0.08619367033243225,0.0,0.7806483899881462,0.4838709677419355,0.0,nan,0.01532188841201717,0.0,93.0,800.0,0.08173447661101818,0.6883541501811123,0.47631986263515635,0.1762453854558973,4.594692707061768,,,,,,,,,,,,
608.0,15.0,-0.6771247625350952,0.0,0.7485801132743634,0.46153846153846156,0.0,nan,0.01526466380543634,0.0,13.0,60.0,0.17237962409853935,0.22277644894396265,0.04978796012777214,0.1302262811648774,4.594692707061768,,,,,,,,,,,,
609.0,161.0,-0.16045842230319923,0.0,0.6898142955045988,0.5714285714285714,0.0,nan,0.015207439198855512,0.0,70.0,644.0,0.21375219931360334,0.4028922705183504,0.15539862832201834,0.21718297167318812,4.594692707061768,,,,,,,,,,,,
610.0,16.0,-0.4381619131565095,0.0,0.7161286040920455,0.5882352941176471,0.0,0.0,0.015150214592274683,0.0,17.0,64.0,0.44476792216300964,0.46517343826235447,0.05695265193571686,0.5158215669100721,4.594692707061768,1.0,0.0,0.0,0.0,0.0,0.10442081093788147,0.08304774761199951,29.53258511610329,100.0,1.0,200.0,1.1622927963733676
611.0,53.0,0.40549466133117695,0.0,0.7654827094382844,0.3939393939393939,0.0,nan,0.015092989985693847,0.0,33.0,212.0,0.32112930715084076,0.3795557974284198,0.11204817572864771,0.26802237584871136,4.594692707061768,,,,,,,,,,,,
612.0,168.0,1.236196625679732,0.0,0.8412603009248538,0.43037974683544306,0.0,nan,0.015035765379113018,0.0,79.0,672.0,0.2336490210145712,0.21156397026743434,0.057250737739195756,0.1750816604901862,4.594692707061768,,,,,,,,,,,,
613.0,200.0,-0.7125460401177408,0.0,0.7616110541690949,0.46153846153846156,0.0,nan,0.01497854077253219,0.0,91.0,800.0,0.14295375626534224,0.2373570675632095,0.10309531344546485,0.10687522773276545,4.594692707061768,,,,,,,,,,,,
614.0,117.0,0.7418864282965671,0.0,0.878275861417309,0.36666666666666664,0.0,nan,0.01492131616595136,0.0,60.0,468.0,0.3350951299071312,0.2745902020833455,0.09367349150738846,0.2272478590359739,4.594692707061768,,,,,,,,,,,,
615.0,200.0,-0.6156562328338623,0.0,0.7941139671653213,0.47959183673469385,0.0,nan,0.014864091559370532,0.0,98.0,800.0,0.04994554445147514,0.266860494393768,0.09448754717254815,0.09004605176250825,4.594692707061768,,,,,,,,,,,,
616.0,139.0,-0.9132326373457909,0.0,0.8410274283154464,0.4166666666666667,0.0,nan,0.014806866952789703,0.0,72.0,556.0,0.33148755598813295,0.3237957553083106,0.12173670511560886,0.2406564780961502,4.594692707061768,,,,,,,,,,,,
617.0,200.0,1.57816494703293,0.25,0.8024911593167119,0.5111111111111111,0.0,nan,0.014749642346208874,0.0,90.0,800.0,0.4873310402035713,0.20657074689279398,0.04796492380728523,0.1475359118619699,4.594692707061768,,,,,,,,,,,,
618.0,147.0,-0.10039788752794379,0.0,0.7886084261165781,0.5074626865671642,0.0,nan,0.014692417739628039,0.0,67.0,588.0,0.22049418836832047,0.4163583817326071,0.1237177409539072,0.3443859750446876,4.594692707061768,,,,,,,,,,,,
619.0,94.0,1.0357822394371046,0.0,0.6989335098573389,0.5192307692307693,0.0,nan,0.01463519313304721,0.0,52.0,376.0,0.2258380725979805,0.418156878935406,0.10040772165825729,0.24273510728792758,4.594692707061768,,,,,,,,,,,,
620.0,62.0,0.22448719024658148,0.0,0.5420767715753768,0.625,0.0,0.0,0.014577968526466388,0.0,32.0,248.0,0.26011282950639725,0.404090648951223,0.1291427299518311,0.262632598126652,4.594692707061768,1.0,0.0,0.0,0.5,0.0,-0.09054592996835709,3.452049732208252,3.5232421909458935,20.0,1.0,21.0,-0.47906724125146877
621.0,152.0,-1.226359028816223,0.0,0.7898656715593517,0.4533333333333333,0.0,nan,0.014520743919885552,0.0,75.0,608.0,0.0891315657645464,0.33913893160570296,0.10138361416015607,0.26778016819176975,4.594692707061768,,,,,,,,,,,,
622.0,200.0,1.7677580893039728,0.0,0.6899194733370919,0.5473684210526316,0.0,nan,0.014463519313304724,0.0,95.0,800.0,0.2820546329021454,0.23654629270367877,0.0709581584711394,0.15428537700837186,4.594692707061768,,,,,,,,,,,,
623.0,96.0,1.5572457128763197,0.0,0.6591836219956465,0.6222222222222222,0.0,nan,0.014406294706723895,0.0,45.0,384.0,0.23333195969462395,0.34412439221728164,0.10405396793794353,0.11554644428945215,4.594692707061768,,,,,,,,,,,,
624.0,200.0,-0.4759277760982519,0.0,0.572977092900661,0.4778761061946903,0.0,nan,0.014349070100143066,0.0,113.0,800.0,0.04616353556048125,0.2723129543867344,0.1300743464892964,0.1018692052752761,4.594692707061768,,,,,,,,,,,,
625.0,200.0,0.05868248641491003,0.0,0.7997808302698182,0.422680412371134,0.0,nan,0.01429184549356223,0.0,97.0,800.0,0.15132394339889288,0.2517888886413857,0.09025597897016269,0.1563854005933295,4.594692707061768,,,,,,,,,,,,
626.0,29.0,-0.08969677329063419,0.0,0.8706621714471433,0.35294117647058826,0.0,nan,0.014234620886981401,0.0,17.0,116.0,0.3379673734307289,0.2870864385241193,0.12021647736927944,0.1627912571717508,4.594692707061768,,,,,,,,,,,,
627.0,84.0,1.0478940671682357,0.0,0.8119995316496766,0.44680851063829785,0.0,nan,0.014177396280400573,0.0,47.0,336.0,0.2956113889813423,0.542257409497779,0.08203132090733334,0.34187228815517656,4.594692707061768,,,,,,,,,,,,
628.0,73.0,1.9569696825742722,0.0,0.5132406392816666,0.6944444444444444,0.0,nan,0.014120171673819744,0.0,36.0,292.0,0.6304643452167511,0.381291198411418,0.08764436155030353,0.2482239502220135,4.594692707061768,,,,,,,,,,,,
629.0,22.0,0.07501150250434874,0.0,0.5962206161582365,0.68,0.0,nan,0.014062947067238915,0.0,25.0,88.0,0.15531056746840477,0.44624224910512567,0.08335025940190958,0.23267494976048048,4.594692707061768,,,,,,,,,,,,
630.0,200.0,0.5777672141790392,0.0,0.7280493263028055,0.5104166666666666,0.0,0.0,0.014005722460658086,0.0,96.0,800.0,0.11332764732651412,0.27791309064923553,0.10283628712340942,0.1351072297599305,4.594692707061768,1.0,0.0,0.0,0.0,0.0,1.1156158447265625,0.5400947332382202,26.912209239671938,100.0,1.0,200.0,0.5121909052133573
631.0,200.0,1.1030929058790204,0.0,0.7511146027618636,0.4411764705882353,0.0,nan,0.013948497854077258,0.0,102.0,800.0,0.04565211571753025,0.38485176610697636,0.199386100046695,0.14103915054094374,4.594692707061768,,,,,,,,,,,,
632.0,200.0,-0.5840618066489706,0.0,0.7486331466039866,0.5274725274725275,0.0,nan,0.013891273247496429,0.0,91.0,800.0,0.044637904735282063,0.22199632186436702,0.11189174888227171,0.1135651598593875,4.594692707061768,,,,,,,,,,,,
633.0,35.0,0.18148558139801002,0.0,0.7817091306495084,0.46153846153846156,0.0,nan,0.013834048640915593,0.0,26.0,140.0,0.24080054089426994,0.4120967365136104,0.14342225354713653,0.27065130271872057,4.594692707061768,,,,,,,,,,,,
634.0,13.0,-0.6296169671416283,0.0,0.6601903664317358,0.5333333333333333,0.0,nan,0.013776824034334764,0.0,15.0,52.0,0.7164469212293625,0.4731445382349193,0.22767437484939224,0.23886866731978584,4.594692707061768,,,,,,,,,,,,
635.0,200.0,-0.2661223441362381,0.0,0.7555665137632723,0.46534653465346537,0.0,nan,0.013719599427753935,0.0,101.0,800.0,0.025590939447283745,0.22002563994101365,0.05775138431009154,0.13895385656949566,4.594692707061768,,,,,,,,,,,,
636.0,79.0,-0.8917191022634509,0.0,0.6679014570003018,0.6153846153846154,0.0,nan,0.013662374821173107,0.0,39.0,316.0,0.27529749274253845,0.3164055352649484,0.04952449565382544,0.24684515682841046,4.594692707061768,,,,,,,,,,,,
637.0,72.0,1.0110486778616905,0.0,0.8272046909211714,0.3783783783783784,0.0,nan,0.013605150214592278,0.0,37.0,288.0,0.2664327472448349,0.4268749130978904,0.1411896551890095,0.2483380836664204,4.594692707061768,,,,,,,,,,,,
638.0,101.0,0.23574467986822084,0.0,0.6731608671072319,0.6304347826086957,0.0,nan,0.013547925608011449,0.0,46.0,404.0,0.19939693063497543,0.27817009014188443,0.09090885563682605,0.2679077741067548,4.594692707061768,,,,,,,,,,,,
639.0,168.0,-1.1879263895750045,0.0,0.622382268750776,0.5949367088607594,0.0,nan,0.01349070100143062,0.0,79.0,672.0,0.2700362214818597,0.26726920885948857,0.08533983920710853,0.17871563025021076,4.594692707061768,,,,,,,,,,,,
640.0,93.0,0.33264677941799187,0.0,0.793621705281695,0.40384615384615385,0.0,0.0,0.013433476394849785,0.0,52.0,372.0,0.14591578394174576,0.430700602578554,0.10319617030745225,0.25059445098823585,4.594692707061768,1.0,0.0,0.0,0.25,0.0,4.675815582275391,0.4027940034866333,5.533336626831442,30.0,1.0,43.0,-0.23623668432235712
641.0,50.0,0.8573833331465719,0.0,0.5962422442759042,0.5833333333333334,0.0,nan,0.013376251788268956,0.0,24.0,200.0,0.3987245336174965,0.2344490620974102,0.05797024249040078,0.12990908602944506,4.594692707061768,,,,,,,,,,,,
642.0,36.0,-0.9279617911577225,0.0,0.590398356509676,0.5652173913043478,0.0,nan,0.013319027181688127,0.0,23.0,144.0,0.344389371573925,0.65547966270216,0.26218193767158476,0.39079509257725675,4.594692707061768,,,,,,,,,,,,
643.0,25.0,-0.15628620386123648,0.0,0.7792158234682519,0.35294117647058826,0.0,nan,0.013261802575107298,0.0,17.0,100.0,0.2818048521876335,0.3663123059435748,0.05444284873781726,0.2861889290098546,4.594692707061768,,,,,,,,,,,,
644.0,74.0,-0.012070211172104162,0.0,0.6747903828219144,0.5476190476190477,0.0,nan,0.01320457796852647,0.0,42.0,296.0,0.33013325184583664,0.34822597378433784,0.14035538513286383,0.22834871932854228,4.594692707061768,,,,,,,,,,,,
645.0,11.0,-0.5809995627403259,0.0,0.5579250710718983,0.6,0.0,nan,0.013147353361945634,0.0,10.0,44.0,0.17418354377150536,0.32409559075974603,0.1053218855469657,0.30994059547283953,4.594692707061768,,,,,,,,,,,,
646.0,67.0,-0.12625144466757776,0.0,0.569069958630229,0.6875,0.0,nan,0.013090128755364812,0.0,32.0,268.0,0.2837384045124054,0.32049057359336075,0.11209228215000167,0.25003269566187436,4.594692707061768,,,,,,,,,,,,
647.0,97.0,-0.7158323642611509,0.0,0.7323312491876144,0.48,0.0,nan,0.013032904148783983,0.0,50.0,388.0,0.615049809217453,0.4015308282021124,0.08188237704035828,0.47572461728608495,4.594692707061768,,,,,,,,,,,,
648.0,142.0,0.5528730648756033,0.0,0.6413590902816957,0.5774647887323944,0.0,nan,0.012975679542203147,0.0,71.0,568.0,0.05144146230304614,0.2823035592566612,0.10402338188744747,0.13410519094830042,4.594692707061768,,,,,,,,,,,,
649.0,35.0,-0.6675875067710879,0.0,0.7708804802431702,0.45454545454545453,0.0,nan,0.012918454935622319,0.0,22.0,140.0,0.31019818037748337,0.32117924829446043,0.07904316976533404,0.24790498668105393,4.594692707061768,,,,,,,,,,,,
650.0,120.0,0.11539236903190625,0.0,0.7100892485089515,0.5333333333333333,0.0,0.0,0.01286123032904149,0.0,60.0,480.0,0.7317074090242386,0.4802447819201916,0.22974845547139466,0.29987202941156,4.594692707061768,1.0,0.0,0.0,0.25,0.0,29.226226806640625,3.4610824584960938,1.5360466204583645,12.0,1.0,12.0,-0.5683174264431001
651.0,27.0,-0.13893018782138833,0.0,0.7630650265999684,0.4375,0.0,nan,0.012804005722460661,0.0,16.0,108.0,0.4535001814365387,0.3619312479945452,0.0261247911020527,0.40844777470766125,4.594692707061768,,,,,,,,,,,,
652.0,55.0,-0.39971116483211533,0.0,0.684353343931321,0.4444444444444444,0.0,nan,0.012746781115879832,0.0,36.0,220.0,0.3807496652007103,0.336388015891002,0.08805937579884564,0.3001168738609784,4.594692707061768,,,,,,,,,,,,
653.0,53.0,0.6298248593509197,0.0,0.8386144118175861,0.40625,0.0,nan,0.012689556509299003,0.0,32.0,212.0,0.3624771982431412,0.3085003732780504,0.09850226225823445,0.18746389387041726,4.594692707061768,,,,,,,,,,,,
654.0,178.0,-0.44531731784343676,0.0,0.7651667315274283,0.5172413793103449,0.0,nan,0.012632331902718175,0.0,87.0,712.0,0.21329387975856662,0.4570586722916232,0.1050946886439803,0.4136025428091429,4.594692707061768,,,,,,,,,,,,
655.0,116.0,-1.4506730681657793,0.0,0.7543992620292869,0.5087719298245614,0.0,nan,0.012575107296137339,0.0,57.0,464.0,0.3724198043346405,0.43411413801732124,0.1666735728617823,0.38882890386475,4.594692707061768,,,,,,,,,,,,
656.0,17.0,-1.2897664618492126,0.0,0.5515555163498927,0.5833333333333334,0.0,nan,0.01251788268955651,0.0,12.0,68.0,1.284960001707077,0.554159550818012,0.11171222853419535,0.7460404424981227,4.594692707061768,,,,,,,,,,,,
657.0,12.0,-0.7186723572015761,0.0,0.6284208095760127,0.5,0.0,nan,0.012460658082975681,0.0,12.0,48.0,0.5968427062034607,0.4780515975241239,0.03925242888120314,0.6298422142366084,4.594692707061768,,,,,,,,,,,,
658.0,95.0,-2.0315841212868695,0.0,0.6601438511649712,0.58,0.0,nan,0.012403433476394853,0.0,50.0,380.0,0.4875757172703743,0.34724984358035726,0.04320786891895523,0.3471922377818526,4.594692707061768,,,,,,,,,,,,
659.0,11.0,-0.6048196589946748,0.0,0.6182450394545412,0.5555555555555556,0.0,nan,0.012346208869814024,0.0,9.0,44.0,0.15314050391316414,0.2408039313423532,0.023025725693018598,0.2591118688110573,4.594692707061768,,,,,,,,,,,,
660.0,44.0,-0.054318490028381544,0.0,0.5711148156799153,0.625,0.0,0.0,0.012288984263233188,0.0,24.0,176.0,0.2575189583003521,0.2780520769090138,0.11202467274116854,0.18531350516124076,4.594692707061768,1.0,0.0,0.0,0.25,0.0,5.990018367767334,0.15902435779571533,21.216726652812213,76.0,1.0,147.0,0.49279971599578914
661.0,45.0,0.03542261123657223,0.0,0.7160022425552616,0.5,0.0,nan,0.012231759656652366,0.0,24.0,180.0,0.343186691403389,0.2632577868967524,0.08224113451886095,0.15696226695927118,4.594692707061768,,,,,,,,,,,,
662.0,200.0,-0.12127300500869778,0.0,0.7217417672468539,0.5104166666666666,0.0,nan,0.01217453505007153,0.0,96.0,800.0,0.1331552555784583,0.2468706879635647,0.08817282561235373,0.1628072917687212,4.594692707061768,,,,,,,,,,,,
663.0,94.0,-0.1786797711253175,0.0,0.8053257019024022,0.4791666666666667,0.0,nan,0.012117310443490702,0.0,48.0,376.0,0.1233274657279253,0.24824727606392116,0.10042251818731529,0.1292425684822725,4.594692707061768,,,,,,,,,,,,
664.0,18.0,-0.6095756757259367,0.0,0.7276204673942595,0.4666666666666667,0.0,nan,0.012060085836909873,0.0,15.0,72.0,0.49427981674671173,0.28915238179939073,0.0629381340776389,0.29240957988449484,4.594692707061768,,,,,,,,,,,,
665.0,47.0,0.5800407472252844,0.0,0.787448729409997,0.41935483870967744,0.0,nan,0.012002861230329044,0.0,31.0,188.0,0.24567760154604912,0.3626997916743424,0.13148400303719263,0.19424426411233925,4.594692707061768,,,,,,,,,,,,
666.0,37.0,-0.34210928499698634,0.0,0.6364309162782229,0.4782608695652174,0.0,nan,0.011945636623748215,0.0,23.0,148.0,0.22283963486552238,0.30145893919571126,0.051404872426222006,0.2456631117594301,4.594692707061768,,,,,,,,,,,,
667.0,65.0,-0.5232617184519763,0.0,0.6951008148275095,0.4473684210526316,0.0,nan,0.01188841201716738,0.0,38.0,260.0,0.7031466066837311,0.5597216024534646,0.13426370633385432,0.47639755295882136,4.594692707061768,,,,,,,,,,,,
668.0,11.0,-0.6951502060890198,0.0,0.42120840633445084,0.7647058823529411,0.0,nan,0.01183118741058655,0.0,17.0,44.0,0.15470575541257858,0.25140430237462913,-0.01622102406955409,0.2973927680054089,4.594692707061768,,,,,,,,,,,,
669.0,21.0,-0.23115692794322973,0.0,0.6387907513086677,0.631578947368421,0.0,nan,0.011773962804005729,0.0,19.0,84.0,1.0194381177425385,0.30479574607064325,0.05578169882452736,0.1909402929254616,4.594692707061768,,,,,,,,,,,,
670.0,14.0,-0.8640305334329605,0.0,0.5301454575124714,0.6,0.0,0.0,0.011716738197424893,0.0,15.0,56.0,0.1991961933672428,0.31460705135915695,0.002903637783934495,0.3512697623793234,4.594692707061768,1.0,0.0,0.0,0.25,0.0,9.291980743408203,0.7005983591079712,10.258940941654146,40.0,1.0,66.0,0.21698251083493236
671.0,76.0,0.09808806866407394,0.0,0.8078001955840436,0.40476190476190477,0.0,nan,0.011659513590844064,0.0,42.0,304.0,0.3456117659807205,0.3567167284691095,0.09377454763671267,0.22029472049480847,4.594692707061768,,,,,,,,,,,,
672.0,31.0,-0.8986671736836433,0.0,0.3764031311401962,0.7058823529411765,0.0,nan,0.011602288984263236,0.0,17.0,124.0,0.468161478638649,0.3356236410392974,0.08544474184483049,0.326465551907206,4.594692707061768,,,,,,,,,,,,
673.0,43.0,-0.9447014975547792,0.0,0.8316331961514056,0.3793103448275862,0.0,nan,0.011545064377682407,0.0,29.0,172.0,0.5210073441267014,0.3436246971886735,0.035706548596651774,0.37180433162600474,4.594692707061768,,,,,,,,,,,,
674.0,14.0,-0.5242348098754883,0.0,0.811529638572679,0.38461538461538464,0.0,nan,0.011487839771101578,0.0,13.0,56.0,0.15406086668372154,0.3860990696037853,0.05965517837155078,0.2988110097468087,4.594692707061768,,,,,,,,,,,,
675.0,46.0,0.28793479442596415,0.0,0.658232651438337,0.625,0.0,nan,0.011430615164520742,0.0,24.0,184.0,0.5893973708152771,0.44281864984646824,0.2043365277413218,0.2455390184597204,4.594692707061768,,,,,,,,,,,,
676.0,43.0,-0.42997826814651496,0.0,0.6055966273738314,0.6153846153846154,0.0,nan,0.01137339055793992,0.0,26.0,172.0,0.4450487419962883,0.30733235149717414,0.14559683125522963,0.18457953611863465,4.594692707061768,,,,,,,,,,,,
677.0,44.0,0.19575695157051087,0.0,0.7779560596830101,0.39285714285714285,0.0,nan,0.011316165951359085,0.0,28.0,176.0,0.15466653928160667,0.3720477344521152,0.06509120045732496,0.3021313030766919,4.594692707061768,,,,,,,,,,,,
678.0,46.0,-0.33759825587272646,0.0,0.6229583025559162,0.5769230769230769,0.0,nan,0.011258941344778256,0.0,26.0,184.0,0.1832250878214836,0.27487058118466573,0.06743901789519915,0.28716468052691957,4.594692707061768,,,,,,,,,,,,
679.0,20.0,-0.3148944914340974,0.0,0.765736395407502,0.4117647058823529,0.0,nan,0.011201716738197427,0.0,17.0,80.0,0.4343440309166908,0.25176451419247314,0.03483403333229944,0.2708680604570873,4.594692707061768,,,,,,,,,,,,
680.0,130.0,-1.379200360178948,0.0,0.742709486636635,0.53125,0.0,0.0,0.011144492131616598,0.0,64.0,520.0,0.3421391472220421,0.3879407648446431,0.12525169228024424,0.4206920832232175,4.594692707061768,1.0,0.0,0.0,0.25,0.0,0.07185192406177521,0.7702481746673584,16.18488361686468,63.0,1.0,119.0,-0.5483224773406978
681.0,39.0,-0.31217009440064447,0.0,0.8071670546599934,0.391304347826087,0.0,nan,0.01108726752503577,0.0,23.0,156.0,0.2739884629845619,0.40602394308818757,0.11170760016345109,0.2751325841434945,4.594692707061768,,,,,,,,,,,,
682.0,84.0,-0.7502868378162383,0.0,0.6114728832476649,0.6,0.0,nan,0.011030042918454934,0.0,45.0,336.0,0.49651410430669785,0.26228687883531165,0.06539997096501793,0.27550347853227086,4.594692707061768,,,,,,,,,,,,
683.0,63.0,-1.0152188169956209,0.0,0.7177876732962807,0.5757575757575758,0.0,nan,0.010972818311874105,0.0,33.0,252.0,0.4225494936108589,0.44995569873837726,0.14018895866424178,0.35595367641623565,4.594692707061768,,,,,,,,,,,,
684.0,50.0,-0.676282876729965,0.0,0.7779560596830101,0.39285714285714285,0.0,nan,0.010915593705293283,0.0,28.0,200.0,0.6177371442317963,0.4919512588682119,0.14563699798422022,0.4067736899591546,4.594692707061768,,,,,,,,,,,,
685.0,173.0,-1.2760654258728032,0.0,0.6513408369297756,0.6097560975609756,0.0,nan,0.010858369098712448,0.0,82.0,692.0,0.5629922389052808,0.28196735374399395,0.09097096213395162,0.29884252880398243,4.594692707061768,,,,,,,,,,,,
686.0,54.0,-0.7695697838068011,0.0,0.7317315133357151,0.5517241379310345,0.0,nan,0.010801144492131619,0.0,29.0,216.0,0.2587258853018284,0.2845067870415126,0.06892002765541999,0.1830912840452154,4.594692707061768,,,,,,,,,,,,
687.0,45.0,-1.4671192884445192,0.0,0.5244765204788832,0.64,0.0,nan,0.01074391988555079,0.0,25.0,180.0,0.7650008648633957,0.4179233552978581,0.07270143502056373,0.5660098246852951,4.594692707061768,,,,,,,,,,,,
688.0,200.0,0.6527656763792054,0.0,0.7378750097867566,0.5652173913043478,0.0,nan,0.010686695278969961,0.0,92.0,800.0,0.2144366204738617,0.21788291566736007,0.08987995551251515,0.13816551884221406,4.594692707061768,,,,,,,,,,,,
689.0,63.0,-0.049322496652603465,0.0,0.479935782347128,0.7272727272727273,0.0,nan,0.010629470672389126,0.0,33.0,252.0,0.4132293686270714,0.2476900163502063,0.06825074271205628,0.19476330520090396,4.594692707061768,,,,,,,,,,,,
690.0,16.0,-0.6460936999320983,0.0,0.6730642071977928,0.4666666666666667,0.0,0.0,0.010572246065808297,0.0,15.0,64.0,0.11633432097733021,0.21616079247360176,0.013772753820376238,0.2812516273921837,4.594692707061768,1.0,0.0,0.0,0.25,0.0,7.341302394866943,2.3873276710510254,12.426050482084975,45.0,1.0,94.0,-0.9334712976217265
691.0,86.0,0.22655237853527102,0.0,0.5501295419617532,0.7073170731707317,0.0,nan,0.010515021459227468,0.0,41.0,344.0,0.1496301330626011,0.2934504377117264,0.07886424062761677,0.23925915013510668,4.594692707061768,,,,,,,,,,,,
692.0,17.0,-0.4189599764347076,0.0,0.6856014048309755,0.5625,0.0,nan,0.01045779685264664,0.0,16.0,68.0,0.31427107751369476,0.3495126335799475,0.05510143866515992,0.21883808728447254,4.594692707061768,,,,,,,,,,,,
693.0,8.0,-0.641303260922432,0.0,0.6964856809783013,0.5454545454545454,0.0,nan,0.01040057224606581,0.0,11.0,32.0,0.571095272898674,0.23317978502018377,0.06748296976729762,0.21045242438003697,4.594692707061768,,,,,,,,,,,,
694.0,46.0,-0.9085393837094309,0.0,0.6988664034374524,0.5172413793103449,0.0,nan,0.010343347639484982,0.0,29.0,184.0,0.2145400308072567,0.3197827108138565,0.07831400093836356,0.2476026348347909,4.594692707061768,,,,,,,,,,,,
695.0,44.0,-0.776602482199669,0.0,0.38273650320644625,0.7916666666666666,0.0,nan,0.010286123032904153,0.0,24.0,176.0,0.47969575971364975,0.24541753964017102,0.054042979960451536,0.22816656468138224,4.594692707061768,,,,,,,,,,,,
696.0,116.0,-1.2546137160062791,0.0,0.6519516090471972,0.5925925925925926,0.0,nan,0.010228898426323324,0.0,54.0,464.0,0.5347306728363037,0.3301365251518291,0.05296288547287986,0.4708583198660983,4.594692707061768,,,,,,,,,,,,
697.0,81.0,-0.9617359033226973,0.0,0.700723088456541,0.5681818181818182,0.0,nan,0.010171673819742488,0.0,44.0,324.0,0.36603453755378723,0.2971782209624507,0.10854775132963823,0.2776449714087018,4.594692707061768,,,,,,,,,,,,
698.0,21.0,-0.6372723227739334,0.0,0.66952341768758,0.4166666666666667,0.0,nan,0.01011444921316166,0.0,12.0,84.0,0.5518958121538162,0.29724485875617357,0.04420580130646981,0.32020537066658844,4.594692707061768,,,,,,,,,,,,
699.0,34.0,-1.172116124033928,0.0,0.6483029752242307,0.46153846153846156,0.0,nan,0.01005722460658083,0.0,26.0,136.0,0.4941515773534775,0.3868773743897156,0.08439461125571517,0.3613189053050526,4.594692707061768,,,,,,,,,,,,
700.0,57.0,-0.527291914522648,0.0,0.7060715293766096,0.4594594594594595,0.0,0.0,0.010000000000000002,0.0,37.0,228.0,0.2396795190870762,0.34298517594518335,0.1246694250955778,0.2686004519312915,4.594692707061768,1.0,0.0,0.0,0.25,0.0,4.257688999176025,0.6942152976989746,10.439440286718309,40.0,1.0,76.0,-0.4570967322587962
701.0,25.0,-0.5203139781951904,0.0,0.6943355349927777,0.5,0.0,nan,0.010000000000000002,0.0,18.0,100.0,0.1935923770070076,0.29056830942165107,0.06630573771952186,0.22007494891178112,4.594692707061768,,,,,,,,,,,,
702.0,89.0,0.4781951940059669,0.0,0.6049817444326752,0.6086956521739131,0.0,nan,0.010000000000000002,0.0,46.0,356.0,0.2137242704629898,0.3406097452738095,0.1387171086184864,0.24076338694907184,4.594692707061768,,,,,,,,,,,,
703.0,176.0,-1.904550210237503,0.0,0.5623275781195938,0.6588235294117647,0.0,nan,0.010000000000000002,0.0,85.0,704.0,0.6947589199990034,0.32686921727963636,0.11130648905054841,0.31331230479725924,4.594692707061768,,,,,,,,,,,,
704.0,17.0,-0.8725814861059189,0.0,0.558043951650174,0.5384615384615384,0.0,nan,0.010000000000000002,0.0,13.0,68.0,0.45054105669260025,0.39183616434627977,0.0747862420779283,0.3744899391836578,4.594692707061768,,,,,,,,,,,,
705.0,75.0,-0.7777785748243335,0.0,0.6258364717214223,0.5384615384615384,0.0,nan,0.010000000000000002,0.0,39.0,300.0,0.15033582970499992,0.16586924158082184,0.06989039386979101,0.09277279340522748,4.594692707061768,,,,,,,,,,,,
706.0,95.0,0.1482867822051051,0.0,0.7474006401725177,0.574468085106383,0.0,nan,0.010000000000000002,0.0,47.0,380.0,0.48666059970855713,0.28928097245807294,0.07133960258201455,0.20749518626860852,4.594692707061768,,,,,,,,,,,,
707.0,63.0,-0.8819634768366813,0.0,0.7527710795547345,0.4864864864864865,0.0,nan,0.010000000000000002,0.0,37.0,252.0,0.1468520499765873,0.2826066287751827,0.07433346595857912,0.21944026304127762,4.594692707061768,,,,,,,,,,,,
708.0,19.0,-0.6930469834804535,0.0,0.6239708984347991,0.42857142857142855,0.0,nan,0.010000000000000002,0.0,14.0,76.0,0.21606913208961487,0.2527661796806282,0.03783707560873345,0.21844524991003686,4.594692707061768,,,,,,,,,,,,
709.0,22.0,-0.21505536258220673,0.0,0.739799097501316,0.5,0.0,nan,0.010000000000000002,0.0,18.0,88.0,0.31812135875225067,0.37707139834079,0.09824653561901703,0.27570574687860533,4.594692707061768,,,,,,,,,,,,
710.0,25.0,-1.0345177948474884,0.0,0.6943355349927777,0.5,0.0,0.0,0.010000000000000002,0.0,18.0,100.0,0.15677159652113914,0.3297392301505897,0.12393295628600753,0.1992439184527393,4.594692707061768,1.0,0.0,0.0,0.25,0.0,27.21714973449707,3.181671619415283,1.5774628166109324,13.0,1.0,13.0,-0.5704540121555327
711.0,64.0,-0.7830598452687265,0.0,0.8010834799459146,0.40476190476190477,0.0,nan,0.010000000000000002,0.0,42.0,256.0,0.4170388728380203,0.32283499448203656,0.03378638205861151,0.4175403597427514,4.594692707061768,,,,,,,,,,,,
712.0,39.0,-0.7470448100566865,0.0,0.711331235759124,0.4782608695652174,0.0,nan,0.010000000000000002,0.0,23.0,156.0,0.16322247311472893,0.3705426340226647,0.10351639958321648,0.3022873520465259,4.594692707061768,,,,,,,,,,,,
713.0,200.0,0.08264791518449804,0.0,0.7189595173018258,0.5612244897959183,0.0,nan,0.010000000000000002,0.0,98.0,800.0,0.11984569145715795,0.13781373389429064,0.0641292348012712,0.11424696989861738,4.594692707061768,,,,,,,,,,,,
714.0,15.0,-0.853173789381981,0.0,0.6289964730366723,0.46153846153846156,0.0,nan,0.010000000000000002,0.0,13.0,60.0,0.19980192184448242,0.28103437554091215,0.0842546025562721,0.22779187602031167,4.594692707061768,,,,,,,,,,,,
715.0,88.0,-0.1216791826486591,0.0,0.654053906525826,0.48,0.0,nan,0.010000000000000002,0.0,50.0,352.0,0.5637609362602234,0.4068527631602592,0.09440700353752618,0.29469214015701106,4.594692707061768,,,,,,,,,,,,
716.0,77.0,-0.32525620281696305,0.0,0.7006665738887999,0.5476190476190477,0.0,nan,0.010000000000000002,0.0,42.0,308.0,0.4553893059492111,0.3120547458586316,0.054937472242954755,0.22827159478421502,4.594692707061768,,,,,,,,,,,,
717.0,62.0,-1.5886570227146148,0.0,0.6491937277689931,0.5882352941176471,0.0,nan,0.010000000000000002,0.0,34.0,248.0,0.22478246316313744,0.3863469217359389,0.06309638305725868,0.2884887011854777,4.594692707061768,,,,,,,,,,,,
718.0,56.0,-1.4940404510498044,0.0,0.4227482986848258,0.7333333333333333,0.0,nan,0.010000000000000002,0.0,30.0,224.0,0.2877422347664833,0.276316974835936,0.09505897392435665,0.2058034616424731,4.594692707061768,,,,,,,,,,,,
719.0,46.0,-0.9430532431602479,0.0,0.5627980637477602,0.6071428571428571,0.0,nan,0.010000000000000002,0.0,28.0,184.0,0.2249491736292839,0.3050687315019035,0.08595403316472804,0.25463431410853127,4.594692707061768,,,,,,,,,,,,
720.0,25.0,-0.5437306940555573,0.0,0.7491421480581365,0.4117647058823529,0.0,0.0,0.010000000000000002,0.0,17.0,100.0,0.6976180523633957,0.38441765354480595,0.06660936772823334,0.27983073465033725,4.594692707061768,1.0,0.0,0.0,0.25,0.0,27.43394660949707,3.425227165222168,1.37734968168661,18.0,1.0,11.0,-0.522484747171402
721.0,36.0,-0.11138885229825995,0.0,0.7708804802431702,0.45454545454545453,0.0,nan,0.010000000000000002,0.0,22.0,144.0,0.2641308009624481,0.4019578164184673,0.1515148554693345,0.23929232557890778,4.594692707061768,,,,,,,,,,,,
722.0,20.0,-0.22607753872871414,0.0,0.7672487341285197,0.55,0.0,nan,0.010000000000000002,0.0,20.0,80.0,0.057655164040625095,0.3490665546618402,0.08369284404907376,0.2091682182402849,4.594692707061768,,,,,,,,,,,,
723.0,52.0,-0.2280766439437868,0.0,0.7500719349111552,0.5,0.0,nan,0.010000000000000002,0.0,38.0,208.0,0.18362372368574142,0.39436317018295924,0.07809547339302998,0.1720179190215208,4.594692707061768,,,,,,,,,,,,
724.0,14.0,-0.4969811403751373,0.0,0.5904362797844903,0.6,0.0,nan,0.010000000000000002,0.0,15.0,56.0,1.096927285194397,0.3301969850768468,0.04036237898981199,0.3865176583706297,4.594692707061768,,,,,,,,,,,,
725.0,25.0,-0.49830842614173915,0.0,0.6397594243321503,0.5,0.0,nan,0.010000000000000002,0.0,20.0,100.0,0.1231451965868473,0.36934332440025175,0.0849212199600879,0.18531039930689722,4.594692707061768,,,,,,,,,,,,
726.0,59.0,0.19281966745853424,0.0,0.657664098591705,0.5142857142857142,0.0,nan,0.010000000000000002,0.0,35.0,236.0,0.19456897675991058,0.31324388645786666,0.04737067681500833,0.2307155639663722,4.594692707061768,,,,,,,,,,,,
727.0,87.0,0.5103914010524752,0.0,0.7332376302694584,0.5365853658536586,0.0,nan,0.010000000000000002,0.0,41.0,348.0,1.8263836205005646,0.4937492010085407,0.18507554032456716,0.2632374654225176,4.594692707061768,,,,,,,,,,,,
728.0,30.0,-0.7594073310494424,0.0,0.5335657369286939,0.6153846153846154,0.0,nan,0.010000000000000002,0.0,26.0,120.0,0.18169770389795303,0.3614284379174933,0.015319745964370668,0.17542118152615938,4.594692707061768,,,,,,,,,,,,
729.0,68.0,-1.4839616852998736,0.0,0.5055687311591491,0.6756756756756757,0.0,nan,0.010000000000000002,0.0,37.0,272.0,0.24459969252347946,0.30081102378255764,0.07751726947140014,0.13923138176779837,4.594692707061768,,,,,,,,,,,,
730.0,49.0,-1.3220400878787042,0.0,0.6376499421705977,0.5925925925925926,0.0,0.0,0.010000000000000002,0.0,27.0,196.0,0.26825619488954544,0.3091018986496219,0.06319956564075997,0.24960514241032936,4.594692707061768,1.0,0.0,0.0,0.25,0.0,33.53345489501953,2.8696069717407227,1.2234106604009867,14.0,1.0,10.0,-0.5740091860294342
731.0,93.0,0.2919575762748718,0.0,0.5703639792799273,0.625,0.0,nan,0.010000000000000002,0.0,48.0,372.0,0.28175991028547287,0.38395809877101783,0.138599892420757,0.22877090636201292,4.594692707061768,,,,,,,,,,,,
732.0,104.0,-0.9415098929405211,0.0,0.786914766737854,0.5,0.0,nan,0.010000000000000002,0.0,54.0,416.0,0.4068608358502388,0.2969872332705563,0.06642004937421575,0.22455237941448056,4.594692707061768,,,,,,,,,,,,
733.0,11.0,-0.6470270043611527,0.0,0.37172579145344037,0.7142857142857143,0.0,nan,0.010000000000000002,0.0,14.0,44.0,0.32302503287792206,0.21080183949512007,-0.047965754940708975,0.3208804406456887,4.594692707061768,,,,,,,,,,,,
734.0,92.0,-1.3825549331307407,0.0,0.5846716087026645,0.6274509803921569,0.0,nan,0.010000000000000002,0.0,51.0,368.0,0.6795853823423386,0.39363918825529254,0.07629904832108991,0.3074251209463075,4.594692707061768,,,,,,,,,,,,
735.0,33.0,-1.5646631526947021,0.0,0.3109174868386655,0.8,0.0,nan,0.010000000000000002,0.0,20.0,132.0,0.23681754618883133,0.39650795321667276,0.0690737202407256,0.24321261058691848,4.594692707061768,,,,,,,,,,,,
736.0,23.0,-0.45335057854652394,0.0,0.582139970867665,0.5909090909090909,0.0,nan,0.010000000000000002,0.0,22.0,92.0,0.2657848298549652,0.47279423520819325,0.0888785777059757,0.2900327868966315,4.594692707061768,,,,,,,,,,,,
737.0,53.0,0.13085713803768145,0.0,0.8580600153920616,0.40625,0.0,nan,0.010000000000000002,0.0,32.0,212.0,0.3468300774693489,0.47163443803514865,0.07278191766618995,0.21101102083966813,4.594692707061768,,,,,,,,,,,,
738.0,48.0,-0.37945517927408245,0.0,0.5390473537239897,0.6666666666666666,0.0,nan,0.010000000000000002,0.0,24.0,192.0,0.2530026026070118,0.27551688791099355,0.01981814065351036,0.20183336189012424,4.594692707061768,,,,,,,,,,,,
739.0,46.0,-0.3423637187480925,0.0,0.7504041339102621,0.3939393939393939,0.0,nan,0.010000000000000002,0.0,33.0,184.0,0.4233073443174362,0.3553972747227501,0.057741260350151265,0.25527055778072116,4.594692707061768,,,,,,,,,,,,
740.0,14.0,-0.3306778723001479,0.0,0.42558632250863376,0.8095238095238095,0.0,0.0,0.010000000000000002,0.0,21.0,56.0,0.02361132367514074,0.2952054857908349,0.12585913567038784,0.1046566040583563,4.594692707061768,1.0,0.0,0.0,0.25,0.0,28.88387107849121,3.4291725158691406,1.2102546095848083,15.0,1.0,10.0,-0.5701768636703491
741.0,93.0,1.110466630458832,0.0,0.728842974524752,0.5294117647058824,0.0,nan,0.010000000000000002,0.0,51.0,372.0,0.1776578575372696,0.2974567826895509,0.10536985986054503,0.13234805771514901,4.594692707061768,,,,,,,,,,,,
742.0,100.0,-0.7719961225986485,0.0,0.6703882461186996,0.56,0.0,nan,0.010000000000000002,0.0,50.0,400.0,0.5767245888710022,0.3114794983316642,0.0582785011215492,0.3279230205513729,4.594692707061768,,,,,,,,,,,,
743.0,10.0,-0.5893838286399842,0.0,0.8445412567474709,0.5,0.0,nan,0.010000000000000002,0.0,10.0,40.0,0.15894122794270515,0.3453232799191028,0.05804049606085755,0.3199381948964032,4.594692707061768,,,,,,,,,,,,
744.0,49.0,0.4856255656480788,0.0,0.7909981849810561,0.36666666666666664,0.0,nan,0.010000000000000002,0.0,30.0,196.0,0.25473209097981453,0.3661791578467403,0.0969958521076181,0.15520634274641565,4.594692707061768,,,,,,,,,,,,
745.0,27.0,-0.13170261502265934,0.0,0.7417397025797107,0.3888888888888889,0.0,nan,0.010000000000000002,0.0,18.0,108.0,0.46187593042850494,0.4998089097466113,0.13184889023519913,0.21875506429959118,4.594692707061768,,,,,,,,,,,,
746.0,75.0,-1.0316976666450501,0.0,0.6614069480505386,0.5454545454545454,0.0,nan,0.010000000000000002,0.0,44.0,300.0,0.10571225732564926,0.3640295550303563,0.17295132835363347,0.1444617911715631,4.594692707061768,,,,,,,,,,,,
747.0,125.0,-1.8726457864046102,0.0,0.6116097625676983,0.6307692307692307,0.0,nan,0.010000000000000002,0.0,65.0,500.0,1.0451668100431561,0.3132129464283935,0.10250719191787994,0.2704593868292669,4.594692707061768,,,,,,,,,,,,
748.0,32.0,-0.1919521820545198,0.0,0.46784944208463947,0.7058823529411765,0.0,nan,0.010000000000000002,0.0,34.0,128.0,0.20846563950181007,0.43398930052353535,0.06447251744612004,0.19922102418548082,4.594692707061768,,,,,,,,,,,,
749.0,82.0,-0.8119023886322974,0.0,0.6307744228191832,0.6086956521739131,0.0,nan,0.010000000000000002,0.0,46.0,328.0,0.33929767459630966,0.27969774583675644,0.04280388088307112,0.22837514931825842,4.594692707061768,,,,,,,,,,,,
750.0,87.0,-0.7674521711468696,0.0,0.7045196378650628,0.5102040816326531,0.0,0.0,0.010000000000000002,0.0,49.0,348.0,0.3889436200261116,0.29270380042021316,0.06152427671700278,0.20993608346453885,4.594692707061768,1.0,0.0,0.0,0.25,0.0,30.224441528320312,3.1681127548217773,1.2131491843611002,19.0,1.0,10.0,-0.5565438330173493
751.0,9.0,-0.5427690887451172,0.0,0.30141237353713013,0.8636363636363636,0.0,nan,0.010000000000000002,0.0,22.0,36.0,0.17233022674918175,0.1982659437150384,0.012043597008515563,0.21608305513416343,4.594692707061768,,,,,,,,,,,,
752.0,31.0,-0.6452164566516878,0.0,0.6666431745929824,0.5,0.0,nan,0.010000000000000002,0.0,22.0,124.0,0.08500046841800213,0.30652921546941564,0.05096683531413756,0.1711125920957401,4.594692707061768,,,,,,,,,,,,
753.0,21.0,0.25821877956390377,0.0,0.5444133119379911,0.6521739130434783,0.0,nan,0.010000000000000002,0.0,23.0,84.0,0.11970025859773159,0.4621157453816739,0.09522762742493623,0.21047573204584427,4.594692707061768,,,,,,,,,,,,
754.0,64.0,0.03543296813964855,0.0,0.7366977587517946,0.425,0.0,nan,0.010000000000000002,0.0,40.0,256.0,0.13912677019834518,0.40003650222661236,0.07140193049667687,0.16828092400339872,4.594692707061768,,,,,,,,,,,,
755.0,56.0,0.560984449982643,0.0,0.6889662807128988,0.5,0.0,nan,0.010000000000000002,0.0,32.0,224.0,0.24160484969615936,0.3033930107610234,0.04272941629860275,0.17028980404707944,4.594692707061768,,,,,,,,,,,,
756.0,110.0,0.7822233349084866,0.0,0.5208246276244874,0.72,0.0,nan,0.010000000000000002,0.0,50.0,440.0,0.2981650233268738,0.2519439910947767,0.06010591752533401,0.11588905595756804,4.594692707061768,,,,,,,,,,,,
757.0,9.0,-0.8277757787704468,0.0,0.3109174868386655,0.8,0.0,nan,0.010000000000000002,0.0,15.0,36.0,0.1178440060466528,0.2463515691148738,-0.0022431758213012167,0.2082081627269419,4.594692707061768,,,,,,,,,,,,
758.0,36.0,-1.3875000751018525,0.0,0.5074910412202016,0.5172413793103449,0.0,nan,0.010000000000000002,0.0,29.0,144.0,0.5940844863653183,0.2843951969860225,0.03047223926276072,0.19828025112152284,4.594692707061768,,,,,,,,,,,,
759.0,54.0,0.5811750730872152,0.0,0.7377991632371277,0.42424242424242425,0.0,nan,0.010000000000000002,0.0,33.0,216.0,0.5673749297857285,0.48753470741576166,0.09082023419641364,0.3894456185616955,4.594692707061768,,,,,,,,,,,,
760.0,45.0,-0.9978626534342767,0.0,0.5039904711205829,0.5161290322580645,0.0,0.0,0.010000000000000002,0.0,31.0,180.0,0.6030507832765579,0.45934179002005193,0.07632252341912439,0.416720878038208,4.594692707061768,1.0,0.0,0.0,0.25,0.0,28.79005241394043,3.4702491760253906,1.187287128996104,18.0,1.0,10.0,-0.5596981942653656
761.0,77.0,-1.202422213256359,0.0,0.479234164728613,0.7105263157894737,0.0,nan,0.010000000000000002,0.0,38.0,308.0,0.17487211152911186,0.32722683850761314,0.05491804004575784,0.12827481881540237,4.594692707061768,,,,,,,,,,,,
762.0,29.0,-1.7868060016632081,0.0,0.34939846340644504,0.75,0.0,nan,0.010000000000000002,0.0,16.0,116.0,0.1882357895374298,0.2853246161469323,0.06232750401952593,0.16141714988119585,4.594692707061768,,,,,,,,,,,,
763.0,27.0,-0.6818776008486749,0.0,0.6230373340680784,0.5294117647058824,0.0,nan,0.010000000000000002,0.0,17.0,108.0,0.5288054347038269,0.38757226636840236,0.07253011192127208,0.288829578820395,4.594692707061768,,,,,,,,,,,,
764.0,65.0,-0.9691889807581896,0.0,0.49544662395291805,0.6571428571428571,0.0,nan,0.010000000000000002,0.0,35.0,260.0,0.25837887078523636,0.39406981744468794,0.07375908557236244,0.23926500283496197,4.594692707061768,,,,,,,,,,,,
765.0,31.0,-0.5947435891628268,0.0,0.672405882849061,0.375,0.0,nan,0.010000000000000002,0.0,16.0,124.0,0.09386488795280457,0.4060164789430752,0.10900349943474266,0.11593038974802765,4.594692707061768,,,,,,,,,,,,
766.0,80.0,-1.1875632300972936,0.0,0.569525519375827,0.7027027027027027,0.0,nan,0.010000000000000002,0.0,37.0,320.0,0.7466201931238174,0.33358725141624745,0.04743958560447936,0.26431580007665284,4.594692707061768,,,,,,,,,,,,
767.0,40.0,-1.1121143311262132,0.0,0.7151528204545352,0.44,0.0,nan,0.010000000000000002,0.0,25.0,160.0,0.07588854245841503,0.38270198440877723,0.11770877216695226,0.12437614292915807,4.594692707061768,,,,,,,,,,,,
768.0,35.0,-0.5062813073396686,0.0,0.619639645665173,0.55,0.0,nan,0.010000000000000002,0.0,20.0,140.0,0.5198209285736084,0.24887564123741218,0.04379914375188362,0.1664537511952529,4.594692707061768,,,,,,,,,,,,
769.0,20.0,-1.1956533432006835,0.0,0.39548850063838265,0.6666666666666666,0.0,nan,0.010000000000000002,0.0,12.0,80.0,0.5373472571372986,0.3264916861720849,0.022991464257938788,0.35640470170194477,4.594692707061768,,,,,,,,,,,,
770.0,17.0,-0.10453428447246549,0.0,0.5502382010323641,0.7272727272727273,0.0,0.0,0.010000000000000002,0.0,22.0,68.0,0.3080309256911278,0.4726377849412315,0.161577977342805,0.1767545033317258,4.594692707061768,1.0,0.0,0.0,0.25,0.0,28.26447868347168,3.479674816131592,1.3757107588462532,18.0,1.0,11.0,-0.5001108622550965
771.0,53.0,-0.6472191441059114,0.0,0.5604765964055066,0.5757575757575758,0.0,nan,0.010000000000000002,0.0,33.0,212.0,0.3265189975500107,0.34811803985734135,0.07347803892137236,0.2564815606346926,4.594692707061768,,,,,,,,,,,,
772.0,27.0,-1.3001918506622316,0.0,0.5143026391142629,0.6111111111111112,0.0,nan,0.010000000000000002,0.0,18.0,108.0,0.4509703814983368,0.31551918475371266,0.07537519650671769,0.26597590662344334,4.594692707061768,,,,,,,,,,,,
773.0,19.0,-0.27269995450973517,0.0,0.6485227376390245,0.4666666666666667,0.0,nan,0.010000000000000002,0.0,15.0,76.0,0.2927364334464073,0.3056629353821719,0.09313902393669675,0.2229900953471881,4.594692707061768,,,,,,,,,,,,
774.0,21.0,-0.45282260611653324,0.0,0.7990723612784119,0.3333333333333333,0.0,nan,0.010000000000000002,0.0,12.0,84.0,0.13537632673978806,0.2599837538062794,0.06638671020101312,0.10112168207156502,4.594692707061768,,,,,,,,,,,,
775.0,33.0,-0.3443451064825058,0.0,0.8268874538390811,0.45,0.0,nan,0.010000000000000002,0.0,20.0,132.0,0.28253745287656784,0.3018315735865723,0.05826323376404065,0.1899412156008098,4.594692707061768,,,,,,,,,,,,
776.0,24.0,-1.0679733121395112,0.0,0.6230373340680784,0.5294117647058824,0.0,nan,0.010000000000000002,0.0,17.0,96.0,0.26313039660453796,0.22502064878790407,0.03978352522244677,0.17142691711945268,4.594692707061768,,,,,,,,,,,,
777.0,9.0,-0.6696648502349852,0.0,0.646014838885232,0.5,0.0,nan,0.010000000000000002,0.0,8.0,36.0,0.3567528575658798,0.2343197537896534,0.050493604296611413,0.26035534653590275,4.594692707061768,,,,,,,,,,,,
778.0,44.0,-1.591116305589676,0.0,0.38273650320644625,0.7916666666666666,0.0,nan,0.010000000000000002,0.0,24.0,176.0,0.19126494601368904,0.2372681651808803,0.021190031665107446,0.15330761033046644,4.594692707061768,,,,,,,,,,,,
779.0,66.0,0.6986028516292577,0.0,0.7588267302949754,0.425,0.0,nan,0.010000000000000002,0.0,40.0,264.0,0.14456484466791153,0.3805769556420273,0.0633611788498456,0.17660851356861595,4.594692707061768,,,,,,,,,,,,
780.0,69.0,-0.08799029529094704,0.0,0.6933835274709225,0.4473684210526316,0.0,0.0,0.010000000000000002,0.0,38.0,276.0,0.417452372610569,0.3630982490030874,0.072604989099121,0.17040639494241583,4.594692707061768,1.0,0.0,0.0,0.25,0.0,28.616905212402344,3.4818167686462402,1.2255861219018698,19.0,1.0,10.0,-0.5256839811801911
781.0,23.0,-0.8572762954235076,0.0,0.6273082947562613,0.5333333333333333,0.0,nan,0.010000000000000002,0.0,15.0,92.0,0.25153421610593796,0.2796435669246737,0.07085251139537634,0.15907241206030143,4.594692707061768,,,,,,,,,,,,
782.0,36.0,0.9818082311749455,0.0,0.7011781677543141,0.5714285714285714,0.0,nan,0.010000000000000002,0.0,28.0,144.0,0.34808971732854843,0.3961271024810331,0.04225448632577253,0.2716382607686114,4.594692707061768,,,,,,,,,,,,
783.0,38.0,-1.0230895954370502,0.0,0.520614790441774,0.5217391304347826,0.0,nan,0.010000000000000002,0.0,23.0,152.0,0.18179132044315338,0.34670673489362297,0.057508594017187865,0.177478449141544,4.594692707061768,,,,,,,,,,,,
784.0,70.0,-0.3581733718514444,0.0,0.7107160935768314,0.525,0.0,nan,0.010000000000000002,0.0,40.0,280.0,0.15960099548101425,0.3486861893452442,0.1541904762991635,0.15877150526125,4.594692707061768,,,,,,,,,,,,
785.0,74.0,-1.2575973206758497,0.0,0.5278862080429602,0.75,0.0,nan,0.010000000000000002,0.0,36.0,296.0,0.2901120036840439,0.20891092231795483,0.054013700751056604,0.16755454098151476,4.594692707061768,,,,,,,,,,,,
786.0,14.0,-1.0082773888111114,0.0,0.39548850063838265,0.6666666666666666,0.0,nan,0.010000000000000002,0.0,12.0,56.0,0.25626128911972046,0.0853273581700965,-0.014115258980122494,0.08454180925015084,4.594692707061768,,,,,,,,,,,,
787.0,73.0,-1.7600714999437335,0.0,0.34586415492464284,0.8333333333333334,0.0,nan,0.010000000000000002,0.0,36.0,292.0,0.16186348721385002,0.18592818501218744,0.03844846918097744,0.12634057380489178,4.594692707061768,,,,,,,,,,,,
788.0,44.0,-0.2269080752134326,0.0,0.6557715642268935,0.4838709677419355,0.0,nan,0.010000000000000002,0.0,31.0,176.0,0.5204945653676987,0.3065542086366225,0.030468551884571395,0.30791853442327705,4.594692707061768,,,,,,,,,,,,
789.0,59.0,-0.45620897650718684,0.0,0.6257528479377006,0.48717948717948717,0.0,nan,0.010000000000000002,0.0,39.0,236.0,0.1821027509868145,0.45388545310795625,0.11556430223350556,0.19603158700801382,4.594692707061768,,,,,,,,,,,,
790.0,24.0,-0.21646907269954677,0.0,0.849007907459208,0.29411764705882354,0.0,0.0,0.010000000000000002,0.0,17.0,96.0,0.0913389753550291,0.25140180207624024,0.07569938662830585,0.1639244259419191,4.594692707061768,1.0,0.0,0.0,0.25,0.0,8.44674015045166,0.7525441646575928,6.439211197430268,37.0,1.0,46.0,0.20279965266585337
791.0,40.0,-1.234462195634842,0.0,0.6737953412714124,0.5714285714285714,0.0,nan,0.010000000000000002,0.0,21.0,160.0,0.15374094620347023,0.31910099912493023,0.11641710992698791,0.15477181586687175,4.594692707061768,,,,,,,,,,,,
792.0,51.0,-0.6598594105243684,0.0,0.6902518945428872,0.43333333333333335,0.0,nan,0.010000000000000002,0.0,30.0,204.0,0.6668261140584946,0.5417842474610856,0.14654702825453783,0.32639710256236737,4.594692707061768,,,,,,,,,,,,
793.0,12.0,-0.6894734454154968,0.0,0.5543040649471854,0.6428571428571429,0.0,nan,0.010000000000000002,0.0,14.0,48.0,0.3782530575990677,0.16654115954103568,0.03163650690112263,0.09749075231472186,4.594692707061768,,,,,,,,,,,,
794.0,56.0,-0.691024158000946,0.0,0.657526774858295,0.5862068965517241,0.0,nan,0.010000000000000002,0.0,29.0,224.0,0.20137763023376465,0.38942557895591434,0.18041365453687572,0.23277421749902164,4.594692707061768,,,,,,,,,,,,
795.0,23.0,-0.7873789596557617,0.0,0.6114472924440548,0.5625,0.0,nan,0.010000000000000002,0.0,16.0,92.0,0.36914023756980896,0.3981454014707276,0.1789697809752239,0.2308917107673368,4.594692707061768,,,,,,,,,,,,
796.0,59.0,-1.1063942933082584,0.0,0.7276980175284992,0.5151515151515151,0.0,nan,0.010000000000000002,0.0,33.0,236.0,0.2761038765311241,0.38223010861962026,0.10645531094895101,0.26686270469752543,4.594692707061768,,,,,,,,,,,,
797.0,26.0,-1.1071073448657989,0.0,0.39548850063838265,0.6666666666666666,0.0,nan,0.010000000000000002,0.0,18.0,104.0,0.4494890123605728,0.33316078742679495,0.21318330226509155,0.18252539834882733,4.594692707061768,,,,,,,,,,,,
798.0,29.0,-0.5079084271192552,0.0,0.6292029771190603,0.5,0.0,nan,0.010000000000000002,0.0,20.0,116.0,0.450723335146904,0.6757488467345207,0.3831830824083403,0.26427709253033965,4.594692707061768,,,,,,,,,,,,
799.0,88.0,-1.6533426183462145,0.0,0.47403852794124396,0.7441860465116279,0.0,nan,0.010000000000000002,0.0,43.0,352.0,0.2445622757077217,0.27193259146179116,0.10409435140604728,0.25571567917368654,4.594692707061768,,,,,,,,,,,,
800.0,94.0,0.3893775290250779,0.0,0.7929347903390601,0.5102040816326531,0.0,0.0,0.010000000000000002,0.0,49.0,376.0,0.39040127396583557,0.3469886099151154,0.07549183163018824,0.37073633913597026,4.594692707061768,1.0,0.0,0.0,0.25,0.0,0.452857106924057,0.7058817148208618,9.730826079496183,50.0,1.0,86.0,0.41892730161547626
801.0,89.0,-1.2827849002182483,0.0,0.6613662101576715,0.6136363636363636,0.0,nan,0.010000000000000002,0.0,44.0,356.0,0.4402189776301384,0.3235357009193649,0.08897329085493766,0.2594305762304496,4.594692707061768,,,,,,,,,,,,
802.0,21.0,-0.5981610512733461,0.0,0.7903939309264933,0.35714285714285715,0.0,nan,0.010000000000000002,0.0,14.0,84.0,0.12235427089035511,0.2628712666087917,0.11550477310360986,0.11900747280803141,4.594692707061768,,,,,,,,,,,,
803.0,29.0,-0.6359845602512361,0.0,0.6229582284870201,0.5769230769230769,0.0,nan,0.010000000000000002,0.0,26.0,116.0,0.14404486864805222,0.4048871830495171,0.147764478766836,0.2622395218828889,4.594692707061768,,,,,,,,,,,,
804.0,43.0,-0.2902104872465135,0.0,0.6885729008055952,0.5833333333333334,0.0,nan,0.010000000000000002,0.0,24.0,172.0,0.4509328678250313,0.28337546498149224,0.11538998017737,0.21090851906685695,4.594692707061768,,,,,,,,,,,,
805.0,12.0,-0.7932274472713471,0.0,0.6284208095760127,0.5,0.0,nan,0.010000000000000002,0.0,12.0,48.0,0.297660157084465,0.27952319214333937,0.031560823699692264,0.3661135706270227,4.594692707061768,,,,,,,,,,,,
806.0,62.0,-0.2756529849767688,0.0,0.6275761278846381,0.46153846153846156,0.0,nan,0.010000000000000002,0.0,39.0,248.0,0.21868939325213432,0.4435186035221822,0.14777746509371942,0.24125416554968893,4.594692707061768,,,,,,,,,,,,
807.0,40.0,-0.8218321740627291,0.0,0.7377210205517191,0.44,0.0,nan,0.010000000000000002,0.0,25.0,160.0,0.29574867337942123,0.3069768245521118,0.076941602651641,0.2789778161986874,4.594692707061768,,,,,,,,,,,,
808.0,24.0,-1.0535705605149268,0.0,0.7536839786994374,0.5,0.0,nan,0.010000000000000002,0.0,16.0,96.0,0.17999248951673508,0.288295788942681,0.08301607916170421,0.22026586014171676,4.594692707061768,,,,,,,,,,,,
809.0,118.0,-2.0106493997573853,0.0,0.5614323073721679,0.609375,0.0,nan,0.010000000000000002,0.0,64.0,472.0,0.36208273470401764,0.29889941716510293,0.07888874031232262,0.2945495465270733,4.594692707061768,,,,,,,,,,,,
810.0,10.0,-0.6317582547664643,0.0,0.6591475504432351,0.4444444444444444,0.0,0.0,0.010000000000000002,0.0,9.0,40.0,0.3506544604897499,0.32000676793977617,0.1243618146982044,0.28825428489025456,4.594692707061768,1.0,0.0,0.0,0.25,0.0,0.09325301647186279,0.21285903453826904,9.660771020135144,56.0,1.0,110.0,-0.29991165772080386
811.0,31.0,-0.6410684144496918,0.0,0.6095231676950472,0.5555555555555556,0.0,nan,0.010000000000000002,0.0,18.0,124.0,0.23411517590284348,0.23081879477643769,0.07734816543187105,0.1660445832727756,4.594692707061768,,,,,,,,,,,,
812.0,40.0,0.11892401427030541,0.0,0.6886914110393904,0.5,0.0,nan,0.010000000000000002,0.0,26.0,160.0,0.5307546257972717,0.40578921633750725,0.05806088870312891,0.26558763440420313,4.594692707061768,,,,,,,,,,,,
813.0,8.0,-0.7774877238273621,0.0,0.43067655925682136,0.5,0.0,nan,0.010000000000000002,0.0,8.0,32.0,0.5600586235523224,0.11433635561843403,-0.025199104624334723,0.2005838724271598,4.594692707061768,,,,,,,,,,,,
814.0,52.0,-0.449091235995293,0.0,0.6097609288515987,0.5172413793103449,0.0,nan,0.010000000000000002,0.0,29.0,208.0,0.1240675337612629,0.3030047828433453,0.05727761197676255,0.20400644209563534,4.594692707061768,,,,,,,,,,,,
815.0,93.0,-0.7560708123445506,0.0,0.39023101632275176,0.8222222222222222,0.0,nan,0.010000000000000002,0.0,45.0,372.0,0.7067980319261551,0.2030528063064594,0.07159692559012854,0.17927456556477514,4.594692707061768,,,,,,,,,,,,
816.0,13.0,-0.6217704820632934,0.0,0.7485801132743634,0.46153846153846156,0.0,nan,0.010000000000000002,0.0,13.0,52.0,0.6587385982275009,0.3321316910441965,0.0022211431328637097,0.48852200639969656,4.594692707061768,,,,,,,,,,,,
817.0,15.0,-0.7878233909606933,0.0,0.5580863560932038,0.5,0.0,nan,0.010000000000000002,0.0,14.0,60.0,0.15146414563059807,0.2539152620515476,0.06934086685068905,0.18009127356012467,4.594692707061768,,,,,,,,,,,,
818.0,80.0,-0.5697982251644134,0.0,0.7005316944289618,0.5227272727272727,0.0,nan,0.010000000000000002,0.0,44.0,320.0,0.4531003087759018,0.2919901199056767,0.10170039026343147,0.20034233050611716,4.594692707061768,,,,,,,,,,,,
819.0,65.0,-2.3866272449493406,0.0,0.39407945099300706,0.7647058823529411,0.0,nan,0.010000000000000002,0.0,34.0,260.0,0.2778458297252655,0.25525553391707945,0.07109513119030453,0.26370385777528504,4.594692707061768,,,,,,,,,,,,
820.0,52.0,-0.29192178219556797,0.0,0.7827371328587848,0.4,0.0,0.0,0.010000000000000002,0.0,30.0,208.0,0.6988739222288132,0.3908971753161705,0.08536765679988233,0.3760736086029748,4.594692707061768,1.0,0.0,0.0,0.25,0.0,16.940439224243164,3.4873781204223633,2.4881266593001783,22.0,1.0,18.0,-0.27740470945835116
821.0,90.0,-1.3377826809883118,0.0,0.6913792231418631,0.5681818181818182,0.0,nan,0.010000000000000002,0.0,44.0,360.0,0.18502794206142426,0.2677526952415974,0.11835254956486096,0.1748803850046766,4.594692707061768,,,,,,,,,,,,
822.0,79.0,-1.9870369994640353,0.0,0.34586415492464284,0.8333333333333334,0.0,nan,0.010000000000000002,0.0,36.0,316.0,0.44610651582479477,0.3509365917016112,0.1897695477458683,0.2372252275711279,4.594692707061768,,,,,,,,,,,,
823.0,91.0,-1.5253131440281869,0.0,0.4657851419497212,0.7333333333333333,0.0,nan,0.010000000000000002,0.0,45.0,364.0,0.4844336733222008,0.24523347310787358,0.09091840270730245,0.19207415478521847,4.594692707061768,,,,,,,,,,,,
824.0,26.0,-1.0997703528404235,0.0,0.7144836820469697,0.5294117647058824,0.0,nan,0.010000000000000002,0.0,17.0,104.0,0.5975686609745026,0.22106235928367823,0.0316838264053121,0.11984979084682096,4.594692707061768,,,,,,,,,,,,
825.0,25.0,-0.35652222037315373,0.0,0.5832161919283166,0.68,0.0,nan,0.010000000000000002,0.0,25.0,100.0,0.4372565969824791,0.5286972776986658,0.10904989463160746,0.3516380029992678,4.594692707061768,,,,,,,,,,,,
826.0,37.0,-0.54240189909935,0.0,0.6181807846871554,0.5454545454545454,0.0,nan,0.010000000000000002,0.0,22.0,148.0,0.31530889868736267,0.37030995450913906,0.14304776640047828,0.23296796675670273,4.594692707061768,,,,,,,,,,,,
827.0,16.0,-0.24737796545028695,0.0,0.8024024247791578,0.35714285714285715,0.0,nan,0.010000000000000002,0.0,14.0,64.0,0.12164700962603092,0.3387399240018567,0.1447142961260397,0.19436667739105928,4.594692707061768,,,,,,,,,,,,
828.0,71.0,-1.5130681401491166,0.0,0.6808639582350168,0.5121951219512195,0.0,nan,0.010000000000000002,0.0,41.0,284.0,0.17435366660356522,0.3243384007923851,0.10605576235866465,0.169660170007082,4.594692707061768,,,,,,,,,,,,
829.0,18.0,-0.440099959373474,0.0,0.8286968088335477,0.35714285714285715,0.0,nan,0.010000000000000002,0.0,14.0,72.0,0.2073732353746891,0.44922769946667057,0.16315177121820548,0.24597649080878942,4.594692707061768,,,,,,,,,,,,
830.0,29.0,-0.5537273371219634,0.0,0.7572575807306322,0.3684210526315789,0.0,0.0,0.010000000000000002,0.0,19.0,116.0,0.1696728579699993,0.24058613787276734,0.05300097532042479,0.12499693317266158,4.594692707061768,1.0,0.0,0.0,0.25,0.0,12.067221641540527,3.483142852783203,2.884714142419398,20.0,1.0,22.0,-0.30041049540042886
831.0,9.0,-0.682197471857071,0.0,0.6108267802667933,0.6666666666666666,0.0,nan,0.010000000000000002,0.0,12.0,36.0,0.32945466786623,0.1787388047410382,0.03217714103973574,0.09299270994631254,4.594692707061768,,,,,,,,,,,,
832.0,37.0,-0.930916194319725,0.0,0.7090839113818885,0.5238095238095238,0.0,nan,0.010000000000000002,0.0,21.0,148.0,0.18859374895691872,0.3408492307439824,0.0839494597453882,0.13638519097004445,4.594692707061768,,,,,,,,,,,,
833.0,19.0,-1.013471102118492,0.0,0.5911927454205836,0.631578947368421,0.0,nan,0.010000000000000002,0.0,19.0,76.0,0.3321434184908867,0.21888796466794846,0.007603099539042695,0.20333081169552483,4.594692707061768,,,,,,,,,,,,
834.0,71.0,-1.7263793265819551,0.0,0.5456974073556091,0.6944444444444444,0.0,nan,0.010000000000000002,0.0,36.0,284.0,0.12785317189991474,0.29762005267821223,0.16322269190641236,0.14210041837945087,4.594692707061768,,,,,,,,,,,,
835.0,67.0,-1.280990698635578,0.0,0.5740481661730322,0.5897435897435898,0.0,nan,0.010000000000000002,0.0,39.0,268.0,0.42780616134405136,0.48187730389145145,0.06491241669675674,0.4155106444878385,4.594692707061768,,,,,,,,,,,,
836.0,31.0,-0.8822173750400544,0.0,0.9022057441007985,0.35294117647058826,0.0,nan,0.010000000000000002,0.0,17.0,124.0,0.195590790361166,0.40424641787314847,0.1046557043389898,0.29015745374953067,4.594692707061768,,,,,,,,,,,,
837.0,40.0,-0.32724181115627315,0.0,0.7062212966845681,0.4074074074074074,0.0,nan,0.010000000000000002,0.0,27.0,160.0,0.33652228116989136,0.2715641476752353,0.07837443476601039,0.16659757451963345,4.594692707061768,,,,,,,,,,,,
838.0,37.0,-1.3513620030879974,0.0,0.6097609288515987,0.5172413793103449,0.0,nan,0.010000000000000002,0.0,29.0,148.0,0.1998467817902565,0.30005627360220094,0.08802395382981804,0.25865516599492117,4.594692707061768,,,,,,,,,,,,
839.0,42.0,-0.9348503243923187,0.0,0.6436634477089451,0.6086956521739131,0.0,nan,0.010000000000000002,0.0,23.0,168.0,0.18204621598124504,0.2955345161719292,0.0811776754749839,0.14809852260792478,4.594692707061768,,,,,,,,,,,,
840.0,120.0,-0.2844746500253659,0.0,0.5356300370636121,0.5606060606060606,0.0,0.0,0.010000000000000002,0.0,66.0,480.0,0.10382426716387272,0.24147015648577508,0.05616448430419041,0.22472261999449178,4.594692707061768,1.0,0.0,0.0,0.25,0.0,11.663605690002441,0.6026371717453003,3.5830504707992077,27.0,1.0,26.0,-0.07495196223258987
841.0,50.0,-1.910550481081009,0.0,0.3356477209792005,0.7692307692307693,0.0,nan,0.010000000000000002,0.0,26.0,200.0,0.34426063299179077,0.28038088942179457,0.1194348046209052,0.20831609986089064,4.594692707061768,,,,,,,,,,,,
842.0,20.0,-0.8713005006313324,0.0,0.7224260157092284,0.4375,0.0,nan,0.010000000000000002,0.0,16.0,80.0,0.186307393014431,0.41892034127376976,0.1408657618711004,0.2531779171045116,4.594692707061768,,,,,,,,,,,,
843.0,8.0,-0.7813498678803443,0.0,0.6053757909600438,0.5,0.0,nan,0.010000000000000002,0.0,8.0,32.0,0.31962980329990387,0.08950244789593853,-0.04650031606433913,0.0837197344093994,4.594692707061768,,,,,,,,,,,,
844.0,22.0,-0.10095597624778752,0.0,0.3970527986900298,0.8,0.0,nan,0.010000000000000002,0.0,30.0,88.0,0.038101508282124996,0.5656986118781127,0.14759741192260248,0.20672571694779326,4.594692707061768,,,,,,,,,,,,
845.0,32.0,-1.255789343714714,0.0,0.34939846340644504,0.75,0.0,nan,0.010000000000000002,0.0,20.0,128.0,0.22151971980929375,0.1461252491317282,0.054805544023111,0.102918375098767,4.594692707061768,,,,,,,,,,,,
846.0,26.0,-0.8618189787864684,0.0,0.6961234100073689,0.42105263157894735,0.0,nan,0.010000000000000002,0.0,19.0,104.0,0.14649930596351624,0.28030597021055514,0.07137737344937005,0.18731848451775485,4.594692707061768,,,,,,,,,,,,
847.0,58.0,-0.06791879713535337,0.0,0.6716101606980232,0.5365853658536586,0.0,nan,0.010000000000000002,0.0,41.0,232.0,0.3260407820343971,0.5319425159190171,0.15076708421562718,0.3402963023910033,4.594692707061768,,,,,,,,,,,,
848.0,13.0,-1.019468440413475,0.0,0.3874985406759175,0.6842105263157895,0.0,nan,0.010000000000000002,0.0,19.0,52.0,0.24713461473584175,0.3447102707488319,0.011646039210833035,0.20387104171739415,4.594692707061768,,,,,,,,,,,,
849.0,14.0,-0.42939243555068973,0.0,0.3471074383804975,0.8571428571428571,0.0,nan,0.010000000000000002,0.0,28.0,56.0,0.054792484268546104,0.32680916545463595,0.024852707391671305,0.21470679369708434,4.594692707061768,,,,,,,,,,,,
850.0,51.0,-1.2992986953258516,0.0,0.6164306107406903,0.5714285714285714,0.0,0.0,0.010000000000000002,0.0,28.0,204.0,0.24280671030282974,0.3732706035826043,0.12246241912661764,0.26120565741935037,4.594692707061768,1.0,0.0,0.0,0.25,0.0,5.934643745422363,0.7598321437835693,5.617484098300338,34.0,1.0,36.0,0.04986180305480942
851.0,40.0,-0.7727346196770669,0.0,0.5073220530336994,0.5357142857142857,0.0,nan,0.010000000000000002,0.0,28.0,160.0,0.19298458844423294,0.3832001959408444,0.08629884637562099,0.21818398400990838,4.594692707061768,,,,,,,,,,,,
852.0,62.0,0.09181831359863274,0.0,0.6285843536986498,0.5555555555555556,0.0,nan,0.010000000000000002,0.0,45.0,248.0,0.38045093417167664,0.4747380748139544,0.08934906040151198,0.23126743638389147,4.594692707061768,,,,,,,,,,,,
853.0,10.0,-0.6805158376693725,0.0,0.5579250710718983,0.6,0.0,nan,0.010000000000000002,0.0,10.0,40.0,0.6249532252550125,0.16451305529335514,0.011852972861379384,0.1562597681087027,4.594692707061768,,,,,,,,,,,,
854.0,62.0,-2.557861552834511,0.0,0.5922811137801993,0.6285714285714286,0.0,nan,0.010000000000000002,0.0,35.0,248.0,0.4019475355744362,0.4776217674474127,0.07950446681869865,0.3965958650671289,4.594692707061768,,,,,,,,,,,,
855.0,8.0,-0.5948508250713348,0.0,0.37399641049850624,0.8125,0.0,nan,0.010000000000000002,0.0,16.0,32.0,0.3554346114397049,0.19358515453495784,-0.036063700026716106,0.25508272621945594,4.594692707061768,,,,,,,,,,,,
856.0,17.0,-0.7229145717620848,0.0,0.5323852638967506,0.65,0.0,nan,0.010000000000000002,0.0,20.0,68.0,0.08101513423025608,0.25979985889074775,0.07045827265007093,0.18415500264363266,4.594692707061768,,,,,,,,,,,,
857.0,28.0,-0.8601163583993913,0.0,0.7073535138306879,0.45454545454545453,0.0,nan,0.010000000000000002,0.0,22.0,112.0,0.32604964077472687,0.27542691813661285,-0.003441257451311408,0.21084508576783328,4.594692707061768,,,,,,,,,,,,
858.0,30.0,-0.422854369878769,0.0,0.389431775899148,0.7741935483870968,0.0,nan,0.010000000000000002,0.0,31.0,120.0,0.47112151980400085,0.49143879398470747,0.15869436898162045,0.2164463373248869,4.594692707061768,,,,,,,,,,,,
859.0,25.0,0.017536178231239263,0.0,0.4892386134933544,0.75,0.0,nan,0.010000000000000002,0.0,32.0,100.0,0.07082403264939785,0.456874446393922,0.07372330550439074,0.18739816276862187,4.594692707061768,,,,,,,,,,,,
860.0,32.0,-0.6557297725975515,0.0,0.41629997169179456,0.6071428571428571,0.0,0.0,0.010000000000000002,0.0,28.0,128.0,0.1403171345591545,0.31859504435851704,0.10292070405785125,0.163909756256235,4.594692707061768,1.0,0.0,0.0,0.25,0.0,25.27725601196289,3.3577661514282227,1.5001756409183145,19.0,1.0,12.0,-0.4985800576210021
861.0,46.0,-1.4136330223083498,0.0,0.634835175980172,0.5217391304347826,0.0,nan,0.010000000000000002,0.0,23.0,184.0,0.3333909213542938,0.32975964825891424,0.08555200361722556,0.1697988849926979,4.594692707061768,,,,,,,,,,,,
862.0,15.0,-0.878951644897461,0.0,0.5911927454205836,0.631578947368421,0.0,nan,0.010000000000000002,0.0,19.0,60.0,0.17509541660547256,0.42975694835428535,0.028759228206884774,0.4673086435032928,4.594692707061768,,,,,,,,,,,,
863.0,64.0,-1.4227771693468094,0.0,0.7179508470744373,0.46153846153846156,0.0,nan,0.010000000000000002,0.0,39.0,256.0,0.23510342091321945,0.42504621715897883,0.09352204869830416,0.21537925093401888,4.594692707061768,,,,,,,,,,,,
864.0,21.0,-0.6745133495330811,0.0,0.37172579145344037,0.7142857142857143,0.0,nan,0.010000000000000002,0.0,21.0,84.0,0.21030709519982338,0.38263449726703885,0.03403977398383653,0.21145385425225544,4.594692707061768,,,,,,,,,,,,
865.0,28.0,-0.20813285291194933,0.0,0.6465023603595066,0.6296296296296297,0.0,nan,0.010000000000000002,0.0,27.0,112.0,0.11116793565452099,0.40618740128463415,0.12840807441014995,0.167168528375046,4.594692707061768,,,,,,,,,,,,
866.0,24.0,-0.7816747450828554,0.0,0.5605575537089679,0.5652173913043478,0.0,nan,0.010000000000000002,0.0,23.0,96.0,0.16135821118950844,0.4904932557158948,0.20015249016917855,0.18550091102541919,4.594692707061768,,,,,,,,,,,,
867.0,22.0,-0.7892067503929139,0.0,0.7597554801834483,0.375,0.0,nan,0.010000000000000002,0.0,16.0,88.0,0.23506656661629677,0.3921562935019293,0.08113836515589025,0.22162351384624593,4.594692707061768,,,,,,,,,,,,
868.0,20.0,-0.32039457559585577,0.0,0.3662154359264492,0.8214285714285714,0.0,nan,0.010000000000000002,0.0,28.0,80.0,0.08381114900112152,0.4087173933032318,-0.007792294712271541,0.1813850722261577,4.594692707061768,,,,,,,,,,,,
869.0,15.0,-0.6732667803764343,0.0,0.45171138506648895,0.7142857142857143,0.0,nan,0.010000000000000002,0.0,21.0,60.0,0.08942128904163837,0.37362141728711623,0.11625262818597548,0.18392717147489937,4.594692707061768,,,,,,,,,,,,
870.0,26.0,-0.5098723804950714,0.0,0.8199943060903896,0.35294117647058826,0.0,0.0,0.010000000000000002,0.0,17.0,104.0,0.24127482995390892,0.3684238204374336,0.16822274405365953,0.12945708703071096,4.594692707061768,1.0,0.0,0.0,0.25,0.0,20.865888595581055,3.4944615364074707,2.016802178695798,20.0,1.0,15.0,-0.3987128913402558
871.0,13.0,-0.6127810719609261,0.0,0.5691850987292506,0.7058823529411765,0.0,nan,0.010000000000000002,0.0,17.0,52.0,0.10889851674437523,0.2497666439650437,0.0017091418670203823,0.33324544825021446,4.594692707061768,,,,,,,,,,,,
872.0,48.0,0.08602116227150025,0.0,0.3645775504265049,0.7872340425531915,0.0,nan,0.010000000000000002,0.0,47.0,192.0,0.37158236652612686,0.7378137545868716,0.1109325045405664,0.30325222324884865,4.594692707061768,,,,,,,,,,,,
873.0,37.0,-0.4916711401939392,0.0,0.5054992175001387,0.7222222222222222,0.0,nan,0.010000000000000002,0.0,36.0,148.0,0.321367584168911,0.5429033447510084,0.12058548022036415,0.2542883459444442,4.594692707061768,,,,,,,,,,,,
874.0,12.0,-0.7908657026290894,0.0,0.525739321088866,0.7142857142857143,0.0,nan,0.010000000000000002,0.0,21.0,48.0,0.15685495734214783,0.30013348044424976,0.021835279632493137,0.19123473054924034,4.594692707061768,,,,,,,,,,,,
875.0,23.0,-0.19593011319637293,0.0,0.6155552645263214,0.64,0.0,nan,0.010000000000000002,0.0,25.0,92.0,0.15906794741749763,0.43286344432778173,0.1065981239864967,0.27211748842878886,4.594692707061768,,,,,,,,,,,,
876.0,14.0,-0.6917647624015808,0.0,0.5751709395348965,0.6666666666666666,0.0,nan,0.010000000000000002,0.0,18.0,56.0,0.16889043152332306,0.33637809059915263,0.05562610216397194,0.22514659481783333,4.594692707061768,,,,,,,,,,,,
877.0,13.0,-0.5331081765890122,0.0,0.3929132732580153,0.782608695652174,0.0,nan,0.010000000000000002,0.0,23.0,52.0,0.023138755466789007,0.2544909045100212,0.030813988054153293,0.1442906024551051,4.594692707061768,,,,,,,,,,,,
878.0,26.0,-1.359327278137207,0.0,0.5821214536436344,0.5555555555555556,0.0,nan,0.010000000000000002,0.0,18.0,104.0,0.36335794627666473,0.3066669943643949,0.08179367321785182,0.2039063371750558,4.594692707061768,,,,,,,,,,,,
879.0,12.0,-0.8061596107482911,0.0,0.8979445605069036,0.3333333333333333,0.0,nan,0.010000000000000002,0.0,12.0,48.0,0.18226158991456032,0.2643131462536985,0.0809842767387939,0.1465782751791144,4.594692707061768,,,,,,,,,,,,
880.0,11.0,-0.5558831459283828,0.0,0.3937171429876266,0.8333333333333334,0.0,0.0,0.010000000000000002,0.0,18.0,44.0,0.8230951726436615,0.18705131608823483,0.04846235299059613,0.014665444293551776,4.594692707061768,1.0,0.0,0.0,0.25,0.0,29.347736358642578,2.8696069717407227,1.618059036321938,29.0,1.0,12.0,-0.45348304331302647
881.0,20.0,-1.22997989654541,0.0,0.6284208095760127,0.5,0.0,nan,0.010000000000000002,0.0,12.0,80.0,0.313428096473217,0.3624949954391923,0.1341014078905573,0.15162055469452299,4.594692707061768,,,,,,,,,,,,
882.0,53.0,0.28264935135841357,0.0,0.5982252167628805,0.625,0.0,nan,0.010000000000000002,0.0,40.0,212.0,0.3104371652007103,0.5257055951537177,0.08084246335481952,0.3389194371141925,4.594692707061768,,,,,,,,,,,,
883.0,18.0,-0.11448177576065072,0.0,0.13609256021872407,0.9428571428571428,0.0,nan,0.010000000000000002,0.0,35.0,72.0,0.016940079163759947,0.4908939488167461,0.030861631925088458,0.12369892310728482,4.594692707061768,,,,,,,,,,,,
884.0,23.0,-0.2942577350139619,0.0,0.6353189199407443,0.6521739130434783,0.0,nan,0.010000000000000002,0.0,23.0,92.0,0.2013288252055645,0.4752394697203746,0.105716907161126,0.1904995870918578,4.594692707061768,,,,,,,,,,,,
885.0,44.0,-0.12482525646686538,0.0,0.7987575684698937,0.5151515151515151,0.0,nan,0.010000000000000002,0.0,33.0,176.0,0.49289561063051224,0.6211762380500493,0.06395527333932643,0.3068616513887202,4.594692707061768,,,,,,,,,,,,
886.0,16.0,-0.9520604825019836,0.0,0.7002002361188162,0.5,0.0,nan,0.010000000000000002,0.0,12.0,64.0,0.29391849786043167,0.2882994995743502,0.05040959948564705,0.2617706164129938,4.594692707061768,,,,,,,,,,,,
887.0,23.0,-0.7270610320568085,0.0,0.4243146336311163,0.5714285714285714,0.0,nan,0.010000000000000002,0.0,21.0,92.0,0.26452360674738884,0.3798037628420507,0.036001375611684365,0.25712600799821456,4.594692707061768,,,,,,,,,,,,
888.0,23.0,-0.5593285965919494,0.0,0.7372226109497145,0.5217391304347826,0.0,nan,0.010000000000000002,0.0,23.0,92.0,0.12320559099316597,0.283123206211831,0.11906607372941874,0.11028838008282217,4.594692707061768,,,,,,,,,,,,
889.0,25.0,-0.764376911520958,0.0,0.43067655925682136,0.5,0.0,nan,0.010000000000000002,0.0,20.0,100.0,0.26849373430013657,0.2510460385028273,0.08157908914610744,0.27996935024479846,4.594692707061768,,,,,,,,,,,,
890.0,10.0,-0.5927972078323362,0.0,0.1782212077138204,0.9166666666666666,0.0,0.0,0.010000000000000002,0.0,24.0,40.0,0.19117968529462814,0.4202520923281554,0.18575357695808634,0.17386190873457394,4.594692707061768,1.0,0.0,0.0,0.25,0.0,11.614875793457031,1.021586537361145,6.3102423953823745,40.0,1.0,40.0,0.017527490854263306
891.0,57.0,0.5867942231893544,0.0,0.6155126008421551,0.6046511627906976,0.0,nan,0.010000000000000002,0.0,43.0,228.0,0.38940397650003433,0.5391651240316334,0.07183137003908326,0.24802813160914047,4.594692707061768,,,,,,,,,,,,
892.0,14.0,-0.8188076296448709,0.0,0.39548850063838265,0.6666666666666666,0.0,nan,0.010000000000000002,0.0,12.0,56.0,0.14171842858195305,0.19061327770551934,0.04332308516105903,0.2336279952624718,4.594692707061768,,,,,,,,,,,,
893.0,27.0,-0.3504006487131119,0.0,0.41520934423084715,0.7419354838709677,0.0,nan,0.010000000000000002,0.0,31.0,108.0,0.13068093359470367,0.4985142958833388,0.07361771930785228,0.29296301109707795,4.594692707061768,,,,,,,,,,,,
894.0,15.0,-0.7807239294052124,0.0,0.7276204673942595,0.4666666666666667,0.0,nan,0.010000000000000002,0.0,15.0,60.0,1.3724432587623596,0.37464770867178837,0.11294811255453775,0.3390974189175722,4.594692707061768,,,,,,,,,,,,
895.0,8.0,-0.6730969834327698,0.0,0.35933369478776045,0.8235294117647058,0.0,nan,0.010000000000000002,0.0,17.0,32.0,0.34627243131399155,0.28672416688641533,0.09906048560515046,0.07210585455044338,4.594692707061768,,,,,,,,,,,,
896.0,39.0,-0.4590510064363477,0.0,0.5766269488604134,0.5517241379310345,0.0,nan,0.010000000000000002,0.0,29.0,156.0,0.177927166223526,0.34797541004939914,0.03211410529613017,0.19786984236104133,4.594692707061768,,,,,,,,,,,,
897.0,85.0,-1.2727617681026462,0.0,0.5183011003336132,0.5882352941176471,0.0,nan,0.010000000000000002,0.0,51.0,340.0,0.49746187031269073,0.32105759055616545,0.13498390773359858,0.1649241930703198,4.594692707061768,,,,,,,,,,,,
898.0,31.0,-0.9641254580020904,0.0,0.6958891300889353,0.5555555555555556,0.0,nan,0.010000000000000002,0.0,18.0,124.0,0.3109460473060608,0.24457807616507185,0.057993792764107405,0.1768295800357395,4.594692707061768,,,,,,,,,,,,
899.0,9.0,-0.7752832816541195,0.0,0.6053757909600438,0.5,0.0,nan,0.010000000000000002,0.0,8.0,36.0,0.23951450362801552,0.08765424491785881,-0.020860887417155836,0.15805374440515152,4.594692707061768,,,,,,,,,,,,
900.0,25.0,-0.12186222672462456,0.0,0.4832760303210908,0.7741935483870968,0.0,0.0,0.010000000000000002,0.0,31.0,100.0,0.38941487669944763,0.5709907581936569,0.05429558221483603,0.23896184224670378,4.594692707061768,1.0,0.0,0.0,0.25,0.0,4.181788921356201,0.8063215017318726,8.449600076302886,45.0,1.0,49.0,0.48625105977058364
901.0,88.0,-0.47900403320789287,0.0,0.5845568019136755,0.5490196078431373,0.0,nan,0.010000000000000002,0.0,51.0,352.0,0.6720560938119888,0.5249025932480436,0.1418117456651089,0.28801907893745604,4.594692707061768,,,,,,,,,,,,
902.0,44.0,0.07219076812267297,0.0,0.5548043262715929,0.5555555555555556,0.0,nan,0.010000000000000002,0.0,36.0,176.0,0.21370140090584755,0.35406475737016246,0.07362397986964259,0.17282145046547293,4.594692707061768,,,,,,,,,,,,
903.0,20.0,-0.6079860627651215,0.0,0.46353615102232293,0.7,0.0,nan,0.010000000000000002,0.0,20.0,80.0,0.2757233828306198,0.40499929687939584,0.10545687705744058,0.1774302726660638,4.594692707061768,,,,,,,,,,,,
904.0,65.0,-1.568866914510727,0.0,0.6768727557674864,0.4883720930232558,0.0,nan,0.010000000000000002,0.0,43.0,260.0,0.5087603107094765,0.48826256042048044,0.08970290263630432,0.4073217973778278,4.594692707061768,,,,,,,,,,,,
905.0,12.0,-0.8941594970226289,0.0,0.5706512925279843,0.5,0.0,nan,0.010000000000000002,0.0,12.0,48.0,0.2808184027671814,0.24289313141586413,0.02147868025349453,0.3335191851133767,4.594692707061768,,,,,,,,,,,,
906.0,24.0,-0.542980613708496,0.0,0.40706243227749966,0.8148148148148148,0.0,nan,0.010000000000000002,0.0,27.0,96.0,0.2135089859366417,0.5820650024785815,0.15407512729871087,0.2357889179696233,4.594692707061768,,,,,,,,,,,,
907.0,68.0,-1.3991209167242051,0.0,0.7236023779174369,0.55,0.0,nan,0.010000000000000002,0.0,40.0,272.0,0.32793184369802475,0.33230530984974394,0.07187265981573887,0.32433895558932235,4.594692707061768,,,,,,,,,,,,
908.0,40.0,0.3379505455493925,0.0,0.40058510731163666,0.8378378378378378,0.0,nan,0.010000000000000002,0.0,37.0,160.0,0.32858114689588547,0.6658225685896468,0.09145633829757571,0.282307116446637,4.594692707061768,,,,,,,,,,,,
909.0,23.0,-0.6502874958515168,0.0,0.6545114300971712,0.47058823529411764,0.0,nan,0.010000000000000002,0.0,17.0,92.0,0.15638912469148636,0.38888923926329566,0.2536809249805114,0.1440373135491249,4.594692707061768,,,,,,,,,,,,
910.0,50.0,-1.4351777434349058,0.0,0.38273650320644625,0.7916666666666666,0.0,0.0,0.010000000000000002,0.0,24.0,200.0,0.27498582005500793,0.33650269991077947,0.09449437178613153,0.3279680175032456,4.594692707061768,1.0,0.0,0.0,0.25,0.0,1.1605499982833862,0.6590670347213745,7.583948627579957,40.0,1.0,50.0,0.07669835686683638
911.0,19.0,-0.4084404194355011,0.0,0.41772113160168606,0.8076923076923077,0.0,nan,0.010000000000000002,0.0,26.0,76.0,0.36405957490205765,0.45842735863927947,-0.0054786027264383036,0.44192400289332573,4.594692707061768,,,,,,,,,,,,
912.0,23.0,-0.8031844782829284,0.0,0.6230373340680784,0.5294117647058824,0.0,nan,0.010000000000000002,0.0,17.0,92.0,0.2361355647444725,0.4186470954749814,0.1127682345635865,0.3330666191652431,4.594692707061768,,,,,,,,,,,,
913.0,14.0,-0.5169487619400025,0.0,0.6461321640166892,0.6111111111111112,0.0,nan,0.010000000000000002,0.0,18.0,56.0,0.11086384579539299,0.2914203931075982,0.12950476220846344,0.12078550823010963,4.594692707061768,,,,,,,,,,,,
914.0,36.0,-1.436931770145893,0.0,0.4271278443747234,0.75,0.0,nan,0.010000000000000002,0.0,20.0,144.0,0.17130634933710098,0.3064746710972233,0.07931283353456012,0.23611817281435343,4.594692707061768,,,,,,,,,,,,
915.0,43.0,-1.8521111178398133,0.0,0.4482705885660407,0.75,0.0,nan,0.010000000000000002,0.0,24.0,172.0,0.41278882324695587,0.39031402424971445,0.07256263926074309,0.3293800950722066,4.594692707061768,,,,,,,,,,,,
916.0,56.0,0.515350572168827,0.0,0.6672089128215618,0.5238095238095238,0.0,nan,0.010000000000000002,0.0,42.0,224.0,0.18622152879834175,0.2686139292209191,0.02952357057460477,0.18400762131601484,4.594692707061768,,,,,,,,,,,,
917.0,93.0,0.8909236383438118,0.0,0.5534427918230795,0.58,0.0,nan,0.010000000000000002,0.0,50.0,372.0,0.3298790976405144,0.3045517663395003,0.039430600342257094,0.22755655552212772,4.594692707061768,,,,,,,,,,,,
918.0,70.0,-1.1466339871287348,0.0,0.7447950445447403,0.41304347826086957,0.0,nan,0.010000000000000002,0.0,46.0,280.0,0.3501102477312088,0.33913632532403426,0.057818089670149675,0.33616602349490565,4.594692707061768,,,,,,,,,,,,
919.0,120.0,-2.762768574059009,0.0,0.7373339365005859,0.484375,0.0,nan,0.010000000000000002,0.0,64.0,480.0,0.48164910823106766,0.46564085164300195,0.17040680741729375,0.2954668985405892,4.594692707061768,,,,,,,,,,,,
920.0,86.0,-1.6469598150253293,0.0,0.7988485250743314,0.4166666666666667,0.0,0.0,0.010000000000000002,0.0,48.0,344.0,0.5145691931247711,0.42899851287575075,0.029544707790325003,0.3597340831303022,4.594692707061768,1.0,0.0,0.0,0.25,0.0,5.273772239685059,-0.011646389961242676,4.758027614094317,34.0,1.0,31.0,0.22748082667589173
921.0,12.0,-0.8427449148893356,0.0,0.5706512925279843,0.5,0.0,nan,0.010000000000000002,0.0,12.0,48.0,0.21962060406804085,0.2871726166534548,-0.03898152355880787,0.40155619925761715,4.594692707061768,,,,,,,,,,,,
922.0,70.0,-0.5837535619735714,0.0,0.70752365008508,0.45,0.0,nan,0.010000000000000002,0.0,40.0,280.0,0.548065111041069,0.6030183302391379,0.1499597273634663,0.307993395571754,4.594692707061768,,,,,,,,,,,,
923.0,45.0,-1.6988300696015357,0.0,0.6164437579697519,0.6538461538461539,0.0,nan,0.010000000000000002,0.0,26.0,180.0,0.6789223551750183,0.47212863826037693,0.20068413386147263,0.4052995575127991,4.594692707061768,,,,,,,,,,,,
924.0,24.0,-0.14303116440773028,0.0,0.8504146980032518,0.4375,0.0,nan,0.010000000000000002,0.0,16.0,96.0,0.1828242763876915,0.6237982053947538,0.2837898948846487,0.3127473984564138,4.594692707061768,,,,,,,,,,,,
925.0,57.0,0.33783164501190166,0.0,0.49765521029748183,0.7096774193548387,0.0,nan,0.010000000000000002,0.0,31.0,228.0,0.7161267846822739,0.29469997232796197,0.14055607548869917,0.19383212134897027,4.594692707061768,,,,,,,,,,,,
926.0,75.0,-1.0241485431790356,0.0,0.5323852638967506,0.65,0.0,nan,0.010000000000000002,0.0,40.0,300.0,0.26705437898635864,0.4588122830073189,0.11839935379612143,0.3181393741359168,4.594692707061768,,,,,,,,,,,,
927.0,57.0,-1.5886784863471988,0.0,0.6984895408939841,0.5161290322580645,0.0,nan,0.010000000000000002,0.0,31.0,228.0,0.29443877190351486,0.4077591290493218,0.1352533160666976,0.3368258281447427,4.594692707061768,,,,,,,,,,,,
928.0,19.0,-0.8705939793586731,0.0,0.3795513555009628,0.7,0.0,nan,0.010000000000000002,0.0,20.0,76.0,0.1961955614387989,0.2915483002158764,-0.024770995847096567,0.21197560384671396,4.594692707061768,,,,,,,,,,,,
929.0,18.0,-0.5283603656291962,0.0,0.6388465992563436,0.4166666666666667,0.0,nan,0.010000000000000002,0.0,12.0,72.0,0.17407957464456558,0.5896741377590742,0.19858096299059172,0.36013377538329727,4.594692707061768,,,,,,,,,,,,
930.0,10.0,-0.7251417756080628,0.0,0.7536839786994374,0.5,0.0,0.0,0.010000000000000002,0.0,8.0,40.0,0.41260194778442383,0.20533542367629706,0.0033682226203382015,0.18772776597005675,4.594692707061768,1.0,0.0,0.0,0.5,0.0,-0.006602168083190918,1.5922702550888062,7.333920110948384,37.0,1.0,49.0,0.010879693031310811
931.0,22.0,-0.09135241031646732,0.0,0.590398356509676,0.5652173913043478,0.0,nan,0.010000000000000002,0.0,23.0,88.0,0.721410945057869,0.3478553956242236,0.00798397787201049,0.3142800105746733,4.594692707061768,,,,,,,,,,,,
932.0,33.0,-1.4352540451288225,0.0,0.4271278443747234,0.75,0.0,nan,0.010000000000000002,0.0,20.0,132.0,0.30025333911180496,0.3681395741490026,0.0867807740496849,0.3577235478097557,4.594692707061768,,,,,,,,,,,,
933.0,87.0,-1.100448746681213,0.0,0.6044308570177683,0.47368421052631576,0.0,nan,0.010000000000000002,0.0,57.0,348.0,0.22398865222930908,0.3529277348807227,0.06778540780669573,0.25179712200242754,4.594692707061768,,,,,,,,,,,,
934.0,138.0,-0.7189936491847042,0.0,0.41701077385342866,0.7910447761194029,0.0,nan,0.010000000000000002,0.0,67.0,552.0,0.07470888923853636,0.19368001321436168,0.061692364614827966,0.14680773979023773,4.594692707061768,,,,,,,,,,,,
935.0,91.0,-0.946715351045131,0.0,0.6912325667275416,0.4791666666666667,0.0,nan,0.010000000000000002,0.0,48.0,364.0,0.35521096736192703,0.3812817012353662,0.03327230743116161,0.34496667885597665,4.594692707061768,,,,,,,,,,,,
936.0,64.0,-0.7154345908761026,0.0,0.3178667417761694,0.84375,0.0,nan,0.010000000000000002,0.0,32.0,256.0,0.5604737997055054,0.3092216190002546,0.10997013456676541,0.2596671743831592,4.594692707061768,,,,,,,,,,,,
937.0,42.0,-0.03759948134422286,0.0,0.9551393029210258,0.2916666666666667,0.0,nan,0.010000000000000002,0.0,24.0,168.0,0.1815664879977703,0.613872559117486,0.12146522379147687,0.17774674541703772,4.594692707061768,,,,,,,,,,,,
938.0,47.0,0.45248311936855273,0.0,0.657687726569568,0.46875,0.0,nan,0.010000000000000002,0.0,32.0,188.0,0.40171220898628235,0.39976276503504315,0.12104700526536526,0.22162007991500515,4.594692707061768,,,,,,,,,,,,
939.0,9.0,-0.6269436204433442,0.0,0.4947762634085665,0.7142857142857143,0.0,nan,0.010000000000000002,0.0,14.0,36.0,0.2687449976801872,0.38127021056910354,0.11926158838387993,0.3449124127150501,4.594692707061768,,,,,,,,,,,,
940.0,26.0,-1.1995278930664062,0.0,0.6856014048309755,0.5625,0.0,0.0,0.010000000000000002,0.0,16.0,104.0,0.4206705093383789,0.41835684467178696,0.12755905791149977,0.23503259262275725,4.594692707061768,1.0,0.0,0.0,0.25,0.0,3.129133462905884,1.294010043144226,7.3649208433926105,39.0,1.0,49.0,0.17054292023181908
941.0,11.0,-0.641929361820221,0.0,0.5335657369286939,0.6153846153846154,0.0,nan,0.010000000000000002,0.0,13.0,44.0,0.3992914706468582,0.11569901166314428,0.012302542803809047,0.15315379695878886,4.594692707061768,,,,,,,,,,,,
942.0,18.0,-1.2026437598466873,0.0,0.39548850063838265,0.6666666666666666,0.0,nan,0.010000000000000002,0.0,12.0,72.0,0.36455539613962173,0.3346278493020994,0.12356233244322033,0.10259682283675728,4.594692707061768,,,,,,,,,,,,
943.0,10.0,-0.8686284959316254,0.0,0.43067655925682136,0.5,0.0,nan,0.010000000000000002,0.0,8.0,40.0,0.4716137796640396,0.22311391369439662,0.08715733611024916,0.15354034684351064,4.594692707061768,,,,,,,,,,,,
944.0,34.0,-0.17295800685882595,0.0,0.8029434239964324,0.34782608695652173,0.0,nan,0.010000000000000002,0.0,23.0,136.0,0.24889680370688438,0.34934211281292576,0.08227377493098817,0.19974440178921982,4.594692707061768,,,,,,,,,,,,
945.0,55.0,-0.060874325037003185,0.0,0.44191903258579274,0.6739130434782609,0.0,nan,0.010000000000000002,0.0,46.0,220.0,0.17616846412420273,0.5131445855748924,0.07631497104990889,0.24642825982901206,4.594692707061768,,,,,,,,,,,,
946.0,64.0,0.272276941910386,0.0,0.537712335940288,0.5714285714285714,0.0,nan,0.010000000000000002,0.0,42.0,256.0,0.2063116505742073,0.2820914332423854,0.07471261204136681,0.24157228495905914,4.594692707061768,,,,,,,,,,,,
947.0,16.0,-0.890124568939209,0.0,0.6053757909600438,0.5,0.0,nan,0.010000000000000002,0.0,16.0,64.0,0.3820551410317421,0.21223589876899496,0.004101149836060358,0.20705572077562628,4.594692707061768,,,,,,,,,,,,
948.0,36.0,-0.273626877963543,0.0,0.8464290507029306,0.4166666666666667,0.0,nan,0.010000000000000002,0.0,24.0,144.0,0.16894729062914848,0.4490854121702594,0.08723296054651858,0.20323648451957943,4.594692707061768,,,,,,,,,,,,
949.0,9.0,-0.8423691952228546,0.0,0.43067655925682136,0.5,0.0,nan,0.010000000000000002,0.0,8.0,36.0,0.1897144392132759,0.1399513025664621,0.010173897517638074,0.0848546542098221,4.594692707061768,,,,,,,,,,,,
950.0,41.0,-0.2704860901832582,0.0,0.667761911200008,0.43478260869565216,0.0,0.0,0.010000000000000002,0.0,23.0,164.0,0.28707626461982727,0.4326898506161098,0.06447628507867637,0.235556993606019,4.594692707061768,1.0,0.0,0.0,0.25,0.0,9.26826000213623,2.1595592498779297,3.436948597431183,23.0,1.0,25.0,-0.11927087903022776
951.0,60.0,-0.9137499272823333,0.0,0.7047988035345464,0.6206896551724138,0.0,nan,0.010000000000000002,0.0,29.0,240.0,0.3082035183906555,0.504780616867356,0.11617097369162366,0.3321155894862738,4.594692707061768,,,,,,,,,,,,
952.0,94.0,-2.3446302855014793,0.0,0.7093062662080466,0.5833333333333334,0.0,nan,0.010000000000000002,0.0,48.0,376.0,0.35248108208179474,0.5436937432077684,0.053899279570487124,0.33456587375176544,4.594692707061768,,,,,,,,,,,,
953.0,36.0,-0.279630989432335,0.0,0.8308142163669854,0.3181818181818182,0.0,nan,0.010000000000000002,0.0,22.0,144.0,0.2183127962052822,0.3153479242593878,0.07450737359855945,0.21619253748794798,4.594692707061768,,,,,,,,,,,,
954.0,18.0,-0.7478400583565235,0.0,0.7002002361188162,0.5,0.0,nan,0.010000000000000002,0.0,12.0,72.0,0.6546751111745834,0.5286345733717704,0.18321054665526995,0.36429751750216294,4.594692707061768,,,,,,,,,,,,
955.0,39.0,-0.41527620196342496,0.0,0.6849256002227591,0.4230769230769231,0.0,nan,0.010000000000000002,0.0,26.0,156.0,0.24804098904132843,0.6473684777947477,0.211093521237042,0.3198150033359988,4.594692707061768,,,,,,,,,,,,
956.0,86.0,-2.2576119756698603,0.0,0.4563382468005377,0.7857142857142857,0.0,nan,0.010000000000000002,0.0,42.0,344.0,0.4720325320959091,0.41881437981282943,0.07923473379923962,0.29940879926795005,4.594692707061768,,,,,,,,,,,,
957.0,17.0,-0.48976120471954354,0.0,0.7064059504426,0.5333333333333333,0.0,nan,0.010000000000000002,0.0,15.0,68.0,0.2001304142177105,0.2213847632126143,0.0421110296558575,0.17589684287895999,4.594692707061768,,,,,,,,,,,,
958.0,40.0,-0.5752657204866412,0.0,0.686628888557979,0.48,0.0,nan,0.010000000000000002,0.0,25.0,160.0,0.27518942207098007,0.4350176222505979,0.049044979339669226,0.30121416449579924,4.594692707061768,,,,,,,,,,,,
959.0,21.0,-0.910972616672516,0.0,0.39548850063838265,0.6666666666666666,0.0,nan,0.010000000000000002,0.0,12.0,84.0,0.549136146903038,0.19025314365890586,0.022492041021385894,0.2514437578328847,4.594692707061768,,,,,,,,,,,,
960.0,12.0,-0.9706089687347412,0.0,0.43067655925682136,0.5,0.0,0.0,0.010000000000000002,0.0,8.0,48.0,0.4951350465416908,0.2697744451579638,0.06160687810430924,0.11893030071064932,4.594692707061768,1.0,0.0,0.0,0.25,0.0,9.11412239074707,0.3862617015838623,6.567057046107948,32.0,1.0,56.0,-0.24484438657760593
961.0,32.0,-1.4001999002695085,0.0,0.3580965220158358,0.7368421052631579,0.0,nan,0.010000000000000002,0.0,19.0,128.0,0.28491342812776566,0.2693396271233155,0.032338983207012006,0.21787549947299772,4.594692707061768,,,,,,,,,,,,
962.0,101.0,-2.689306465387344,0.0,0.4397720715628024,0.72,0.0,nan,0.010000000000000002,0.0,50.0,404.0,0.590381845831871,0.39704548504732884,0.03735892819690889,0.30828844346256773,4.594692707061768,,,,,,,,,,,,
963.0,12.0,-1.4813681614398955,0.0,0.49912762588348975,0.6666666666666666,0.0,nan,0.010000000000000002,0.0,15.0,48.0,0.20657868683338165,0.31602199441598106,0.02059691884399702,0.35954928441051,4.594692707061768,,,,,,,,,,,,
964.0,20.0,-1.32231025993824,0.0,0.558043951650174,0.5384615384615384,0.0,nan,0.010000000000000002,0.0,13.0,80.0,0.2648816555738449,0.2925762418541126,0.05360338320024312,0.24647216764084406,4.594692707061768,,,,,,,,,,,,
965.0,15.0,-0.9369191765785219,0.0,0.5706512925279843,0.5,0.0,nan,0.010000000000000002,0.0,12.0,60.0,0.20785243809223175,0.21029530162923038,0.017683965774873894,0.25741444274578196,4.594692707061768,,,,,,,,,,,,
966.0,127.0,-1.8427451324462878,0.0,0.44566321528475644,0.6923076923076923,0.0,nan,0.010000000000000002,0.0,65.0,508.0,0.7573764595435932,0.25081242901342193,0.07150750865912414,0.24347279821866052,4.594692707061768,,,,,,,,,,,,
967.0,27.0,-1.0855250340700149,0.0,0.6871280388489447,0.45,0.0,nan,0.010000000000000002,0.0,20.0,108.0,0.17380473762750626,0.2619278010614734,0.05790910166386446,0.17493087718274763,4.594692707061768,,,,,,,,,,,,
968.0,40.0,0.028841042518615634,0.0,0.7517707050437117,0.5,0.0,nan,0.010000000000000002,0.0,22.0,160.0,0.23020396381616592,0.3387219350435771,0.04106013780819921,0.20525765566268034,4.594692707061768,,,,,,,,,,,,
969.0,15.0,-0.8770964205265045,0.0,0.5580863560932038,0.5,0.0,nan,0.010000000000000002,0.0,14.0,60.0,0.5601826310157776,0.28450349520426244,0.10299548828619057,0.17488446544769984,4.594692707061768,,,,,,,,,,,,
970.0,38.0,-1.5861508387327197,0.0,0.46353615102232293,0.7,0.0,0.0,0.010000000000000002,0.0,20.0,152.0,0.23261760920286179,0.3052065421514654,0.04014153721455889,0.24057861450259715,4.594692707061768,1.0,0.0,0.0,0.25,0.0,7.035444736480713,1.3698002099990845,7.200507218949497,37.0,1.0,54.0,0.3612172579765317
971.0,85.0,-0.1604888975620271,0.0,0.7899786266259378,0.41304347826086957,0.0,nan,0.010000000000000002,0.0,46.0,340.0,0.3333462253212929,0.7223906100371096,0.21910799330362352,0.2774679050371738,4.594692707061768,,,,,,,,,,,,
972.0,52.0,0.5664887505769735,0.0,0.7217493222742584,0.5588235294117647,0.0,nan,0.010000000000000002,0.0,34.0,208.0,0.2020334117114544,0.6258985105400475,0.11685251125816894,0.22938745194169577,4.594692707061768,,,,,,,,,,,,
973.0,11.0,-0.5685959911346435,0.0,0.6964856809783013,0.5454545454545454,0.0,nan,0.010000000000000002,0.0,11.0,44.0,0.2592782750725746,0.22369251158935102,0.055856516330756924,0.15827815966688583,4.594692707061768,,,,,,,,,,,,
974.0,43.0,-0.48571252107620244,0.0,0.7112525005225465,0.4230769230769231,0.0,nan,0.010000000000000002,0.0,26.0,172.0,0.3672810047864914,0.3765464655426872,0.022001143092787716,0.2674332640785014,4.594692707061768,,,,,,,,,,,,
975.0,25.0,-1.3140373349189756,0.0,0.6131951332202921,0.625,0.0,nan,0.010000000000000002,0.0,16.0,100.0,0.35535071045160294,0.438984967302531,0.1278975605033338,0.20858104446357345,4.594692707061768,,,,,,,,,,,,
976.0,54.0,-1.1356672087311743,0.0,0.554187813814722,0.7,0.0,nan,0.010000000000000002,0.0,30.0,216.0,0.18247418105602264,0.2997740042585604,0.03831057870303522,0.20932728762868968,4.594692707061768,,,,,,,,,,,,
977.0,14.0,-0.8417212569713592,0.0,0.5660470588417007,0.46153846153846156,0.0,nan,0.010000000000000002,0.0,13.0,56.0,0.296608529984951,0.17678838835230895,-0.0030002221215649377,0.18390853286577474,4.594692707061768,,,,,,,,,,,,
978.0,81.0,-0.0914126104116442,0.0,0.7392926143896342,0.5277777777777778,0.0,nan,0.010000000000000002,0.0,36.0,324.0,0.19566039741039276,0.2537308702360406,0.06747986599953038,0.16276293523317728,4.594692707061768,,,,,,,,,,,,
979.0,47.0,0.010969530344009326,0.0,0.7917116906573987,0.48,0.0,nan,0.010000000000000002,0.0,25.0,188.0,0.17262647673487663,0.3820308438660775,0.046676050762626084,0.219063231545457,4.594692707061768,,,,,,,,,,,,
980.0,46.0,-0.6551519191265105,0.0,0.5769868125922218,0.6,0.0,0.0,0.010000000000000002,0.0,25.0,184.0,0.23769867420196533,0.49315702978967,0.12031922175652732,0.2459934089175679,4.594692707061768,1.0,0.0,0.0,0.5,0.0,-0.002711057662963867,0.8343479633331299,12.748322111321613,69.0,1.0,127.0,-0.8889026400446888
981.0,82.0,-1.3731547725200657,0.0,0.4783196731026436,0.7692307692307693,0.0,nan,0.010000000000000002,0.0,39.0,328.0,0.24432848766446114,0.2946015780264588,0.05966280950224245,0.29708382675020223,4.594692707061768,,,,,,,,,,,,
982.0,15.0,-0.9740514934062957,0.0,0.7002002361188162,0.5,0.0,nan,0.010000000000000002,0.0,12.0,60.0,0.43443115055561066,0.4557485822821036,0.116631174365466,0.38282375488652176,4.594692707061768,,,,,,,,,,,,
983.0,28.0,-0.09949141025543203,0.0,0.7631921288257136,0.3888888888888889,0.0,nan,0.010000000000000002,0.0,18.0,112.0,0.16178076341748238,0.28038115439059247,0.06071529904710766,0.22326889634868913,4.594692707061768,,,,,,,,,,,,
984.0,109.0,-0.6420329356193537,0.0,0.6310837345293884,0.5932203389830508,0.0,nan,0.010000000000000002,0.0,59.0,436.0,0.31073714792728424,0.255557607233186,0.07528117394213041,0.17384018145039415,4.594692707061768,,,,,,,,,,,,
985.0,66.0,-2.0140226101875305,0.0,0.5449120178155802,0.6666666666666666,0.0,nan,0.010000000000000002,0.0,36.0,264.0,0.2963801398873329,0.3163441029337264,0.020944506256569184,0.2656895800273982,4.594692707061768,,,,,,,,,,,,
986.0,12.0,-0.6360178244113923,0.0,0.7584059448961067,0.5,0.0,nan,0.010000000000000002,0.0,10.0,48.0,0.26188916712999344,0.2114809353952296,0.03403542406643586,0.10594301731877447,4.594692707061768,,,,,,,,,,,,
987.0,115.0,-2.3126690149307247,0.0,0.27391699936657116,0.8392857142857143,0.0,nan,0.010000000000000002,0.0,56.0,460.0,0.2003895565867424,0.1344168253181124,0.04157961017881462,0.14630410823253515,4.594692707061768,,,,,,,,,,,,
988.0,38.0,-0.4662324327230454,0.0,0.7237442198535103,0.5,0.0,nan,0.010000000000000002,0.0,20.0,152.0,0.2531403563916683,0.30619576399744564,0.08056617745406632,0.17241624523489768,4.594692707061768,,,,,,,,,,,,
989.0,13.0,-0.5371192622184753,0.0,0.7188768564137538,0.5384615384615384,0.0,nan,0.010000000000000002,0.0,13.0,52.0,0.3355157747864723,0.3172883502780818,0.04828649065278184,0.24077328287214728,4.594692707061768,,,,,,,,,,,,
990.0,42.0,-1.1909832102060318,0.0,0.4036737062110251,0.7727272727272727,0.0,0.0,0.010000000000000002,0.0,22.0,168.0,1.1442203521728516,0.3885563184407407,0.14063001164357133,0.24664568389866287,4.594692707061768,1.0,0.0,0.0,0.25,0.0,2.6115541458129883,1.395739197731018,9.77087100816425,50.0,1.0,91.0,0.25595984101295444
991.0,31.0,-0.7122239461541175,0.0,0.8650978196948792,0.4,0.0,nan,0.010000000000000002,0.0,20.0,124.0,0.2054961621761322,0.4311268214622678,0.07081849204522798,0.1694251025258147,4.594692707061768,,,,,,,,,,,,
992.0,165.0,0.6899445086717593,0.0,0.6041584316178318,0.654320987654321,0.0,nan,0.010000000000000002,0.0,81.0,660.0,0.27023559517692775,0.11929083825452835,0.023987981494428823,0.15730919337151905,4.594692707061768,,,,,,,,,,,,
993.0,76.0,-0.8296308761835097,0.0,0.5928649248194324,0.6,0.0,nan,0.010000000000000002,0.0,40.0,304.0,0.3716166168451309,0.35909624922351213,0.05857523292070255,0.2935301406328179,4.594692707061768,,,,,,,,,,,,
994.0,37.0,-0.454770491719246,0.0,0.641983787351588,0.5652173913043478,0.0,nan,0.010000000000000002,0.0,23.0,148.0,0.20558683946728706,0.21158714820882557,0.06449381778067029,0.1489004954599432,4.594692707061768,,,,,,,,,,,,
995.0,11.0,-0.6936823403835297,0.0,0.5821214536436344,0.5555555555555556,0.0,nan,0.010000000000000002,0.0,9.0,44.0,2.5624101161956787,0.21207943679341537,0.04149938713420521,0.19430223120733103,4.594692707061768,,,,,,,,,,,,
996.0,30.0,-0.655411595106125,0.0,0.7377005775363894,0.45,0.0,nan,0.010000000000000002,0.0,20.0,120.0,0.055117374286055565,0.23269275488952795,0.03617416243844976,0.2154211537680188,4.594692707061768,,,,,,,,,,,,
997.0,94.0,0.13241004779934923,0.0,0.6246823301820503,0.5882352941176471,0.0,nan,0.010000000000000002,0.0,51.0,376.0,0.23271750658750534,0.2003985969763562,0.04672536192310872,0.22609395816855082,4.594692707061768,,,,,,,,,,,,
998.0,19.0,-0.8344384455680847,0.0,0.7919800422680484,0.4,0.0,nan,0.010000000000000002,0.0,15.0,76.0,0.1253230907022953,0.23907559541495224,0.057826764164737574,0.15169452043565157,4.594692707061768,,,,,,,,,,,,
999.0,41.0,-1.7233796364068987,0.0,0.37172579145344037,0.7142857142857143,0.0,nan,0.010000000000000002,0.0,21.0,164.0,0.1863870583474636,0.3310309634998259,0.12663403155974953,0.21540373968385282,4.594692707061768,,,,,,,,,,,,
1000.0,21.0,-0.8900059735774994,0.0,0.7865210164860698,0.38461538461538464,0.0,0.0,0.010000000000000002,0.0,13.0,84.0,0.38410063087940216,0.30059703288688544,0.02936089751476954,0.30661014371721945,4.594692707061768,1.0,0.0,0.0,0.25,0.0,2.042396068572998,0.9086025953292847,10.847042455337942,44.0,1.0,91.0,0.6420312607288361
